{
  "condition_group": "ranking_A",
  "submission_number": "1",
  "responses": [
    {
      "question": 1,
      "target": "Warmth Rating (1-10)",
      "options": [
        "Shirt Thickness (mm)",
        "Shirt Weight (g)"
      ],
      "optionA": {
        "trial_id": "5",
        "task_id": "20",
        "values": "4.0, 130.0",
        "target_value": 9
      },
      "optionB": {
        "trial_id": "1",
        "task_id": "20",
        "values": "2.0, 150.0",
        "target_value": 7
      },
      "choice": {
        "button": "F",
        "selected_option": "OptionA"
      }
    },
    {
      "question": 2,
      "target": "House Price",
      "options": [
        "House Square Feet",
        "House Age"
      ],
      "optionA": {
        "trial_id": "1",
        "task_id": "5",
        "values": "2000.0, 10",
        "target_value": 350000
      },
      "optionB": {
        "trial_id": "8",
        "task_id": "5",
        "values": "1400.0, 25",
        "target_value": 250000
      },
      "choice": {
        "button": "J",
        "selected_option": "OptionB"
      }
    },
    {
      "question": 3,
      "target": "Restaurant Rating",
      "options": [
        "Restaurant Menu Variety",
        "Restaurant Wait Time"
      ],
      "optionA": {
        "trial_id": "10",
        "task_id": "7",
        "values": "20.0, 35",
        "target_value": 3.4
      },
      "optionB": {
        "trial_id": "2",
        "task_id": "7",
        "values": "40.0, 20",
        "target_value": 4
      },
      "choice": {
        "button": "F",
        "selected_option": "OptionA"
      }
    },
    {
      "question": 4,
      "target": "Wait Time (minutes)",
      "options": [
        "Restaurant Size",
        "Restaurant Reviews"
      ],
      "optionA": {
        "trial_id": "10",
        "task_id": "40",
        "values": "140.0, 4.4",
        "target_value": 31
      },
      "optionB": {
        "trial_id": "4",
        "task_id": "40",
        "values": "100.0, 4.0",
        "target_value": 30
      },
      "choice": {
        "button": "F",
        "selected_option": "OptionA"
      }
    },
    {
      "question": 5,
      "target": "BMI",
      "options": [
        "Height",
        "Weight"
      ],
      "optionA": {
        "trial_id": "17",
        "task_id": "12",
        "values": "175.0, 75",
        "target_value": 24.9
      },
      "optionB": {
        "trial_id": "4",
        "task_id": "12",
        "values": "165.0, 70",
        "target_value": 25.7
      },
      "choice": {
        "button": "F",
        "selected_option": "OptionA"
      }
    },
    {
      "question": 6,
      "target": "Fuel efficiency (km/l)",
      "options": [
        "Engine size (cc)",
        "Weight (kg)"
      ],
      "optionA": {
        "trial_id": "7",
        "task_id": "25",
        "values": "1700.0, 1250",
        "target_value": 13
      },
      "optionB": {
        "trial_id": "1",
        "task_id": "25",
        "values": "1500.0, 1200",
        "target_value": 15
      },
      "choice": {
        "button": "J",
        "selected_option": "OptionB"
      }
    },
    {
      "question": 7,
      "target": "Quality",
      "options": [
        "Price",
        "Size"
      ],
      "optionA": {
        "trial_id": "7",
        "task_id": "14",
        "values": "90.0, 3.0",
        "target_value": 87
      },
      "optionB": {
        "trial_id": "19",
        "task_id": "14",
        "values": "85.0, 3.0",
        "target_value": 86
      },
      "choice": {
        "button": "F",
        "selected_option": "OptionA"
      }
    },
    {
      "question": 8,
      "target": "Energy boost",
      "options": [
        "Coffee strength",
        "Caffeine content"
      ],
      "optionA": {
        "trial_id": "4",
        "task_id": "47",
        "values": "4.0, 110",
        "target_value": 80
      },
      "optionB": {
        "trial_id": "19",
        "task_id": "47",
        "values": "3.0, 80",
        "target_value": 75
      },
      "choice": {
        "button": "F",
        "selected_option": "OptionA"
      }
    },
    {
      "question": 9,
      "target": "Deliciousness",
      "options": [
        "Cooking Time",
        "Ingredients"
      ],
      "optionA": {
        "trial_id": "1",
        "task_id": "34",
        "values": "30.0, 5",
        "target_value": 7
      },
      "optionB": {
        "trial_id": "11",
        "task_id": "34",
        "values": "50.0, 3",
        "target_value": 6
      },
      "choice": {
        "button": "F",
        "selected_option": "OptionA"
      }
    },
    {
      "question": "attention_check_9",
      "choice": "J",
      "passed": true,
      "timestamp": 1758804606738
    },
    {
      "question": 10,
      "target": "Energy Boost (scale 1-10)",
      "options": [
        "Coffee Strength (scale 1-10)",
        "Caffeine Content (mg)"
      ],
      "optionA": {
        "trial_id": "13",
        "task_id": "15",
        "values": "6.0, 125",
        "target_value": 5.5
      },
      "optionB": {
        "trial_id": "6",
        "task_id": "15",
        "values": "7.0, 110",
        "target_value": 6
      },
      "choice": {
        "button": "F",
        "selected_option": "OptionA"
      }
    },
    {
      "question": 11,
      "target": "Weight loss",
      "options": [
        "Exercise intensity",
        "Exercise duration"
      ],
      "optionA": {
        "trial_id": "3",
        "task_id": "31",
        "values": "7.0, 45.0",
        "target_value": 4
      },
      "optionB": {
        "trial_id": "9",
        "task_id": "31",
        "values": "6.0, 60.0",
        "target_value": 3
      },
      "choice": {
        "button": "J",
        "selected_option": "OptionB"
      }
    },
    {
      "question": 12,
      "target": "School Success",
      "options": [
        "Student Study Time",
        "Student Sleep Hours"
      ],
      "optionA": {
        "trial_id": "14",
        "task_id": "22",
        "values": "10.0, 2",
        "target_value": 105
      },
      "optionB": {
        "trial_id": "4",
        "task_id": "22",
        "values": "5.0, 7",
        "target_value": 80
      },
      "choice": {
        "button": "J",
        "selected_option": "OptionB"
      }
    },
    {
      "question": 13,
      "target": "Comfort Rating",
      "options": [
        "Shoe Weight",
        "Brand Popularity"
      ],
      "optionA": {
        "trial_id": "4",
        "task_id": "17",
        "values": "240.0, 10.0",
        "target_value": 7.7
      },
      "optionB": {
        "trial_id": "6",
        "task_id": "17",
        "values": "260.0, 6.0",
        "target_value": 7.3
      },
      "choice": {
        "button": "F",
        "selected_option": "OptionA"
      }
    },
    {
      "question": 14,
      "target": "Race Finish Time (minutes)",
      "options": [
        "Runner Speed (mph)",
        "Runner Weight (lbs)"
      ],
      "optionA": {
        "trial_id": "5",
        "task_id": "21",
        "values": "8.0, 130.0",
        "target_value": 16
      },
      "optionB": {
        "trial_id": "9",
        "task_id": "21",
        "values": "10.0, 110.0",
        "target_value": 12
      },
      "choice": {
        "button": "J",
        "selected_option": "OptionB"
      }
    },
    {
      "question": 15,
      "target": "Distance",
      "options": [
        "Fuel Efficiency",
        "Weight"
      ],
      "optionA": {
        "trial_id": "10",
        "task_id": "36",
        "values": "27.0, 1500",
        "target_value": 405
      },
      "optionB": {
        "trial_id": "16",
        "task_id": "36",
        "values": "32.0, 1500",
        "target_value": 480
      },
      "choice": {
        "button": "F",
        "selected_option": "OptionA"
      }
    },
    {
      "question": 16,
      "target": "Enjoyment",
      "options": [
        "Book pages",
        "Author fame"
      ],
      "optionA": {
        "trial_id": "7",
        "task_id": "46",
        "values": "400.0, 5",
        "target_value": 75
      },
      "optionB": {
        "trial_id": "11",
        "task_id": "46",
        "values": "250.0, 7",
        "target_value": 70
      },
      "choice": {
        "button": "J",
        "selected_option": "OptionB"
      }
    },
    {
      "question": 17,
      "target": "Student Exam Score",
      "options": [
        "Student Study Hours",
        "Student Distractions"
      ],
      "optionA": {
        "trial_id": "18",
        "task_id": "4",
        "values": "16.0, 0",
        "target_value": 92
      },
      "optionB": {
        "trial_id": "8",
        "task_id": "4",
        "values": "6.0, 5",
        "target_value": 75
      },
      "choice": {
        "button": "F",
        "selected_option": "OptionA"
      }
    },
    {
      "question": 18,
      "target": "Shade Area (sq ft)",
      "options": [
        "Tree Height (ft)",
        "Tree Diameter (in)"
      ],
      "optionA": {
        "trial_id": "4",
        "task_id": "19",
        "values": "40.0, 10.0",
        "target_value": 120
      },
      "optionB": {
        "trial_id": "8",
        "task_id": "19",
        "values": "60.0, 6.0",
        "target_value": 180
      },
      "choice": {
        "button": "F",
        "selected_option": "OptionA"
      }
    },
    {
      "question": 19,
      "target": "Customer satisfaction (1-10)",
      "options": [
        "Number of reviews",
        "Price (in $)"
      ],
      "optionA": {
        "trial_id": "1",
        "task_id": "28",
        "values": "100.0, 50",
        "target_value": 8
      },
      "optionB": {
        "trial_id": "3",
        "task_id": "28",
        "values": "50.0, 60",
        "target_value": 6
      },
      "choice": {
        "button": "F",
        "selected_option": "OptionA"
      }
    },
    {
      "question": "attention_check_19",
      "choice": "F",
      "passed": true,
      "timestamp": 1758804738139
    },
    {
      "question": 20,
      "target": "Bicycle Speed",
      "options": [
        "Bicycle Weight",
        "Bicycle Price"
      ],
      "optionA": {
        "trial_id": "4",
        "task_id": "23",
        "values": "14.0, 440",
        "target_value": 19
      },
      "optionB": {
        "trial_id": "3",
        "task_id": "23",
        "values": "12.0, 480",
        "target_value": 24
      },
      "choice": {
        "button": "J",
        "selected_option": "OptionB"
      }
    },
    {
      "question": 21,
      "target": "Enjoyment (1-10)",
      "options": [
        "Book Thickness (cm)",
        "Author Fame (1-10)"
      ],
      "optionA": {
        "trial_id": "15",
        "task_id": "1",
        "values": "6.0, 2",
        "target_value": 7
      },
      "optionB": {
        "trial_id": "19",
        "task_id": "1",
        "values": "4.0, 3",
        "target_value": 5
      },
      "choice": {
        "button": "F",
        "selected_option": "OptionA"
      }
    },
    {
      "question": 22,
      "target": "Flower production",
      "options": [
        "Plant height",
        "Plant width"
      ],
      "optionA": {
        "trial_id": "11",
        "task_id": "32",
        "values": "140.0, 4.0",
        "target_value": 28
      },
      "optionB": {
        "trial_id": "1",
        "task_id": "32",
        "values": "100.0, 5.0",
        "target_value": 20
      },
      "choice": {
        "button": "F",
        "selected_option": "OptionA"
      }
    },
    {
      "question": 23,
      "target": "Salary",
      "options": [
        "Experience",
        "Years since graduation"
      ],
      "optionA": {
        "trial_id": "8",
        "task_id": "42",
        "values": "13.0, 9",
        "target_value": 85000
      },
      "optionB": {
        "trial_id": "19",
        "task_id": "42",
        "values": "10.0, 12",
        "target_value": 78000
      },
      "choice": {
        "button": "F",
        "selected_option": "OptionA"
      }
    },
    {
      "question": 24,
      "target": "Rent (per month)",
      "options": [
        "Distance from center (km)",
        "Size (m²)"
      ],
      "optionA": {
        "trial_id": "17",
        "task_id": "26",
        "values": "2.0, 40",
        "target_value": 1400
      },
      "optionB": {
        "trial_id": "13",
        "task_id": "26",
        "values": "1.0, 40",
        "target_value": 1600
      },
      "choice": {
        "button": "J",
        "selected_option": "OptionB"
      }
    },
    {
      "question": 25,
      "target": "Health index",
      "options": [
        "Age",
        "Exercise hours"
      ],
      "optionA": {
        "trial_id": "4",
        "task_id": "45",
        "values": "45.0, 2",
        "target_value": 75
      },
      "optionB": {
        "trial_id": "16",
        "task_id": "45",
        "values": "50.0, 2",
        "target_value": 80
      },
      "choice": {
        "button": "F",
        "selected_option": "OptionA"
      }
    },
    {
      "question": 26,
      "target": "Calories Burned",
      "options": [
        "Exercise Duration",
        "Exercise Intensity"
      ],
      "optionA": {
        "trial_id": "1",
        "task_id": "37",
        "values": "30.0, 5.0",
        "target_value": 200
      },
      "optionB": {
        "trial_id": "2",
        "task_id": "37",
        "values": "45.0, 4.0",
        "target_value": 210
      },
      "choice": {
        "button": "F",
        "selected_option": "OptionA"
      }
    },
    {
      "question": 27,
      "target": "Coffee Rating",
      "options": [
        "Coffee Amount",
        "Sugar Amount"
      ],
      "optionA": {
        "trial_id": "16",
        "task_id": "13",
        "values": "3.0, 4",
        "target_value": 5.5
      },
      "optionB": {
        "trial_id": "3",
        "task_id": "13",
        "values": "2.0, 2",
        "target_value": 6.5
      },
      "choice": {
        "button": "J",
        "selected_option": "OptionB"
      }
    },
    {
      "question": 28,
      "target": "Exam Score",
      "options": [
        "Student Study Time",
        "Time Spent on Social Media"
      ],
      "optionA": {
        "trial_id": "18",
        "task_id": "44",
        "values": "4.0, 1",
        "target_value": 77
      },
      "optionB": {
        "trial_id": "4",
        "task_id": "44",
        "values": "3.0, 3",
        "target_value": 75
      },
      "choice": {
        "button": "F",
        "selected_option": "OptionA"
      }
    },
    {
      "question": 29,
      "target": "Car efficiency",
      "options": [
        "Engine power (in horsepower)",
        "Weight (in kg)"
      ],
      "optionA": {
        "trial_id": "20",
        "task_id": "49",
        "values": "210.0, 1500",
        "target_value": 8
      },
      "optionB": {
        "trial_id": "15",
        "task_id": "49",
        "values": "170.0, 1300",
        "target_value": 10
      },
      "choice": {
        "button": "J",
        "selected_option": "OptionB"
      }
    },
    {
      "question": "attention_check_29",
      "choice": "J",
      "passed": true,
      "timestamp": 1758804892179
    },
    {
      "question": 30,
      "target": "Exercise Burned Calories",
      "options": [
        "Exercise Intensity",
        "Exercise Duration"
      ],
      "optionA": {
        "trial_id": "15",
        "task_id": "9",
        "values": "10.0, 10",
        "target_value": 360
      },
      "optionB": {
        "trial_id": "9",
        "task_id": "9",
        "values": "5.0, 60",
        "target_value": 250
      },
      "choice": {
        "button": "F",
        "selected_option": "OptionA"
      }
    },
    {
      "question": 31,
      "target": "Water Usage (ml/day)",
      "options": [
        "Plant Height",
        "Plant Leaves"
      ],
      "optionA": {
        "trial_id": "5",
        "task_id": "39",
        "values": "35.0, 11.0",
        "target_value": 190
      },
      "optionB": {
        "trial_id": "8",
        "task_id": "39",
        "values": "38.0, 11.0",
        "target_value": 165
      },
      "choice": {
        "button": "J",
        "selected_option": "OptionB"
      }
    },
    {
      "question": 32,
      "target": "Fatigue (1-10)",
      "options": [
        "Exercise Duration (min)",
        "Rest Time (min)"
      ],
      "optionA": {
        "trial_id": "2",
        "task_id": "2",
        "values": "20.0, 15",
        "target_value": 3
      },
      "optionB": {
        "trial_id": "15",
        "task_id": "2",
        "values": "30.0, 20",
        "target_value": 4
      },
      "choice": {
        "button": "J",
        "selected_option": "OptionB"
      }
    },
    {
      "question": 33,
      "target": "Energy level (1-10)",
      "options": [
        "Hours of sleep",
        "Caffeine intake (mg)"
      ],
      "optionA": {
        "trial_id": "2",
        "task_id": "27",
        "values": "8.0, 50",
        "target_value": 8
      },
      "optionB": {
        "trial_id": "4",
        "task_id": "27",
        "values": "9.0, 30",
        "target_value": 9
      },
      "choice": {
        "button": "J",
        "selected_option": "OptionB"
      }
    },
    {
      "question": 34,
      "target": "Muscle gain",
      "options": [
        "Exercise intensity",
        "Water intake"
      ],
      "optionA": {
        "trial_id": "17",
        "task_id": "48",
        "values": "8.0, 1",
        "target_value": 85
      },
      "optionB": {
        "trial_id": "11",
        "task_id": "48",
        "values": "7.0, 1",
        "target_value": 70
      },
      "choice": {
        "button": "F",
        "selected_option": "OptionA"
      }
    },
    {
      "question": 35,
      "target": "Exam points",
      "options": [
        "Time spent studying (hours)",
        "Number of breaks (times)"
      ],
      "optionA": {
        "trial_id": "1",
        "task_id": "50",
        "values": "3.0, 2",
        "target_value": 85
      },
      "optionB": {
        "trial_id": "2",
        "task_id": "50",
        "values": "2.0, 3",
        "target_value": 70
      },
      "choice": {
        "button": "J",
        "selected_option": "OptionB"
      }
    },
    {
      "question": 36,
      "target": "Shadow coverage",
      "options": [
        "Tree height",
        "Tree thickness"
      ],
      "optionA": {
        "trial_id": "14",
        "task_id": "29",
        "values": "5.0, 6.0",
        "target_value": 55
      },
      "optionB": {
        "trial_id": "3",
        "task_id": "29",
        "values": "12.0, 1.0",
        "target_value": 75
      },
      "choice": {
        "button": "F",
        "selected_option": "OptionA"
      }
    },
    {
      "question": 37,
      "target": "Dog Obedience Score",
      "options": [
        "Dog Training Hours",
        "Dog Distractions"
      ],
      "optionA": {
        "trial_id": "19",
        "task_id": "8",
        "values": "20.0, 2",
        "target_value": 9.4
      },
      "optionB": {
        "trial_id": "10",
        "task_id": "8",
        "values": "4.0, 6",
        "target_value": 7.2
      },
      "choice": {
        "button": "F",
        "selected_option": "OptionA"
      }
    },
    {
      "question": 38,
      "target": "Mobile Phone Performance",
      "options": [
        "Mobile Phone RAM",
        "Mobile Phone Battery Size"
      ],
      "optionA": {
        "trial_id": "1",
        "task_id": "24",
        "values": "4.0, 4000",
        "target_value": 70
      },
      "optionB": {
        "trial_id": "8",
        "task_id": "24",
        "values": "12.0, 3200",
        "target_value": 80
      },
      "choice": {
        "button": "J",
        "selected_option": "OptionB"
      }
    },
    {
      "question": 39,
      "target": "Heart Health",
      "options": [
        "Age",
        "Exercise Hours"
      ],
      "optionA": {
        "trial_id": "17",
        "task_id": "11",
        "values": "55.0, 1",
        "target_value": 76
      },
      "optionB": {
        "trial_id": "9",
        "task_id": "11",
        "values": "60.0, 0",
        "target_value": 68
      },
      "choice": {
        "button": "F",
        "selected_option": "OptionA"
      }
    },
    {
      "question": "attention_check_39",
      "choice": "F",
      "passed": true,
      "timestamp": 1758805019739
    },
    {
      "question": 40,
      "target": "Comfort (1-10)",
      "options": [
        "Shoe Width (cm)",
        "Arch Support (1-10)"
      ],
      "optionA": {
        "trial_id": "6",
        "task_id": "3",
        "values": "9.0, 6",
        "target_value": 8
      },
      "optionB": {
        "trial_id": "7",
        "task_id": "3",
        "values": "9.0, 6",
        "target_value": 8
      },
      "choice": {
        "button": "J",
        "selected_option": "OptionB"
      }
    },
    {
      "question": 41,
      "target": "Comfort",
      "options": [
        "Age",
        "Size"
      ],
      "optionA": {
        "trial_id": "5",
        "task_id": "35",
        "values": "10.0, 15",
        "target_value": 6
      },
      "optionB": {
        "trial_id": "3",
        "task_id": "35",
        "values": "3.0, 25",
        "target_value": 8
      },
      "choice": {
        "button": "F",
        "selected_option": "OptionA"
      }
    },
    {
      "question": 42,
      "target": "Price",
      "options": [
        "House Size",
        "Bedrooms"
      ],
      "optionA": {
        "trial_id": "2",
        "task_id": "10",
        "values": "1800.0, 4",
        "target_value": 330000
      },
      "optionB": {
        "trial_id": "8",
        "task_id": "10",
        "values": "2200.0, 4",
        "target_value": 430000
      },
      "choice": {
        "button": "J",
        "selected_option": "OptionB"
      }
    },
    {
      "question": 43,
      "target": "Cooking Time (minutes)",
      "options": [
        "Number of Ingredients",
        "Prep Time (minutes)"
      ],
      "optionA": {
        "trial_id": "11",
        "task_id": "16",
        "values": "4.0, 8.0",
        "target_value": 14
      },
      "optionB": {
        "trial_id": "7",
        "task_id": "16",
        "values": "10.0, 20.0",
        "target_value": 10
      },
      "choice": {
        "button": "J",
        "selected_option": "OptionB"
      }
    },
    {
      "question": 44,
      "target": "Market value",
      "options": [
        "House size",
        "House floors"
      ],
      "optionA": {
        "trial_id": "18",
        "task_id": "33",
        "values": "210.0, 4.0",
        "target_value": 310
      },
      "optionB": {
        "trial_id": "10",
        "task_id": "33",
        "values": "170.0, 4.0",
        "target_value": 260
      },
      "choice": {
        "button": "F",
        "selected_option": "OptionA"
      }
    },
    {
      "question": 45,
      "target": "Heart rate",
      "options": [
        "Age",
        "Exercise hours"
      ],
      "optionA": {
        "trial_id": "8",
        "task_id": "43",
        "values": "60.0, 1",
        "target_value": 80
      },
      "optionB": {
        "trial_id": "1",
        "task_id": "43",
        "values": "30.0, 5",
        "target_value": 65
      },
      "choice": {
        "button": "J",
        "selected_option": "OptionB"
      }
    },
    {
      "question": 46,
      "target": "Test Score",
      "options": [
        "Student Study Time",
        "Student Distractions"
      ],
      "optionA": {
        "trial_id": "12",
        "task_id": "38",
        "values": "5.0, 10.0",
        "target_value": 65
      },
      "optionB": {
        "trial_id": "1",
        "task_id": "38",
        "values": "2.0, 5.0",
        "target_value": 75
      },
      "choice": {
        "button": "F",
        "selected_option": "OptionA"
      }
    },
    {
      "question": 47,
      "target": "Comfort level",
      "options": [
        "Room size",
        "Room furniture"
      ],
      "optionA": {
        "trial_id": "19",
        "task_id": "30",
        "values": "19.0, 2.0",
        "target_value": 9
      },
      "optionB": {
        "trial_id": "3",
        "task_id": "30",
        "values": "18.0, 1.0",
        "target_value": 9
      },
      "choice": {
        "button": "F",
        "selected_option": "OptionA"
      }
    },
    {
      "question": 48,
      "target": "Battery life",
      "options": [
        "Battery capacity",
        "Weight"
      ],
      "optionA": {
        "trial_id": "6",
        "task_id": "41",
        "values": "3000.0, 300",
        "target_value": 8
      },
      "optionB": {
        "trial_id": "17",
        "task_id": "41",
        "values": "5000.0, 250",
        "target_value": 12
      },
      "choice": {
        "button": "J",
        "selected_option": "OptionB"
      }
    },
    {
      "question": 49,
      "target": "Time to Destination (hours)",
      "options": [
        "Car Speed (mph)",
        "Fuel Efficiency (mpg)"
      ],
      "optionA": {
        "trial_id": "11",
        "task_id": "18",
        "values": "65.0, 28.0",
        "target_value": 1.8
      },
      "optionB": {
        "trial_id": "1",
        "task_id": "18",
        "values": "60.0, 30.0",
        "target_value": 2
      },
      "choice": {
        "button": "F",
        "selected_option": "OptionA"
      }
    },
    {
      "question": 50,
      "target": "Phone Performance Score",
      "options": [
        "Phone Processor Speed",
        "Phone Battery Capacity"
      ],
      "optionA": {
        "trial_id": "15",
        "task_id": "6",
        "values": "5.0, 2500",
        "target_value": 9.6
      },
      "optionB": {
        "trial_id": "8",
        "task_id": "6",
        "values": "2.5, 5500",
        "target_value": 8.2
      },
      "choice": {
        "button": "F",
        "selected_option": "OptionA"
      }
    }
  ]
}