{
  "condition_group": "direction_A",
  "submission_number": "1",
  "responses": [
    {
      "question": 1,
      "target": "Natural Light (on scale 1-10)",
      "options": [
        "Room Area (m2)",
        "Number of Windows"
      ],
      "optionA": {
        "trial_id": "10",
        "task_id": "12",
        "values": "22.0, 5.0",
        "target_value": 9
      },
      "optionB": {
        "trial_id": "9",
        "task_id": "12",
        "values": "24.0, 4.0",
        "target_value": 8
      },
      "choice": {
        "button": "J",
        "selected_option": "OptionB"
      }
    },
    {
      "question": 2,
      "target": "Fat Burn (g)",
      "options": [
        "Exercise Time (min)",
        "Heart Rate (bpm)"
      ],
      "optionA": {
        "trial_id": "20",
        "task_id": "23",
        "values": "30.0, 110.0",
        "target_value": 30
      },
      "optionB": {
        "trial_id": "16",
        "task_id": "23",
        "values": "55.0, 135.0",
        "target_value": 60
      },
      "choice": {
        "button": "J",
        "selected_option": "OptionB"
      }
    },
    {
      "question": 3,
      "target": "Satiety (on scale 1-10)",
      "options": [
        "Number of Calories",
        "Protein (g)"
      ],
      "optionA": {
        "trial_id": "2",
        "task_id": "13",
        "values": "300.0, 15.0",
        "target_value": 8
      },
      "optionB": {
        "trial_id": "1",
        "task_id": "13",
        "values": "200.0, 10.0",
        "target_value": 6
      },
      "choice": {
        "button": "F",
        "selected_option": "OptionA"
      }
    },
    {
      "question": 4,
      "target": "Phone Performance Score",
      "options": [
        "Phone RAM (GB)",
        "Battery Capacity (mAh)"
      ],
      "optionA": {
        "trial_id": "6",
        "task_id": "33",
        "values": "7.0, 4200.0",
        "target_value": 86
      },
      "optionB": {
        "trial_id": "11",
        "task_id": "33",
        "values": "6.0, 3200.0",
        "target_value": 74
      },
      "choice": {
        "button": "F",
        "selected_option": "OptionA"
      }
    },
    {
      "question": 5,
      "target": "Home Comfort (1-10)",
      "options": [
        "Number of Bedrooms",
        "Square Feet"
      ],
      "optionA": {
        "trial_id": "19",
        "task_id": "7",
        "values": "3.0, 1450.0",
        "target_value": 7
      },
      "optionB": {
        "trial_id": "14",
        "task_id": "7",
        "values": "4.0, 1450.0",
        "target_value": 6
      },
      "choice": {
        "button": "J",
        "selected_option": "OptionB"
      }
    },
    {
      "question": 6,
      "target": "Performance Rating",
      "options": [
        "Computer Weight (kg)",
        "RAM (GB)"
      ],
      "optionA": {
        "trial_id": "20",
        "task_id": "29",
        "values": "1.4, 10.0",
        "target_value": 7.5
      },
      "optionB": {
        "trial_id": "10",
        "task_id": "29",
        "values": "1.4, 8.0",
        "target_value": 6.5
      },
      "choice": {
        "button": "F",
        "selected_option": "OptionA"
      }
    },
    {
      "question": 7,
      "target": "Age (years)",
      "options": [
        "Tree Height (m)",
        "Trunk Diameter (cm)"
      ],
      "optionA": {
        "trial_id": "2",
        "task_id": "27",
        "values": "8.0, 25.0",
        "target_value": 40
      },
      "optionB": {
        "trial_id": "6",
        "task_id": "27",
        "values": "6.0, 15.0",
        "target_value": 25
      },
      "choice": {
        "button": "F",
        "selected_option": "OptionA"
      }
    },
    {
      "question": 8,
      "target": "Customer Satisfaction",
      "options": [
        "Price ($)",
        "Quality Rating (1-10)"
      ],
      "optionA": {
        "trial_id": "1",
        "task_id": "43",
        "values": "100.0, 7.0",
        "target_value": 8
      },
      "optionB": {
        "trial_id": "8",
        "task_id": "43",
        "values": "220.0, 10.0",
        "target_value": 9.5
      },
      "choice": {
        "button": "F",
        "selected_option": "OptionA"
      }
    },
    {
      "question": 9,
      "target": "House Demand",
      "options": [
        "House Size sqft",
        "House Location Rating"
      ],
      "optionA": {
        "trial_id": "4",
        "task_id": "19",
        "values": "2200.0, 8.0",
        "target_value": 430000
      },
      "optionB": {
        "trial_id": "1",
        "task_id": "19",
        "values": "2000.0, 8.0",
        "target_value": 400000
      },
      "choice": {
        "button": "F",
        "selected_option": "OptionA"
      }
    },
    {
      "question": "attention_check_9",
      "choice": "J",
      "passed": true,
      "timestamp": 1758820049601
    },
    {
      "question": 10,
      "target": "House Price",
      "options": [
        "House Size",
        "Neighborhood Rating"
      ],
      "optionA": {
        "trial_id": "14",
        "task_id": "32",
        "values": "2000.0, 6.0",
        "target_value": 350
      },
      "optionB": {
        "trial_id": "12",
        "task_id": "32",
        "values": "2200.0, 7.0",
        "target_value": 410
      },
      "choice": {
        "button": "J",
        "selected_option": "OptionB"
      }
    },
    {
      "question": 11,
      "target": "Performance Quality (on scale 1-10)",
      "options": [
        "Hours of Practice",
        "Musical Experience (years)"
      ],
      "optionA": {
        "trial_id": "7",
        "task_id": "14",
        "values": "70.0, 5.0",
        "target_value": 9
      },
      "optionB": {
        "trial_id": "16",
        "task_id": "14",
        "values": "80.0, 4.0",
        "target_value": 8
      },
      "choice": {
        "button": "J",
        "selected_option": "OptionB"
      }
    },
    {
      "question": 12,
      "target": "Tea Taste",
      "options": [
        "Leaf Strength",
        "Flavor Variety"
      ],
      "optionA": {
        "trial_id": "13",
        "task_id": "49",
        "values": "4.0, 5.0",
        "target_value": 7.6
      },
      "optionB": {
        "trial_id": "14",
        "task_id": "49",
        "values": "3.0, 6.0",
        "target_value": 7.4
      },
      "choice": {
        "button": "F",
        "selected_option": "OptionA"
      }
    },
    {
      "question": 13,
      "target": "Deliciousness",
      "options": [
        "Cooking time",
        "Ingredients count"
      ],
      "optionA": {
        "trial_id": "17",
        "task_id": "22",
        "values": "40.0, 3.0",
        "target_value": 60
      },
      "optionB": {
        "trial_id": "18",
        "task_id": "22",
        "values": "30.0, 4.0",
        "target_value": 65
      },
      "choice": {
        "button": "F",
        "selected_option": "OptionA"
      }
    },
    {
      "question": 14,
      "target": "Durability Perception (1-10)",
      "options": [
        "Price ($)",
        "Warranty (years)"
      ],
      "optionA": {
        "trial_id": "11",
        "task_id": "6",
        "values": "190.0, 2.0",
        "target_value": 6
      },
      "optionB": {
        "trial_id": "10",
        "task_id": "6",
        "values": "300.0, 4.0",
        "target_value": 7
      },
      "choice": {
        "button": "J",
        "selected_option": "OptionB"
      }
    },
    {
      "question": 15,
      "target": "Popularity Score",
      "options": [
        "Number of Likes",
        "Number of Comments"
      ],
      "optionA": {
        "trial_id": "7",
        "task_id": "44",
        "values": "200.0, 40.0",
        "target_value": 240
      },
      "optionB": {
        "trial_id": "20",
        "task_id": "44",
        "values": "130.0, 26.0",
        "target_value": 156
      },
      "choice": {
        "button": "F",
        "selected_option": "OptionA"
      }
    },
    {
      "question": 16,
      "target": "Comfort Score",
      "options": [
        "Price ($)",
        "Size (sqft)"
      ],
      "optionA": {
        "trial_id": "3",
        "task_id": "38",
        "values": "320000.0, 140.0",
        "target_value": 7
      },
      "optionB": {
        "trial_id": "15",
        "task_id": "38",
        "values": "270000.0, 130.0",
        "target_value": 6
      },
      "choice": {
        "button": "F",
        "selected_option": "OptionA"
      }
    },
    {
      "question": 17,
      "target": "Fitness Level",
      "options": [
        "Exercise Time (min/day)",
        "Healthy Diet (%)"
      ],
      "optionA": {
        "trial_id": "16",
        "task_id": "40",
        "values": "30.0, 80.0",
        "target_value": 7
      },
      "optionB": {
        "trial_id": "19",
        "task_id": "40",
        "values": "40.0, 85.0",
        "target_value": 8
      },
      "choice": {
        "button": "J",
        "selected_option": "OptionB"
      }
    },
    {
      "question": 18,
      "target": "Energy Level",
      "options": [
        "Hours of Sleep",
        "Caffeine Intake (mg)"
      ],
      "optionA": {
        "trial_id": "15",
        "task_id": "39",
        "values": "9.0, 80.0",
        "target_value": 9
      },
      "optionB": {
        "trial_id": "1",
        "task_id": "39",
        "values": "8.0, 50.0",
        "target_value": 7
      },
      "choice": {
        "button": "F",
        "selected_option": "OptionA"
      }
    },
    {
      "question": 19,
      "target": "Enjoyment Score",
      "options": [
        "Book Length (pages)",
        "Author Fame (1-10)"
      ],
      "optionA": {
        "trial_id": "11",
        "task_id": "24",
        "values": "300.0, 8.0",
        "target_value": 8.5
      },
      "optionB": {
        "trial_id": "1",
        "task_id": "24",
        "values": "200.0, 7.0",
        "target_value": 8
      },
      "choice": {
        "button": "F",
        "selected_option": "OptionA"
      }
    },
    {
      "question": "attention_check_19",
      "choice": "F",
      "passed": true,
      "timestamp": 1758820174338
    },
    {
      "question": 20,
      "target": "Exam Score",
      "options": [
        "Hours of Study",
        "Difficulty Level"
      ],
      "optionA": {
        "trial_id": "17",
        "task_id": "9",
        "values": "5.0, 4.0",
        "target_value": 73
      },
      "optionB": {
        "trial_id": "2",
        "task_id": "9",
        "values": "6.0, 4.0",
        "target_value": 73
      },
      "choice": {
        "button": "J",
        "selected_option": "OptionB"
      }
    },
    {
      "question": 21,
      "target": "Social Engagement (on scale 1-10)",
      "options": [
        "Number of Friends",
        "Average Message Frequency"
      ],
      "optionA": {
        "trial_id": "13",
        "task_id": "17",
        "values": "160.0, 4.0",
        "target_value": 8
      },
      "optionB": {
        "trial_id": "14",
        "task_id": "17",
        "values": "180.0, 3.0",
        "target_value": 7
      },
      "choice": {
        "button": "J",
        "selected_option": "OptionB"
      }
    },
    {
      "question": 22,
      "target": "Distance Covered",
      "options": [
        "Bike Speed",
        "Bike Weight"
      ],
      "optionA": {
        "trial_id": "20",
        "task_id": "5",
        "values": "21.0, 12.0",
        "target_value": 53
      },
      "optionB": {
        "trial_id": "8",
        "task_id": "5",
        "values": "25.0, 12.0",
        "target_value": 56
      },
      "choice": {
        "button": "J",
        "selected_option": "OptionB"
      }
    },
    {
      "question": 23,
      "target": "Cooking Time (min)",
      "options": [
        "Number of Ingredients",
        "Prep Time (min)"
      ],
      "optionA": {
        "trial_id": "15",
        "task_id": "42",
        "values": "6.0, 11.0",
        "target_value": 27
      },
      "optionB": {
        "trial_id": "7",
        "task_id": "42",
        "values": "3.0, 6.0",
        "target_value": 18
      },
      "choice": {
        "button": "F",
        "selected_option": "OptionA"
      }
    },
    {
      "question": 24,
      "target": "Book Rating",
      "options": [
        "Book Page Count",
        "Author Rating"
      ],
      "optionA": {
        "trial_id": "13",
        "task_id": "18",
        "values": "300.0, 4.9",
        "target_value": 4.8
      },
      "optionB": {
        "trial_id": "6",
        "task_id": "18",
        "values": "400.0, 4.8",
        "target_value": 4.7
      },
      "choice": {
        "button": "F",
        "selected_option": "OptionA"
      }
    },
    {
      "question": 25,
      "target": "Weight Loss",
      "options": [
        "Problem 4: Calories",
        "Exercise Time"
      ],
      "optionA": {
        "trial_id": "19",
        "task_id": "45",
        "values": "400.0, 10.0",
        "target_value": 1
      },
      "optionB": {
        "trial_id": "13",
        "task_id": "45",
        "values": "400.0, 20.0",
        "target_value": 1
      },
      "choice": {
        "button": "J",
        "selected_option": "OptionB"
      }
    },
    {
      "question": 26,
      "target": "Brightness",
      "options": [
        "Phone Battery Capacity",
        "Screen Size"
      ],
      "optionA": {
        "trial_id": "1",
        "task_id": "31",
        "values": "3000.0, 5.0",
        "target_value": 650
      },
      "optionB": {
        "trial_id": "14",
        "task_id": "31",
        "values": "3500.0, 5.0",
        "target_value": 640
      },
      "choice": {
        "button": "J",
        "selected_option": "OptionB"
      }
    },
    {
      "question": 27,
      "target": "Battery Life",
      "options": [
        "Phone Weight",
        "Battery Capacity"
      ],
      "optionA": {
        "trial_id": "1",
        "task_id": "48",
        "values": "200.0, 4000.0",
        "target_value": 32
      },
      "optionB": {
        "trial_id": "17",
        "task_id": "48",
        "values": "210.0, 4800.0",
        "target_value": 38
      },
      "choice": {
        "button": "J",
        "selected_option": "OptionB"
      }
    },
    {
      "question": 28,
      "target": "Fuel Consumption (L/100km)",
      "options": [
        "Speed (km/h)",
        "Weight (kg)"
      ],
      "optionA": {
        "trial_id": "4",
        "task_id": "37",
        "values": "110.0, 1700.0",
        "target_value": 10
      },
      "optionB": {
        "trial_id": "7",
        "task_id": "37",
        "values": "140.0, 1800.0",
        "target_value": 12
      },
      "choice": {
        "button": "J",
        "selected_option": "OptionB"
      }
    },
    {
      "question": 29,
      "target": "User Satisfaction",
      "options": [
        "Problem 5: Screen Size",
        "Battery Life"
      ],
      "optionA": {
        "trial_id": "9",
        "task_id": "46",
        "values": "6.0, 20.0",
        "target_value": 5
      },
      "optionB": {
        "trial_id": "1",
        "task_id": "46",
        "values": "6.0, 30.0",
        "target_value": 7
      },
      "choice": {
        "button": "J",
        "selected_option": "OptionB"
      }
    },
    {
      "question": "attention_check_29",
      "choice": "F",
      "passed": false,
      "timestamp": 1758820313480
    },
    {
      "question": 30,
      "target": "Taste Rating",
      "options": [
        "Number of Ingredients",
        "Cooking Time (minutes)"
      ],
      "optionA": {
        "trial_id": "1",
        "task_id": "11",
        "values": "5.0, 30.0",
        "target_value": 7
      },
      "optionB": {
        "trial_id": "2",
        "task_id": "11",
        "values": "6.0, 25.0",
        "target_value": 7
      },
      "choice": {
        "button": "J",
        "selected_option": "OptionB"
      }
    },
    {
      "question": 31,
      "target": "Book Knowledge Content",
      "options": [
        "Book Page Count",
        "Book Reading Level"
      ],
      "optionA": {
        "trial_id": "1",
        "task_id": "1",
        "values": "300.0, 3.0",
        "target_value": 7
      },
      "optionB": {
        "trial_id": "20",
        "task_id": "1",
        "values": "290.0, 3.0",
        "target_value": 5
      },
      "choice": {
        "button": "F",
        "selected_option": "OptionA"
      }
    },
    {
      "question": 32,
      "target": "Battery Life (hours)",
      "options": [
        "Phone Weight (g)",
        "Battery Capacity (mAh)"
      ],
      "optionA": {
        "trial_id": "17",
        "task_id": "25",
        "values": "155.0, 4100.0",
        "target_value": 10.3
      },
      "optionB": {
        "trial_id": "3",
        "task_id": "25",
        "values": "180.0, 4500.0",
        "target_value": 11
      },
      "choice": {
        "button": "J",
        "selected_option": "OptionB"
      }
    },
    {
      "question": 33,
      "target": "Doneness",
      "options": [
        "Cooking Time",
        "Size"
      ],
      "optionA": {
        "trial_id": "8",
        "task_id": "50",
        "values": "25.0, 180.0",
        "target_value": 65
      },
      "optionB": {
        "trial_id": "5",
        "task_id": "50",
        "values": "35.0, 240.0",
        "target_value": 80
      },
      "choice": {
        "button": "J",
        "selected_option": "OptionB"
      }
    },
    {
      "question": 34,
      "target": "Speed (km/h)",
      "options": [
        "Engine Horsepower",
        "Weight (kg)"
      ],
      "optionA": {
        "trial_id": "7",
        "task_id": "41",
        "values": "250.0, 1600.0",
        "target_value": 200
      },
      "optionB": {
        "trial_id": "15",
        "task_id": "41",
        "values": "210.0, 1450.0",
        "target_value": 192
      },
      "choice": {
        "button": "J",
        "selected_option": "OptionB"
      }
    },
    {
      "question": 35,
      "target": "Exam Grade",
      "options": [
        "Student Study Time (hours)",
        "Class Attendance (%)"
      ],
      "optionA": {
        "trial_id": "2",
        "task_id": "34",
        "values": "6.0, 75.0",
        "target_value": 72
      },
      "optionB": {
        "trial_id": "14",
        "task_id": "34",
        "values": "9.0, 75.0",
        "target_value": 75
      },
      "choice": {
        "button": "J",
        "selected_option": "OptionB"
      }
    },
    {
      "question": 36,
      "target": "Dog Activity Level",
      "options": [
        "Dog Size",
        "Dog Exercise Needs"
      ],
      "optionA": {
        "trial_id": "16",
        "task_id": "2",
        "values": "38.0, 3.0",
        "target_value": 7
      },
      "optionB": {
        "trial_id": "10",
        "task_id": "2",
        "values": "28.0, 2.0",
        "target_value": 5
      },
      "choice": {
        "button": "J",
        "selected_option": "OptionB"
      }
    },
    {
      "question": 37,
      "target": "Restaurant Popularity (on scale 1-10)",
      "options": [
        "Number of Reviews",
        "Average Rating (out of 5)"
      ],
      "optionA": {
        "trial_id": "5",
        "task_id": "15",
        "values": "200.0, 4.7",
        "target_value": 9
      },
      "optionB": {
        "trial_id": "4",
        "task_id": "15",
        "values": "180.0, 4.1",
        "target_value": 7
      },
      "choice": {
        "button": "F",
        "selected_option": "OptionA"
      }
    },
    {
      "question": 38,
      "target": "Light Level",
      "options": [
        "Room Size (sq ft)",
        "Number of Windows"
      ],
      "optionA": {
        "trial_id": "17",
        "task_id": "30",
        "values": "160.0, 2.0",
        "target_value": 5
      },
      "optionB": {
        "trial_id": "2",
        "task_id": "30",
        "values": "180.0, 4.0",
        "target_value": 8
      },
      "choice": {
        "button": "J",
        "selected_option": "OptionB"
      }
    },
    {
      "question": 39,
      "target": "Natural Light",
      "options": [
        "Problem 6: Room Size",
        "Number of Windows"
      ],
      "optionA": {
        "trial_id": "19",
        "task_id": "47",
        "values": "160.0, 2.0",
        "target_value": 4
      },
      "optionB": {
        "trial_id": "15",
        "task_id": "47",
        "values": "260.0, 5.0",
        "target_value": 9
      },
      "choice": {
        "button": "J",
        "selected_option": "OptionB"
      }
    },
    {
      "question": "attention_check_39",
      "choice": "F",
      "passed": true,
      "timestamp": 1758820482986
    },
    {
      "question": 40,
      "target": "App Popularity",
      "options": [
        "App User Ratings (1-5)",
        "Number of Reviews"
      ],
      "optionA": {
        "trial_id": "2",
        "task_id": "36",
        "values": "4.0, 200.0",
        "target_value": 80
      },
      "optionB": {
        "trial_id": "11",
        "task_id": "36",
        "values": "4.0, 120.0",
        "target_value": 70
      },
      "choice": {
        "button": "F",
        "selected_option": "OptionA"
      }
    },
    {
      "question": 41,
      "target": "Fun Level",
      "options": [
        "Number of Players",
        "Game Duration (minutes)"
      ],
      "optionA": {
        "trial_id": "14",
        "task_id": "10",
        "values": "6.0, 50.0",
        "target_value": 7
      },
      "optionB": {
        "trial_id": "10",
        "task_id": "10",
        "values": "7.0, 55.0",
        "target_value": 8
      },
      "choice": {
        "button": "J",
        "selected_option": "OptionB"
      }
    },
    {
      "question": 42,
      "target": "Fuel Consumption (L)",
      "options": [
        "Flight Duration (hours)",
        "Distance (km)"
      ],
      "optionA": {
        "trial_id": "5",
        "task_id": "28",
        "values": "3.0, 750.0",
        "target_value": 750
      },
      "optionB": {
        "trial_id": "4",
        "task_id": "28",
        "values": "4.0, 1000.0",
        "target_value": 1000
      },
      "choice": {
        "button": "F",
        "selected_option": "OptionA"
      }
    },
    {
      "question": 43,
      "target": "Warmth Rating",
      "options": [
        "Shirt Weight (g)",
        "Fabric Thickness (mm)"
      ],
      "optionA": {
        "trial_id": "12",
        "task_id": "26",
        "values": "190.0, 1.7",
        "target_value": 4.8
      },
      "optionB": {
        "trial_id": "1",
        "task_id": "26",
        "values": "200.0, 1.5",
        "target_value": 4
      },
      "choice": {
        "button": "F",
        "selected_option": "OptionA"
      }
    },
    {
      "question": 44,
      "target": "Home Value (thousands)",
      "options": [
        "House Size (sqm)",
        "Neighborhood Safety (1-10)"
      ],
      "optionA": {
        "trial_id": "2",
        "task_id": "35",
        "values": "130.0, 7.0",
        "target_value": 290
      },
      "optionB": {
        "trial_id": "14",
        "task_id": "35",
        "values": "130.0, 6.0",
        "target_value": 270
      },
      "choice": {
        "button": "F",
        "selected_option": "OptionA"
      }
    },
    {
      "question": 45,
      "target": "Enjoyment",
      "options": [
        "Taste rating",
        "Price"
      ],
      "optionA": {
        "trial_id": "16",
        "task_id": "21",
        "values": "2.0, 5.0",
        "target_value": 6
      },
      "optionB": {
        "trial_id": "15",
        "task_id": "21",
        "values": "3.0, 4.0",
        "target_value": 6
      },
      "choice": {
        "button": "J",
        "selected_option": "OptionB"
      }
    },
    {
      "question": 46,
      "target": "Energy Boost",
      "options": [
        "Coffee Caffeine Content",
        "Coffee Richness"
      ],
      "optionA": {
        "trial_id": "6",
        "task_id": "3",
        "values": "110.0, 3.0",
        "target_value": 7
      },
      "optionB": {
        "trial_id": "16",
        "task_id": "3",
        "values": "95.0, 5.0",
        "target_value": 8
      },
      "choice": {
        "button": "F",
        "selected_option": "OptionA"
      }
    },
    {
      "question": 47,
      "target": "Fat Burn (in grams)",
      "options": [
        "Exercise Time (minutes)",
        "Heart Rate (bpm)"
      ],
      "optionA": {
        "trial_id": "3",
        "task_id": "16",
        "values": "40.0, 130.0",
        "target_value": 18
      },
      "optionB": {
        "trial_id": "18",
        "task_id": "16",
        "values": "60.0, 130.0",
        "target_value": 19
      },
      "choice": {
        "button": "J",
        "selected_option": "OptionB"
      }
    },
    {
      "question": 48,
      "target": "Photo Quality",
      "options": [
        "Phone Price",
        "Phone Camera Megapixels"
      ],
      "optionA": {
        "trial_id": "3",
        "task_id": "4",
        "values": "500.0, 10.0",
        "target_value": 7
      },
      "optionB": {
        "trial_id": "19",
        "task_id": "4",
        "values": "420.0, 9.0",
        "target_value": 6
      },
      "choice": {
        "button": "F",
        "selected_option": "OptionA"
      }
    },
    {
      "question": 49,
      "target": "Enjoyment Rating (1-10)",
      "options": [
        "Number of Pages",
        "Reading Time (minutes)"
      ],
      "optionA": {
        "trial_id": "17",
        "task_id": "8",
        "values": "240.0, 95.0",
        "target_value": 5
      },
      "optionB": {
        "trial_id": "18",
        "task_id": "8",
        "values": "340.0, 125.0",
        "target_value": 5
      },
      "choice": {
        "button": "J",
        "selected_option": "OptionB"
      }
    },
    {
      "question": 50,
      "target": "Restaurant Customer Satisfaction",
      "options": [
        "Restaurant Menu Size",
        "Restaurant Online Rating"
      ],
      "optionA": {
        "trial_id": "15",
        "task_id": "20",
        "values": "20.0, 4.7",
        "target_value": 8.8
      },
      "optionB": {
        "trial_id": "1",
        "task_id": "20",
        "values": "20.0, 4.6",
        "target_value": 8.8
      },
      "choice": {
        "button": "F",
        "selected_option": "OptionA"
      }
    }
  ]
}