{
  "condition_group": "ranking_B",
  "submission_number": "1",
  "responses": [
    {
      "question": 1,
      "target": "Energy Boost (1-10)",
      "options": [
        "Number of Calories",
        "Sugar (g)"
      ],
      "optionA": {
        "trial_id": "16",
        "task_id": "66",
        "values": "140.0, 12",
        "target_value": 4
      },
      "optionB": {
        "trial_id": "1",
        "task_id": "66",
        "values": "100.0, 10",
        "target_value": 7
      },
      "choice": {
        "button": "F",
        "selected_option": "OptionA"
      }
    },
    {
      "question": 2,
      "target": "Commute time (minutes)",
      "options": [
        "Distance to work (miles)",
        "Number of traffic lights"
      ],
      "optionA": {
        "trial_id": "12",
        "task_id": "56",
        "values": "6.0, 10",
        "target_value": 31
      },
      "optionB": {
        "trial_id": "5",
        "task_id": "56",
        "values": "3.0, 15",
        "target_value": 25
      },
      "choice": {
        "button": "F",
        "selected_option": "OptionA"
      }
    },
    {
      "question": 3,
      "target": "Endurance",
      "options": [
        "Age",
        "Height"
      ],
      "optionA": {
        "trial_id": "8",
        "task_id": "73",
        "values": "30.0, 180.0",
        "target_value": 90
      },
      "optionB": {
        "trial_id": "16",
        "task_id": "73",
        "values": "50.0, 200.0",
        "target_value": 80
      },
      "choice": {
        "button": "F",
        "selected_option": "OptionA"
      }
    },
    {
      "question": 4,
      "target": "Speed (km/h)",
      "options": [
        "Bicycle weight (kg)",
        "Wheel size (inches)"
      ],
      "optionA": {
        "trial_id": "9",
        "task_id": "72",
        "values": "13.0, 26",
        "target_value": 24
      },
      "optionB": {
        "trial_id": "16",
        "task_id": "72",
        "values": "12.0, 28",
        "target_value": 24
      },
      "choice": {
        "button": "J",
        "selected_option": "OptionB"
      }
    },
    {
      "question": 5,
      "target": "Height (cm)",
      "options": [
        "Age of the plant (weeks)",
        "Water given (ml/day)"
      ],
      "optionA": {
        "trial_id": "5",
        "task_id": "53",
        "values": "6.0, 300",
        "target_value": 16
      },
      "optionB": {
        "trial_id": "11",
        "task_id": "53",
        "values": "5.0, 400",
        "target_value": 15
      },
      "choice": {
        "button": "F",
        "selected_option": "OptionA"
      }
    },
    {
      "question": 6,
      "target": "Reading Enjoyment",
      "options": [
        "Book Length",
        "Author Fame"
      ],
      "optionA": {
        "trial_id": "17",
        "task_id": "77",
        "values": "1100.0, 0.5",
        "target_value": 15
      },
      "optionB": {
        "trial_id": "1",
        "task_id": "77",
        "values": "300.0, 8.0",
        "target_value": 7
      },
      "choice": {
        "button": "J",
        "selected_option": "OptionB"
      }
    },
    {
      "question": 7,
      "target": "Customer Satisfaction",
      "options": [
        "Restaurant Wait Time (in mins)",
        "Restaurant Rating (1-5)"
      ],
      "optionA": {
        "trial_id": "15",
        "task_id": "100",
        "values": "14.0, 5",
        "target_value": 7
      },
      "optionB": {
        "trial_id": "13",
        "task_id": "100",
        "values": "18.0, 4",
        "target_value": 7
      },
      "choice": {
        "button": "F",
        "selected_option": "OptionA"
      }
    },
    {
      "question": 8,
      "target": "Mood Score (1-10)",
      "options": [
        "Hours of Sleep",
        "Screen Time (hours)"
      ],
      "optionA": {
        "trial_id": "5",
        "task_id": "64",
        "values": "6.0, 3",
        "target_value": 7
      },
      "optionB": {
        "trial_id": "15",
        "task_id": "64",
        "values": "7.0, 2",
        "target_value": 8
      },
      "choice": {
        "button": "J",
        "selected_option": "OptionB"
      }
    },
    {
      "question": 9,
      "target": "Cooling Time (min)",
      "options": [
        "Room Size (m\u00b2)",
        "Window Size (m\u00b2)"
      ],
      "optionA": {
        "trial_id": "14",
        "task_id": "87",
        "values": "23.0, 2.8",
        "target_value": 29
      },
      "optionB": {
        "trial_id": "4",
        "task_id": "87",
        "values": "22.0, 2.5",
        "target_value": 30
      },
      "choice": {
        "button": "J",
        "selected_option": "OptionB"
      }
    },
    {
      "question": "attention_check_9",
      "choice": "J",
      "passed": true,
      "timestamp": 1758813280963
    },
    {
      "question": 10,
      "target": "Morning Alertness",
      "options": [
        "Hours of Sleep",
        "Number of Alarms"
      ],
      "optionA": {
        "trial_id": "8",
        "task_id": "93",
        "values": "8.0, 1",
        "target_value": 8
      },
      "optionB": {
        "trial_id": "5",
        "task_id": "93",
        "values": "6.0, 3",
        "target_value": 5
      },
      "choice": {
        "button": "F",
        "selected_option": "OptionA"
      }
    },
    {
      "question": 11,
      "target": "Flower size (cm)",
      "options": [
        "Plant height (cm)",
        "Plant age (months)"
      ],
      "optionA": {
        "trial_id": "15",
        "task_id": "89",
        "values": "29.0, 4",
        "target_value": 5.7
      },
      "optionB": {
        "trial_id": "12",
        "task_id": "89",
        "values": "41.0, 8",
        "target_value": 3.4
      },
      "choice": {
        "button": "J",
        "selected_option": "OptionB"
      }
    },
    {
      "question": 12,
      "target": "Flower blooming time",
      "options": [
        "Hours of sunlight",
        "Humidity"
      ],
      "optionA": {
        "trial_id": "1",
        "task_id": "60",
        "values": "6.0, 70.0",
        "target_value": 4
      },
      "optionB": {
        "trial_id": "6",
        "task_id": "60",
        "values": "6.0, 75.0",
        "target_value": 4
      },
      "choice": {
        "button": "J",
        "selected_option": "OptionB"
      }
    },
    {
      "question": 13,
      "target": "Cooking time (minutes)",
      "options": [
        "Number of ingredients",
        "Prep time (minutes)"
      ],
      "optionA": {
        "trial_id": "7",
        "task_id": "86",
        "values": "7.0, 5",
        "target_value": 22
      },
      "optionB": {
        "trial_id": "15",
        "task_id": "86",
        "values": "2.0, 14",
        "target_value": 16
      },
      "choice": {
        "button": "J",
        "selected_option": "OptionB"
      }
    },
    {
      "question": 14,
      "target": "Plant Health",
      "options": [
        "Plant Height",
        "Water Amount"
      ],
      "optionA": {
        "trial_id": "10",
        "task_id": "98",
        "values": "70.0, 2",
        "target_value": 10
      },
      "optionB": {
        "trial_id": "5",
        "task_id": "98",
        "values": "50.0, 1",
        "target_value": 9
      },
      "choice": {
        "button": "F",
        "selected_option": "OptionA"
      }
    },
    {
      "question": 15,
      "target": "Post reach (people)",
      "options": [
        "Number of likes (count)",
        "Time posted (hours ago)"
      ],
      "optionA": {
        "trial_id": "15",
        "task_id": "55",
        "values": "800.0, 4",
        "target_value": 4000
      },
      "optionB": {
        "trial_id": "13",
        "task_id": "55",
        "values": "1000.0, 6",
        "target_value": 5000
      },
      "choice": {
        "button": "F",
        "selected_option": "OptionA"
      }
    },
    {
      "question": 16,
      "target": "Daily travel cost ($)",
      "options": [
        "Distance to work (miles)",
        "Commute time (minutes)"
      ],
      "optionA": {
        "trial_id": "3",
        "task_id": "84",
        "values": "8.0, 12",
        "target_value": 48
      },
      "optionB": {
        "trial_id": "14",
        "task_id": "84",
        "values": "3.0, 20",
        "target_value": 15
      },
      "choice": {
        "button": "F",
        "selected_option": "OptionA"
      }
    },
    {
      "question": 17,
      "target": "Engagement rate (%)",
      "options": [
        "Number of followers (count)",
        "Time posted (hours ago)"
      ],
      "optionA": {
        "trial_id": "9",
        "task_id": "58",
        "values": "1100.0, 4",
        "target_value": 5
      },
      "optionB": {
        "trial_id": "16",
        "task_id": "58",
        "values": "1400.0, 2",
        "target_value": 6
      },
      "choice": {
        "button": "J",
        "selected_option": "OptionB"
      }
    },
    {
      "question": 18,
      "target": "Retention Rate (%)",
      "options": [
        "Study Time (hours)",
        "Number of Distractions"
      ],
      "optionA": {
        "trial_id": "16",
        "task_id": "94",
        "values": "4.0, 2",
        "target_value": 83
      },
      "optionB": {
        "trial_id": "4",
        "task_id": "94",
        "values": "3.0, 2",
        "target_value": 75
      },
      "choice": {
        "button": "F",
        "selected_option": "OptionA"
      }
    },
    {
      "question": 19,
      "target": "Walking speed (km/h)",
      "options": [
        "Person height (cm)",
        "Age (years)"
      ],
      "optionA": {
        "trial_id": "16",
        "task_id": "95",
        "values": "170.0, 41.0",
        "target_value": 4.6
      },
      "optionB": {
        "trial_id": "20",
        "task_id": "95",
        "values": "168.0, 43.0",
        "target_value": 4.8
      },
      "choice": {
        "button": "F",
        "selected_option": "OptionA"
      }
    },
    {
      "question": "attention_check_19",
      "choice": "F",
      "passed": true,
      "timestamp": 1758813366704
    },
    {
      "question": 20,
      "target": "Heating cost (per month)",
      "options": [
        "House size (sqm)",
        "Number of windows"
      ],
      "optionA": {
        "trial_id": "3",
        "task_id": "91",
        "values": "90.0, 5.0",
        "target_value": 280
      },
      "optionB": {
        "trial_id": "11",
        "task_id": "91",
        "values": "150.0, 3.0",
        "target_value": 420
      },
      "choice": {
        "button": "J",
        "selected_option": "OptionB"
      }
    },
    {
      "question": 21,
      "target": "Popularity",
      "options": [
        "Book age",
        "Page count"
      ],
      "optionA": {
        "trial_id": "14",
        "task_id": "80",
        "values": "9.0, 460",
        "target_value": 72
      },
      "optionB": {
        "trial_id": "12",
        "task_id": "80",
        "values": "8.0, 400",
        "target_value": 74
      },
      "choice": {
        "button": "J",
        "selected_option": "OptionB"
      }
    },
    {
      "question": 22,
      "target": "Physical Endurance",
      "options": [
        "Age",
        "Height"
      ],
      "optionA": {
        "trial_id": "7",
        "task_id": "81",
        "values": "50.0, 185.0",
        "target_value": 5
      },
      "optionB": {
        "trial_id": "3",
        "task_id": "81",
        "values": "40.0, 175.0",
        "target_value": 6
      },
      "choice": {
        "button": "J",
        "selected_option": "OptionB"
      }
    },
    {
      "question": 23,
      "target": "House Value",
      "options": [
        "House Size",
        "Housing Age"
      ],
      "optionA": {
        "trial_id": "4",
        "task_id": "59",
        "values": "250.0, 10",
        "target_value": 400
      },
      "optionB": {
        "trial_id": "11",
        "task_id": "59",
        "values": "220.0, 10",
        "target_value": 340
      },
      "choice": {
        "button": "F",
        "selected_option": "OptionA"
      }
    },
    {
      "question": 24,
      "target": "Battery life (hours)",
      "options": [
        "Laptop weight (kg)",
        "Screen size (inches)"
      ],
      "optionA": {
        "trial_id": "7",
        "task_id": "71",
        "values": "1.4, 14",
        "target_value": 7.6
      },
      "optionB": {
        "trial_id": "1",
        "task_id": "71",
        "values": "1.5, 13",
        "target_value": 8
      },
      "choice": {
        "button": "J",
        "selected_option": "OptionB"
      }
    },
    {
      "question": 25,
      "target": "Car speed (mph)",
      "options": [
        "Engine power (hp)",
        "Weight (kg)"
      ],
      "optionA": {
        "trial_id": "5",
        "task_id": "52",
        "values": "300.0, 1400",
        "target_value": 130
      },
      "optionB": {
        "trial_id": "3",
        "task_id": "52",
        "values": "250.0, 1600",
        "target_value": 120
      },
      "choice": {
        "button": "F",
        "selected_option": "OptionA"
      }
    },
    {
      "question": 26,
      "target": "Project Success (%)",
      "options": [
        "Experience (years)",
        "Team Size"
      ],
      "optionA": {
        "trial_id": "1",
        "task_id": "65",
        "values": "5.0, 3",
        "target_value": 80
      },
      "optionB": {
        "trial_id": "7",
        "task_id": "65",
        "values": "8.0, 3",
        "target_value": 95
      },
      "choice": {
        "button": "J",
        "selected_option": "OptionB"
      }
    },
    {
      "question": 27,
      "target": "Taste Rating",
      "options": [
        "Number of Ingredients",
        "Prep Time (min)"
      ],
      "optionA": {
        "trial_id": "2",
        "task_id": "90",
        "values": "6.0, 30.0",
        "target_value": 7
      },
      "optionB": {
        "trial_id": "4",
        "task_id": "90",
        "values": "5.0, 25.0",
        "target_value": 8
      },
      "choice": {
        "button": "F",
        "selected_option": "OptionA"
      }
    },
    {
      "question": 28,
      "target": "Lighting (lux)",
      "options": [
        "Room size (m2)",
        "Number of windows"
      ],
      "optionA": {
        "trial_id": "5",
        "task_id": "69",
        "values": "30.0, 2",
        "target_value": 700
      },
      "optionB": {
        "trial_id": "16",
        "task_id": "69",
        "values": "14.0, 5",
        "target_value": 430
      },
      "choice": {
        "button": "J",
        "selected_option": "OptionB"
      }
    },
    {
      "question": 29,
      "target": "Nutritional Value",
      "options": [
        "Weight",
        "Calories"
      ],
      "optionA": {
        "trial_id": "5",
        "task_id": "82",
        "values": "150.0, 200.0",
        "target_value": 50
      },
      "optionB": {
        "trial_id": "1",
        "task_id": "82",
        "values": "100.0, 150.0",
        "target_value": 70
      },
      "choice": {
        "button": "F",
        "selected_option": "OptionA"
      }
    },
    {
      "question": "attention_check_29",
      "choice": "J",
      "passed": true,
      "timestamp": 1758813456011
    },
    {
      "question": 30,
      "target": "Weight Loss (lbs)",
      "options": [
        "Exercise Minutes",
        "Diet Score (1-10)"
      ],
      "optionA": {
        "trial_id": "3",
        "task_id": "67",
        "values": "40.0, 9",
        "target_value": 3
      },
      "optionB": {
        "trial_id": "8",
        "task_id": "67",
        "values": "70.0, 6",
        "target_value": 6
      },
      "choice": {
        "button": "J",
        "selected_option": "OptionB"
      }
    },
    {
      "question": 31,
      "target": "Car Value",
      "options": [
        "Age (years)",
        "Mileage (km)"
      ],
      "optionA": {
        "trial_id": "1",
        "task_id": "75",
        "values": "5.0, 20000",
        "target_value": 30000
      },
      "optionB": {
        "trial_id": "5",
        "task_id": "75",
        "values": "10.0, 50000",
        "target_value": 20000
      },
      "choice": {
        "button": "F",
        "selected_option": "OptionA"
      }
    },
    {
      "question": 32,
      "target": "Garden yield (kg)",
      "options": [
        "Amount of fertilizer (grams)",
        "Rainfall (mm/week)"
      ],
      "optionA": {
        "trial_id": "7",
        "task_id": "54",
        "values": "180.0, 120",
        "target_value": 52
      },
      "optionB": {
        "trial_id": "3",
        "task_id": "54",
        "values": "250.0, 80",
        "target_value": 55
      },
      "choice": {
        "button": "J",
        "selected_option": "OptionB"
      }
    },
    {
      "question": 33,
      "target": "Exam score (%)",
      "options": [
        "Time spent studying (hours)",
        "Number of breaks (times)"
      ],
      "optionA": {
        "trial_id": "4",
        "task_id": "85",
        "values": "2.0, 2",
        "target_value": 55
      },
      "optionB": {
        "trial_id": "7",
        "task_id": "85",
        "values": "2.0, 3",
        "target_value": 50
      },
      "choice": {
        "button": "F",
        "selected_option": "OptionA"
      }
    },
    {
      "question": 34,
      "target": "Reading time (hours)",
      "options": [
        "Book pages",
        "Book weight (g)"
      ],
      "optionA": {
        "trial_id": "4",
        "task_id": "68",
        "values": "450.0, 370",
        "target_value": 5.4
      },
      "optionB": {
        "trial_id": "3",
        "task_id": "68",
        "values": "500.0, 320",
        "target_value": 6
      },
      "choice": {
        "button": "J",
        "selected_option": "OptionB"
      }
    },
    {
      "question": 35,
      "target": "Fuel Efficiency (km/l)",
      "options": [
        "Car Engine Size (liters)",
        "Weight (kg)"
      ],
      "optionA": {
        "trial_id": "18",
        "task_id": "61",
        "values": "2.7, 1400.0",
        "target_value": 10
      },
      "optionB": {
        "trial_id": "14",
        "task_id": "61",
        "values": "2.6, 1400.0",
        "target_value": 10
      },
      "choice": {
        "button": "J",
        "selected_option": "OptionB"
      }
    },
    {
      "question": 36,
      "target": "Job Success",
      "options": [
        "Age",
        "Experience"
      ],
      "optionA": {
        "trial_id": "4",
        "task_id": "79",
        "values": "40.0, 3.0",
        "target_value": 6
      },
      "optionB": {
        "trial_id": "14",
        "task_id": "79",
        "values": "65.0, 0.2",
        "target_value": 3.5
      },
      "choice": {
        "button": "F",
        "selected_option": "OptionA"
      }
    },
    {
      "question": 37,
      "target": "Exam Grade",
      "options": [
        "Study Time (hours)",
        "Difficulty Level (1-10)"
      ],
      "optionA": {
        "trial_id": "9",
        "task_id": "76",
        "values": "3.0, 5",
        "target_value": 70
      },
      "optionB": {
        "trial_id": "7",
        "task_id": "76",
        "values": "4.0, 4",
        "target_value": 75
      },
      "choice": {
        "button": "J",
        "selected_option": "OptionB"
      }
    },
    {
      "question": 38,
      "target": "Travel Time (min)",
      "options": [
        "Distance (km)",
        "Speed (km/h)"
      ],
      "optionA": {
        "trial_id": "12",
        "task_id": "97",
        "values": "13.0, 60",
        "target_value": 13
      },
      "optionB": {
        "trial_id": "18",
        "task_id": "97",
        "values": "11.0, 60",
        "target_value": 9
      },
      "choice": {
        "button": "F",
        "selected_option": "OptionA"
      }
    },
    {
      "question": 39,
      "target": "Calories burned",
      "options": [
        "Exercise time (min)",
        "Heart rate (bpm)"
      ],
      "optionA": {
        "trial_id": "8",
        "task_id": "70",
        "values": "20.0, 120",
        "target_value": 250
      },
      "optionB": {
        "trial_id": "4",
        "task_id": "70",
        "values": "35.0, 105",
        "target_value": 320
      },
      "choice": {
        "button": "J",
        "selected_option": "OptionB"
      }
    },
    {
      "question": "attention_check_39",
      "choice": "F",
      "passed": true,
      "timestamp": 1758813531073
    },
    {
      "question": 40,
      "target": "Shoe Demand",
      "options": [
        "Shoe price (in USD)",
        "Comfort rating (1-10)"
      ],
      "optionA": {
        "trial_id": "15",
        "task_id": "74",
        "values": "130.0, 10.0",
        "target_value": 25
      },
      "optionB": {
        "trial_id": "14",
        "task_id": "74",
        "values": "100.0, 8.0",
        "target_value": 50
      },
      "choice": {
        "button": "J",
        "selected_option": "OptionB"
      }
    },
    {
      "question": 41,
      "target": "App Performance",
      "options": [
        "Phone RAM",
        "Phone Storage"
      ],
      "optionA": {
        "trial_id": "2",
        "task_id": "99",
        "values": "4.0, 128",
        "target_value": 3
      },
      "optionB": {
        "trial_id": "15",
        "task_id": "99",
        "values": "6.0, 64",
        "target_value": 4
      },
      "choice": {
        "button": "F",
        "selected_option": "OptionA"
      }
    },
    {
      "question": 42,
      "target": "Morning alertness (1-10)",
      "options": [
        "Amount of sleep (hours)",
        "Time to bed (minutes past 10pm)"
      ],
      "optionA": {
        "trial_id": "11",
        "task_id": "57",
        "values": "7.0, 30",
        "target_value": 6
      },
      "optionB": {
        "trial_id": "4",
        "task_id": "57",
        "values": "9.0, 15",
        "target_value": 9
      },
      "choice": {
        "button": "J",
        "selected_option": "OptionB"
      }
    },
    {
      "question": 43,
      "target": "Phone price ($)",
      "options": [
        "Phone battery capacity (mAh)",
        "Phone screen size (inches)"
      ],
      "optionA": {
        "trial_id": "14",
        "task_id": "92",
        "values": "5500.0, 5.6",
        "target_value": 580
      },
      "optionB": {
        "trial_id": "11",
        "task_id": "92",
        "values": "3700.0, 6.3",
        "target_value": 540
      },
      "choice": {
        "button": "J",
        "selected_option": "OptionB"
      }
    },
    {
      "question": 44,
      "target": "Reliability",
      "options": [
        "Car age",
        "Maintenance cost"
      ],
      "optionA": {
        "trial_id": "1",
        "task_id": "51",
        "values": "5.0, 1000",
        "target_value": 70
      },
      "optionB": {
        "trial_id": "15",
        "task_id": "51",
        "values": "7.0, 1100",
        "target_value": 65
      },
      "choice": {
        "button": "F",
        "selected_option": "OptionA"
      }
    },
    {
      "question": 45,
      "target": "Energy Level (scale 1-10)",
      "options": [
        "Age (years)",
        "Number of Pets"
      ],
      "optionA": {
        "trial_id": "4",
        "task_id": "96",
        "values": "4.0, 2",
        "target_value": 5
      },
      "optionB": {
        "trial_id": "13",
        "task_id": "96",
        "values": "9.0, 3",
        "target_value": 2
      },
      "choice": {
        "button": "F",
        "selected_option": "OptionA"
      }
    },
    {
      "question": 46,
      "target": "Bike Speed",
      "options": [
        "Bike Weight",
        "Bike Frame Size"
      ],
      "optionA": {
        "trial_id": "12",
        "task_id": "63",
        "values": "11.0, 19",
        "target_value": 24
      },
      "optionB": {
        "trial_id": "9",
        "task_id": "63",
        "values": "10.0, 19",
        "target_value": 25
      },
      "choice": {
        "button": "J",
        "selected_option": "OptionB"
      }
    },
    {
      "question": 47,
      "target": "Comfort Level",
      "options": [
        "Room Size",
        "Lighting"
      ],
      "optionA": {
        "trial_id": "11",
        "task_id": "78",
        "values": "45.0, 1.0",
        "target_value": 5
      },
      "optionB": {
        "trial_id": "3",
        "task_id": "78",
        "values": "25.0, 4.0",
        "target_value": 7
      },
      "choice": {
        "button": "J",
        "selected_option": "OptionB"
      }
    },
    {
      "question": 48,
      "target": "100m sprint time (s)",
      "options": [
        "Runner stride length (cm)",
        "Runner age (years)"
      ],
      "optionA": {
        "trial_id": "10",
        "task_id": "88",
        "values": "72.0, 28",
        "target_value": 11.8
      },
      "optionB": {
        "trial_id": "5",
        "task_id": "88",
        "values": "85.0, 22",
        "target_value": 11.2
      },
      "choice": {
        "button": "J",
        "selected_option": "OptionB"
      }
    },
    {
      "question": 49,
      "target": "Battery Life (hours)",
      "options": [
        "Phone RAM (GB)",
        "Screen Size (inches)"
      ],
      "optionA": {
        "trial_id": "6",
        "task_id": "62",
        "values": "5.0, 6.8",
        "target_value": 14
      },
      "optionB": {
        "trial_id": "16",
        "task_id": "62",
        "values": "7.0, 6.9",
        "target_value": 15
      },
      "choice": {
        "button": "F",
        "selected_option": "OptionA"
      }
    },
    {
      "question": 50,
      "target": "Skill Level",
      "options": [
        "Experience",
        "Years of Education"
      ],
      "optionA": {
        "trial_id": "6",
        "task_id": "83",
        "values": "2.0, 16.0",
        "target_value": 8
      },
      "optionB": {
        "trial_id": "5",
        "task_id": "83",
        "values": "3.0, 15.0",
        "target_value": 7
      },
      "choice": {
        "button": "J",
        "selected_option": "OptionB"
      }
    }
  ]
}