{
  "condition_group": "direction_A",
  "submission_number": "1",
  "responses": [
    {
      "question": 1,
      "target": "Enjoyment Score",
      "options": [
        "Book Length (pages)",
        "Author Fame (1-10)"
      ],
      "optionA": {
        "trial_id": "4",
        "task_id": "24",
        "values": "350.0, 7.0",
        "target_value": 8
      },
      "optionB": {
        "trial_id": "1",
        "task_id": "24",
        "values": "200.0, 7.0",
        "target_value": 8
      },
      "choice": {
        "button": "F",
        "selected_option": "OptionA"
      }
    },
    {
      "question": 2,
      "target": "Social Engagement (on scale 1-10)",
      "options": [
        "Number of Friends",
        "Average Message Frequency"
      ],
      "optionA": {
        "trial_id": "12",
        "task_id": "17",
        "values": "120.0, 3.0",
        "target_value": 7
      },
      "optionB": {
        "trial_id": "7",
        "task_id": "17",
        "values": "110.0, 5.0",
        "target_value": 9
      },
      "choice": {
        "button": "J",
        "selected_option": "OptionB"
      }
    },
    {
      "question": 3,
      "target": "Fat Burn (in grams)",
      "options": [
        "Exercise Time (minutes)",
        "Heart Rate (bpm)"
      ],
      "optionA": {
        "trial_id": "19",
        "task_id": "16",
        "values": "60.0, 150.0",
        "target_value": 26
      },
      "optionB": {
        "trial_id": "17",
        "task_id": "16",
        "values": "50.0, 140.0",
        "target_value": 21
      },
      "choice": {
        "button": "F",
        "selected_option": "OptionA"
      }
    },
    {
      "question": 4,
      "target": "Energy Level",
      "options": [
        "Hours of Sleep",
        "Caffeine Intake (mg)"
      ],
      "optionA": {
        "trial_id": "1",
        "task_id": "39",
        "values": "8.0, 50.0",
        "target_value": 7
      },
      "optionB": {
        "trial_id": "8",
        "task_id": "39",
        "values": "7.0, 40.0",
        "target_value": 6
      },
      "choice": {
        "button": "J",
        "selected_option": "OptionB"
      }
    },
    {
      "question": 5,
      "target": "Battery Life (hours)",
      "options": [
        "Phone Weight (g)",
        "Battery Capacity (mAh)"
      ],
      "optionA": {
        "trial_id": "5",
        "task_id": "25",
        "values": "140.0, 3500.0",
        "target_value": 8.5
      },
      "optionB": {
        "trial_id": "9",
        "task_id": "25",
        "values": "160.0, 4200.0",
        "target_value": 10.5
      },
      "choice": {
        "button": "J",
        "selected_option": "OptionB"
      }
    },
    {
      "question": 6,
      "target": "Book Rating",
      "options": [
        "Book Page Count",
        "Author Rating"
      ],
      "optionA": {
        "trial_id": "15",
        "task_id": "18",
        "values": "450.0, 4.7",
        "target_value": 4.7
      },
      "optionB": {
        "trial_id": "1",
        "task_id": "18",
        "values": "400.0, 4.8",
        "target_value": 4.7
      },
      "choice": {
        "button": "J",
        "selected_option": "OptionB"
      }
    },
    {
      "question": 7,
      "target": "Distance Covered",
      "options": [
        "Bike Speed",
        "Bike Weight"
      ],
      "optionA": {
        "trial_id": "5",
        "task_id": "5",
        "values": "20.0, 8.0",
        "target_value": 45
      },
      "optionB": {
        "trial_id": "1",
        "task_id": "5",
        "values": "25.0, 10.0",
        "target_value": 50
      },
      "choice": {
        "button": "F",
        "selected_option": "OptionA"
      }
    },
    {
      "question": 8,
      "target": "Durability Perception (1-10)",
      "options": [
        "Price ($)",
        "Warranty (years)"
      ],
      "optionA": {
        "trial_id": "9",
        "task_id": "6",
        "values": "270.0, 5.0",
        "target_value": 8
      },
      "optionB": {
        "trial_id": "6",
        "task_id": "6",
        "values": "220.0, 1.0",
        "target_value": 5
      },
      "choice": {
        "button": "F",
        "selected_option": "OptionA"
      }
    },
    {
      "question": 9,
      "target": "Fitness Level",
      "options": [
        "Exercise Time (min/day)",
        "Healthy Diet (%)"
      ],
      "optionA": {
        "trial_id": "14",
        "task_id": "40",
        "values": "35.0, 75.0",
        "target_value": 7
      },
      "optionB": {
        "trial_id": "4",
        "task_id": "40",
        "values": "35.0, 70.0",
        "target_value": 6
      },
      "choice": {
        "button": "F",
        "selected_option": "OptionA"
      }
    },
    {
      "question": "attention_check_9",
      "choice": "J",
      "passed": true,
      "timestamp": 1758813806462
    },
    {
      "question": 10,
      "target": "Performance Rating",
      "options": [
        "Computer Weight (kg)",
        "RAM (GB)"
      ],
      "optionA": {
        "trial_id": "13",
        "task_id": "29",
        "values": "1.2, 4.0",
        "target_value": 5.5
      },
      "optionB": {
        "trial_id": "16",
        "task_id": "29",
        "values": "1.7, 16.0",
        "target_value": 9
      },
      "choice": {
        "button": "J",
        "selected_option": "OptionB"
      }
    },
    {
      "question": 11,
      "target": "Fuel Consumption (L)",
      "options": [
        "Flight Duration (hours)",
        "Distance (km)"
      ],
      "optionA": {
        "trial_id": "14",
        "task_id": "28",
        "values": "2.0, 500.0",
        "target_value": 500
      },
      "optionB": {
        "trial_id": "15",
        "task_id": "28",
        "values": "5.5, 1375.0",
        "target_value": 1375
      },
      "choice": {
        "button": "J",
        "selected_option": "OptionB"
      }
    },
    {
      "question": 12,
      "target": "Age (years)",
      "options": [
        "Tree Height (m)",
        "Trunk Diameter (cm)"
      ],
      "optionA": {
        "trial_id": "5",
        "task_id": "27",
        "values": "8.0, 20.0",
        "target_value": 30
      },
      "optionB": {
        "trial_id": "9",
        "task_id": "27",
        "values": "9.0, 25.0",
        "target_value": 35
      },
      "choice": {
        "button": "J",
        "selected_option": "OptionB"
      }
    },
    {
      "question": 13,
      "target": "Taste Rating",
      "options": [
        "Number of Ingredients",
        "Cooking Time (minutes)"
      ],
      "optionA": {
        "trial_id": "18",
        "task_id": "11",
        "values": "7.0, 23.0",
        "target_value": 6
      },
      "optionB": {
        "trial_id": "20",
        "task_id": "11",
        "values": "6.0, 25.0",
        "target_value": 6
      },
      "choice": {
        "button": "F",
        "selected_option": "OptionA"
      }
    },
    {
      "question": 14,
      "target": "Restaurant Customer Satisfaction",
      "options": [
        "Restaurant Menu Size",
        "Restaurant Online Rating"
      ],
      "optionA": {
        "trial_id": "6",
        "task_id": "20",
        "values": "18.0, 4.6",
        "target_value": 8.6
      },
      "optionB": {
        "trial_id": "15",
        "task_id": "20",
        "values": "20.0, 4.7",
        "target_value": 8.8
      },
      "choice": {
        "button": "J",
        "selected_option": "OptionB"
      }
    },
    {
      "question": 15,
      "target": "Exam Score",
      "options": [
        "Hours of Study",
        "Difficulty Level"
      ],
      "optionA": {
        "trial_id": "7",
        "task_id": "9",
        "values": "3.0, 1.0",
        "target_value": 60
      },
      "optionB": {
        "trial_id": "18",
        "task_id": "9",
        "values": "6.0, 5.0",
        "target_value": 76
      },
      "choice": {
        "button": "F",
        "selected_option": "OptionA"
      }
    },
    {
      "question": 16,
      "target": "Battery Life",
      "options": [
        "Phone Weight",
        "Battery Capacity"
      ],
      "optionA": {
        "trial_id": "6",
        "task_id": "48",
        "values": "240.0, 4400.0",
        "target_value": 34
      },
      "optionB": {
        "trial_id": "18",
        "task_id": "48",
        "values": "220.0, 4700.0",
        "target_value": 37
      },
      "choice": {
        "button": "J",
        "selected_option": "OptionB"
      }
    },
    {
      "question": 17,
      "target": "Exam Grade",
      "options": [
        "Student Study Time (hours)",
        "Class Attendance (%)"
      ],
      "optionA": {
        "trial_id": "19",
        "task_id": "34",
        "values": "5.0, 90.0",
        "target_value": 76
      },
      "optionB": {
        "trial_id": "18",
        "task_id": "34",
        "values": "7.0, 80.0",
        "target_value": 73
      },
      "choice": {
        "button": "F",
        "selected_option": "OptionA"
      }
    },
    {
      "question": 18,
      "target": "Fat Burn (g)",
      "options": [
        "Exercise Time (min)",
        "Heart Rate (bpm)"
      ],
      "optionA": {
        "trial_id": "3",
        "task_id": "23",
        "values": "40.0, 140.0",
        "target_value": 60
      },
      "optionB": {
        "trial_id": "12",
        "task_id": "23",
        "values": "35.0, 115.0",
        "target_value": 35
      },
      "choice": {
        "button": "F",
        "selected_option": "OptionA"
      }
    },
    {
      "question": 19,
      "target": "Tea Taste",
      "options": [
        "Leaf Strength",
        "Flavor Variety"
      ],
      "optionA": {
        "trial_id": "5",
        "task_id": "49",
        "values": "3.0, 2.0",
        "target_value": 6.8
      },
      "optionB": {
        "trial_id": "16",
        "task_id": "49",
        "values": "2.0, 5.0",
        "target_value": 6.8
      },
      "choice": {
        "button": "F",
        "selected_option": "OptionA"
      }
    },
    {
      "question": "attention_check_19",
      "choice": "F",
      "passed": true,
      "timestamp": 1758813906360
    },
    {
      "question": 20,
      "target": "Dog Activity Level",
      "options": [
        "Dog Size",
        "Dog Exercise Needs"
      ],
      "optionA": {
        "trial_id": "4",
        "task_id": "2",
        "values": "35.0, 2.0",
        "target_value": 6
      },
      "optionB": {
        "trial_id": "12",
        "task_id": "2",
        "values": "65.0, 6.0",
        "target_value": 11
      },
      "choice": {
        "button": "J",
        "selected_option": "OptionB"
      }
    },
    {
      "question": 21,
      "target": "Doneness",
      "options": [
        "Cooking Time",
        "Size"
      ],
      "optionA": {
        "trial_id": "6",
        "task_id": "50",
        "values": "40.0, 260.0",
        "target_value": 85
      },
      "optionB": {
        "trial_id": "2",
        "task_id": "50",
        "values": "35.0, 220.0",
        "target_value": 75
      },
      "choice": {
        "button": "J",
        "selected_option": "OptionB"
      }
    },
    {
      "question": 22,
      "target": "Satiety (on scale 1-10)",
      "options": [
        "Number of Calories",
        "Protein (g)"
      ],
      "optionA": {
        "trial_id": "1",
        "task_id": "13",
        "values": "200.0, 10.0",
        "target_value": 6
      },
      "optionB": {
        "trial_id": "16",
        "task_id": "13",
        "values": "400.0, 16.0",
        "target_value": 8
      },
      "choice": {
        "button": "J",
        "selected_option": "OptionB"
      }
    },
    {
      "question": 23,
      "target": "Energy Boost",
      "options": [
        "Coffee Caffeine Content",
        "Coffee Richness"
      ],
      "optionA": {
        "trial_id": "14",
        "task_id": "3",
        "values": "80.0, 3.0",
        "target_value": 6
      },
      "optionB": {
        "trial_id": "15",
        "task_id": "3",
        "values": "105.0, 4.0",
        "target_value": 7
      },
      "choice": {
        "button": "J",
        "selected_option": "OptionB"
      }
    },
    {
      "question": 24,
      "target": "Book Knowledge Content",
      "options": [
        "Book Page Count",
        "Book Reading Level"
      ],
      "optionA": {
        "trial_id": "19",
        "task_id": "1",
        "values": "270.0, 2.0",
        "target_value": 4
      },
      "optionB": {
        "trial_id": "17",
        "task_id": "1",
        "values": "380.0, 4.0",
        "target_value": 8
      },
      "choice": {
        "button": "J",
        "selected_option": "OptionB"
      }
    },
    {
      "question": 25,
      "target": "Home Comfort (1-10)",
      "options": [
        "Number of Bedrooms",
        "Square Feet"
      ],
      "optionA": {
        "trial_id": "4",
        "task_id": "7",
        "values": "3.0, 1500.0",
        "target_value": 6
      },
      "optionB": {
        "trial_id": "6",
        "task_id": "7",
        "values": "3.0, 1200.0",
        "target_value": 5
      },
      "choice": {
        "button": "F",
        "selected_option": "OptionA"
      }
    },
    {
      "question": 26,
      "target": "Natural Light (on scale 1-10)",
      "options": [
        "Room Area (m2)",
        "Number of Windows"
      ],
      "optionA": {
        "trial_id": "7",
        "task_id": "12",
        "values": "18.0, 2.0",
        "target_value": 6
      },
      "optionB": {
        "trial_id": "1",
        "task_id": "12",
        "values": "20.0, 3.0",
        "target_value": 7
      },
      "choice": {
        "button": "J",
        "selected_option": "OptionB"
      }
    },
    {
      "question": 27,
      "target": "Customer Satisfaction",
      "options": [
        "Price ($)",
        "Quality Rating (1-10)"
      ],
      "optionA": {
        "trial_id": "7",
        "task_id": "43",
        "values": "200.0, 9.0",
        "target_value": 9.2
      },
      "optionB": {
        "trial_id": "18",
        "task_id": "43",
        "values": "100.0, 7.0",
        "target_value": 7.5
      },
      "choice": {
        "button": "F",
        "selected_option": "OptionA"
      }
    },
    {
      "question": 28,
      "target": "Enjoyment Rating (1-10)",
      "options": [
        "Number of Pages",
        "Reading Time (minutes)"
      ],
      "optionA": {
        "trial_id": "3",
        "task_id": "8",
        "values": "250.0, 100.0",
        "target_value": 6
      },
      "optionB": {
        "trial_id": "9",
        "task_id": "8",
        "values": "280.0, 110.0",
        "target_value": 6
      },
      "choice": {
        "button": "J",
        "selected_option": "OptionB"
      }
    },
    {
      "question": 29,
      "target": "Enjoyment",
      "options": [
        "Taste rating",
        "Price"
      ],
      "optionA": {
        "trial_id": "16",
        "task_id": "21",
        "values": "2.0, 5.0",
        "target_value": 6
      },
      "optionB": {
        "trial_id": "4",
        "task_id": "21",
        "values": "5.0, 6.0",
        "target_value": 10
      },
      "choice": {
        "button": "J",
        "selected_option": "OptionB"
      }
    },
    {
      "question": "attention_check_29",
      "choice": "J",
      "passed": true,
      "timestamp": 1758813978415
    },
    {
      "question": 30,
      "target": "Photo Quality",
      "options": [
        "Phone Price",
        "Phone Camera Megapixels"
      ],
      "optionA": {
        "trial_id": "3",
        "task_id": "4",
        "values": "500.0, 10.0",
        "target_value": 7
      },
      "optionB": {
        "trial_id": "4",
        "task_id": "4",
        "values": "480.0, 12.0",
        "target_value": 8
      },
      "choice": {
        "button": "J",
        "selected_option": "OptionB"
      }
    },
    {
      "question": 31,
      "target": "House Price",
      "options": [
        "House Size",
        "Neighborhood Rating"
      ],
      "optionA": {
        "trial_id": "4",
        "task_id": "32",
        "values": "1800.0, 8.0",
        "target_value": 410
      },
      "optionB": {
        "trial_id": "3",
        "task_id": "32",
        "values": "2000.0, 7.0",
        "target_value": 400
      },
      "choice": {
        "button": "F",
        "selected_option": "OptionA"
      }
    },
    {
      "question": 32,
      "target": "App Popularity",
      "options": [
        "App User Ratings (1-5)",
        "Number of Reviews"
      ],
      "optionA": {
        "trial_id": "3",
        "task_id": "36",
        "values": "3.0, 150.0",
        "target_value": 65
      },
      "optionB": {
        "trial_id": "14",
        "task_id": "36",
        "values": "4.0, 100.0",
        "target_value": 65
      },
      "choice": {
        "button": "J",
        "selected_option": "OptionB"
      }
    },
    {
      "question": 33,
      "target": "Fun Level",
      "options": [
        "Number of Players",
        "Game Duration (minutes)"
      ],
      "optionA": {
        "trial_id": "6",
        "task_id": "10",
        "values": "8.0, 60.0",
        "target_value": 9
      },
      "optionB": {
        "trial_id": "13",
        "task_id": "10",
        "values": "4.0, 55.0",
        "target_value": 7
      },
      "choice": {
        "button": "F",
        "selected_option": "OptionA"
      }
    },
    {
      "question": 34,
      "target": "Home Value (thousands)",
      "options": [
        "House Size (sqm)",
        "Neighborhood Safety (1-10)"
      ],
      "optionA": {
        "trial_id": "14",
        "task_id": "35",
        "values": "130.0, 6.0",
        "target_value": 270
      },
      "optionB": {
        "trial_id": "7",
        "task_id": "35",
        "values": "110.0, 10.0",
        "target_value": 330
      },
      "choice": {
        "button": "J",
        "selected_option": "OptionB"
      }
    },
    {
      "question": 35,
      "target": "House Demand",
      "options": [
        "House Size sqft",
        "House Location Rating"
      ],
      "optionA": {
        "trial_id": "2",
        "task_id": "19",
        "values": "2500.0, 7.0",
        "target_value": 420000
      },
      "optionB": {
        "trial_id": "18",
        "task_id": "19",
        "values": "2400.0, 9.0",
        "target_value": 470000
      },
      "choice": {
        "button": "J",
        "selected_option": "OptionB"
      }
    },
    {
      "question": 36,
      "target": "User Satisfaction",
      "options": [
        "Problem 5: Screen Size",
        "Battery Life"
      ],
      "optionA": {
        "trial_id": "4",
        "task_id": "46",
        "values": "8.0, 30.0",
        "target_value": 7
      },
      "optionB": {
        "trial_id": "12",
        "task_id": "46",
        "values": "8.0, 25.0",
        "target_value": 6
      },
      "choice": {
        "button": "F",
        "selected_option": "OptionA"
      }
    },
    {
      "question": 37,
      "target": "Performance Quality (on scale 1-10)",
      "options": [
        "Hours of Practice",
        "Musical Experience (years)"
      ],
      "optionA": {
        "trial_id": "6",
        "task_id": "14",
        "values": "100.0, 3.0",
        "target_value": 8
      },
      "optionB": {
        "trial_id": "16",
        "task_id": "14",
        "values": "80.0, 4.0",
        "target_value": 8
      },
      "choice": {
        "button": "F",
        "selected_option": "OptionA"
      }
    },
    {
      "question": 38,
      "target": "Cooking Time (min)",
      "options": [
        "Number of Ingredients",
        "Prep Time (min)"
      ],
      "optionA": {
        "trial_id": "3",
        "task_id": "42",
        "values": "4.0, 8.0",
        "target_value": 20
      },
      "optionB": {
        "trial_id": "7",
        "task_id": "42",
        "values": "3.0, 6.0",
        "target_value": 18
      },
      "choice": {
        "button": "F",
        "selected_option": "OptionA"
      }
    },
    {
      "question": 39,
      "target": "Popularity Score",
      "options": [
        "Number of Likes",
        "Number of Comments"
      ],
      "optionA": {
        "trial_id": "4",
        "task_id": "44",
        "values": "170.0, 34.0",
        "target_value": 204
      },
      "optionB": {
        "trial_id": "12",
        "task_id": "44",
        "values": "120.0, 24.0",
        "target_value": 144
      },
      "choice": {
        "button": "F",
        "selected_option": "OptionA"
      }
    },
    {
      "question": "attention_check_39",
      "choice": "F",
      "passed": true,
      "timestamp": 1758814061313
    },
    {
      "question": 40,
      "target": "Light Level",
      "options": [
        "Room Size (sq ft)",
        "Number of Windows"
      ],
      "optionA": {
        "trial_id": "13",
        "task_id": "30",
        "values": "170.0, 4.0",
        "target_value": 7
      },
      "optionB": {
        "trial_id": "18",
        "task_id": "30",
        "values": "180.0, 3.0",
        "target_value": 6
      },
      "choice": {
        "button": "F",
        "selected_option": "OptionA"
      }
    },
    {
      "question": 41,
      "target": "Comfort Score",
      "options": [
        "Price ($)",
        "Size (sqft)"
      ],
      "optionA": {
        "trial_id": "15",
        "task_id": "38",
        "values": "270000.0, 130.0",
        "target_value": 6
      },
      "optionB": {
        "trial_id": "1",
        "task_id": "38",
        "values": "300000.0, 150.0",
        "target_value": 8
      },
      "choice": {
        "button": "J",
        "selected_option": "OptionB"
      }
    },
    {
      "question": 42,
      "target": "Weight Loss",
      "options": [
        "Problem 4: Calories",
        "Exercise Time"
      ],
      "optionA": {
        "trial_id": "7",
        "task_id": "45",
        "values": "400.0, 40.0",
        "target_value": 1.5
      },
      "optionB": {
        "trial_id": "8",
        "task_id": "45",
        "values": "500.0, 50.0",
        "target_value": 2
      },
      "choice": {
        "button": "J",
        "selected_option": "OptionB"
      }
    },
    {
      "question": 43,
      "target": "Speed (km/h)",
      "options": [
        "Engine Horsepower",
        "Weight (kg)"
      ],
      "optionA": {
        "trial_id": "19",
        "task_id": "41",
        "values": "240.0, 1650.0",
        "target_value": 202
      },
      "optionB": {
        "trial_id": "10",
        "task_id": "41",
        "values": "180.0, 1350.0",
        "target_value": 180
      },
      "choice": {
        "button": "F",
        "selected_option": "OptionA"
      }
    },
    {
      "question": 44,
      "target": "Restaurant Popularity (on scale 1-10)",
      "options": [
        "Number of Reviews",
        "Average Rating (out of 5)"
      ],
      "optionA": {
        "trial_id": "19",
        "task_id": "15",
        "values": "220.0, 4.7",
        "target_value": 9
      },
      "optionB": {
        "trial_id": "7",
        "task_id": "15",
        "values": "150.0, 4.3",
        "target_value": 7
      },
      "choice": {
        "button": "F",
        "selected_option": "OptionA"
      }
    },
    {
      "question": 45,
      "target": "Phone Performance Score",
      "options": [
        "Phone RAM (GB)",
        "Battery Capacity (mAh)"
      ],
      "optionA": {
        "trial_id": "8",
        "task_id": "33",
        "values": "5.0, 2800.0",
        "target_value": 70
      },
      "optionB": {
        "trial_id": "14",
        "task_id": "33",
        "values": "4.0, 3000.0",
        "target_value": 68
      },
      "choice": {
        "button": "F",
        "selected_option": "OptionA"
      }
    },
    {
      "question": 46,
      "target": "Warmth Rating",
      "options": [
        "Shirt Weight (g)",
        "Fabric Thickness (mm)"
      ],
      "optionA": {
        "trial_id": "7",
        "task_id": "26",
        "values": "240.0, 2.0",
        "target_value": 5.5
      },
      "optionB": {
        "trial_id": "9",
        "task_id": "26",
        "values": "190.0, 1.6",
        "target_value": 4.2
      },
      "choice": {
        "button": "F",
        "selected_option": "OptionA"
      }
    },
    {
      "question": 47,
      "target": "Brightness",
      "options": [
        "Phone Battery Capacity",
        "Screen Size"
      ],
      "optionA": {
        "trial_id": "1",
        "task_id": "31",
        "values": "3000.0, 5.0",
        "target_value": 650
      },
      "optionB": {
        "trial_id": "15",
        "task_id": "31",
        "values": "4000.0, 4.0",
        "target_value": 630
      },
      "choice": {
        "button": "F",
        "selected_option": "OptionA"
      }
    },
    {
      "question": 48,
      "target": "Fuel Consumption (L/100km)",
      "options": [
        "Speed (km/h)",
        "Weight (kg)"
      ],
      "optionA": {
        "trial_id": "9",
        "task_id": "37",
        "values": "150.0, 2000.0",
        "target_value": 14
      },
      "optionB": {
        "trial_id": "15",
        "task_id": "37",
        "values": "135.0, 1750.0",
        "target_value": 11
      },
      "choice": {
        "button": "F",
        "selected_option": "OptionA"
      }
    },
    {
      "question": 49,
      "target": "Deliciousness",
      "options": [
        "Cooking time",
        "Ingredients count"
      ],
      "optionA": {
        "trial_id": "18",
        "task_id": "22",
        "values": "30.0, 4.0",
        "target_value": 65
      },
      "optionB": {
        "trial_id": "12",
        "task_id": "22",
        "values": "40.0, 7.0",
        "target_value": 70
      },
      "choice": {
        "button": "J",
        "selected_option": "OptionB"
      }
    },
    {
      "question": 50,
      "target": "Natural Light",
      "options": [
        "Problem 6: Room Size",
        "Number of Windows"
      ],
      "optionA": {
        "trial_id": "8",
        "task_id": "47",
        "values": "190.0, 2.0",
        "target_value": 5
      },
      "optionB": {
        "trial_id": "1",
        "task_id": "47",
        "values": "200.0, 2.0",
        "target_value": 6
      },
      "choice": {
        "button": "F",
        "selected_option": "OptionA"
      }
    }
  ]
}