{
  "condition_group": "direction_B",
  "submission_number": "1",
  "responses": [
    {
      "question": 1,
      "target": "Bike Efficiency",
      "options": [
        "Bike Weight",
        "Bike Wheel Size"
      ],
      "optionA": {
        "trial_id": "1",
        "task_id": "91",
        "values": "10.0, 27.5",
        "target_value": 25
      },
      "optionB": {
        "trial_id": "16",
        "task_id": "91",
        "values": "10.0, 24.0",
        "target_value": 20
      },
      "choice": {
        "button": "F",
        "selected_option": "OptionA"
      }
    },
    {
      "question": 2,
      "target": "Dog Energy Lvl",
      "options": [
        "Dog Size",
        "Exercise Needs"
      ],
      "optionA": {
        "trial_id": "13",
        "task_id": "76",
        "values": "55.0, 7.0",
        "target_value": 8
      },
      "optionB": {
        "trial_id": "15",
        "task_id": "76",
        "values": "30.0, 6.0",
        "target_value": 7
      },
      "choice": {
        "button": "J",
        "selected_option": "OptionB"
      }
    },
    {
      "question": 3,
      "target": "Weight loss",
      "options": [
        "Exercise duration",
        "Intensity level"
      ],
      "optionA": {
        "trial_id": "3",
        "task_id": "60",
        "values": "40.0, 6.0",
        "target_value": 1.8
      },
      "optionB": {
        "trial_id": "16",
        "task_id": "60",
        "values": "35.0, 5.0",
        "target_value": 1.4
      },
      "choice": {
        "button": "F",
        "selected_option": "OptionA"
      }
    },
    {
      "question": 4,
      "target": "Market value ($)",
      "options": [
        "Number of bedrooms",
        "House size (sq ft)"
      ],
      "optionA": {
        "trial_id": "7",
        "task_id": "78",
        "values": "5.0, 1600.0",
        "target_value": 320000
      },
      "optionB": {
        "trial_id": "15",
        "task_id": "78",
        "values": "5.0, 1500.0",
        "target_value": 310000
      },
      "choice": {
        "button": "F",
        "selected_option": "OptionA"
      }
    },
    {
      "question": 5,
      "target": "Growth Rate",
      "options": [
        "Plant Leaf Size",
        "Plant Height"
      ],
      "optionA": {
        "trial_id": "3",
        "task_id": "58",
        "values": "8.0, 40.0",
        "target_value": 2
      },
      "optionB": {
        "trial_id": "18",
        "task_id": "58",
        "values": "16.0, 80.0",
        "target_value": 6
      },
      "choice": {
        "button": "J",
        "selected_option": "OptionB"
      }
    },
    {
      "question": 6,
      "target": "Muscle gain",
      "options": [
        "Minutes of exercise",
        "Protein intake"
      ],
      "optionA": {
        "trial_id": "6",
        "task_id": "53",
        "values": "30.0, 15.0",
        "target_value": 1.2
      },
      "optionB": {
        "trial_id": "8",
        "task_id": "53",
        "values": "40.0, 25.0",
        "target_value": 1.6
      },
      "choice": {
        "button": "J",
        "selected_option": "OptionB"
      }
    },
    {
      "question": 7,
      "target": "Plant Growth Rate (cm/week)",
      "options": [
        "Plant Soil Quality (1-10)",
        "Plant Water Frequency (times/week)"
      ],
      "optionA": {
        "trial_id": "15",
        "task_id": "69",
        "values": "5.0, 1.0",
        "target_value": 3
      },
      "optionB": {
        "trial_id": "1",
        "task_id": "69",
        "values": "7.0, 3.0",
        "target_value": 5
      },
      "choice": {
        "button": "J",
        "selected_option": "OptionB"
      }
    },
    {
      "question": 8,
      "target": "Tea Strength (1-10)",
      "options": [
        "Tea Leaf Quality (1-10)",
        "Tea Steeping Time (minutes)"
      ],
      "optionA": {
        "trial_id": "13",
        "task_id": "68",
        "values": "8.0, 4.0",
        "target_value": 7
      },
      "optionB": {
        "trial_id": "8",
        "task_id": "68",
        "values": "10.0, 6.0",
        "target_value": 9
      },
      "choice": {
        "button": "J",
        "selected_option": "OptionB"
      }
    },
    {
      "question": 9,
      "target": "Performance",
      "options": [
        "Hours of Practice",
        "Natural Talent (1-10)"
      ],
      "optionA": {
        "trial_id": "13",
        "task_id": "66",
        "values": "10.0, 9.0",
        "target_value": 93
      },
      "optionB": {
        "trial_id": "20",
        "task_id": "66",
        "values": "11.0, 8.0",
        "target_value": 90
      },
      "choice": {
        "button": "F",
        "selected_option": "OptionA"
      }
    },
    {
      "question": "attention_check_9",
      "choice": "J",
      "passed": true,
      "timestamp": 1758860493839
    },
    {
      "question": 10,
      "target": "Speed",
      "options": [
        "Car Engine Size",
        "Horsepower"
      ],
      "optionA": {
        "trial_id": "1",
        "task_id": "55",
        "values": "2.0, 150.0",
        "target_value": 120
      },
      "optionB": {
        "trial_id": "8",
        "task_id": "55",
        "values": "1.5, 110.0",
        "target_value": 100
      },
      "choice": {
        "button": "F",
        "selected_option": "OptionA"
      }
    },
    {
      "question": 11,
      "target": "Coffee Enjoyment",
      "options": [
        "Coffee price",
        "Coffee acidity"
      ],
      "optionA": {
        "trial_id": "18",
        "task_id": "88",
        "values": "1.0, 2.0",
        "target_value": 4
      },
      "optionB": {
        "trial_id": "10",
        "task_id": "88",
        "values": "8.0, 9.0",
        "target_value": 11
      },
      "choice": {
        "button": "J",
        "selected_option": "OptionB"
      }
    },
    {
      "question": 12,
      "target": "Time to destination (hours)",
      "options": [
        "Distance (miles)",
        "Speed (mph)"
      ],
      "optionA": {
        "trial_id": "19",
        "task_id": "99",
        "values": "28.0, 75.0",
        "target_value": 0.42
      },
      "optionB": {
        "trial_id": "15",
        "task_id": "99",
        "values": "24.0, 65.0",
        "target_value": 0.4
      },
      "choice": {
        "button": "J",
        "selected_option": "OptionB"
      }
    },
    {
      "question": 13,
      "target": "Engagement rate (%)",
      "options": [
        "Number of followers",
        "Post quality score"
      ],
      "optionA": {
        "trial_id": "9",
        "task_id": "63",
        "values": "9000.0, 7.0",
        "target_value": 5.4
      },
      "optionB": {
        "trial_id": "10",
        "task_id": "63",
        "values": "12000.0, 5.0",
        "target_value": 5.6
      },
      "choice": {
        "button": "J",
        "selected_option": "OptionB"
      }
    },
    {
      "question": 14,
      "target": "Comfort",
      "options": [
        "Shoe Weight",
        "Brand Reputation"
      ],
      "optionA": {
        "trial_id": "3",
        "task_id": "56",
        "values": "180.0, 3.0",
        "target_value": 65
      },
      "optionB": {
        "trial_id": "18",
        "task_id": "56",
        "values": "240.0, 7.0",
        "target_value": 85
      },
      "choice": {
        "button": "J",
        "selected_option": "OptionB"
      }
    },
    {
      "question": 15,
      "target": "Jump Height",
      "options": [
        "Height",
        "Arm Length"
      ],
      "optionA": {
        "trial_id": "8",
        "task_id": "97",
        "values": "170.0, 63.0",
        "target_value": 73
      },
      "optionB": {
        "trial_id": "12",
        "task_id": "97",
        "values": "190.0, 72.0",
        "target_value": 85
      },
      "choice": {
        "button": "J",
        "selected_option": "OptionB"
      }
    },
    {
      "question": 16,
      "target": "Home value",
      "options": [
        "House size",
        "Neighborhood quality"
      ],
      "optionA": {
        "trial_id": "10",
        "task_id": "62",
        "values": "160.0, 9.0",
        "target_value": 320000
      },
      "optionB": {
        "trial_id": "14",
        "task_id": "62",
        "values": "140.0, 9.0",
        "target_value": 310000
      },
      "choice": {
        "button": "F",
        "selected_option": "OptionA"
      }
    },
    {
      "question": 17,
      "target": "Training Difficulty (1-10)",
      "options": [
        "Dog Size",
        "Dog Energy Level"
      ],
      "optionA": {
        "trial_id": "10",
        "task_id": "70",
        "values": "50.0, 5.0",
        "target_value": 4
      },
      "optionB": {
        "trial_id": "4",
        "task_id": "70",
        "values": "55.0, 7.0",
        "target_value": 6
      },
      "choice": {
        "button": "J",
        "selected_option": "OptionB"
      }
    },
    {
      "question": 18,
      "target": "Flavor Strength",
      "options": [
        "Coffee Bean Size",
        "Bean Roast"
      ],
      "optionA": {
        "trial_id": "3",
        "task_id": "57",
        "values": "4.0, 1.0",
        "target_value": 6
      },
      "optionB": {
        "trial_id": "16",
        "task_id": "57",
        "values": "5.0, 2.0",
        "target_value": 6
      },
      "choice": {
        "button": "J",
        "selected_option": "OptionB"
      }
    },
    {
      "question": 19,
      "target": "Post reach",
      "options": [
        "Number of followers",
        "Engagement rate (%)"
      ],
      "optionA": {
        "trial_id": "17",
        "task_id": "80",
        "values": "1600.0, 7.0",
        "target_value": 21000
      },
      "optionB": {
        "trial_id": "14",
        "task_id": "80",
        "values": "2500.0, 6.0",
        "target_value": 22000
      },
      "choice": {
        "button": "J",
        "selected_option": "OptionB"
      }
    },
    {
      "question": "attention_check_19",
      "choice": "F",
      "passed": true,
      "timestamp": 1758860572496
    },
    {
      "question": 20,
      "target": "Natural light",
      "options": [
        "Room size",
        "Window count"
      ],
      "optionA": {
        "trial_id": "10",
        "task_id": "59",
        "values": "140.0, 2.0",
        "target_value": 6
      },
      "optionB": {
        "trial_id": "1",
        "task_id": "59",
        "values": "100.0, 3.0",
        "target_value": 7
      },
      "choice": {
        "button": "J",
        "selected_option": "OptionB"
      }
    },
    {
      "question": 21,
      "target": "Exercise Intensity",
      "options": [
        "Time to Walk (min)",
        "Number of Steps"
      ],
      "optionA": {
        "trial_id": "9",
        "task_id": "82",
        "values": "10.0, 1100.0",
        "target_value": 5.5
      },
      "optionB": {
        "trial_id": "14",
        "task_id": "82",
        "values": "13.0, 1200.0",
        "target_value": 6
      },
      "choice": {
        "button": "J",
        "selected_option": "OptionB"
      }
    },
    {
      "question": 22,
      "target": "Apartment price",
      "options": [
        "Distance from city center",
        "Room size"
      ],
      "optionA": {
        "trial_id": "6",
        "task_id": "52",
        "values": "2.0, 40.0",
        "target_value": 1100
      },
      "optionB": {
        "trial_id": "3",
        "task_id": "52",
        "values": "4.0, 60.0",
        "target_value": 1500
      },
      "choice": {
        "button": "F",
        "selected_option": "OptionA"
      }
    },
    {
      "question": 23,
      "target": "Exam score",
      "options": [
        "Study time (hours)",
        "Class attendance (%)"
      ],
      "optionA": {
        "trial_id": "1",
        "task_id": "79",
        "values": "4.0, 80.0",
        "target_value": 75
      },
      "optionB": {
        "trial_id": "15",
        "task_id": "79",
        "values": "4.0, 90.0",
        "target_value": 83
      },
      "choice": {
        "button": "J",
        "selected_option": "OptionB"
      }
    },
    {
      "question": 24,
      "target": "Movie enjoyment",
      "options": [
        "Movie runtime",
        "Movie rating"
      ],
      "optionA": {
        "trial_id": "19",
        "task_id": "65",
        "values": "140.0, 8.0",
        "target_value": 8.5
      },
      "optionB": {
        "trial_id": "11",
        "task_id": "65",
        "values": "140.0, 8.5",
        "target_value": 9
      },
      "choice": {
        "button": "J",
        "selected_option": "OptionB"
      }
    },
    {
      "question": 25,
      "target": "Reading time",
      "options": [
        "Book pages",
        "Book chapters"
      ],
      "optionA": {
        "trial_id": "11",
        "task_id": "64",
        "values": "400.0, 22.0",
        "target_value": 9
      },
      "optionB": {
        "trial_id": "19",
        "task_id": "64",
        "values": "260.0, 13.0",
        "target_value": 5
      },
      "choice": {
        "button": "J",
        "selected_option": "OptionB"
      }
    },
    {
      "question": 26,
      "target": "Distance Traveled",
      "options": [
        "Speed",
        "Weight"
      ],
      "optionA": {
        "trial_id": "12",
        "task_id": "94",
        "values": "50.0, 900.0",
        "target_value": 290
      },
      "optionB": {
        "trial_id": "19",
        "task_id": "94",
        "values": "80.0, 1500.0",
        "target_value": 340
      },
      "choice": {
        "button": "J",
        "selected_option": "OptionB"
      }
    },
    {
      "question": 27,
      "target": "Room Size",
      "options": [
        "Room Width",
        "Room Length"
      ],
      "optionA": {
        "trial_id": "10",
        "task_id": "92",
        "values": "4.0, 5.0",
        "target_value": 20
      },
      "optionB": {
        "trial_id": "20",
        "task_id": "92",
        "values": "5.0, 6.0",
        "target_value": 30
      },
      "choice": {
        "button": "J",
        "selected_option": "OptionB"
      }
    },
    {
      "question": 28,
      "target": "Strength",
      "options": [
        "Coffee Beans",
        "Water"
      ],
      "optionA": {
        "trial_id": "9",
        "task_id": "95",
        "values": "14.0, 280.0",
        "target_value": 19
      },
      "optionB": {
        "trial_id": "4",
        "task_id": "95",
        "values": "10.0, 200.0",
        "target_value": 14
      },
      "choice": {
        "button": "F",
        "selected_option": "OptionA"
      }
    },
    {
      "question": 29,
      "target": "Prep Time (min)",
      "options": [
        "Number of Ingredients",
        "Cooking Time (min)"
      ],
      "optionA": {
        "trial_id": "14",
        "task_id": "83",
        "values": "8.0, 26.0",
        "target_value": 17
      },
      "optionB": {
        "trial_id": "6",
        "task_id": "83",
        "values": "7.0, 25.0",
        "target_value": 17
      },
      "choice": {
        "button": "F",
        "selected_option": "OptionA"
      }
    },
    {
      "question": "attention_check_29",
      "choice": "J",
      "passed": true,
      "timestamp": 1758860649203
    },
    {
      "question": 30,
      "target": "Value Score",
      "options": [
        "Price ($)",
        "Size (GB)"
      ],
      "optionA": {
        "trial_id": "10",
        "task_id": "86",
        "values": "80.0, 256.0",
        "target_value": 70
      },
      "optionB": {
        "trial_id": "16",
        "task_id": "86",
        "values": "50.0, 256.0",
        "target_value": 75
      },
      "choice": {
        "button": "F",
        "selected_option": "OptionA"
      }
    },
    {
      "question": 31,
      "target": "Fun Score",
      "options": [
        "Number of Players",
        "Game Length (min)"
      ],
      "optionA": {
        "trial_id": "3",
        "task_id": "85",
        "values": "3.0, 50.0",
        "target_value": 6
      },
      "optionB": {
        "trial_id": "11",
        "task_id": "85",
        "values": "3.0, 40.0",
        "target_value": 5
      },
      "choice": {
        "button": "F",
        "selected_option": "OptionA"
      }
    },
    {
      "question": 32,
      "target": "User satisfaction",
      "options": [
        "Screen size (inches)",
        "RAM (GB)"
      ],
      "optionA": {
        "trial_id": "15",
        "task_id": "100",
        "values": "24.0, 9.0",
        "target_value": 13
      },
      "optionB": {
        "trial_id": "1",
        "task_id": "100",
        "values": "10.0, 2.0",
        "target_value": 6
      },
      "choice": {
        "button": "J",
        "selected_option": "OptionB"
      }
    },
    {
      "question": 33,
      "target": "Performance Score (1-100)",
      "options": [
        "Hours of Practice",
        "Number of Lessons"
      ],
      "optionA": {
        "trial_id": "4",
        "task_id": "51",
        "values": "25.0, 9.0",
        "target_value": 85
      },
      "optionB": {
        "trial_id": "19",
        "task_id": "51",
        "values": "30.0, 12.0",
        "target_value": 90
      },
      "choice": {
        "button": "F",
        "selected_option": "OptionA"
      }
    },
    {
      "question": 34,
      "target": "Battery life",
      "options": [
        "Phone battery",
        "Screen size"
      ],
      "optionA": {
        "trial_id": "7",
        "task_id": "61",
        "values": "3500.0, 5.0",
        "target_value": 11
      },
      "optionB": {
        "trial_id": "18",
        "task_id": "61",
        "values": "3500.0, 5.0",
        "target_value": 12
      },
      "choice": {
        "button": "F",
        "selected_option": "OptionA"
      }
    },
    {
      "question": 35,
      "target": "House Price (thousands)",
      "options": [
        "House Size (m\u00b2)",
        "House Distance to City (km)"
      ],
      "optionA": {
        "trial_id": "1",
        "task_id": "67",
        "values": "120.0, 5.0",
        "target_value": 300
      },
      "optionB": {
        "trial_id": "6",
        "task_id": "67",
        "values": "160.0, 15.0",
        "target_value": 380
      },
      "choice": {
        "button": "J",
        "selected_option": "OptionB"
      }
    },
    {
      "question": 36,
      "target": "Recipe difficulty",
      "options": [
        "Number of ingredients",
        "Prep time (minutes)"
      ],
      "optionA": {
        "trial_id": "7",
        "task_id": "54",
        "values": "6.0, 20.0",
        "target_value": 7
      },
      "optionB": {
        "trial_id": "4",
        "task_id": "54",
        "values": "5.0, 15.0",
        "target_value": 6
      },
      "choice": {
        "button": "F",
        "selected_option": "OptionA"
      }
    },
    {
      "question": 37,
      "target": "Top Speed",
      "options": [
        "Engine Size",
        "Horsepower"
      ],
      "optionA": {
        "trial_id": "3",
        "task_id": "96",
        "values": "1.8, 110.0",
        "target_value": 140
      },
      "optionB": {
        "trial_id": "16",
        "task_id": "96",
        "values": "1.8, 110.0",
        "target_value": 140
      },
      "choice": {
        "button": "F",
        "selected_option": "OptionA"
      }
    },
    {
      "question": 38,
      "target": "Physical strength",
      "options": [
        "Height (cm)",
        "Weight (kg)"
      ],
      "optionA": {
        "trial_id": "16",
        "task_id": "72",
        "values": "180.0, 70.0",
        "target_value": 80
      },
      "optionB": {
        "trial_id": "19",
        "task_id": "72",
        "values": "180.0, 80.0",
        "target_value": 85
      },
      "choice": {
        "button": "J",
        "selected_option": "OptionB"
      }
    },
    {
      "question": 39,
      "target": "Quality",
      "options": [
        "Price",
        "Size"
      ],
      "optionA": {
        "trial_id": "13",
        "task_id": "93",
        "values": "140.0, 18.0",
        "target_value": 88
      },
      "optionB": {
        "trial_id": "15",
        "task_id": "93",
        "values": "160.0, 22.0",
        "target_value": 92
      },
      "choice": {
        "button": "J",
        "selected_option": "OptionB"
      }
    },
    {
      "question": "attention_check_39",
      "choice": "F",
      "passed": true,
      "timestamp": 1758860722569
    },
    {
      "question": 40,
      "target": "Bike Speed",
      "options": [
        "Bike Weight",
        "Bike Power"
      ],
      "optionA": {
        "trial_id": "15",
        "task_id": "75",
        "values": "24.0, 500.0",
        "target_value": 100
      },
      "optionB": {
        "trial_id": "9",
        "task_id": "75",
        "values": "18.0, 350.0",
        "target_value": 70
      },
      "choice": {
        "button": "J",
        "selected_option": "OptionB"
      }
    },
    {
      "question": 41,
      "target": "Instrument Performance",
      "options": [
        "Skill Level",
        "Practice Time"
      ],
      "optionA": {
        "trial_id": "1",
        "task_id": "87",
        "values": "7.0, 10.0",
        "target_value": 8
      },
      "optionB": {
        "trial_id": "16",
        "task_id": "87",
        "values": "6.0, 20.0",
        "target_value": 8.4
      },
      "choice": {
        "button": "J",
        "selected_option": "OptionB"
      }
    },
    {
      "question": 42,
      "target": "Book Reading Time",
      "options": [
        "Book Thickness",
        "Book Length"
      ],
      "optionA": {
        "trial_id": "3",
        "task_id": "89",
        "values": "600.0, 220.0",
        "target_value": 170
      },
      "optionB": {
        "trial_id": "7",
        "task_id": "89",
        "values": "400.0, 180.0",
        "target_value": 120
      },
      "choice": {
        "button": "F",
        "selected_option": "OptionA"
      }
    },
    {
      "question": 43,
      "target": "Exam Score (out of 100)",
      "options": [
        "Time Spent Studying (hours)",
        "Number of Chapters Covered"
      ],
      "optionA": {
        "trial_id": "18",
        "task_id": "81",
        "values": "5.0, 4.0",
        "target_value": 70
      },
      "optionB": {
        "trial_id": "1",
        "task_id": "81",
        "values": "3.0, 4.0",
        "target_value": 70
      },
      "choice": {
        "button": "J",
        "selected_option": "OptionB"
      }
    },
    {
      "question": 44,
      "target": "Growth Rate (cm/week)",
      "options": [
        "Plant Leaf Size",
        "Plant Water Usage"
      ],
      "optionA": {
        "trial_id": "8",
        "task_id": "71",
        "values": "12.0, 6.0",
        "target_value": 3.5
      },
      "optionB": {
        "trial_id": "15",
        "task_id": "71",
        "values": "7.0, 4.0",
        "target_value": 2.3
      },
      "choice": {
        "button": "F",
        "selected_option": "OptionA"
      }
    },
    {
      "question": 45,
      "target": "Light amount",
      "options": [
        "Room size (m2)",
        "Number of windows"
      ],
      "optionA": {
        "trial_id": "1",
        "task_id": "73",
        "values": "20.0, 3.0",
        "target_value": 8
      },
      "optionB": {
        "trial_id": "20",
        "task_id": "73",
        "values": "18.0, 4.0",
        "target_value": 8
      },
      "choice": {
        "button": "F",
        "selected_option": "OptionA"
      }
    },
    {
      "question": 46,
      "target": "Phone Performance",
      "options": [
        "Phone RAM",
        "Phone Storage"
      ],
      "optionA": {
        "trial_id": "6",
        "task_id": "74",
        "values": "12.0, 512.0",
        "target_value": 100
      },
      "optionB": {
        "trial_id": "4",
        "task_id": "74",
        "values": "8.0, 256.0",
        "target_value": 90
      },
      "choice": {
        "button": "F",
        "selected_option": "OptionA"
      }
    },
    {
      "question": 47,
      "target": "Room Area (m\u00b2)",
      "options": [
        "Room Length (m)",
        "Room Width (m)"
      ],
      "optionA": {
        "trial_id": "6",
        "task_id": "77",
        "values": "4.0, 6.0",
        "target_value": 24
      },
      "optionB": {
        "trial_id": "8",
        "task_id": "77",
        "values": "10.0, 2.0",
        "target_value": 20
      },
      "choice": {
        "button": "J",
        "selected_option": "OptionB"
      }
    },
    {
      "question": 48,
      "target": "Product Score",
      "options": [
        "Price ($)",
        "Rating (1-10)"
      ],
      "optionA": {
        "trial_id": "1",
        "task_id": "84",
        "values": "50.0, 7.0",
        "target_value": 60
      },
      "optionB": {
        "trial_id": "17",
        "task_id": "84",
        "values": "70.0, 8.0",
        "target_value": 73
      },
      "choice": {
        "button": "J",
        "selected_option": "OptionB"
      }
    },
    {
      "question": 49,
      "target": "Recipe Complexity",
      "options": [
        "Recipe Servings",
        "Recipe Ingredients"
      ],
      "optionA": {
        "trial_id": "12",
        "task_id": "90",
        "values": "6.0, 11.0",
        "target_value": 7
      },
      "optionB": {
        "trial_id": "19",
        "task_id": "90",
        "values": "8.0, 14.0",
        "target_value": 9
      },
      "choice": {
        "button": "J",
        "selected_option": "OptionB"
      }
    },
    {
      "question": 50,
      "target": "Job Success",
      "options": [
        "Age",
        "Experience"
      ],
      "optionA": {
        "trial_id": "1",
        "task_id": "98",
        "values": "30.0, 5.0",
        "target_value": 70
      },
      "optionB": {
        "trial_id": "12",
        "task_id": "98",
        "values": "35.0, 6.0",
        "target_value": 75
      },
      "choice": {
        "button": "J",
        "selected_option": "OptionB"
      }
    }
  ]
}