{
  "prolific_id": "UNKNOWN",
  "condition_group": "direction",
  "responses": [
    {
      "question": 1,
      "target": "Battery Life",
      "target_value": 28,
      "options": [
        "Phone Weight",
        "Battery Capacity"
      ],
      "optionA": {
        "trial_id": "3",
        "task_id": "54",
        "values": "180.0, 3500.0",
        "target_value": 28
      },
      "optionB": {
        "trial_id": "4",
        "task_id": "54",
        "values": "200.0, 3600.0",
        "target_value": 29
      },
      "choice": {
        "button": "J",
        "selected_option": "OptionB"
      }
    },
    {
      "question": 2,
      "target": "House Price (thousands)",
      "target_value": 340,
      "options": [
        "House Size (m\u00b2)",
        "House Distance to City (km)"
      ],
      "optionA": {
        "trial_id": "17",
        "task_id": "79",
        "values": "140.0, 10.0",
        "target_value": 340
      },
      "optionB": {
        "trial_id": "2",
        "task_id": "79",
        "values": "150.0, 10.0",
        "target_value": 350
      },
      "choice": {
        "button": "J",
        "selected_option": "OptionB"
      }
    },
    {
      "question": 3,
      "target": "Flavor Strength",
      "target_value": 10,
      "options": [
        "Coffee Bean Size",
        "Bean Roast"
      ],
      "optionA": {
        "trial_id": "6",
        "task_id": "64",
        "values": "7.0, 3.0",
        "target_value": 10
      },
      "optionB": {
        "trial_id": "3",
        "task_id": "64",
        "values": "4.0, 1.0",
        "target_value": 6
      },
      "choice": {
        "button": "F",
        "selected_option": "OptionA"
      }
    },
    {
      "question": 4,
      "target": "Photo Quality",
      "target_value": 11,
      "options": [
        "Phone Price",
        "Phone Camera Megapixels"
      ],
      "optionA": {
        "trial_id": "12",
        "task_id": "5",
        "values": "730.0, 22.0",
        "target_value": 11
      },
      "optionB": {
        "trial_id": "3",
        "task_id": "5",
        "values": "500.0, 10.0",
        "target_value": 7
      },
      "choice": {
        "button": "F",
        "selected_option": "OptionA"
      }
    },
    {
      "question": 5,
      "target": "Performance Score (1-100)",
      "target_value": 90,
      "options": [
        "Hours of Practice",
        "Number of Lessons"
      ],
      "optionA": {
        "trial_id": "19",
        "task_id": "57",
        "values": "30.0, 12.0",
        "target_value": 90
      },
      "optionB": {
        "trial_id": "18",
        "task_id": "57",
        "values": "10.0, 3.0",
        "target_value": 50
      },
      "choice": {
        "button": "F",
        "selected_option": "OptionA"
      }
    },
    {
      "question": 6,
      "target": "App Popularity",
      "target_value": 65,
      "options": [
        "App User Ratings (1-5)",
        "Number of Reviews"
      ],
      "optionA": {
        "trial_id": "14",
        "task_id": "42",
        "values": "4.0, 100.0",
        "target_value": 65
      },
      "optionB": {
        "trial_id": "12",
        "task_id": "42",
        "values": "5.0, 120.0",
        "target_value": 75
      },
      "choice": {
        "button": "J",
        "selected_option": "OptionB"
      }
    },
    {
      "question": 7,
      "target": "Apartment price",
      "target_value": 1400,
      "options": [
        "Distance from city center",
        "Room size"
      ],
      "optionA": {
        "trial_id": "12",
        "task_id": "58",
        "values": "1.0, 50.0",
        "target_value": 1400
      },
      "optionB": {
        "trial_id": "11",
        "task_id": "58",
        "values": "2.0, 40.0",
        "target_value": 1300
      },
      "choice": {
        "button": "F",
        "selected_option": "OptionA"
      }
    },
    {
      "question": 8,
      "target": "Light amount",
      "target_value": 8,
      "options": [
        "Room size (m2)",
        "Number of windows"
      ],
      "optionA": {
        "trial_id": "7",
        "task_id": "85",
        "values": "30.0, 3.0",
        "target_value": 8
      },
      "optionB": {
        "trial_id": "13",
        "task_id": "85",
        "values": "25.0, 3.0",
        "target_value": 8
      },
      "choice": {
        "button": "F",
        "selected_option": "OptionA"
      }
    },
    {
      "question": 9,
      "target": "Bike Speed",
      "target_value": 100,
      "options": [
        "Bike Weight",
        "Bike Power"
      ],
      "optionA": {
        "trial_id": "14",
        "task_id": "87",
        "values": "24.0, 500.0",
        "target_value": 100
      },
      "optionB": {
        "trial_id": "12",
        "task_id": "87",
        "values": "22.0, 450.0",
        "target_value": 90
      },
      "choice": {
        "button": "F",
        "selected_option": "OptionA"
      }
    },
    {
      "question": "attention_check_9",
      "choice": "J",
      "passed": true,
      "timestamp": 1756154498678
    },
    {
      "question": 10,
      "target": "Book Knowledge Content",
      "target_value": 7,
      "options": [
        "Book Page Count",
        "Book Reading Level"
      ],
      "optionA": {
        "trial_id": "1",
        "task_id": "1",
        "values": "300.0, 3.0",
        "target_value": 7
      },
      "optionB": {
        "trial_id": "10",
        "task_id": "1",
        "values": "330.0, 4.0",
        "target_value": 7
      },
      "choice": {
        "button": "J",
        "selected_option": "OptionB"
      }
    },
    {
      "question": 11,
      "target": "House Price",
      "target_value": 410000,
      "options": [
        "House Size sqft",
        "House Location Rating"
      ],
      "optionA": {
        "trial_id": "6",
        "task_id": "23",
        "values": "2200.0, 8.0",
        "target_value": 410000
      },
      "optionB": {
        "trial_id": "3",
        "task_id": "23",
        "values": "2500.0, 9.0",
        "target_value": 450000
      },
      "choice": {
        "button": "J",
        "selected_option": "OptionB"
      }
    },
    {
      "question": 12,
      "target": "Enjoyment Rating (1-10)",
      "target_value": 6,
      "options": [
        "Number of Pages",
        "Reading Time (minutes)"
      ],
      "optionA": {
        "trial_id": "3",
        "task_id": "10",
        "values": "250.0, 100.0",
        "target_value": 6
      },
      "optionB": {
        "trial_id": "13",
        "task_id": "10",
        "values": "320.0, 130.0",
        "target_value": 7
      },
      "choice": {
        "button": "J",
        "selected_option": "OptionB"
      }
    },
    {
      "question": 13,
      "target": "Taste score",
      "target_value": 8,
      "options": [
        "Coffee strength",
        "Bean quality"
      ],
      "optionA": {
        "trial_id": "4",
        "task_id": "68",
        "values": "4.0, 8.0",
        "target_value": 8
      },
      "optionB": {
        "trial_id": "8",
        "task_id": "68",
        "values": "4.0, 6.0",
        "target_value": 6
      },
      "choice": {
        "button": "F",
        "selected_option": "OptionA"
      }
    },
    {
      "question": 14,
      "target": "Exam Score (out of 100)",
      "target_value": 80,
      "options": [
        "Study Time (hours)",
        "Previous GPA"
      ],
      "optionA": {
        "trial_id": "16",
        "task_id": "18",
        "values": "9.0, 3.5",
        "target_value": 80
      },
      "optionB": {
        "trial_id": "20",
        "task_id": "18",
        "values": "12.0, 3.3",
        "target_value": 80
      },
      "choice": {
        "button": "F",
        "selected_option": "OptionA"
      }
    },
    {
      "question": 15,
      "target": "Fuel Consumption (L/100km)",
      "target_value": 12,
      "options": [
        "Speed (km/h)",
        "Weight (kg)"
      ],
      "optionA": {
        "trial_id": "20",
        "task_id": "43",
        "values": "135.0, 1800.0",
        "target_value": 12
      },
      "optionB": {
        "trial_id": "14",
        "task_id": "43",
        "values": "125.0, 1550.0",
        "target_value": 9
      },
      "choice": {
        "button": "F",
        "selected_option": "OptionA"
      }
    },
    {
      "question": 16,
      "target": "Fat Burn (g)",
      "target_value": 35,
      "options": [
        "Exercise Time (min)",
        "Heart Rate (bpm)"
      ],
      "optionA": {
        "trial_id": "12",
        "task_id": "28",
        "values": "35.0, 115.0",
        "target_value": 35
      },
      "optionB": {
        "trial_id": "8",
        "task_id": "28",
        "values": "60.0, 140.0",
        "target_value": 70
      },
      "choice": {
        "button": "J",
        "selected_option": "OptionB"
      }
    },
    {
      "question": 17,
      "target": "Performance Rating",
      "target_value": 7.5,
      "options": [
        "Computer Weight (kg)",
        "RAM (GB)"
      ],
      "optionA": {
        "trial_id": "20",
        "task_id": "34",
        "values": "1.4, 10.0",
        "target_value": 7.5
      },
      "optionB": {
        "trial_id": "4",
        "task_id": "34",
        "values": "1.5, 10.0",
        "target_value": 7
      },
      "choice": {
        "button": "J",
        "selected_option": "OptionB"
      }
    },
    {
      "question": 18,
      "target": "Fuel Consumption (L)",
      "target_value": 1250,
      "options": [
        "Flight Duration (hours)",
        "Distance (km)"
      ],
      "optionA": {
        "trial_id": "16",
        "task_id": "33",
        "values": "5.0, 1250.0",
        "target_value": 1250
      },
      "optionB": {
        "trial_id": "18",
        "task_id": "33",
        "values": "3.2, 800.0",
        "target_value": 800
      },
      "choice": {
        "button": "F",
        "selected_option": "OptionA"
      }
    },
    {
      "question": 19,
      "target": "Exam Score",
      "target_value": 68,
      "options": [
        "Hours of Study",
        "Difficulty Level"
      ],
      "optionA": {
        "trial_id": "10",
        "task_id": "12",
        "values": "6.0, 3.0",
        "target_value": 68
      },
      "optionB": {
        "trial_id": "2",
        "task_id": "12",
        "values": "6.0, 4.0",
        "target_value": 73
      },
      "choice": {
        "button": "J",
        "selected_option": "OptionB"
      }
    },
    {
      "question": "attention_check_19",
      "choice": "F",
      "passed": true,
      "timestamp": 1756154572287
    },
    {
      "question": 20,
      "target": "Value Score",
      "target_value": 75,
      "options": [
        "Price ($)",
        "Size (GB)"
      ],
      "optionA": {
        "trial_id": "16",
        "task_id": "99",
        "values": "50.0, 256.0",
        "target_value": 75
      },
      "optionB": {
        "trial_id": "17",
        "task_id": "99",
        "values": "60.0, 256.0",
        "target_value": 80
      },
      "choice": {
        "button": "J",
        "selected_option": "OptionB"
      }
    },
    {
      "question": 21,
      "target": "Battery Duration",
      "target_value": 12,
      "options": [
        "Phone Battery Capacity",
        "Screen Brightness"
      ],
      "optionA": {
        "trial_id": "1",
        "task_id": "63",
        "values": "3000.0, 400.0",
        "target_value": 12
      },
      "optionB": {
        "trial_id": "11",
        "task_id": "63",
        "values": "4500.0, 600.0",
        "target_value": 19
      },
      "choice": {
        "button": "J",
        "selected_option": "OptionB"
      }
    },
    {
      "question": 22,
      "target": "Quality",
      "target_value": 85,
      "options": [
        "Price",
        "Size"
      ],
      "optionA": {
        "trial_id": "3",
        "task_id": "110",
        "values": "120.0, 15.0",
        "target_value": 85
      },
      "optionB": {
        "trial_id": "20",
        "task_id": "110",
        "values": "160.0, 23.0",
        "target_value": 93
      },
      "choice": {
        "button": "J",
        "selected_option": "OptionB"
      }
    },
    {
      "question": 23,
      "target": "Weight Loss",
      "target_value": 1.5,
      "options": [
        "Calories",
        "Exercise Time"
      ],
      "optionA": {
        "trial_id": "18",
        "task_id": "51",
        "values": "400.0, 40.0",
        "target_value": 1.5
      },
      "optionB": {
        "trial_id": "14",
        "task_id": "51",
        "values": "500.0, 30.0",
        "target_value": 1.5
      },
      "choice": {
        "button": "J",
        "selected_option": "OptionB"
      }
    },
    {
      "question": 24,
      "target": "Room Size",
      "target_value": 20,
      "options": [
        "Room Width",
        "Room Length"
      ],
      "optionA": {
        "trial_id": "15",
        "task_id": "109",
        "values": "4.0, 5.0",
        "target_value": 20
      },
      "optionB": {
        "trial_id": "12",
        "task_id": "109",
        "values": "5.0, 6.0",
        "target_value": 30
      },
      "choice": {
        "button": "J",
        "selected_option": "OptionB"
      }
    },
    {
      "question": 25,
      "target": "Phone Performance",
      "target_value": 78,
      "options": [
        "Phone RAM",
        "Phone Screen Size"
      ],
      "optionA": {
        "trial_id": "8",
        "task_id": "103",
        "values": "6.0, 6.0",
        "target_value": 78
      },
      "optionB": {
        "trial_id": "14",
        "task_id": "103",
        "values": "8.0, 6.6",
        "target_value": 90
      },
      "choice": {
        "button": "J",
        "selected_option": "OptionB"
      }
    },
    {
      "question": 26,
      "target": "User Satisfaction",
      "target_value": 7,
      "options": [
        "Screen Size",
        "Battery Life"
      ],
      "optionA": {
        "trial_id": "4",
        "task_id": "52",
        "values": "8.0, 30.0",
        "target_value": 7
      },
      "optionB": {
        "trial_id": "5",
        "task_id": "52",
        "values": "5.0, 25.0",
        "target_value": 6
      },
      "choice": {
        "button": "F",
        "selected_option": "OptionA"
      }
    },
    {
      "question": 27,
      "target": "Comfort Score",
      "target_value": 9,
      "options": [
        "Price ($)",
        "Size (sqft)"
      ],
      "optionA": {
        "trial_id": "14",
        "task_id": "44",
        "values": "310000.0, 170.0",
        "target_value": 9
      },
      "optionB": {
        "trial_id": "9",
        "task_id": "44",
        "values": "280000.0, 140.0",
        "target_value": 7
      },
      "choice": {
        "button": "F",
        "selected_option": "OptionA"
      }
    },
    {
      "question": 28,
      "target": "Growth Rate",
      "target_value": 1,
      "options": [
        "Plant Leaf Size",
        "Plant Height"
      ],
      "optionA": {
        "trial_id": "19",
        "task_id": "65",
        "values": "6.0, 30.0",
        "target_value": 1
      },
      "optionB": {
        "trial_id": "13",
        "task_id": "65",
        "values": "16.0, 80.0",
        "target_value": 6
      },
      "choice": {
        "button": "J",
        "selected_option": "OptionB"
      }
    },
    {
      "question": 29,
      "target": "Exam Score (%)",
      "target_value": 75,
      "options": [
        "Study Time (hours)",
        "Previous Score (%)"
      ],
      "optionA": {
        "trial_id": "10",
        "task_id": "76",
        "values": "5.0, 70.0",
        "target_value": 75
      },
      "optionB": {
        "trial_id": "6",
        "task_id": "76",
        "values": "5.0, 70.0",
        "target_value": 75
      },
      "choice": {
        "button": "J",
        "selected_option": "OptionB"
      }
    },
    {
      "question": "attention_check_29",
      "choice": "J",
      "passed": true,
      "timestamp": 1756154637252
    },
    {
      "question": 30,
      "target": "Home Value (thousands)",
      "target_value": 270,
      "options": [
        "House Size (sqm)",
        "Neighborhood Safety (1-10)"
      ],
      "optionA": {
        "trial_id": "17",
        "task_id": "41",
        "values": "100.0, 8.0",
        "target_value": 270
      },
      "optionB": {
        "trial_id": "1",
        "task_id": "41",
        "values": "120.0, 8.0",
        "target_value": 300
      },
      "choice": {
        "button": "J",
        "selected_option": "OptionB"
      }
    },
    {
      "question": 31,
      "target": "Energy Level",
      "target_value": 7,
      "options": [
        "Hours of Sleep",
        "Caffeine Intake (mg)"
      ],
      "optionA": {
        "trial_id": "17",
        "task_id": "45",
        "values": "8.0, 60.0",
        "target_value": 7
      },
      "optionB": {
        "trial_id": "3",
        "task_id": "45",
        "values": "7.0, 40.0",
        "target_value": 6
      },
      "choice": {
        "button": "F",
        "selected_option": "OptionA"
      }
    },
    {
      "question": 32,
      "target": "Growth Rate (cm/week)",
      "target_value": 2.3,
      "options": [
        "Plant Leaf Size",
        "Plant Water Usage"
      ],
      "optionA": {
        "trial_id": "15",
        "task_id": "83",
        "values": "7.0, 4.0",
        "target_value": 2.3
      },
      "optionB": {
        "trial_id": "6",
        "task_id": "83",
        "values": "6.0, 3.0",
        "target_value": 2
      },
      "choice": {
        "button": "F",
        "selected_option": "OptionA"
      }
    },
    {
      "question": 33,
      "target": "Jump Height",
      "target_value": 70,
      "options": [
        "Height",
        "Arm Length"
      ],
      "optionA": {
        "trial_id": "7",
        "task_id": "115",
        "values": "160.0, 60.0",
        "target_value": 70
      },
      "optionB": {
        "trial_id": "7",
        "task_id": "115",
        "values": "160.0, 60.0",
        "target_value": 70
      },
      "choice": {
        "button": "F",
        "selected_option": "OptionA"
      }
    },
    {
      "question": 34,
      "target": "Fuel Consumption (L/100km)",
      "target_value": 10,
      "options": [
        "Engine Size (cc)",
        "Weight (kg)"
      ],
      "optionA": {
        "trial_id": "12",
        "task_id": "11",
        "values": "2400.0, 1500.0",
        "target_value": 10
      },
      "optionB": {
        "trial_id": "16",
        "task_id": "11",
        "values": "2200.0, 1300.0",
        "target_value": 8
      },
      "choice": {
        "button": "F",
        "selected_option": "OptionA"
      }
    },
    {
      "question": 35,
      "target": "Performance Rating",
      "target_value": 9,
      "options": [
        "Computer Weight (kg)",
        "RAM (GB)"
      ],
      "optionA": {
        "trial_id": "7",
        "task_id": "34",
        "values": "2.0, 16.0",
        "target_value": 9
      },
      "optionB": {
        "trial_id": "9",
        "task_id": "34",
        "values": "1.6, 10.0",
        "target_value": 7.5
      },
      "choice": {
        "button": "F",
        "selected_option": "OptionA"
      }
    },
    {
      "question": 36,
      "target": "Deliciousness",
      "target_value": 65,
      "options": [
        "Cooking time",
        "Ingredients count"
      ],
      "optionA": {
        "trial_id": "16",
        "task_id": "27",
        "values": "45.0, 5.0",
        "target_value": 65
      },
      "optionB": {
        "trial_id": "11",
        "task_id": "27",
        "values": "50.0, 5.0",
        "target_value": 60
      },
      "choice": {
        "button": "J",
        "selected_option": "OptionB"
      }
    },
    {
      "question": 37,
      "target": "Weight loss",
      "target_value": 1.8,
      "options": [
        "Exercise duration",
        "Intensity level"
      ],
      "optionA": {
        "trial_id": "6",
        "task_id": "67",
        "values": "40.0, 6.0",
        "target_value": 1.8
      },
      "optionB": {
        "trial_id": "5",
        "task_id": "67",
        "values": "60.0, 7.0",
        "target_value": 2.2
      },
      "choice": {
        "button": "J",
        "selected_option": "OptionB"
      }
    },
    {
      "question": 38,
      "target": "User satisfaction",
      "target_value": 13,
      "options": [
        "Screen size (inches)",
        "RAM (GB)"
      ],
      "optionA": {
        "trial_id": "14",
        "task_id": "119",
        "values": "24.0, 9.0",
        "target_value": 13
      },
      "optionB": {
        "trial_id": "19",
        "task_id": "119",
        "values": "28.0, 11.0",
        "target_value": 15
      },
      "choice": {
        "button": "J",
        "selected_option": "OptionB"
      }
    },
    {
      "question": 39,
      "target": "Recipe Complexity",
      "target_value": 7,
      "options": [
        "Recipe Servings",
        "Recipe Ingredients"
      ],
      "optionA": {
        "trial_id": "1",
        "task_id": "106",
        "values": "4.0, 10.0",
        "target_value": 7
      },
      "optionB": {
        "trial_id": "11",
        "task_id": "106",
        "values": "7.0, 13.0",
        "target_value": 8
      },
      "choice": {
        "button": "J",
        "selected_option": "OptionB"
      }
    },
    {
      "question": "attention_check_39",
      "choice": "F",
      "passed": true,
      "timestamp": 1756154696872
    },
    {
      "question": 40,
      "target": "User Satisfaction",
      "target_value": 4,
      "options": [
        "[Screen Size",
        "Battery Life"
      ],
      "optionA": {
        "trial_id": "10",
        "task_id": "52",
        "values": "7.0, 15.0",
        "target_value": 4
      },
      "optionB": {
        "trial_id": "11",
        "task_id": "52",
        "values": "7.0, 30.0",
        "target_value": 7
      },
      "choice": {
        "button": "J",
        "selected_option": "OptionB"
      }
    },
    {
      "question": 41,
      "target": "Prep Time (min)",
      "target_value": 28,
      "options": [
        "Number of Ingredients",
        "Cooking Time (min)"
      ],
      "optionA": {
        "trial_id": "17",
        "task_id": "96",
        "values": "12.0, 40.0",
        "target_value": 28
      },
      "optionB": {
        "trial_id": "8",
        "task_id": "96",
        "values": "6.0, 30.0",
        "target_value": 21
      },
      "choice": {
        "button": "F",
        "selected_option": "OptionA"
      }
    },
    {
      "question": 42,
      "target": "Performance Score",
      "target_value": 87,
      "options": [
        "Phone RAM (GB)",
        "Battery Capacity (mAh)"
      ],
      "optionA": {
        "trial_id": "19",
        "task_id": "39",
        "values": "10.0, 4300.0",
        "target_value": 87
      },
      "optionB": {
        "trial_id": "12",
        "task_id": "39",
        "values": "7.0, 3100.0",
        "target_value": 75
      },
      "choice": {
        "button": "F",
        "selected_option": "OptionA"
      }
    },
    {
      "question": 43,
      "target": "Plant Sunlight Needs",
      "target_value": 5,
      "options": [
        "Plant Height",
        "Plant Leaf Size"
      ],
      "optionA": {
        "trial_id": "16",
        "task_id": "2",
        "values": "150.0, 10.0",
        "target_value": 5
      },
      "optionB": {
        "trial_id": "19",
        "task_id": "2",
        "values": "120.0, 6.0",
        "target_value": 3
      },
      "choice": {
        "button": "F",
        "selected_option": "OptionA"
      }
    },
    {
      "question": 44,
      "target": "Bike Speed",
      "target_value": 28,
      "options": [
        "Bike Weight",
        "Bike Wheel Size"
      ],
      "optionA": {
        "trial_id": "19",
        "task_id": "107",
        "values": "14.0, 28.5",
        "target_value": 28
      },
      "optionB": {
        "trial_id": "15",
        "task_id": "107",
        "values": "8.0, 25.0",
        "target_value": 22
      },
      "choice": {
        "button": "F",
        "selected_option": "OptionA"
      }
    },
    {
      "question": 45,
      "target": "Plant Growth Rate (cm/week)",
      "target_value": 5,
      "options": [
        "Plant Soil Quality (1-10)",
        "Plant Water Frequency (times/week)"
      ],
      "optionA": {
        "trial_id": "14",
        "task_id": "81",
        "values": "7.0, 3.0",
        "target_value": 5
      },
      "optionB": {
        "trial_id": "14",
        "task_id": "81",
        "values": "7.0, 3.0",
        "target_value": 5
      },
      "choice": {
        "button": "F",
        "selected_option": "OptionA"
      }
    },
    {
      "question": 46,
      "target": "Speed",
      "target_value": 90,
      "options": [
        "Car Engine Size",
        "Horsepower"
      ],
      "optionA": {
        "trial_id": "7",
        "task_id": "61",
        "values": "1.4, 100.0",
        "target_value": 90
      },
      "optionB": {
        "trial_id": "7",
        "task_id": "36",
        "values": "1.6, 160.0",
        "target_value": 120
      },
      "choice": {
        "button": "J",
        "selected_option": "OptionB"
      }
    },
    {
      "question": 47,
      "target": "Exam Score",
      "target_value": 60,
      "options": [
        "Hours of Study",
        "Difficulty Level"
      ],
      "optionA": {
        "trial_id": "7",
        "task_id": "12",
        "values": "3.0, 1.0",
        "target_value": 60
      },
      "optionB": {
        "trial_id": "17",
        "task_id": "12",
        "values": "5.0, 4.0",
        "target_value": 73
      },
      "choice": {
        "button": "J",
        "selected_option": "OptionB"
      }
    },
    {
      "question": 48,
      "target": "Performance Score (1-100)",
      "target_value": 50,
      "options": [
        "Hours of Practice",
        "Number of Lessons"
      ],
      "optionA": {
        "trial_id": "18",
        "task_id": "57",
        "values": "10.0, 3.0",
        "target_value": 50
      },
      "optionB": {
        "trial_id": "12",
        "task_id": "57",
        "values": "12.0, 5.0",
        "target_value": 65
      },
      "choice": {
        "button": "J",
        "selected_option": "OptionB"
      }
    },
    {
      "question": 49,
      "target": "Plant Sunlight Needs",
      "target_value": 3,
      "options": [
        "Plant Height",
        "Plant Leaf Size"
      ],
      "optionA": {
        "trial_id": "19",
        "task_id": "2",
        "values": "120.0, 6.0",
        "target_value": 3
      },
      "optionB": {
        "trial_id": "4",
        "task_id": "2",
        "values": "190.0, 10.0",
        "target_value": 5
      },
      "choice": {
        "button": "J",
        "selected_option": "OptionB"
      }
    },
    {
      "question": 50,
      "target": "Exam Score (out of 100)",
      "target_value": 55,
      "options": [
        "Time Spent Studying (hours)",
        "Number of Chapters Covered"
      ],
      "optionA": {
        "trial_id": "7",
        "task_id": "94",
        "values": "3.0, 2.0",
        "target_value": 55
      },
      "optionB": {
        "trial_id": "18",
        "task_id": "94",
        "values": "5.0, 4.0",
        "target_value": 70
      },
      "choice": {
        "button": "J",
        "selected_option": "OptionB"
      }
    }
  ]
}