{
  "prolific_id": "UNKNOWN",
  "condition_group": "direction",
  "responses": [
    {
      "question": 1,
      "target": "Home Value (thousands)",
      "target_value": 290,
      "options": [
        "House Size (sqm)",
        "Neighborhood Safety (1-10)"
      ],
      "optionA": {
        "trial_id": "3",
        "task_id": "41",
        "values": "100.0, 9.0",
        "target_value": 290
      },
      "optionB": {
        "trial_id": "3",
        "task_id": "41",
        "values": "100.0, 9.0",
        "target_value": 290
      },
      "choice": {
        "button": "F",
        "selected_option": "OptionA"
      }
    },
    {
      "question": 2,
      "target": "Plant Growth Rate",
      "target_value": 2.4,
      "options": [
        "Plant Height",
        "Plant Width"
      ],
      "optionA": {
        "trial_id": "2",
        "task_id": "104",
        "values": "1.2, 0.4",
        "target_value": 2.4
      },
      "optionB": {
        "trial_id": "5",
        "task_id": "104",
        "values": "2.0, 0.7",
        "target_value": 3.5
      },
      "choice": {
        "button": "J",
        "selected_option": "OptionB"
      }
    },
    {
      "question": 3,
      "target": "Light amount",
      "target_value": 7,
      "options": [
        "Room size (m2)",
        "Number of windows"
      ],
      "optionA": {
        "trial_id": "2",
        "task_id": "85",
        "values": "25.0, 2.0",
        "target_value": 7
      },
      "optionB": {
        "trial_id": "16",
        "task_id": "85",
        "values": "35.0, 3.0",
        "target_value": 8
      },
      "choice": {
        "button": "J",
        "selected_option": "OptionB"
      }
    },
    {
      "question": 4,
      "target": "Fitness Level",
      "target_value": 8,
      "options": [
        "Exercise Time (min/day)",
        "Healthy Diet (%)"
      ],
      "optionA": {
        "trial_id": "11",
        "task_id": "46",
        "values": "45.0, 80.0",
        "target_value": 8
      },
      "optionB": {
        "trial_id": "7",
        "task_id": "46",
        "values": "35.0, 75.0",
        "target_value": 7
      },
      "choice": {
        "button": "F",
        "selected_option": "OptionA"
      }
    },
    {
      "question": 5,
      "target": "Strength",
      "target_value": 20,
      "options": [
        "Coffee Beans",
        "Water"
      ],
      "optionA": {
        "trial_id": "10",
        "task_id": "112",
        "values": "16.0, 300.0",
        "target_value": 20
      },
      "optionB": {
        "trial_id": "7",
        "task_id": "112",
        "values": "6.0, 160.0",
        "target_value": 11
      },
      "choice": {
        "button": "F",
        "selected_option": "OptionA"
      }
    },
    {
      "question": 6,
      "target": "Plant Growth Rate (cm/week)",
      "target_value": 5,
      "options": [
        "Plant Soil Quality (1-10)",
        "Plant Water Frequency (times/week)"
      ],
      "optionA": {
        "trial_id": "14",
        "task_id": "81",
        "values": "7.0, 3.0",
        "target_value": 5
      },
      "optionB": {
        "trial_id": "4",
        "task_id": "81",
        "values": "9.0, 5.0",
        "target_value": 7
      },
      "choice": {
        "button": "J",
        "selected_option": "OptionB"
      }
    },
    {
      "question": 7,
      "target": "Battery life",
      "target_value": 13,
      "options": [
        "Phone battery",
        "Screen size"
      ],
      "optionA": {
        "trial_id": "17",
        "task_id": "69",
        "values": "4000.0, 6.0",
        "target_value": 13
      },
      "optionB": {
        "trial_id": "17",
        "task_id": "69",
        "values": "4000.0, 6.0",
        "target_value": 13
      },
      "choice": {
        "button": "J",
        "selected_option": "OptionB"
      }
    },
    {
      "question": 8,
      "target": "Battery Life (hours)",
      "target_value": 10,
      "options": [
        "Phone Weight (g)",
        "Battery Capacity (mAh)"
      ],
      "optionA": {
        "trial_id": "4",
        "task_id": "30",
        "values": "160.0, 4000.0",
        "target_value": 10
      },
      "optionB": {
        "trial_id": "20",
        "task_id": "30",
        "values": "155.0, 3900.0",
        "target_value": 10.2
      },
      "choice": {
        "button": "J",
        "selected_option": "OptionB"
      }
    },
    {
      "question": 9,
      "target": "Bike Speed",
      "target_value": 23,
      "options": [
        "Bike Weight",
        "Bike Wheel Size"
      ],
      "optionA": {
        "trial_id": "7",
        "task_id": "107",
        "values": "8.0, 26.0",
        "target_value": 23
      },
      "optionB": {
        "trial_id": "18",
        "task_id": "107",
        "values": "12.0, 26.0",
        "target_value": 22
      },
      "choice": {
        "button": "J",
        "selected_option": "OptionB"
      }
    },
    {
      "question": "attention_check_9",
      "choice": "J",
      "passed": true,
      "timestamp": 1756154557877
    },
    {
      "question": 10,
      "target": "Apartment price",
      "target_value": 1700,
      "options": [
        "Distance from city center",
        "Room size"
      ],
      "optionA": {
        "trial_id": "9",
        "task_id": "58",
        "values": "5.0, 70.0",
        "target_value": 1700
      },
      "optionB": {
        "trial_id": "3",
        "task_id": "58",
        "values": "4.0, 60.0",
        "target_value": 1500
      },
      "choice": {
        "button": "F",
        "selected_option": "OptionA"
      }
    },
    {
      "question": 11,
      "target": "Restaurant Popularity (on scale 1-10)",
      "target_value": 8,
      "options": [
        "Number of Reviews",
        "Average Rating (out of 5)"
      ],
      "optionA": {
        "trial_id": "1",
        "task_id": "19",
        "values": "100.0, 4.5",
        "target_value": 8
      },
      "optionB": {
        "trial_id": "7",
        "task_id": "19",
        "values": "150.0, 4.3",
        "target_value": 7
      },
      "choice": {
        "button": "F",
        "selected_option": "OptionA"
      }
    },
    {
      "question": 12,
      "target": "Performance Score",
      "target_value": 74,
      "options": [
        "Phone RAM (GB)",
        "Battery Capacity (mAh)"
      ],
      "optionA": {
        "trial_id": "11",
        "task_id": "39",
        "values": "6.0, 3200.0",
        "target_value": 74
      },
      "optionB": {
        "trial_id": "4",
        "task_id": "39",
        "values": "5.0, 2800.0",
        "target_value": 74
      },
      "choice": {
        "button": "F",
        "selected_option": "OptionA"
      }
    },
    {
      "question": 13,
      "target": "Natural Light (on scale 1-10)",
      "target_value": 8,
      "options": [
        "Room Area (m2)",
        "Number of Windows"
      ],
      "optionA": {
        "trial_id": "3",
        "task_id": "15",
        "values": "22.0, 4.0",
        "target_value": 8
      },
      "optionB": {
        "trial_id": "13",
        "task_id": "15",
        "values": "26.0, 5.0",
        "target_value": 9
      },
      "choice": {
        "button": "J",
        "selected_option": "OptionB"
      }
    },
    {
      "question": 14,
      "target": "Exam score",
      "target_value": 85,
      "options": [
        "Study time (hours)",
        "Class attendance (%)"
      ],
      "optionA": {
        "trial_id": "3",
        "task_id": "91",
        "values": "5.0, 90.0",
        "target_value": 85
      },
      "optionB": {
        "trial_id": "4",
        "task_id": "91",
        "values": "3.0, 75.0",
        "target_value": 70
      },
      "choice": {
        "button": "F",
        "selected_option": "OptionA"
      }
    },
    {
      "question": 15,
      "target": "Bike Speed",
      "target_value": 24,
      "options": [
        "Bike Weight",
        "Bike Wheel Size"
      ],
      "optionA": {
        "trial_id": "4",
        "task_id": "107",
        "values": "14.0, 27.5",
        "target_value": 24
      },
      "optionB": {
        "trial_id": "8",
        "task_id": "107",
        "values": "10.0, 25.0",
        "target_value": 20
      },
      "choice": {
        "button": "F",
        "selected_option": "OptionA"
      }
    },
    {
      "question": 16,
      "target": "Tea Strength (1-10)",
      "target_value": 8,
      "options": [
        "Tea Leaf Quality (1-10)",
        "Tea Steeping Time (minutes)"
      ],
      "optionA": {
        "trial_id": "4",
        "task_id": "80",
        "values": "9.0, 5.0",
        "target_value": 8
      },
      "optionB": {
        "trial_id": "19",
        "task_id": "80",
        "values": "6.0, 2.0",
        "target_value": 5
      },
      "choice": {
        "button": "F",
        "selected_option": "OptionA"
      }
    },
    {
      "question": 17,
      "target": "Reading time",
      "target_value": 5,
      "options": [
        "Book pages",
        "Book chapters"
      ],
      "optionA": {
        "trial_id": "3",
        "task_id": "72",
        "values": "250.0, 10.0",
        "target_value": 5
      },
      "optionB": {
        "trial_id": "12",
        "task_id": "72",
        "values": "300.0, 14.0",
        "target_value": 6
      },
      "choice": {
        "button": "J",
        "selected_option": "OptionB"
      }
    },
    {
      "question": 18,
      "target": "Fun Level",
      "target_value": 9,
      "options": [
        "Number of Players",
        "Game Duration (minutes)"
      ],
      "optionA": {
        "trial_id": "5",
        "task_id": "13",
        "values": "6.0, 70.0",
        "target_value": 9
      },
      "optionB": {
        "trial_id": "3",
        "task_id": "13",
        "values": "3.0, 50.0",
        "target_value": 7
      },
      "choice": {
        "button": "F",
        "selected_option": "OptionA"
      }
    },
    {
      "question": 19,
      "target": "Tea Strength (1-10)",
      "target_value": 4,
      "options": [
        "Tea Leaf Quality (1-10)",
        "Tea Steeping Time (minutes)"
      ],
      "optionA": {
        "trial_id": "15",
        "task_id": "80",
        "values": "5.0, 1.0",
        "target_value": 4
      },
      "optionB": {
        "trial_id": "10",
        "task_id": "80",
        "values": "9.0, 5.0",
        "target_value": 8
      },
      "choice": {
        "button": "J",
        "selected_option": "OptionB"
      }
    },
    {
      "question": "attention_check_19",
      "choice": "F",
      "passed": true,
      "timestamp": 1756154642501
    },
    {
      "question": 20,
      "target": "Weight Loss",
      "target_value": 1,
      "options": [
        "Calories",
        "Exercise Time"
      ],
      "optionA": {
        "trial_id": "17",
        "task_id": "51",
        "values": "300.0, 30.0",
        "target_value": 1
      },
      "optionB": {
        "trial_id": "18",
        "task_id": "51",
        "values": "400.0, 40.0",
        "target_value": 1.5
      },
      "choice": {
        "button": "J",
        "selected_option": "OptionB"
      }
    },
    {
      "question": 21,
      "target": "Performance Quality (on scale 1-10)",
      "target_value": 9,
      "options": [
        "Hours of Practice",
        "Musical Experience (years)"
      ],
      "optionA": {
        "trial_id": "4",
        "task_id": "17",
        "values": "50.0, 5.0",
        "target_value": 9
      },
      "optionB": {
        "trial_id": "16",
        "task_id": "17",
        "values": "80.0, 4.0",
        "target_value": 8
      },
      "choice": {
        "button": "J",
        "selected_option": "OptionB"
      }
    },
    {
      "question": 22,
      "target": "Fun Level",
      "target_value": 7,
      "options": [
        "Number of Players",
        "Game Duration (minutes)"
      ],
      "optionA": {
        "trial_id": "14",
        "task_id": "13",
        "values": "6.0, 50.0",
        "target_value": 7
      },
      "optionB": {
        "trial_id": "10",
        "task_id": "13",
        "values": "7.0, 55.0",
        "target_value": 8
      },
      "choice": {
        "button": "J",
        "selected_option": "OptionB"
      }
    },
    {
      "question": 23,
      "target": "House Price ($1000s)",
      "target_value": 300,
      "options": [
        "Number of Rooms",
        "Square Feet"
      ],
      "optionA": {
        "trial_id": "10",
        "task_id": "77",
        "values": "4.0, 1800.0",
        "target_value": 300
      },
      "optionB": {
        "trial_id": "2",
        "task_id": "77",
        "values": "3.0, 2000.0",
        "target_value": 280
      },
      "choice": {
        "button": "F",
        "selected_option": "OptionA"
      }
    },
    {
      "question": 24,
      "target": "Taste Rating",
      "target_value": 5,
      "options": [
        "Number of Ingredients",
        "Cooking Time (minutes)"
      ],
      "optionA": {
        "trial_id": "19",
        "task_id": "14",
        "values": "4.0, 20.0",
        "target_value": 5
      },
      "optionB": {
        "trial_id": "10",
        "task_id": "14",
        "values": "6.0, 28.0",
        "target_value": 7
      },
      "choice": {
        "button": "J",
        "selected_option": "OptionB"
      }
    },
    {
      "question": 25,
      "target": "Quality",
      "target_value": 65,
      "options": [
        "Price",
        "Size"
      ],
      "optionA": {
        "trial_id": "11",
        "task_id": "110",
        "values": "90.0, 7.0",
        "target_value": 65
      },
      "optionB": {
        "trial_id": "5",
        "task_id": "110",
        "values": "80.0, 5.0",
        "target_value": 60
      },
      "choice": {
        "button": "J",
        "selected_option": "OptionB"
      }
    },
    {
      "question": 26,
      "target": "Engagement rate (%)",
      "target_value": 5.3,
      "options": [
        "Number of followers",
        "Post quality score"
      ],
      "optionA": {
        "trial_id": "17",
        "task_id": "71",
        "values": "9000.0, 6.0",
        "target_value": 5.3
      },
      "optionB": {
        "trial_id": "14",
        "task_id": "71",
        "values": "14000.0, 6.0",
        "target_value": 6.1
      },
      "choice": {
        "button": "J",
        "selected_option": "OptionB"
      }
    },
    {
      "question": 27,
      "target": "Exam score",
      "target_value": 84,
      "options": [
        "Study time (hours)",
        "Class attendance (%)"
      ],
      "optionA": {
        "trial_id": "18",
        "task_id": "91",
        "values": "6.0, 85.0",
        "target_value": 84
      },
      "optionB": {
        "trial_id": "17",
        "task_id": "91",
        "values": "5.0, 75.0",
        "target_value": 73
      },
      "choice": {
        "button": "F",
        "selected_option": "OptionA"
      }
    },
    {
      "question": 28,
      "target": "Bike Speed",
      "target_value": 22,
      "options": [
        "Bike Weight",
        "Bike Wheel Size"
      ],
      "optionA": {
        "trial_id": "2",
        "task_id": "107",
        "values": "12.0, 26.0",
        "target_value": 22
      },
      "optionB": {
        "trial_id": "7",
        "task_id": "107",
        "values": "8.0, 26.0",
        "target_value": 23
      },
      "choice": {
        "button": "F",
        "selected_option": "OptionA"
      }
    },
    {
      "question": 29,
      "target": "Deliciousness",
      "target_value": 65,
      "options": [
        "Cooking time",
        "Ingredients count"
      ],
      "optionA": {
        "trial_id": "14",
        "task_id": "27",
        "values": "10.0, 5.0",
        "target_value": 65
      },
      "optionB": {
        "trial_id": "8",
        "task_id": "27",
        "values": "15.0, 4.0",
        "target_value": 55
      },
      "choice": {
        "button": "F",
        "selected_option": "OptionA"
      }
    },
    {
      "question": "attention_check_29",
      "choice": "J",
      "passed": true,
      "timestamp": 1756154706180
    },
    {
      "question": 30,
      "target": "Speed",
      "target_value": 100,
      "options": [
        "Car Engine Size",
        "Horsepower"
      ],
      "optionA": {
        "trial_id": "8",
        "task_id": "61",
        "values": "1.5, 110.0",
        "target_value": 100
      },
      "optionB": {
        "trial_id": "12",
        "task_id": "36",
        "values": "2.5, 220.0",
        "target_value": 140
      },
      "choice": {
        "button": "J",
        "selected_option": "OptionB"
      }
    },
    {
      "question": 31,
      "target": "Enjoyment Score",
      "target_value": 8.5,
      "options": [
        "Book Length (pages)",
        "Author Fame (1-10)"
      ],
      "optionA": {
        "trial_id": "3",
        "task_id": "29",
        "values": "300.0, 8.0",
        "target_value": 8.5
      },
      "optionB": {
        "trial_id": "18",
        "task_id": "29",
        "values": "250.0, 6.0",
        "target_value": 7.5
      },
      "choice": {
        "button": "F",
        "selected_option": "OptionA"
      }
    },
    {
      "question": 32,
      "target": "Weight loss",
      "target_value": 2.2,
      "options": [
        "Exercise duration",
        "Intensity level"
      ],
      "optionA": {
        "trial_id": "5",
        "task_id": "67",
        "values": "60.0, 7.0",
        "target_value": 2.2
      },
      "optionB": {
        "trial_id": "4",
        "task_id": "67",
        "values": "30.0, 5.0",
        "target_value": 1.5
      },
      "choice": {
        "button": "F",
        "selected_option": "OptionA"
      }
    },
    {
      "question": 33,
      "target": "House Price",
      "target_value": 410000,
      "options": [
        "House Size sqft",
        "House Location Rating"
      ],
      "optionA": {
        "trial_id": "20",
        "task_id": "23",
        "values": "2000.0, 8.0",
        "target_value": 410000
      },
      "optionB": {
        "trial_id": "14",
        "task_id": "23",
        "values": "2200.0, 9.0",
        "target_value": 450000
      },
      "choice": {
        "button": "J",
        "selected_option": "OptionB"
      }
    },
    {
      "question": 34,
      "target": "Muscle gain",
      "target_value": 1.3,
      "options": [
        "Minutes of exercise",
        "Protein intake"
      ],
      "optionA": {
        "trial_id": "18",
        "task_id": "59",
        "values": "35.0, 20.0",
        "target_value": 1.3
      },
      "optionB": {
        "trial_id": "4",
        "task_id": "59",
        "values": "35.0, 30.0",
        "target_value": 1.6
      },
      "choice": {
        "button": "J",
        "selected_option": "OptionB"
      }
    },
    {
      "question": 35,
      "target": "Enjoyment",
      "target_value": 6.7,
      "options": [
        "Tea Strength",
        "Flavor Variety"
      ],
      "optionA": {
        "trial_id": "10",
        "task_id": "55",
        "values": "3.0, 4.0",
        "target_value": 6.7
      },
      "optionB": {
        "trial_id": "1",
        "task_id": "55",
        "values": "5.0, 3.0",
        "target_value": 7.2
      },
      "choice": {
        "button": "J",
        "selected_option": "OptionB"
      }
    },
    {
      "question": 36,
      "target": "Cooking Time (min)",
      "target_value": 21,
      "options": [
        "Number of Ingredients",
        "Prep Time (min)"
      ],
      "optionA": {
        "trial_id": "13",
        "task_id": "48",
        "values": "4.0, 9.0",
        "target_value": 21
      },
      "optionB": {
        "trial_id": "18",
        "task_id": "48",
        "values": "6.0, 12.0",
        "target_value": 30
      },
      "choice": {
        "button": "J",
        "selected_option": "OptionB"
      }
    },
    {
      "question": 37,
      "target": "Deliciousness",
      "target_value": 65,
      "options": [
        "Cooking time",
        "Ingredients count"
      ],
      "optionA": {
        "trial_id": "14",
        "task_id": "27",
        "values": "10.0, 5.0",
        "target_value": 65
      },
      "optionB": {
        "trial_id": "19",
        "task_id": "27",
        "values": "20.0, 5.0",
        "target_value": 70
      },
      "choice": {
        "button": "J",
        "selected_option": "OptionB"
      }
    },
    {
      "question": 38,
      "target": "Battery Life",
      "target_value": 26,
      "options": [
        "Phone Weight",
        "Battery Capacity"
      ],
      "optionA": {
        "trial_id": "8",
        "task_id": "54",
        "values": "170.0, 3200.0",
        "target_value": 26
      },
      "optionB": {
        "trial_id": "8",
        "task_id": "54",
        "values": "170.0, 3200.0",
        "target_value": 26
      },
      "choice": {
        "button": "J",
        "selected_option": "OptionB"
      }
    },
    {
      "question": 39,
      "target": "Exam Score",
      "target_value": 68,
      "options": [
        "Hours of Study",
        "Difficulty Level"
      ],
      "optionA": {
        "trial_id": "4",
        "task_id": "12",
        "values": "5.0, 3.0",
        "target_value": 68
      },
      "optionB": {
        "trial_id": "16",
        "task_id": "12",
        "values": "7.0, 4.0",
        "target_value": 75
      },
      "choice": {
        "button": "J",
        "selected_option": "OptionB"
      }
    },
    {
      "question": "attention_check_39",
      "choice": "F",
      "passed": true,
      "timestamp": 1756154766603
    },
    {
      "question": 40,
      "target": "Distance Covered",
      "target_value": 55,
      "options": [
        "Bike Speed",
        "Bike Weight"
      ],
      "optionA": {
        "trial_id": "3",
        "task_id": "7",
        "values": "28.0, 12.0",
        "target_value": 55
      },
      "optionB": {
        "trial_id": "19",
        "task_id": "7",
        "values": "23.0, 11.0",
        "target_value": 51
      },
      "choice": {
        "button": "F",
        "selected_option": "OptionA"
      }
    },
    {
      "question": 41,
      "target": "Comfort",
      "target_value": 80,
      "options": [
        "Shoe Weight",
        "Brand Reputation"
      ],
      "optionA": {
        "trial_id": "9",
        "task_id": "62",
        "values": "240.0, 6.0",
        "target_value": 80
      },
      "optionB": {
        "trial_id": "4",
        "task_id": "62",
        "values": "200.0, 4.0",
        "target_value": 70
      },
      "choice": {
        "button": "F",
        "selected_option": "OptionA"
      }
    },
    {
      "question": 42,
      "target": "Time to destination (hours)",
      "target_value": 0.39,
      "options": [
        "Distance (miles)",
        "Speed (mph)"
      ],
      "optionA": {
        "trial_id": "12",
        "task_id": "118",
        "values": "22.0, 60.0",
        "target_value": 0.39
      },
      "optionB": {
        "trial_id": "4",
        "task_id": "118",
        "values": "14.0, 40.0",
        "target_value": 0.35
      },
      "choice": {
        "button": "J",
        "selected_option": "OptionB"
      }
    },
    {
      "question": 43,
      "target": "Value Score",
      "target_value": 75,
      "options": [
        "Price ($)",
        "Size (GB)"
      ],
      "optionA": {
        "trial_id": "7",
        "task_id": "99",
        "values": "70.0, 256.0",
        "target_value": 75
      },
      "optionB": {
        "trial_id": "19",
        "task_id": "99",
        "values": "50.0, 128.0",
        "target_value": 70
      },
      "choice": {
        "button": "F",
        "selected_option": "OptionA"
      }
    },
    {
      "question": 44,
      "target": "House Price (thousands)",
      "target_value": 290,
      "options": [
        "House Size (m\u00b2)",
        "House Distance to City (km)"
      ],
      "optionA": {
        "trial_id": "11",
        "task_id": "79",
        "values": "110.0, 4.0",
        "target_value": 290
      },
      "optionB": {
        "trial_id": "3",
        "task_id": "79",
        "values": "100.0, 3.0",
        "target_value": 280
      },
      "choice": {
        "button": "F",
        "selected_option": "OptionA"
      }
    },
    {
      "question": 45,
      "target": "Customer Satisfaction",
      "target_value": 8.5,
      "options": [
        "Price ($)",
        "Quality Rating (1-10)"
      ],
      "optionA": {
        "trial_id": "2",
        "task_id": "49",
        "values": "120.0, 8.0",
        "target_value": 8.5
      },
      "optionB": {
        "trial_id": "1",
        "task_id": "49",
        "values": "100.0, 7.0",
        "target_value": 8
      },
      "choice": {
        "button": "F",
        "selected_option": "OptionA"
      }
    },
    {
      "question": 46,
      "target": "Taste Rating",
      "target_value": 6,
      "options": [
        "Number of Ingredients",
        "Cooking Time (minutes)"
      ],
      "optionA": {
        "trial_id": "14",
        "task_id": "14",
        "values": "5.0, 27.0",
        "target_value": 6
      },
      "optionB": {
        "trial_id": "9",
        "task_id": "14",
        "values": "5.0, 30.0",
        "target_value": 7
      },
      "choice": {
        "button": "F",
        "selected_option": "OptionA"
      }
    },
    {
      "question": 47,
      "target": "Room Size",
      "target_value": 42,
      "options": [
        "Room Width",
        "Room Length"
      ],
      "optionA": {
        "trial_id": "11",
        "task_id": "109",
        "values": "6.0, 7.0",
        "target_value": 42
      },
      "optionB": {
        "trial_id": "4",
        "task_id": "109",
        "values": "5.0, 6.0",
        "target_value": 30
      },
      "choice": {
        "button": "F",
        "selected_option": "OptionA"
      }
    },
    {
      "question": 48,
      "target": "Top Speed",
      "target_value": 130,
      "options": [
        "Car Engine Size",
        "Horsepower"
      ],
      "optionA": {
        "trial_id": "10",
        "task_id": "36",
        "values": "2.1, 180.0",
        "target_value": 130
      },
      "optionB": {
        "trial_id": "12",
        "task_id": "36",
        "values": "2.5, 220.0",
        "target_value": 140
      },
      "choice": {
        "button": "J",
        "selected_option": "OptionB"
      }
    },
    {
      "question": 49,
      "target": "Exam Score",
      "target_value": 70,
      "options": [
        "Hours of Study",
        "Difficulty Level"
      ],
      "optionA": {
        "trial_id": "1",
        "task_id": "12",
        "values": "5.0, 3.0",
        "target_value": 70
      },
      "optionB": {
        "trial_id": "7",
        "task_id": "12",
        "values": "3.0, 1.0",
        "target_value": 60
      },
      "choice": {
        "button": "F",
        "selected_option": "OptionA"
      }
    },
    {
      "question": 50,
      "target": "Comfort",
      "target_value": 65,
      "options": [
        "Shoe Weight",
        "Brand Reputation"
      ],
      "optionA": {
        "trial_id": "20",
        "task_id": "62",
        "values": "170.0, 3.0",
        "target_value": 65
      },
      "optionB": {
        "trial_id": "4",
        "task_id": "62",
        "values": "200.0, 4.0",
        "target_value": 70
      },
      "choice": {
        "button": "J",
        "selected_option": "OptionB"
      }
    }
  ]
}