{
  "prolific_id": "UNKNOWN",
  "condition_group": "direction",
  "responses": [
    {
      "question": 1,
      "target": "Top Speed",
      "target_value": 140,
      "options": [
        "Engine Size",
        "Horsepower"
      ],
      "optionA": {
        "trial_id": "3",
        "task_id": "113",
        "values": "1.8, 110.0",
        "target_value": 140
      },
      "optionB": {
        "trial_id": "15",
        "task_id": "113",
        "values": "1.6, 100.0",
        "target_value": 135
      },
      "choice": {
        "button": "F",
        "selected_option": "OptionA"
      }
    },
    {
      "question": 2,
      "target": "Strength",
      "target_value": 14,
      "options": [
        "Coffee Beans",
        "Water"
      ],
      "optionA": {
        "trial_id": "16",
        "task_id": "112",
        "values": "10.0, 200.0",
        "target_value": 14
      },
      "optionB": {
        "trial_id": "12",
        "task_id": "112",
        "values": "12.0, 240.0",
        "target_value": 16
      },
      "choice": {
        "button": "F",
        "selected_option": "OptionA"
      }
    },
    {
      "question": 3,
      "target": "Fun Score",
      "target_value": 8,
      "options": [
        "Number of Players",
        "Game Length (min)"
      ],
      "optionA": {
        "trial_id": "10",
        "task_id": "98",
        "values": "7.0, 60.0",
        "target_value": 8
      },
      "optionB": {
        "trial_id": "13",
        "task_id": "98",
        "values": "5.0, 65.0",
        "target_value": 8
      },
      "choice": {
        "button": "F",
        "selected_option": "OptionA"
      }
    },
    {
      "question": 4,
      "target": "Plant Growth Rate (cm/week)",
      "target_value": 5,
      "options": [
        "Plant Soil Quality (1-10)",
        "Plant Water Frequency (times/week)"
      ],
      "optionA": {
        "trial_id": "1",
        "task_id": "81",
        "values": "7.0, 3.0",
        "target_value": 5
      },
      "optionB": {
        "trial_id": "13",
        "task_id": "81",
        "values": "8.0, 4.0",
        "target_value": 6
      },
      "choice": {
        "button": "J",
        "selected_option": "OptionB"
      }
    },
    {
      "question": 5,
      "target": "Photo Quality",
      "target_value": 8,
      "options": [
        "Phone Price",
        "Phone Camera Megapixels"
      ],
      "optionA": {
        "trial_id": "14",
        "task_id": "5",
        "values": "470.0, 12.0",
        "target_value": 8
      },
      "optionB": {
        "trial_id": "3",
        "task_id": "5",
        "values": "500.0, 10.0",
        "target_value": 7
      },
      "choice": {
        "button": "J",
        "selected_option": "OptionB"
      }
    },
    {
      "question": 6,
      "target": "House Price ($1000s)",
      "target_value": 270,
      "options": [
        "Number of Rooms",
        "Square Feet"
      ],
      "optionA": {
        "trial_id": "16",
        "task_id": "77",
        "values": "4.0, 1700.0",
        "target_value": 270
      },
      "optionB": {
        "trial_id": "9",
        "task_id": "77",
        "values": "3.0, 1700.0",
        "target_value": 270
      },
      "choice": {
        "button": "F",
        "selected_option": "OptionA"
      }
    },
    {
      "question": 7,
      "target": "Fat Burn (g)",
      "target_value": 85,
      "options": [
        "Exercise Time (min)",
        "Heart Rate (bpm)"
      ],
      "optionA": {
        "trial_id": "13",
        "task_id": "28",
        "values": "60.0, 160.0",
        "target_value": 85
      },
      "optionB": {
        "trial_id": "1",
        "task_id": "28",
        "values": "30.0, 130.0",
        "target_value": 50
      },
      "choice": {
        "button": "F",
        "selected_option": "OptionA"
      }
    },
    {
      "question": 8,
      "target": "Book Knowledge Content",
      "target_value": 9,
      "options": [
        "Book Page Count",
        "Book Reading Level"
      ],
      "optionA": {
        "trial_id": "8",
        "task_id": "1",
        "values": "480.0, 5.0",
        "target_value": 9
      },
      "optionB": {
        "trial_id": "9",
        "task_id": "1",
        "values": "350.0, 3.0",
        "target_value": 6
      },
      "choice": {
        "button": "F",
        "selected_option": "OptionA"
      }
    },
    {
      "question": 9,
      "target": "Photo Quality",
      "target_value": 10,
      "options": [
        "Phone Price",
        "Phone Camera Megapixels"
      ],
      "optionA": {
        "trial_id": "18",
        "task_id": "5",
        "values": "580.0, 18.0",
        "target_value": 10
      },
      "optionB": {
        "trial_id": "19",
        "task_id": "5",
        "values": "420.0, 9.0",
        "target_value": 6
      },
      "choice": {
        "button": "F",
        "selected_option": "OptionA"
      }
    },
    {
      "question": "attention_check_9",
      "choice": "J",
      "passed": true,
      "timestamp": 1756154492218
    },
    {
      "question": 10,
      "target": "Prep Time (min)",
      "target_value": 17,
      "options": [
        "Number of Ingredients",
        "Cooking Time (min)"
      ],
      "optionA": {
        "trial_id": "6",
        "task_id": "96",
        "values": "7.0, 25.0",
        "target_value": 17
      },
      "optionB": {
        "trial_id": "15",
        "task_id": "96",
        "values": "9.0, 32.0",
        "target_value": 23
      },
      "choice": {
        "button": "J",
        "selected_option": "OptionB"
      }
    },
    {
      "question": 11,
      "target": "Plant Sunlight Needs",
      "target_value": 6,
      "options": [
        "Plant Height",
        "Plant Leaf Size"
      ],
      "optionA": {
        "trial_id": "12",
        "task_id": "2",
        "values": "210.0, 12.0",
        "target_value": 6
      },
      "optionB": {
        "trial_id": "7",
        "task_id": "2",
        "values": "180.0, 9.0",
        "target_value": 5
      },
      "choice": {
        "button": "F",
        "selected_option": "OptionA"
      }
    },
    {
      "question": 12,
      "target": "Dog Energy Level",
      "target_value": 8,
      "options": [
        "Dog Weight",
        "Dog Activity Level"
      ],
      "optionA": {
        "trial_id": "4",
        "task_id": "105",
        "values": "25.0, 5.0",
        "target_value": 8
      },
      "optionB": {
        "trial_id": "3",
        "task_id": "105",
        "values": "30.0, 6.0",
        "target_value": 9
      },
      "choice": {
        "button": "J",
        "selected_option": "OptionB"
      }
    },
    {
      "question": 13,
      "target": "Restaurant Customer Satisfaction",
      "target_value": 8.5,
      "options": [
        "Restaurant Menu Size",
        "Restaurant Price Rating"
      ],
      "optionA": {
        "trial_id": "17",
        "task_id": "25",
        "values": "25.0, 4.6",
        "target_value": 8.5
      },
      "optionB": {
        "trial_id": "17",
        "task_id": "25",
        "values": "25.0, 4.6",
        "target_value": 8.5
      },
      "choice": {
        "button": "F",
        "selected_option": "OptionA"
      }
    },
    {
      "question": 14,
      "target": "Value Score",
      "target_value": 75,
      "options": [
        "Price ($)",
        "Size (GB)"
      ],
      "optionA": {
        "trial_id": "18",
        "task_id": "99",
        "values": "80.0, 512.0",
        "target_value": 75
      },
      "optionB": {
        "trial_id": "18",
        "task_id": "99",
        "values": "80.0, 512.0",
        "target_value": 75
      },
      "choice": {
        "button": "F",
        "selected_option": "OptionA"
      }
    },
    {
      "question": 15,
      "target": "Dog Energy Level",
      "target_value": 10,
      "options": [
        "Dog Weight",
        "Dog Activity Level"
      ],
      "optionA": {
        "trial_id": "5",
        "task_id": "105",
        "values": "35.0, 7.0",
        "target_value": 10
      },
      "optionB": {
        "trial_id": "4",
        "task_id": "105",
        "values": "25.0, 5.0",
        "target_value": 8
      },
      "choice": {
        "button": "F",
        "selected_option": "OptionA"
      }
    },
    {
      "question": 16,
      "target": "Restaurant Popularity (on scale 1-10)",
      "target_value": 7,
      "options": [
        "Number of Reviews",
        "Average Rating (out of 5)"
      ],
      "optionA": {
        "trial_id": "12",
        "task_id": "19",
        "values": "150.0, 4.2",
        "target_value": 7
      },
      "optionB": {
        "trial_id": "10",
        "task_id": "19",
        "values": "220.0, 4.5",
        "target_value": 8
      },
      "choice": {
        "button": "J",
        "selected_option": "OptionB"
      }
    },
    {
      "question": 17,
      "target": "Tea Strength (1-10)",
      "target_value": 7,
      "options": [
        "Tea Leaf Quality (1-10)",
        "Tea Steeping Time (minutes)"
      ],
      "optionA": {
        "trial_id": "2",
        "task_id": "80",
        "values": "8.0, 4.0",
        "target_value": 7
      },
      "optionB": {
        "trial_id": "19",
        "task_id": "80",
        "values": "6.0, 2.0",
        "target_value": 5
      },
      "choice": {
        "button": "F",
        "selected_option": "OptionA"
      }
    },
    {
      "question": 18,
      "target": "Fuel Consumption (L/100km)",
      "target_value": 11,
      "options": [
        "Speed (km/h)",
        "Weight (kg)"
      ],
      "optionA": {
        "trial_id": "10",
        "task_id": "43",
        "values": "120.0, 1800.0",
        "target_value": 11
      },
      "optionB": {
        "trial_id": "3",
        "task_id": "43",
        "values": "130.0, 1600.0",
        "target_value": 10
      },
      "choice": {
        "button": "F",
        "selected_option": "OptionA"
      }
    },
    {
      "question": 19,
      "target": "Performance",
      "target_value": 8.4,
      "options": [
        "Skill Level",
        "Practice Time"
      ],
      "optionA": {
        "trial_id": "8",
        "task_id": "100",
        "values": "6.0, 20.0",
        "target_value": 8.4
      },
      "optionB": {
        "trial_id": "17",
        "task_id": "100",
        "values": "7.0, 14.0",
        "target_value": 8.3
      },
      "choice": {
        "button": "F",
        "selected_option": "OptionA"
      }
    },
    {
      "question": "attention_check_19",
      "choice": "F",
      "passed": true,
      "timestamp": 1756154581786
    },
    {
      "question": 20,
      "target": "House Price",
      "target_value": 360,
      "options": [
        "House Size",
        "Neighborhood Rating"
      ],
      "optionA": {
        "trial_id": "13",
        "task_id": "38",
        "values": "1900.0, 7.0",
        "target_value": 360
      },
      "optionB": {
        "trial_id": "11",
        "task_id": "38",
        "values": "2100.0, 8.0",
        "target_value": 420
      },
      "choice": {
        "button": "J",
        "selected_option": "OptionB"
      }
    },
    {
      "question": 21,
      "target": "Distance Traveled",
      "target_value": 300,
      "options": [
        "Speed",
        "Weight"
      ],
      "optionA": {
        "trial_id": "1",
        "task_id": "111",
        "values": "60.0, 1000.0",
        "target_value": 300
      },
      "optionB": {
        "trial_id": "6",
        "task_id": "111",
        "values": "80.0, 1300.0",
        "target_value": 325
      },
      "choice": {
        "button": "F",
        "selected_option": "OptionA"
      }
    },
    {
      "question": 22,
      "target": "House Price (thousands)",
      "target_value": 280,
      "options": [
        "House Size (m\u00b2)",
        "House Distance to City (km)"
      ],
      "optionA": {
        "trial_id": "3",
        "task_id": "79",
        "values": "100.0, 3.0",
        "target_value": 280
      },
      "optionB": {
        "trial_id": "6",
        "task_id": "79",
        "values": "160.0, 15.0",
        "target_value": 380
      },
      "choice": {
        "button": "F",
        "selected_option": "OptionA"
      }
    },
    {
      "question": 23,
      "target": "Light amount",
      "target_value": 7,
      "options": [
        "Room size (m2)",
        "Number of windows"
      ],
      "optionA": {
        "trial_id": "19",
        "task_id": "85",
        "values": "15.0, 3.0",
        "target_value": 7
      },
      "optionB": {
        "trial_id": "6",
        "task_id": "85",
        "values": "18.0, 3.0",
        "target_value": 7
      },
      "choice": {
        "button": "F",
        "selected_option": "OptionA"
      }
    },
    {
      "question": 24,
      "target": "House Price ($1000s)",
      "target_value": 270,
      "options": [
        "Number of Rooms",
        "Square Feet"
      ],
      "optionA": {
        "trial_id": "16",
        "task_id": "77",
        "values": "4.0, 1700.0",
        "target_value": 270
      },
      "optionB": {
        "trial_id": "5",
        "task_id": "77",
        "values": "5.0, 2000.0",
        "target_value": 340
      },
      "choice": {
        "button": "J",
        "selected_option": "OptionB"
      }
    },
    {
      "question": 25,
      "target": "Durability Perception (1-10)",
      "target_value": 6,
      "options": [
        "Price ($)",
        "Warranty (years)"
      ],
      "optionA": {
        "trial_id": "8",
        "task_id": "8",
        "values": "240.0, 2.0",
        "target_value": 6
      },
      "optionB": {
        "trial_id": "10",
        "task_id": "8",
        "values": "300.0, 4.0",
        "target_value": 7
      },
      "choice": {
        "button": "J",
        "selected_option": "OptionB"
      }
    },
    {
      "question": 26,
      "target": "Restaurant Popularity (on scale 1-10)",
      "target_value": 7,
      "options": [
        "Number of Reviews",
        "Average Rating (out of 5)"
      ],
      "optionA": {
        "trial_id": "12",
        "task_id": "19",
        "values": "150.0, 4.2",
        "target_value": 7
      },
      "optionB": {
        "trial_id": "9",
        "task_id": "19",
        "values": "180.0, 4.6",
        "target_value": 8
      },
      "choice": {
        "button": "J",
        "selected_option": "OptionB"
      }
    },
    {
      "question": 27,
      "target": "Knowledge Content",
      "target_value": 9,
      "options": [
        "Book Thickness",
        "Book Reading Level"
      ],
      "optionA": {
        "trial_id": "18",
        "task_id": "6",
        "values": "36.0, 6.0",
        "target_value": 9
      },
      "optionB": {
        "trial_id": "1",
        "task_id": "6",
        "values": "30.0, 3.0",
        "target_value": 6
      },
      "choice": {
        "button": "F",
        "selected_option": "OptionA"
      }
    },
    {
      "question": 28,
      "target": "Exam Score (out of 100)",
      "target_value": 70,
      "options": [
        "Time Spent Studying (hours)",
        "Number of Chapters Covered"
      ],
      "optionA": {
        "trial_id": "14",
        "task_id": "94",
        "values": "3.0, 5.0",
        "target_value": 70
      },
      "optionB": {
        "trial_id": "13",
        "task_id": "94",
        "values": "2.0, 4.0",
        "target_value": 65
      },
      "choice": {
        "button": "F",
        "selected_option": "OptionA"
      }
    },
    {
      "question": 29,
      "target": "Physical strength",
      "target_value": 68,
      "options": [
        "Height (cm)",
        "Weight (kg)"
      ],
      "optionA": {
        "trial_id": "18",
        "task_id": "84",
        "values": "170.0, 65.0",
        "target_value": 68
      },
      "optionB": {
        "trial_id": "16",
        "task_id": "84",
        "values": "180.0, 70.0",
        "target_value": 80
      },
      "choice": {
        "button": "J",
        "selected_option": "OptionB"
      }
    },
    {
      "question": "attention_check_29",
      "choice": "J",
      "passed": true,
      "timestamp": 1756154674835
    },
    {
      "question": 30,
      "target": "Fun Level",
      "target_value": 8,
      "options": [
        "Number of Players",
        "Game Duration (minutes)"
      ],
      "optionA": {
        "trial_id": "10",
        "task_id": "13",
        "values": "7.0, 55.0",
        "target_value": 8
      },
      "optionB": {
        "trial_id": "12",
        "task_id": "13",
        "values": "5.0, 55.0",
        "target_value": 8
      },
      "choice": {
        "button": "F",
        "selected_option": "OptionA"
      }
    },
    {
      "question": 31,
      "target": "Exam Score (out of 100)",
      "target_value": 65,
      "options": [
        "Time Spent Studying (hours)",
        "Number of Chapters Covered"
      ],
      "optionA": {
        "trial_id": "13",
        "task_id": "94",
        "values": "2.0, 4.0",
        "target_value": 65
      },
      "optionB": {
        "trial_id": "6",
        "task_id": "94",
        "values": "5.0, 6.0",
        "target_value": 80
      },
      "choice": {
        "button": "J",
        "selected_option": "OptionB"
      }
    },
    {
      "question": 32,
      "target": "Phone Performance",
      "target_value": 82,
      "options": [
        "Phone RAM",
        "Phone Screen Size"
      ],
      "optionA": {
        "trial_id": "9",
        "task_id": "103",
        "values": "6.0, 6.2",
        "target_value": 82
      },
      "optionB": {
        "trial_id": "20",
        "task_id": "103",
        "values": "10.0, 6.7",
        "target_value": 93
      },
      "choice": {
        "button": "J",
        "selected_option": "OptionB"
      }
    },
    {
      "question": 33,
      "target": "Age (years)",
      "target_value": 20,
      "options": [
        "Tree Height (m)",
        "Trunk Diameter (cm)"
      ],
      "optionA": {
        "trial_id": "14",
        "task_id": "32",
        "values": "5.0, 13.0",
        "target_value": 20
      },
      "optionB": {
        "trial_id": "16",
        "task_id": "32",
        "values": "11.0, 33.0",
        "target_value": 55
      },
      "choice": {
        "button": "J",
        "selected_option": "OptionB"
      }
    },
    {
      "question": 34,
      "target": "Weight loss",
      "target_value": 1.2,
      "options": [
        "Exercise duration",
        "Intensity level"
      ],
      "optionA": {
        "trial_id": "11",
        "task_id": "67",
        "values": "30.0, 4.0",
        "target_value": 1.2
      },
      "optionB": {
        "trial_id": "8",
        "task_id": "67",
        "values": "30.0, 4.0",
        "target_value": 1.2
      },
      "choice": {
        "button": "F",
        "selected_option": "OptionA"
      }
    },
    {
      "question": 35,
      "target": "Book Reading Time",
      "target_value": 170,
      "options": [
        "Book Thickness",
        "Book Length"
      ],
      "optionA": {
        "trial_id": "3",
        "task_id": "102",
        "values": "600.0, 220.0",
        "target_value": 170
      },
      "optionB": {
        "trial_id": "6",
        "task_id": "102",
        "values": "600.0, 220.0",
        "target_value": 160
      },
      "choice": {
        "button": "F",
        "selected_option": "OptionA"
      }
    },
    {
      "question": 36,
      "target": "Room Size",
      "target_value": 30,
      "options": [
        "Room Width",
        "Room Length"
      ],
      "optionA": {
        "trial_id": "9",
        "task_id": "109",
        "values": "5.0, 6.0",
        "target_value": 30
      },
      "optionB": {
        "trial_id": "10",
        "task_id": "109",
        "values": "4.0, 5.0",
        "target_value": 20
      },
      "choice": {
        "button": "F",
        "selected_option": "OptionA"
      }
    },
    {
      "question": 37,
      "target": "House Price (thousands)",
      "target_value": 350,
      "options": [
        "House Size (m\u00b2)",
        "House Distance to City (km)"
      ],
      "optionA": {
        "trial_id": "2",
        "task_id": "79",
        "values": "150.0, 10.0",
        "target_value": 350
      },
      "optionB": {
        "trial_id": "16",
        "task_id": "79",
        "values": "130.0, 8.0",
        "target_value": 320
      },
      "choice": {
        "button": "F",
        "selected_option": "OptionA"
      }
    },
    {
      "question": 38,
      "target": "Enjoyment",
      "target_value": 5,
      "options": [
        "Coffee price",
        "Coffee acidity"
      ],
      "optionA": {
        "trial_id": "16",
        "task_id": "101",
        "values": "2.0, 3.0",
        "target_value": 5
      },
      "optionB": {
        "trial_id": "10",
        "task_id": "101",
        "values": "8.0, 9.0",
        "target_value": 11
      },
      "choice": {
        "button": "F",
        "selected_option": "OptionA"
      }
    },
    {
      "question": 39,
      "target": "Performance",
      "target_value": 7.9,
      "options": [
        "Skill Level",
        "Practice Time"
      ],
      "optionA": {
        "trial_id": "7",
        "task_id": "100",
        "values": "5.0, 16.0",
        "target_value": 7.9
      },
      "optionB": {
        "trial_id": "11",
        "task_id": "100",
        "values": "6.0, 14.0",
        "target_value": 7.9
      },
      "choice": {
        "button": "F",
        "selected_option": "OptionA"
      }
    },
    {
      "question": "attention_check_39",
      "choice": "F",
      "passed": true,
      "timestamp": 1756154759410
    },
    {
      "question": 40,
      "target": "Battery life hours",
      "target_value": 9,
      "options": [
        "Phone battery capacity",
        "Phone weight"
      ],
      "optionA": {
        "trial_id": "16",
        "task_id": "73",
        "values": "2500.0, 160.0",
        "target_value": 9
      },
      "optionB": {
        "trial_id": "5",
        "task_id": "73",
        "values": "4500.0, 220.0",
        "target_value": 18
      },
      "choice": {
        "button": "J",
        "selected_option": "OptionB"
      }
    },
    {
      "question": 41,
      "target": "Enjoyment",
      "target_value": 6.1,
      "options": [
        "Tea Strength",
        "Flavor Variety"
      ],
      "optionA": {
        "trial_id": "20",
        "task_id": "55",
        "values": "3.0, 1.0",
        "target_value": 6.1
      },
      "optionB": {
        "trial_id": "1",
        "task_id": "55",
        "values": "5.0, 3.0",
        "target_value": 7.2
      },
      "choice": {
        "button": "J",
        "selected_option": "OptionB"
      }
    },
    {
      "question": 42,
      "target": "Exercise Intensity",
      "target_value": 5.5,
      "options": [
        "Time to Walk (min)",
        "Number of Steps"
      ],
      "optionA": {
        "trial_id": "9",
        "task_id": "95",
        "values": "10.0, 1100.0",
        "target_value": 5.5
      },
      "optionB": {
        "trial_id": "9",
        "task_id": "95",
        "values": "10.0, 1100.0",
        "target_value": 5.5
      },
      "choice": {
        "button": "F",
        "selected_option": "OptionA"
      }
    },
    {
      "question": 43,
      "target": "Home Value (thousands)",
      "target_value": 350,
      "options": [
        "House Size (sqm)",
        "Neighborhood Safety (1-10)"
      ],
      "optionA": {
        "trial_id": "15",
        "task_id": "41",
        "values": "160.0, 9.0",
        "target_value": 350
      },
      "optionB": {
        "trial_id": "11",
        "task_id": "41",
        "values": "130.0, 8.0",
        "target_value": 310
      },
      "choice": {
        "button": "F",
        "selected_option": "OptionA"
      }
    },
    {
      "question": 44,
      "target": "App Popularity",
      "target_value": 60,
      "options": [
        "App User Ratings (1-5)",
        "Number of Reviews"
      ],
      "optionA": {
        "trial_id": "7",
        "task_id": "42",
        "values": "4.0, 50.0",
        "target_value": 60
      },
      "optionB": {
        "trial_id": "10",
        "task_id": "42",
        "values": "3.0, 200.0",
        "target_value": 60
      },
      "choice": {
        "button": "J",
        "selected_option": "OptionB"
      }
    },
    {
      "question": 45,
      "target": "Performance Rating",
      "target_value": 8,
      "options": [
        "Computer Weight (kg)",
        "RAM (GB)"
      ],
      "optionA": {
        "trial_id": "12",
        "task_id": "34",
        "values": "1.5, 12.0",
        "target_value": 8
      },
      "optionB": {
        "trial_id": "7",
        "task_id": "34",
        "values": "2.0, 16.0",
        "target_value": 9
      },
      "choice": {
        "button": "J",
        "selected_option": "OptionB"
      }
    },
    {
      "question": 46,
      "target": "Photo Quality",
      "target_value": 10,
      "options": [
        "Phone Price",
        "Phone Camera Megapixels"
      ],
      "optionA": {
        "trial_id": "6",
        "task_id": "5",
        "values": "680.0, 18.0",
        "target_value": 10
      },
      "optionB": {
        "trial_id": "10",
        "task_id": "5",
        "values": "630.0, 16.0",
        "target_value": 9
      },
      "choice": {
        "button": "F",
        "selected_option": "OptionA"
      }
    },
    {
      "question": 47,
      "target": "Light amount",
      "target_value": 8,
      "options": [
        "Room size (m2)",
        "Number of windows"
      ],
      "optionA": {
        "trial_id": "13",
        "task_id": "85",
        "values": "25.0, 3.0",
        "target_value": 8
      },
      "optionB": {
        "trial_id": "11",
        "task_id": "85",
        "values": "18.0, 2.0",
        "target_value": 6
      },
      "choice": {
        "button": "F",
        "selected_option": "OptionA"
      }
    },
    {
      "question": 48,
      "target": "Bike Speed",
      "target_value": 25,
      "options": [
        "Bike Weight",
        "Bike Wheel Size"
      ],
      "optionA": {
        "trial_id": "12",
        "task_id": "107",
        "values": "14.0, 27.0",
        "target_value": 25
      },
      "optionB": {
        "trial_id": "2",
        "task_id": "107",
        "values": "12.0, 26.0",
        "target_value": 22
      },
      "choice": {
        "button": "J",
        "selected_option": "OptionB"
      }
    },
    {
      "question": 49,
      "target": "Energy Boost",
      "target_value": 6,
      "options": [
        "Coffee Caffeine Content",
        "Coffee Richness"
      ],
      "optionA": {
        "trial_id": "14",
        "task_id": "4",
        "values": "80.0, 3.0",
        "target_value": 6
      },
      "optionB": {
        "trial_id": "13",
        "task_id": "4",
        "values": "75.0, 2.0",
        "target_value": 5
      },
      "choice": {
        "button": "F",
        "selected_option": "OptionA"
      }
    },
    {
      "question": 50,
      "target": "Photo Quality",
      "target_value": 7,
      "options": [
        "Phone Price",
        "Phone Camera Megapixels"
      ],
      "optionA": {
        "trial_id": "3",
        "task_id": "5",
        "values": "500.0, 10.0",
        "target_value": 7
      },
      "optionB": {
        "trial_id": "10",
        "task_id": "5",
        "values": "630.0, 16.0",
        "target_value": 9
      },
      "choice": {
        "button": "J",
        "selected_option": "OptionB"
      }
    }
  ]
}