{
  "prolific_id": "UNKNOWN",
  "condition_group": "direction",
  "responses": [
    {
      "question": 1,
      "target": "Apartment price",
      "target_value": 1700,
      "options": [
        "Distance from city center",
        "Room size"
      ],
      "optionA": {
        "trial_id": "14",
        "task_id": "58",
        "values": "5.0, 70.0",
        "target_value": 1700
      },
      "optionB": {
        "trial_id": "9",
        "task_id": "58",
        "values": "5.0, 70.0",
        "target_value": 1700
      },
      "choice": {
        "button": "J",
        "selected_option": "OptionB"
      }
    },
    {
      "question": 2,
      "target": "Post reach",
      "target_value": 17000,
      "options": [
        "Number of followers",
        "Engagement rate (%)"
      ],
      "optionA": {
        "trial_id": "9",
        "task_id": "92",
        "values": "2000.0, 5.0",
        "target_value": 17000
      },
      "optionB": {
        "trial_id": "1",
        "task_id": "92",
        "values": "1000.0, 5.0",
        "target_value": 15000
      },
      "choice": {
        "button": "F",
        "selected_option": "OptionA"
      }
    },
    {
      "question": 3,
      "target": "Phone Performance",
      "target_value": 90,
      "options": [
        "Phone RAM",
        "Phone Storage"
      ],
      "optionA": {
        "trial_id": "5",
        "task_id": "86",
        "values": "8.0, 256.0",
        "target_value": 90
      },
      "optionB": {
        "trial_id": "13",
        "task_id": "86",
        "values": "32.0, 4096.0",
        "target_value": 130
      },
      "choice": {
        "button": "J",
        "selected_option": "OptionB"
      }
    },
    {
      "question": 4,
      "target": "Light Level",
      "target_value": 8,
      "options": [
        "Room Size (sq ft)",
        "Number of Windows"
      ],
      "optionA": {
        "trial_id": "16",
        "task_id": "35",
        "values": "220.0, 4.0",
        "target_value": 8
      },
      "optionB": {
        "trial_id": "20",
        "task_id": "35",
        "values": "210.0, 4.0",
        "target_value": 8
      },
      "choice": {
        "button": "J",
        "selected_option": "OptionB"
      }
    },
    {
      "question": 5,
      "target": "Value Score",
      "target_value": 80,
      "options": [
        "Price ($)",
        "Size (GB)"
      ],
      "optionA": {
        "trial_id": "3",
        "task_id": "99",
        "values": "60.0, 256.0",
        "target_value": 80
      },
      "optionB": {
        "trial_id": "15",
        "task_id": "99",
        "values": "40.0, 128.0",
        "target_value": 70
      },
      "choice": {
        "button": "F",
        "selected_option": "OptionA"
      }
    },
    {
      "question": 6,
      "target": "Book Reading Time",
      "target_value": 170,
      "options": [
        "Book Thickness",
        "Book Length"
      ],
      "optionA": {
        "trial_id": "16",
        "task_id": "102",
        "values": "600.0, 240.0",
        "target_value": 170
      },
      "optionB": {
        "trial_id": "16",
        "task_id": "102",
        "values": "600.0, 240.0",
        "target_value": 170
      },
      "choice": {
        "button": "J",
        "selected_option": "OptionB"
      }
    },
    {
      "question": 7,
      "target": "Energy Level",
      "target_value": 9,
      "options": [
        "Dog Size",
        "Exercise Needs"
      ],
      "optionA": {
        "trial_id": "9",
        "task_id": "88",
        "values": "50.0, 8.0",
        "target_value": 9
      },
      "optionB": {
        "trial_id": "14",
        "task_id": "88",
        "values": "45.0, 9.0",
        "target_value": 9
      },
      "choice": {
        "button": "J",
        "selected_option": "OptionB"
      }
    },
    {
      "question": 8,
      "target": "Taste Rating",
      "target_value": 7,
      "options": [
        "Number of Ingredients",
        "Cooking Time (minutes)"
      ],
      "optionA": {
        "trial_id": "9",
        "task_id": "14",
        "values": "5.0, 30.0",
        "target_value": 7
      },
      "optionB": {
        "trial_id": "9",
        "task_id": "14",
        "values": "5.0, 30.0",
        "target_value": 7
      },
      "choice": {
        "button": "J",
        "selected_option": "OptionB"
      }
    },
    {
      "question": 9,
      "target": "Satiety (on scale 1-10)",
      "target_value": 9,
      "options": [
        "Number of Calories",
        "Protein (g)"
      ],
      "optionA": {
        "trial_id": "9",
        "task_id": "16",
        "values": "350.0, 18.0",
        "target_value": 9
      },
      "optionB": {
        "trial_id": "6",
        "task_id": "16",
        "values": "500.0, 20.0",
        "target_value": 9
      },
      "choice": {
        "button": "J",
        "selected_option": "OptionB"
      }
    },
    {
      "question": "attention_check_9",
      "choice": "J",
      "passed": true,
      "timestamp": 1756154522396
    },
    {
      "question": 10,
      "target": "Fitness Level",
      "target_value": 6,
      "options": [
        "Exercise Time (min/day)",
        "Healthy Diet (%)"
      ],
      "optionA": {
        "trial_id": "4",
        "task_id": "46",
        "values": "35.0, 70.0",
        "target_value": 6
      },
      "optionB": {
        "trial_id": "8",
        "task_id": "46",
        "values": "40.0, 70.0",
        "target_value": 6
      },
      "choice": {
        "button": "J",
        "selected_option": "OptionB"
      }
    },
    {
      "question": 11,
      "target": "Muscle gain",
      "target_value": 1,
      "options": [
        "Minutes of exercise",
        "Protein intake"
      ],
      "optionA": {
        "trial_id": "17",
        "task_id": "59",
        "values": "25.0, 15.0",
        "target_value": 1
      },
      "optionB": {
        "trial_id": "15",
        "task_id": "59",
        "values": "30.0, 20.0",
        "target_value": 1.2
      },
      "choice": {
        "button": "J",
        "selected_option": "OptionB"
      }
    },
    {
      "question": 12,
      "target": "Exam score",
      "target_value": 82,
      "options": [
        "Study time (hours)",
        "Class attendance (%)"
      ],
      "optionA": {
        "trial_id": "5",
        "task_id": "91",
        "values": "6.0, 85.0",
        "target_value": 82
      },
      "optionB": {
        "trial_id": "19",
        "task_id": "91",
        "values": "7.0, 80.0",
        "target_value": 82
      },
      "choice": {
        "button": "J",
        "selected_option": "OptionB"
      }
    },
    {
      "question": 13,
      "target": "Social Engagement (on scale 1-10)",
      "target_value": 7,
      "options": [
        "Number of Friends",
        "Average Message Frequency"
      ],
      "optionA": {
        "trial_id": "6",
        "task_id": "21",
        "values": "160.0, 3.0",
        "target_value": 7
      },
      "optionB": {
        "trial_id": "17",
        "task_id": "21",
        "values": "140.0, 3.0",
        "target_value": 7
      },
      "choice": {
        "button": "F",
        "selected_option": "OptionA"
      }
    },
    {
      "question": 14,
      "target": "Phone Performance",
      "target_value": 130,
      "options": [
        "Phone RAM",
        "Phone Storage"
      ],
      "optionA": {
        "trial_id": "12",
        "task_id": "86",
        "values": "32.0, 4096.0",
        "target_value": 130
      },
      "optionB": {
        "trial_id": "16",
        "task_id": "86",
        "values": "128.0, 16384.0",
        "target_value": 150
      },
      "choice": {
        "button": "J",
        "selected_option": "OptionB"
      }
    },
    {
      "question": 15,
      "target": "Market value ($)",
      "target_value": 310000,
      "options": [
        "Number of bedrooms",
        "House size (sq ft)"
      ],
      "optionA": {
        "trial_id": "15",
        "task_id": "90",
        "values": "5.0, 1500.0",
        "target_value": 310000
      },
      "optionB": {
        "trial_id": "16",
        "task_id": "90",
        "values": "4.0, 1400.0",
        "target_value": 290000
      },
      "choice": {
        "button": "F",
        "selected_option": "OptionA"
      }
    },
    {
      "question": 16,
      "target": "Apartment price",
      "target_value": 1800,
      "options": [
        "Distance from city center",
        "Room size"
      ],
      "optionA": {
        "trial_id": "10",
        "task_id": "58",
        "values": "4.0, 80.0",
        "target_value": 1800
      },
      "optionB": {
        "trial_id": "10",
        "task_id": "58",
        "values": "4.0, 80.0",
        "target_value": 1800
      },
      "choice": {
        "button": "J",
        "selected_option": "OptionB"
      }
    },
    {
      "question": 17,
      "target": "Phone Performance",
      "target_value": 90,
      "options": [
        "Phone RAM",
        "Phone Screen Size"
      ],
      "optionA": {
        "trial_id": "17",
        "task_id": "103",
        "values": "8.0, 6.4",
        "target_value": 90
      },
      "optionB": {
        "trial_id": "10",
        "task_id": "103",
        "values": "4.0, 5.9",
        "target_value": 75
      },
      "choice": {
        "button": "F",
        "selected_option": "OptionA"
      }
    },
    {
      "question": 18,
      "target": "Fat Burn (in grams)",
      "target_value": 14,
      "options": [
        "Exercise Time (minutes)",
        "Heart Rate (bpm)"
      ],
      "optionA": {
        "trial_id": "2",
        "task_id": "20",
        "values": "40.0, 110.0",
        "target_value": 14
      },
      "optionB": {
        "trial_id": "18",
        "task_id": "20",
        "values": "60.0, 130.0",
        "target_value": 19
      },
      "choice": {
        "button": "J",
        "selected_option": "OptionB"
      }
    },
    {
      "question": 19,
      "target": "Growth Rate (cm/week)",
      "target_value": 4,
      "options": [
        "Plant Leaf Size",
        "Plant Water Usage"
      ],
      "optionA": {
        "trial_id": "7",
        "task_id": "83",
        "values": "14.0, 7.0",
        "target_value": 4
      },
      "optionB": {
        "trial_id": "17",
        "task_id": "83",
        "values": "10.0, 5.0",
        "target_value": 3
      },
      "choice": {
        "button": "F",
        "selected_option": "OptionA"
      }
    },
    {
      "question": "attention_check_19",
      "choice": "F",
      "passed": true,
      "timestamp": 1756154584395
    },
    {
      "question": 20,
      "target": "Distance Covered",
      "target_value": 48,
      "options": [
        "Bike Speed",
        "Bike Weight"
      ],
      "optionA": {
        "trial_id": "9",
        "task_id": "7",
        "values": "22.0, 9.0",
        "target_value": 48
      },
      "optionB": {
        "trial_id": "5",
        "task_id": "7",
        "values": "20.0, 8.0",
        "target_value": 45
      },
      "choice": {
        "button": "F",
        "selected_option": "OptionA"
      }
    },
    {
      "question": 21,
      "target": "Comfort Score",
      "target_value": 7,
      "options": [
        "Price ($)",
        "Size (sqft)"
      ],
      "optionA": {
        "trial_id": "16",
        "task_id": "44",
        "values": "260000.0, 140.0",
        "target_value": 7
      },
      "optionB": {
        "trial_id": "6",
        "task_id": "44",
        "values": "300000.0, 160.0",
        "target_value": 8
      },
      "choice": {
        "button": "J",
        "selected_option": "OptionB"
      }
    },
    {
      "question": 22,
      "target": "Fun Score",
      "target_value": 7,
      "options": [
        "Number of Players",
        "Game Length (min)"
      ],
      "optionA": {
        "trial_id": "16",
        "task_id": "98",
        "values": "5.0, 55.0",
        "target_value": 7
      },
      "optionB": {
        "trial_id": "18",
        "task_id": "98",
        "values": "7.0, 65.0",
        "target_value": 8
      },
      "choice": {
        "button": "J",
        "selected_option": "OptionB"
      }
    },
    {
      "question": 23,
      "target": "Plant Sunlight Needs",
      "target_value": 4,
      "options": [
        "Plant Height",
        "Plant Leaf Size"
      ],
      "optionA": {
        "trial_id": "20",
        "task_id": "2",
        "values": "130.0, 8.0",
        "target_value": 4
      },
      "optionB": {
        "trial_id": "2",
        "task_id": "2",
        "values": "140.0, 12.0",
        "target_value": 6
      },
      "choice": {
        "button": "J",
        "selected_option": "OptionB"
      }
    },
    {
      "question": 24,
      "target": "Comfort",
      "target_value": 60,
      "options": [
        "Shoe Weight",
        "Brand Reputation"
      ],
      "optionA": {
        "trial_id": "19",
        "task_id": "62",
        "values": "150.0, 2.0",
        "target_value": 60
      },
      "optionB": {
        "trial_id": "18",
        "task_id": "62",
        "values": "240.0, 7.0",
        "target_value": 85
      },
      "choice": {
        "button": "J",
        "selected_option": "OptionB"
      }
    },
    {
      "question": 25,
      "target": "Popularity Score",
      "target_value": 65,
      "options": [
        "Price ($)",
        "Rating (1-10)"
      ],
      "optionA": {
        "trial_id": "16",
        "task_id": "97",
        "values": "50.0, 8.0",
        "target_value": 65
      },
      "optionB": {
        "trial_id": "19",
        "task_id": "97",
        "values": "60.0, 5.0",
        "target_value": 60
      },
      "choice": {
        "button": "F",
        "selected_option": "OptionA"
      }
    },
    {
      "question": 26,
      "target": "Jump Height",
      "target_value": 93,
      "options": [
        "Height",
        "Arm Length"
      ],
      "optionA": {
        "trial_id": "6",
        "task_id": "115",
        "values": "200.0, 77.0",
        "target_value": 93
      },
      "optionB": {
        "trial_id": "10",
        "task_id": "115",
        "values": "210.0, 82.0",
        "target_value": 98
      },
      "choice": {
        "button": "J",
        "selected_option": "OptionB"
      }
    },
    {
      "question": 27,
      "target": "House Price (thousands)",
      "target_value": 300,
      "options": [
        "House Size (m\u00b2)",
        "House Distance to City (km)"
      ],
      "optionA": {
        "trial_id": "1",
        "task_id": "79",
        "values": "120.0, 5.0",
        "target_value": 300
      },
      "optionB": {
        "trial_id": "12",
        "task_id": "79",
        "values": "140.0, 10.0",
        "target_value": 340
      },
      "choice": {
        "button": "F",
        "selected_option": "OptionA"
      }
    },
    {
      "question": 28,
      "target": "Weight Loss",
      "target_value": 1,
      "options": [
        "Calories",
        "Exercise Time"
      ],
      "optionA": {
        "trial_id": "1",
        "task_id": "51",
        "values": "500.0, 30.0",
        "target_value": 1
      },
      "optionB": {
        "trial_id": "15",
        "task_id": "51",
        "values": "500.0, 50.0",
        "target_value": 1.5
      },
      "choice": {
        "button": "J",
        "selected_option": "OptionB"
      }
    },
    {
      "question": 29,
      "target": "Popularity Score",
      "target_value": 62,
      "options": [
        "Price ($)",
        "Rating (1-10)"
      ],
      "optionA": {
        "trial_id": "11",
        "task_id": "97",
        "values": "50.0, 6.0",
        "target_value": 62
      },
      "optionB": {
        "trial_id": "6",
        "task_id": "97",
        "values": "50.0, 8.0",
        "target_value": 73
      },
      "choice": {
        "button": "J",
        "selected_option": "OptionB"
      }
    },
    {
      "question": "attention_check_29",
      "choice": "J",
      "passed": true,
      "timestamp": 1756154664457
    },
    {
      "question": 30,
      "target": "Battery Life (hours)",
      "target_value": 9.9,
      "options": [
        "Phone Weight (g)",
        "Battery Capacity (mAh)"
      ],
      "optionA": {
        "trial_id": "18",
        "task_id": "30",
        "values": "145.0, 3700.0",
        "target_value": 9.9
      },
      "optionB": {
        "trial_id": "2",
        "task_id": "30",
        "values": "200.0, 3500.0",
        "target_value": 9
      },
      "choice": {
        "button": "F",
        "selected_option": "OptionA"
      }
    },
    {
      "question": 31,
      "target": "Battery Life (hours)",
      "target_value": 10.2,
      "options": [
        "Phone Weight (g)",
        "Battery Capacity (mAh)"
      ],
      "optionA": {
        "trial_id": "20",
        "task_id": "30",
        "values": "155.0, 3900.0",
        "target_value": 10.2
      },
      "optionB": {
        "trial_id": "10",
        "task_id": "30",
        "values": "150.0, 3800.0",
        "target_value": 10
      },
      "choice": {
        "button": "F",
        "selected_option": "OptionA"
      }
    },
    {
      "question": 32,
      "target": "Enjoyment Rating (1-10)",
      "target_value": 7,
      "options": [
        "Number of Pages",
        "Reading Time (minutes)"
      ],
      "optionA": {
        "trial_id": "13",
        "task_id": "10",
        "values": "320.0, 130.0",
        "target_value": 7
      },
      "optionB": {
        "trial_id": "4",
        "task_id": "10",
        "values": "350.0, 130.0",
        "target_value": 6
      },
      "choice": {
        "button": "F",
        "selected_option": "OptionA"
      }
    },
    {
      "question": 33,
      "target": "Book Reading Time",
      "target_value": 145,
      "options": [
        "Book Thickness",
        "Book Length"
      ],
      "optionA": {
        "trial_id": "12",
        "task_id": "102",
        "values": "550.0, 210.0",
        "target_value": 145
      },
      "optionB": {
        "trial_id": "6",
        "task_id": "102",
        "values": "600.0, 220.0",
        "target_value": 160
      },
      "choice": {
        "button": "J",
        "selected_option": "OptionB"
      }
    },
    {
      "question": 34,
      "target": "Book Reading Time",
      "target_value": 145,
      "options": [
        "Book Thickness",
        "Book Length"
      ],
      "optionA": {
        "trial_id": "12",
        "task_id": "102",
        "values": "550.0, 210.0",
        "target_value": 145
      },
      "optionB": {
        "trial_id": "16",
        "task_id": "102",
        "values": "600.0, 240.0",
        "target_value": 170
      },
      "choice": {
        "button": "J",
        "selected_option": "OptionB"
      }
    },
    {
      "question": 35,
      "target": "Enjoyment",
      "target_value": 9,
      "options": [
        "Taste rating",
        "Price"
      ],
      "optionA": {
        "trial_id": "3",
        "task_id": "26",
        "values": "7.0, 3.0",
        "target_value": 9
      },
      "optionB": {
        "trial_id": "6",
        "task_id": "26",
        "values": "6.0, 5.0",
        "target_value": 10
      },
      "choice": {
        "button": "F",
        "selected_option": "OptionA"
      }
    },
    {
      "question": 36,
      "target": "Enjoyment",
      "target_value": 10,
      "options": [
        "Coffee price",
        "Coffee acidity"
      ],
      "optionA": {
        "trial_id": "8",
        "task_id": "101",
        "values": "7.0, 8.0",
        "target_value": 10
      },
      "optionB": {
        "trial_id": "9",
        "task_id": "101",
        "values": "7.0, 8.0",
        "target_value": 10
      },
      "choice": {
        "button": "J",
        "selected_option": "OptionB"
      }
    },
    {
      "question": 37,
      "target": "Training Difficulty (1-10)",
      "target_value": 8,
      "options": [
        "Dog Size",
        "Dog Energy Level"
      ],
      "optionA": {
        "trial_id": "16",
        "task_id": "82",
        "values": "70.0, 9.0",
        "target_value": 8
      },
      "optionB": {
        "trial_id": "8",
        "task_id": "82",
        "values": "65.0, 8.0",
        "target_value": 7
      },
      "choice": {
        "button": "J",
        "selected_option": "OptionB"
      }
    },
    {
      "question": 38,
      "target": "Restaurant Customer Satisfaction",
      "target_value": 8.4,
      "options": [
        "Restaurant Menu Size",
        "Restaurant Price Rating"
      ],
      "optionA": {
        "trial_id": "8",
        "task_id": "25",
        "values": "24.0, 4.5",
        "target_value": 8.4
      },
      "optionB": {
        "trial_id": "11",
        "task_id": "25",
        "values": "24.0, 4.5",
        "target_value": 8.4
      },
      "choice": {
        "button": "J",
        "selected_option": "OptionB"
      }
    },
    {
      "question": 39,
      "target": "Knowledge Content",
      "target_value": 6,
      "options": [
        "Book Thickness",
        "Book Reading Level"
      ],
      "optionA": {
        "trial_id": "20",
        "task_id": "6",
        "values": "24.0, 4.0",
        "target_value": 6
      },
      "optionB": {
        "trial_id": "9",
        "task_id": "6",
        "values": "25.0, 3.0",
        "target_value": 5
      },
      "choice": {
        "button": "F",
        "selected_option": "OptionA"
      }
    },
    {
      "question": "attention_check_39",
      "choice": "F",
      "passed": true,
      "timestamp": 1756154723095
    },
    {
      "question": 40,
      "target": "Exam Score (out of 100)",
      "target_value": 75,
      "options": [
        "Time Spent Studying (hours)",
        "Number of Chapters Covered"
      ],
      "optionA": {
        "trial_id": "5",
        "task_id": "94",
        "values": "4.0, 5.0",
        "target_value": 75
      },
      "optionB": {
        "trial_id": "16",
        "task_id": "94",
        "values": "6.0, 6.0",
        "target_value": 80
      },
      "choice": {
        "button": "J",
        "selected_option": "OptionB"
      }
    },
    {
      "question": 41,
      "target": "Knowledge Content",
      "target_value": 6,
      "options": [
        "Book Thickness",
        "Book Reading Level"
      ],
      "optionA": {
        "trial_id": "20",
        "task_id": "6",
        "values": "24.0, 4.0",
        "target_value": 6
      },
      "optionB": {
        "trial_id": "4",
        "task_id": "6",
        "values": "38.0, 6.0",
        "target_value": 9
      },
      "choice": {
        "button": "J",
        "selected_option": "OptionB"
      }
    },
    {
      "question": 42,
      "target": "Recipe difficulty",
      "target_value": 6.5,
      "options": [
        "Number of ingredients",
        "Prep time (minutes)"
      ],
      "optionA": {
        "trial_id": "13",
        "task_id": "60",
        "values": "6.0, 18.0",
        "target_value": 6.5
      },
      "optionB": {
        "trial_id": "12",
        "task_id": "60",
        "values": "6.0, 20.0",
        "target_value": 7
      },
      "choice": {
        "button": "J",
        "selected_option": "OptionB"
      }
    },
    {
      "question": 43,
      "target": "Warmth Rating",
      "target_value": 3.5,
      "options": [
        "Shirt Weight (g)",
        "Fabric Thickness (mm)"
      ],
      "optionA": {
        "trial_id": "2",
        "task_id": "31",
        "values": "180.0, 1.2",
        "target_value": 3.5
      },
      "optionB": {
        "trial_id": "8",
        "task_id": "31",
        "values": "220.0, 1.8",
        "target_value": 5
      },
      "choice": {
        "button": "J",
        "selected_option": "OptionB"
      }
    },
    {
      "question": 44,
      "target": "Movie enjoyment",
      "target_value": 8.5,
      "options": [
        "Movie runtime",
        "Movie rating"
      ],
      "optionA": {
        "trial_id": "7",
        "task_id": "75",
        "values": "130.0, 8.0",
        "target_value": 8.5
      },
      "optionB": {
        "trial_id": "2",
        "task_id": "75",
        "values": "110.0, 7.0",
        "target_value": 7
      },
      "choice": {
        "button": "F",
        "selected_option": "OptionA"
      }
    },
    {
      "question": 45,
      "target": "Engagement rate (%)",
      "target_value": 5.5,
      "options": [
        "Number of followers",
        "Post quality score"
      ],
      "optionA": {
        "trial_id": "11",
        "task_id": "71",
        "values": "13000.0, 6.0",
        "target_value": 5.5
      },
      "optionB": {
        "trial_id": "14",
        "task_id": "71",
        "values": "14000.0, 6.0",
        "target_value": 6.1
      },
      "choice": {
        "button": "J",
        "selected_option": "OptionB"
      }
    },
    {
      "question": 46,
      "target": "Top Speed",
      "target_value": 165,
      "options": [
        "Car Engine Size",
        "Horsepower"
      ],
      "optionA": {
        "trial_id": "17",
        "task_id": "36",
        "values": "3.2, 260.0",
        "target_value": 165
      },
      "optionB": {
        "trial_id": "12",
        "task_id": "36",
        "values": "2.5, 220.0",
        "target_value": 140
      },
      "choice": {
        "button": "J",
        "selected_option": "OptionB"
      }
    },
    {
      "question": 47,
      "target": "Time to destination (hours)",
      "target_value": 0.38,
      "options": [
        "Distance (miles)",
        "Speed (mph)"
      ],
      "optionA": {
        "trial_id": "11",
        "task_id": "118",
        "values": "20.0, 55.0",
        "target_value": 0.38
      },
      "optionB": {
        "trial_id": "18",
        "task_id": "118",
        "values": "28.0, 75.0",
        "target_value": 0.42
      },
      "choice": {
        "button": "J",
        "selected_option": "OptionB"
      }
    },
    {
      "question": 48,
      "target": "Fitness Level",
      "target_value": 7,
      "options": [
        "Exercise Time (min/day)",
        "Healthy Diet (%)"
      ],
      "optionA": {
        "trial_id": "5",
        "task_id": "46",
        "values": "25.0, 80.0",
        "target_value": 7
      },
      "optionB": {
        "trial_id": "7",
        "task_id": "46",
        "values": "35.0, 75.0",
        "target_value": 7
      },
      "choice": {
        "button": "J",
        "selected_option": "OptionB"
      }
    },
    {
      "question": 49,
      "target": "Light Level",
      "target_value": 6,
      "options": [
        "Room Size (sq ft)",
        "Number of Windows"
      ],
      "optionA": {
        "trial_id": "18",
        "task_id": "35",
        "values": "180.0, 3.0",
        "target_value": 6
      },
      "optionB": {
        "trial_id": "4",
        "task_id": "35",
        "values": "170.0, 3.0",
        "target_value": 7
      },
      "choice": {
        "button": "J",
        "selected_option": "OptionB"
      }
    },
    {
      "question": 50,
      "target": "Performance",
      "target_value": 8.2,
      "options": [
        "Skill Level",
        "Practice Time"
      ],
      "optionA": {
        "trial_id": "2",
        "task_id": "100",
        "values": "6.0, 15.0",
        "target_value": 8.2
      },
      "optionB": {
        "trial_id": "19",
        "task_id": "100",
        "values": "6.0, 16.0",
        "target_value": 8.1
      },
      "choice": {
        "button": "J",
        "selected_option": "OptionB"
      }
    }
  ]
}