{
  "prolific_id": "UNKNOWN",
  "condition_group": "direction",
  "responses": [
    {
      "question": 1,
      "target": "Taste Rating (1-10)",
      "target_value": 7,
      "options": [
        "Time Spent Cooking (min)",
        "Number of Ingredients"
      ],
      "optionA": {
        "trial_id": "12",
        "task_id": "93",
        "values": "40.0, 5.0",
        "target_value": 7
      },
      "optionB": {
        "trial_id": "19",
        "task_id": "93",
        "values": "25.0, 5.0",
        "target_value": 6
      },
      "choice": {
        "button": "F",
        "selected_option": "OptionA"
      }
    },
    {
      "question": 2,
      "target": "Restaurant Customer Satisfaction",
      "target_value": 8.4,
      "options": [
        "Restaurant Menu Size",
        "Restaurant Price Rating"
      ],
      "optionA": {
        "trial_id": "6",
        "task_id": "25",
        "values": "20.0, 4.6",
        "target_value": 8.4
      },
      "optionB": {
        "trial_id": "13",
        "task_id": "25",
        "values": "23.0, 4.6",
        "target_value": 8.5
      },
      "choice": {
        "button": "J",
        "selected_option": "OptionB"
      }
    },
    {
      "question": 3,
      "target": "Battery Life",
      "target_value": 10,
      "options": [
        "Battery Capacity",
        "Weight"
      ],
      "optionA": {
        "trial_id": "8",
        "task_id": "114",
        "values": "2500.0, 180.0",
        "target_value": 10
      },
      "optionB": {
        "trial_id": "9",
        "task_id": "114",
        "values": "4500.0, 270.0",
        "target_value": 16
      },
      "choice": {
        "button": "J",
        "selected_option": "OptionB"
      }
    },
    {
      "question": 4,
      "target": "Enjoyment",
      "target_value": 2,
      "options": [
        "Coffee price",
        "Coffee acidity"
      ],
      "optionA": {
        "trial_id": "19",
        "task_id": "101",
        "values": "0.3, 0.5",
        "target_value": 2
      },
      "optionB": {
        "trial_id": "13",
        "task_id": "101",
        "values": "2.0, 3.0",
        "target_value": 5
      },
      "choice": {
        "button": "J",
        "selected_option": "OptionB"
      }
    },
    {
      "question": 5,
      "target": "Weight loss",
      "target_value": 1.5,
      "options": [
        "Exercise duration",
        "Intensity level"
      ],
      "optionA": {
        "trial_id": "1",
        "task_id": "67",
        "values": "30.0, 5.0",
        "target_value": 1.5
      },
      "optionB": {
        "trial_id": "4",
        "task_id": "67",
        "values": "30.0, 5.0",
        "target_value": 1.5
      },
      "choice": {
        "button": "F",
        "selected_option": "OptionA"
      }
    },
    {
      "question": 6,
      "target": "Weight Loss",
      "target_value": 2,
      "options": [
        "Calories",
        "Exercise Time"
      ],
      "optionA": {
        "trial_id": "12",
        "task_id": "51",
        "values": "700.0, 40.0",
        "target_value": 2
      },
      "optionB": {
        "trial_id": "1",
        "task_id": "51",
        "values": "500.0, 30.0",
        "target_value": 1
      },
      "choice": {
        "button": "F",
        "selected_option": "OptionA"
      }
    },
    {
      "question": 7,
      "target": "Physical strength",
      "target_value": 66,
      "options": [
        "Height (cm)",
        "Weight (kg)"
      ],
      "optionA": {
        "trial_id": "17",
        "task_id": "84",
        "values": "165.0, 68.0",
        "target_value": 66
      },
      "optionB": {
        "trial_id": "2",
        "task_id": "84",
        "values": "170.0, 80.0",
        "target_value": 75
      },
      "choice": {
        "button": "J",
        "selected_option": "OptionB"
      }
    },
    {
      "question": 8,
      "target": "Plant Sunlight Needs",
      "target_value": 3,
      "options": [
        "Plant Height",
        "Plant Leaf Size"
      ],
      "optionA": {
        "trial_id": "19",
        "task_id": "2",
        "values": "120.0, 6.0",
        "target_value": 3
      },
      "optionB": {
        "trial_id": "19",
        "task_id": "2",
        "values": "120.0, 6.0",
        "target_value": 3
      },
      "choice": {
        "button": "F",
        "selected_option": "OptionA"
      }
    },
    {
      "question": 9,
      "target": "Deliciousness",
      "target_value": 60,
      "options": [
        "Cooking time",
        "Ingredients count"
      ],
      "optionA": {
        "trial_id": "11",
        "task_id": "27",
        "values": "50.0, 5.0",
        "target_value": 60
      },
      "optionB": {
        "trial_id": "8",
        "task_id": "27",
        "values": "15.0, 4.0",
        "target_value": 55
      },
      "choice": {
        "button": "F",
        "selected_option": "OptionA"
      }
    },
    {
      "question": "attention_check_9",
      "choice": "J",
      "passed": true,
      "timestamp": 1756720866304
    },
    {
      "question": 10,
      "target": "Growth speed",
      "target_value": 3.6,
      "options": [
        "Plant height cm",
        "Plant leaf count"
      ],
      "optionA": {
        "trial_id": "10",
        "task_id": "74",
        "values": "25.0, 9.0",
        "target_value": 3.6
      },
      "optionB": {
        "trial_id": "3",
        "task_id": "74",
        "values": "25.0, 8.0",
        "target_value": 3.5
      },
      "choice": {
        "button": "J",
        "selected_option": "OptionB"
      }
    },
    {
      "question": 11,
      "target": "Warmth Rating",
      "target_value": 3,
      "options": [
        "Shirt Weight (g)",
        "Fabric Thickness (mm)"
      ],
      "optionA": {
        "trial_id": "14",
        "task_id": "31",
        "values": "150.0, 1.0",
        "target_value": 3
      },
      "optionB": {
        "trial_id": "2",
        "task_id": "31",
        "values": "180.0, 1.2",
        "target_value": 3.5
      },
      "choice": {
        "button": "J",
        "selected_option": "OptionB"
      }
    },
    {
      "question": 12,
      "target": "Battery life hours",
      "target_value": 10,
      "options": [
        "Phone battery capacity",
        "Phone weight"
      ],
      "optionA": {
        "trial_id": "3",
        "task_id": "73",
        "values": "2500.0, 170.0",
        "target_value": 10
      },
      "optionB": {
        "trial_id": "1",
        "task_id": "73",
        "values": "3000.0, 180.0",
        "target_value": 12
      },
      "choice": {
        "button": "J",
        "selected_option": "OptionB"
      }
    },
    {
      "question": 13,
      "target": "Enjoyment",
      "target_value": 9,
      "options": [
        "Coffee price",
        "Coffee acidity"
      ],
      "optionA": {
        "trial_id": "7",
        "task_id": "101",
        "values": "6.0, 7.0",
        "target_value": 9
      },
      "optionB": {
        "trial_id": "6",
        "task_id": "101",
        "values": "6.0, 7.0",
        "target_value": 9
      },
      "choice": {
        "button": "F",
        "selected_option": "OptionA"
      }
    },
    {
      "question": 14,
      "target": "Natural Light (on scale 1-10)",
      "target_value": 6,
      "options": [
        "Room Area (m2)",
        "Number of Windows"
      ],
      "optionA": {
        "trial_id": "2",
        "task_id": "15",
        "values": "25.0, 2.0",
        "target_value": 6
      },
      "optionB": {
        "trial_id": "1",
        "task_id": "15",
        "values": "20.0, 3.0",
        "target_value": 7
      },
      "choice": {
        "button": "J",
        "selected_option": "OptionB"
      }
    },
    {
      "question": 15,
      "target": "Popularity Score",
      "target_value": 120,
      "options": [
        "Number of Likes",
        "Number of Comments"
      ],
      "optionA": {
        "trial_id": "6",
        "task_id": "50",
        "values": "100.0, 20.0",
        "target_value": 120
      },
      "optionB": {
        "trial_id": "15",
        "task_id": "50",
        "values": "90.0, 18.0",
        "target_value": 108
      },
      "choice": {
        "button": "F",
        "selected_option": "OptionA"
      }
    },
    {
      "question": 16,
      "target": "Doneness",
      "target_value": 70,
      "options": [
        "Cooking Time",
        "Size"
      ],
      "optionA": {
        "trial_id": "1",
        "task_id": "116",
        "values": "30.0, 200.0",
        "target_value": 70
      },
      "optionB": {
        "trial_id": "5",
        "task_id": "116",
        "values": "35.0, 240.0",
        "target_value": 80
      },
      "choice": {
        "button": "J",
        "selected_option": "OptionB"
      }
    },
    {
      "question": 17,
      "target": "Reading time",
      "target_value": 5,
      "options": [
        "Book pages",
        "Book chapters"
      ],
      "optionA": {
        "trial_id": "19",
        "task_id": "72",
        "values": "260.0, 13.0",
        "target_value": 5
      },
      "optionB": {
        "trial_id": "7",
        "task_id": "72",
        "values": "200.0, 10.0",
        "target_value": 4
      },
      "choice": {
        "button": "J",
        "selected_option": "OptionB"
      }
    },
    {
      "question": 18,
      "target": "Taste Rating",
      "target_value": 7,
      "options": [
        "Number of Ingredients",
        "Cooking Time (minutes)"
      ],
      "optionA": {
        "trial_id": "10",
        "task_id": "14",
        "values": "6.0, 28.0",
        "target_value": 7
      },
      "optionB": {
        "trial_id": "6",
        "task_id": "14",
        "values": "7.0, 30.0",
        "target_value": 8
      },
      "choice": {
        "button": "J",
        "selected_option": "OptionB"
      }
    },
    {
      "question": 19,
      "target": "Fun Score",
      "target_value": 6,
      "options": [
        "Number of Players",
        "Game Length (min)"
      ],
      "optionA": {
        "trial_id": "12",
        "task_id": "98",
        "values": "4.0, 45.0",
        "target_value": 6
      },
      "optionB": {
        "trial_id": "14",
        "task_id": "98",
        "values": "6.0, 60.0",
        "target_value": 7
      },
      "choice": {
        "button": "J",
        "selected_option": "OptionB"
      }
    },
    {
      "question": "attention_check_19",
      "choice": "F",
      "passed": true,
      "timestamp": 1756720968697
    },
    {
      "question": 20,
      "target": "Fuel Consumption (L/100km)",
      "target_value": 8,
      "options": [
        "Engine Size (cc)",
        "Weight (kg)"
      ],
      "optionA": {
        "trial_id": "4",
        "task_id": "11",
        "values": "2100.0, 1300.0",
        "target_value": 8
      },
      "optionB": {
        "trial_id": "15",
        "task_id": "11",
        "values": "2300.0, 1400.0",
        "target_value": 9
      },
      "choice": {
        "button": "J",
        "selected_option": "OptionB"
      }
    },
    {
      "question": 21,
      "target": "Restaurant Customer Satisfaction",
      "target_value": 8.9,
      "options": [
        "Restaurant Menu Size",
        "Restaurant Online Rating"
      ],
      "optionA": {
        "trial_id": "12",
        "task_id": "24",
        "values": "20.0, 4.8",
        "target_value": 8.9
      },
      "optionB": {
        "trial_id": "17",
        "task_id": "24",
        "values": "23.0, 4.8",
        "target_value": 8.9
      },
      "choice": {
        "button": "J",
        "selected_option": "OptionB"
      }
    },
    {
      "question": 22,
      "target": "Fun Score",
      "target_value": 8,
      "options": [
        "Number of Players",
        "Game Length (min)"
      ],
      "optionA": {
        "trial_id": "10",
        "task_id": "98",
        "values": "7.0, 60.0",
        "target_value": 8
      },
      "optionB": {
        "trial_id": "19",
        "task_id": "98",
        "values": "3.0, 45.0",
        "target_value": 6
      },
      "choice": {
        "button": "F",
        "selected_option": "OptionA"
      }
    },
    {
      "question": 23,
      "target": "Distance Covered",
      "target_value": 57,
      "options": [
        "Bike Speed",
        "Bike Weight"
      ],
      "optionA": {
        "trial_id": "16",
        "task_id": "7",
        "values": "24.0, 13.0",
        "target_value": 57
      },
      "optionB": {
        "trial_id": "2",
        "task_id": "7",
        "values": "24.0, 11.0",
        "target_value": 52
      },
      "choice": {
        "button": "J",
        "selected_option": "OptionB"
      }
    },
    {
      "question": 24,
      "target": "Exercise Intensity",
      "target_value": 5,
      "options": [
        "Time to Walk (min)",
        "Number of Steps"
      ],
      "optionA": {
        "trial_id": "13",
        "task_id": "95",
        "values": "11.0, 1000.0",
        "target_value": 5
      },
      "optionB": {
        "trial_id": "5",
        "task_id": "95",
        "values": "12.0, 1200.0",
        "target_value": 6
      },
      "choice": {
        "button": "J",
        "selected_option": "OptionB"
      }
    },
    {
      "question": 25,
      "target": "Physical strength",
      "target_value": 65,
      "options": [
        "Height (cm)",
        "Weight (kg)"
      ],
      "optionA": {
        "trial_id": "3",
        "task_id": "84",
        "values": "160.0, 65.0",
        "target_value": 65
      },
      "optionB": {
        "trial_id": "6",
        "task_id": "84",
        "values": "185.0, 90.0",
        "target_value": 88
      },
      "choice": {
        "button": "J",
        "selected_option": "OptionB"
      }
    },
    {
      "question": 26,
      "target": "Fuel Consumption (L/100km)",
      "target_value": 8,
      "options": [
        "Engine Size (cc)",
        "Weight (kg)"
      ],
      "optionA": {
        "trial_id": "6",
        "task_id": "11",
        "values": "1900.0, 1200.0",
        "target_value": 8
      },
      "optionB": {
        "trial_id": "3",
        "task_id": "11",
        "values": "2200.0, 1400.0",
        "target_value": 9
      },
      "choice": {
        "button": "J",
        "selected_option": "OptionB"
      }
    },
    {
      "question": 27,
      "target": "Popularity Score",
      "target_value": 65,
      "options": [
        "Price ($)",
        "Rating (1-10)"
      ],
      "optionA": {
        "trial_id": "16",
        "task_id": "97",
        "values": "50.0, 8.0",
        "target_value": 65
      },
      "optionB": {
        "trial_id": "1",
        "task_id": "97",
        "values": "50.0, 7.0",
        "target_value": 60
      },
      "choice": {
        "button": "F",
        "selected_option": "OptionA"
      }
    },
    {
      "question": 28,
      "target": "Exam Score (%)",
      "target_value": 80,
      "options": [
        "Study Time (hours)",
        "Previous Score (%)"
      ],
      "optionA": {
        "trial_id": "2",
        "task_id": "76",
        "values": "3.0, 80.0",
        "target_value": 80
      },
      "optionB": {
        "trial_id": "2",
        "task_id": "76",
        "values": "3.0, 80.0",
        "target_value": 80
      },
      "choice": {
        "button": "F",
        "selected_option": "OptionA"
      }
    },
    {
      "question": 29,
      "target": "Comfort Score",
      "target_value": 9,
      "options": [
        "Price ($)",
        "Size (sqft)"
      ],
      "optionA": {
        "trial_id": "20",
        "task_id": "44",
        "values": "330000.0, 190.0",
        "target_value": 9
      },
      "optionB": {
        "trial_id": "12",
        "task_id": "44",
        "values": "340000.0, 180.0",
        "target_value": 9
      },
      "choice": {
        "button": "F",
        "selected_option": "OptionA"
      }
    },
    {
      "question": "attention_check_29",
      "choice": "J",
      "passed": true,
      "timestamp": 1756721060739
    },
    {
      "question": 30,
      "target": "Bike Speed",
      "target_value": 110,
      "options": [
        "Bike Weight",
        "Bike Power"
      ],
      "optionA": {
        "trial_id": "16",
        "task_id": "87",
        "values": "26.0, 550.0",
        "target_value": 110
      },
      "optionB": {
        "trial_id": "20",
        "task_id": "87",
        "values": "30.0, 650.0",
        "target_value": 130
      },
      "choice": {
        "button": "J",
        "selected_option": "OptionB"
      }
    },
    {
      "question": 31,
      "target": "Performance",
      "target_value": 8.2,
      "options": [
        "Skill Level",
        "Practice Time"
      ],
      "optionA": {
        "trial_id": "13",
        "task_id": "100",
        "values": "8.0, 10.0",
        "target_value": 8.2
      },
      "optionB": {
        "trial_id": "5",
        "task_id": "100",
        "values": "8.0, 8.0",
        "target_value": 8.1
      },
      "choice": {
        "button": "F",
        "selected_option": "OptionA"
      }
    },
    {
      "question": 32,
      "target": "Enjoyment",
      "target_value": 12,
      "options": [
        "Taste rating",
        "Price"
      ],
      "optionA": {
        "trial_id": "10",
        "task_id": "26",
        "values": "7.0, 6.0",
        "target_value": 12
      },
      "optionB": {
        "trial_id": "11",
        "task_id": "26",
        "values": "5.0, 1.0",
        "target_value": 5
      },
      "choice": {
        "button": "J",
        "selected_option": "OptionB"
      }
    },
    {
      "question": 33,
      "target": "Energy Level",
      "target_value": 8,
      "options": [
        "Hours of Sleep",
        "Caffeine Intake (mg)"
      ],
      "optionA": {
        "trial_id": "9",
        "task_id": "45",
        "values": "8.0, 70.0",
        "target_value": 8
      },
      "optionB": {
        "trial_id": "14",
        "task_id": "45",
        "values": "7.0, 30.0",
        "target_value": 5
      },
      "choice": {
        "button": "F",
        "selected_option": "OptionA"
      }
    },
    {
      "question": 34,
      "target": "Muscle gain",
      "target_value": 1,
      "options": [
        "Minutes of exercise",
        "Protein intake"
      ],
      "optionA": {
        "trial_id": "11",
        "task_id": "59",
        "values": "25.0, 15.0",
        "target_value": 1
      },
      "optionB": {
        "trial_id": "9",
        "task_id": "59",
        "values": "35.0, 20.0",
        "target_value": 1.3
      },
      "choice": {
        "button": "J",
        "selected_option": "OptionB"
      }
    },
    {
      "question": 35,
      "target": "Plant Sunlight Needs",
      "target_value": 4,
      "options": [
        "Plant Height",
        "Plant Leaf Size"
      ],
      "optionA": {
        "trial_id": "6",
        "task_id": "2",
        "values": "110.0, 8.0",
        "target_value": 4
      },
      "optionB": {
        "trial_id": "20",
        "task_id": "2",
        "values": "130.0, 8.0",
        "target_value": 4
      },
      "choice": {
        "button": "J",
        "selected_option": "OptionB"
      }
    },
    {
      "question": 36,
      "target": "Enjoyment Score",
      "target_value": 7.5,
      "options": [
        "Book Length (pages)",
        "Author Fame (1-10)"
      ],
      "optionA": {
        "trial_id": "18",
        "task_id": "29",
        "values": "250.0, 6.0",
        "target_value": 7.5
      },
      "optionB": {
        "trial_id": "11",
        "task_id": "29",
        "values": "300.0, 8.0",
        "target_value": 8.5
      },
      "choice": {
        "button": "J",
        "selected_option": "OptionB"
      }
    },
    {
      "question": 37,
      "target": "Job Success",
      "target_value": 90,
      "options": [
        "Age",
        "Experience"
      ],
      "optionA": {
        "trial_id": "10",
        "task_id": "117",
        "values": "45.0, 11.0",
        "target_value": 90
      },
      "optionB": {
        "trial_id": "5",
        "task_id": "117",
        "values": "35.0, 8.0",
        "target_value": 80
      },
      "choice": {
        "button": "F",
        "selected_option": "OptionA"
      }
    },
    {
      "question": 38,
      "target": "Dog Energy Level",
      "target_value": 8,
      "options": [
        "Dog Weight",
        "Dog Activity Level"
      ],
      "optionA": {
        "trial_id": "17",
        "task_id": "105",
        "values": "26.0, 5.0",
        "target_value": 8
      },
      "optionB": {
        "trial_id": "9",
        "task_id": "105",
        "values": "28.0, 5.0",
        "target_value": 8
      },
      "choice": {
        "button": "F",
        "selected_option": "OptionA"
      }
    },
    {
      "question": 39,
      "target": "Satiety (on scale 1-10)",
      "target_value": 7,
      "options": [
        "Number of Calories",
        "Protein (g)"
      ],
      "optionA": {
        "trial_id": "7",
        "task_id": "16",
        "values": "250.0, 14.0",
        "target_value": 7
      },
      "optionB": {
        "trial_id": "4",
        "task_id": "16",
        "values": "400.0, 18.0",
        "target_value": 9
      },
      "choice": {
        "button": "F",
        "selected_option": "OptionA"
      }
    },
    {
      "question": "attention_check_39",
      "choice": "F",
      "passed": true,
      "timestamp": 1756721168831
    },
    {
      "question": 40,
      "target": "Taste Rating",
      "target_value": 8,
      "options": [
        "Number of Ingredients",
        "Cooking Time (minutes)"
      ],
      "optionA": {
        "trial_id": "6",
        "task_id": "14",
        "values": "7.0, 30.0",
        "target_value": 8
      },
      "optionB": {
        "trial_id": "5",
        "task_id": "14",
        "values": "6.0, 35.0",
        "target_value": 8
      },
      "choice": {
        "button": "J",
        "selected_option": "OptionB"
      }
    },
    {
      "question": 41,
      "target": "Recipe Complexity",
      "target_value": 8,
      "options": [
        "Recipe Servings",
        "Recipe Ingredients"
      ],
      "optionA": {
        "trial_id": "20",
        "task_id": "106",
        "values": "7.0, 12.0",
        "target_value": 8
      },
      "optionB": {
        "trial_id": "12",
        "task_id": "106",
        "values": "6.0, 11.0",
        "target_value": 7
      },
      "choice": {
        "button": "F",
        "selected_option": "OptionA"
      }
    },
    {
      "question": 42,
      "target": "Performance Quality (on scale 1-10)",
      "target_value": 8,
      "options": [
        "Hours of Practice",
        "Musical Experience (years)"
      ],
      "optionA": {
        "trial_id": "14",
        "task_id": "17",
        "values": "110.0, 3.0",
        "target_value": 8
      },
      "optionB": {
        "trial_id": "13",
        "task_id": "17",
        "values": "100.0, 4.0",
        "target_value": 9
      },
      "choice": {
        "button": "J",
        "selected_option": "OptionB"
      }
    },
    {
      "question": 43,
      "target": "Restaurant Customer Satisfaction",
      "target_value": 8.8,
      "options": [
        "Restaurant Menu Size",
        "Restaurant Online Rating"
      ],
      "optionA": {
        "trial_id": "15",
        "task_id": "24",
        "values": "20.0, 4.7",
        "target_value": 8.8
      },
      "optionB": {
        "trial_id": "1",
        "task_id": "24",
        "values": "20.0, 4.6",
        "target_value": 8.8
      },
      "choice": {
        "button": "F",
        "selected_option": "OptionA"
      }
    },
    {
      "question": 44,
      "target": "App Popularity",
      "target_value": 65,
      "options": [
        "App User Ratings (1-5)",
        "Number of Reviews"
      ],
      "optionA": {
        "trial_id": "17",
        "task_id": "42",
        "values": "4.0, 80.0",
        "target_value": 65
      },
      "optionB": {
        "trial_id": "16",
        "task_id": "42",
        "values": "4.0, 400.0",
        "target_value": 96
      },
      "choice": {
        "button": "J",
        "selected_option": "OptionB"
      }
    },
    {
      "question": 45,
      "target": "Speed (km/h)",
      "target_value": 190,
      "options": [
        "Engine Horsepower",
        "Weight (kg)"
      ],
      "optionA": {
        "trial_id": "3",
        "task_id": "47",
        "values": "200.0, 1400.0",
        "target_value": 190
      },
      "optionB": {
        "trial_id": "20",
        "task_id": "47",
        "values": "260.0, 1750.0",
        "target_value": 207
      },
      "choice": {
        "button": "J",
        "selected_option": "OptionB"
      }
    },
    {
      "question": 46,
      "target": "Growth Rate",
      "target_value": 2,
      "options": [
        "Plant Leaf Size",
        "Plant Height"
      ],
      "optionA": {
        "trial_id": "20",
        "task_id": "65",
        "values": "8.0, 40.0",
        "target_value": 2
      },
      "optionB": {
        "trial_id": "19",
        "task_id": "65",
        "values": "6.0, 30.0",
        "target_value": 1
      },
      "choice": {
        "button": "F",
        "selected_option": "OptionA"
      }
    },
    {
      "question": 47,
      "target": "Room Area (m\u00b2)",
      "target_value": 20,
      "options": [
        "Room Length (m)",
        "Room Width (m)"
      ],
      "optionA": {
        "trial_id": "16",
        "task_id": "89",
        "values": "4.0, 5.0",
        "target_value": 20
      },
      "optionB": {
        "trial_id": "12",
        "task_id": "89",
        "values": "5.0, 5.0",
        "target_value": 25
      },
      "choice": {
        "button": "J",
        "selected_option": "OptionB"
      }
    },
    {
      "question": 48,
      "target": "Distance Covered",
      "target_value": 52,
      "options": [
        "Bike Speed",
        "Bike Weight"
      ],
      "optionA": {
        "trial_id": "2",
        "task_id": "7",
        "values": "24.0, 11.0",
        "target_value": 52
      },
      "optionB": {
        "trial_id": "20",
        "task_id": "7",
        "values": "21.0, 12.0",
        "target_value": 53
      },
      "choice": {
        "button": "F",
        "selected_option": "OptionA"
      }
    },
    {
      "question": 49,
      "target": "Top Speed",
      "target_value": 190,
      "options": [
        "Engine Size",
        "Horsepower"
      ],
      "optionA": {
        "trial_id": "6",
        "task_id": "113",
        "values": "3.5, 180.0",
        "target_value": 190
      },
      "optionB": {
        "trial_id": "9",
        "task_id": "113",
        "values": "3.5, 190.0",
        "target_value": 195
      },
      "choice": {
        "button": "J",
        "selected_option": "OptionB"
      }
    },
    {
      "question": 50,
      "target": "Phone Battery Life",
      "target_value": 28,
      "options": [
        "Phone Battery Capacity",
        "Phone Weight"
      ],
      "optionA": {
        "trial_id": "2",
        "task_id": "108",
        "values": "3500.0, 190.0",
        "target_value": 28
      },
      "optionB": {
        "trial_id": "6",
        "task_id": "108",
        "values": "4500.0, 210.0",
        "target_value": 33
      },
      "choice": {
        "button": "J",
        "selected_option": "OptionB"
      }
    }
  ]
}