{
  "prolific_id": "UNKNOWN",
  "condition_group": "direction",
  "responses": [
    {
      "question": 1,
      "target": "Natural Light",
      "target_value": 6,
      "options": [
        "Room Size",
        "Number of Windows"
      ],
      "optionA": {
        "trial_id": "17",
        "task_id": "53",
        "values": "190.0, 3.0",
        "target_value": 6
      },
      "optionB": {
        "trial_id": "8",
        "task_id": "53",
        "values": "190.0, 2.0",
        "target_value": 5
      },
      "choice": {
        "button": "F",
        "selected_option": "OptionA"
      }
    },
    {
      "question": 2,
      "target": "Tea Strength (1-10)",
      "target_value": 7,
      "options": [
        "Tea Leaf Quality (1-10)",
        "Tea Steeping Time (minutes)"
      ],
      "optionA": {
        "trial_id": "20",
        "task_id": "80",
        "values": "8.0, 4.0",
        "target_value": 7
      },
      "optionB": {
        "trial_id": "17",
        "task_id": "80",
        "values": "7.0, 3.0",
        "target_value": 6
      },
      "choice": {
        "button": "J",
        "selected_option": "OptionB"
      }
    },
    {
      "question": 3,
      "target": "Performance Score (1-100)",
      "target_value": 80,
      "options": [
        "Hours of Practice",
        "Number of Lessons"
      ],
      "optionA": {
        "trial_id": "3",
        "task_id": "57",
        "values": "20.0, 8.0",
        "target_value": 80
      },
      "optionB": {
        "trial_id": "1",
        "task_id": "57",
        "values": "10.0, 5.0",
        "target_value": 70
      },
      "choice": {
        "button": "F",
        "selected_option": "OptionA"
      }
    },
    {
      "question": 4,
      "target": "Fuel Consumption (L)",
      "target_value": 800,
      "options": [
        "Flight Duration (hours)",
        "Distance (km)"
      ],
      "optionA": {
        "trial_id": "18",
        "task_id": "33",
        "values": "3.2, 800.0",
        "target_value": 800
      },
      "optionB": {
        "trial_id": "6",
        "task_id": "33",
        "values": "2.0, 600.0",
        "target_value": 600
      },
      "choice": {
        "button": "F",
        "selected_option": "OptionA"
      }
    },
    {
      "question": 5,
      "target": "Engagement rate (%)",
      "target_value": 5.8,
      "options": [
        "Number of followers",
        "Post quality score"
      ],
      "optionA": {
        "trial_id": "5",
        "task_id": "71",
        "values": "8000.0, 8.0",
        "target_value": 5.8
      },
      "optionB": {
        "trial_id": "14",
        "task_id": "71",
        "values": "14000.0, 6.0",
        "target_value": 6.1
      },
      "choice": {
        "button": "F",
        "selected_option": "OptionA"
      }
    },
    {
      "question": 6,
      "target": "Restaurant Customer Satisfaction",
      "target_value": 8.6,
      "options": [
        "Restaurant Menu Size",
        "Restaurant Price Rating"
      ],
      "optionA": {
        "trial_id": "15",
        "task_id": "25",
        "values": "22.0, 4.7",
        "target_value": 8.6
      },
      "optionB": {
        "trial_id": "11",
        "task_id": "25",
        "values": "24.0, 4.5",
        "target_value": 8.4
      },
      "choice": {
        "button": "F",
        "selected_option": "OptionA"
      }
    },
    {
      "question": 7,
      "target": "Popularity Score",
      "target_value": 204,
      "options": [
        "Number of Likes",
        "Number of Comments"
      ],
      "optionA": {
        "trial_id": "4",
        "task_id": "50",
        "values": "170.0, 34.0",
        "target_value": 204
      },
      "optionB": {
        "trial_id": "7",
        "task_id": "50",
        "values": "200.0, 40.0",
        "target_value": 240
      },
      "choice": {
        "button": "J",
        "selected_option": "OptionB"
      }
    },
    {
      "question": 8,
      "target": "Performance Quality (on scale 1-10)",
      "target_value": 8,
      "options": [
        "Hours of Practice",
        "Musical Experience (years)"
      ],
      "optionA": {
        "trial_id": "16",
        "task_id": "17",
        "values": "80.0, 4.0",
        "target_value": 8
      },
      "optionB": {
        "trial_id": "12",
        "task_id": "17",
        "values": "70.0, 3.0",
        "target_value": 7
      },
      "choice": {
        "button": "F",
        "selected_option": "OptionA"
      }
    },
    {
      "question": 9,
      "target": "Enjoyment",
      "target_value": 6,
      "options": [
        "Tea Strength",
        "Flavor Variety"
      ],
      "optionA": {
        "trial_id": "11",
        "task_id": "55",
        "values": "5.0, 1.0",
        "target_value": 6
      },
      "optionB": {
        "trial_id": "14",
        "task_id": "55",
        "values": "3.0, 6.0",
        "target_value": 7.4
      },
      "choice": {
        "button": "J",
        "selected_option": "OptionB"
      }
    },
    {
      "question": "attention_check_9",
      "choice": "J",
      "passed": true,
      "timestamp": 1756720584611
    },
    {
      "question": 10,
      "target": "Recipe Complexity",
      "target_value": 7,
      "options": [
        "Recipe Servings",
        "Recipe Ingredients"
      ],
      "optionA": {
        "trial_id": "18",
        "task_id": "106",
        "values": "5.0, 10.0",
        "target_value": 7
      },
      "optionB": {
        "trial_id": "13",
        "task_id": "106",
        "values": "9.0, 15.0",
        "target_value": 9
      },
      "choice": {
        "button": "J",
        "selected_option": "OptionB"
      }
    },
    {
      "question": 11,
      "target": "Age (years)",
      "target_value": 30,
      "options": [
        "Tree Height (m)",
        "Trunk Diameter (cm)"
      ],
      "optionA": {
        "trial_id": "5",
        "task_id": "32",
        "values": "8.0, 20.0",
        "target_value": 30
      },
      "optionB": {
        "trial_id": "10",
        "task_id": "32",
        "values": "7.0, 20.0",
        "target_value": 30
      },
      "choice": {
        "button": "F",
        "selected_option": "OptionA"
      }
    },
    {
      "question": 12,
      "target": "Speed (km/h)",
      "target_value": 180,
      "options": [
        "Engine Horsepower",
        "Weight (kg)"
      ],
      "optionA": {
        "trial_id": "10",
        "task_id": "47",
        "values": "180.0, 1350.0",
        "target_value": 180
      },
      "optionB": {
        "trial_id": "4",
        "task_id": "47",
        "values": "220.0, 1500.0",
        "target_value": 195
      },
      "choice": {
        "button": "J",
        "selected_option": "OptionB"
      }
    },
    {
      "question": 13,
      "target": "Doneness",
      "target_value": 60,
      "options": [
        "Cooking Time",
        "Size"
      ],
      "optionA": {
        "trial_id": "19",
        "task_id": "116",
        "values": "20.0, 160.0",
        "target_value": 60
      },
      "optionB": {
        "trial_id": "19",
        "task_id": "116",
        "values": "20.0, 160.0",
        "target_value": 60
      },
      "choice": {
        "button": "J",
        "selected_option": "OptionB"
      }
    },
    {
      "question": 14,
      "target": "Recipe Complexity",
      "target_value": 7,
      "options": [
        "Recipe Servings",
        "Recipe Ingredients"
      ],
      "optionA": {
        "trial_id": "12",
        "task_id": "106",
        "values": "6.0, 11.0",
        "target_value": 7
      },
      "optionB": {
        "trial_id": "11",
        "task_id": "106",
        "values": "7.0, 13.0",
        "target_value": 8
      },
      "choice": {
        "button": "J",
        "selected_option": "OptionB"
      }
    },
    {
      "question": 15,
      "target": "Battery Life",
      "target_value": 12,
      "options": [
        "Battery Capacity",
        "Weight"
      ],
      "optionA": {
        "trial_id": "4",
        "task_id": "114",
        "values": "3000.0, 200.0",
        "target_value": 12
      },
      "optionB": {
        "trial_id": "12",
        "task_id": "114",
        "values": "3500.0, 220.0",
        "target_value": 13
      },
      "choice": {
        "button": "J",
        "selected_option": "OptionB"
      }
    },
    {
      "question": 16,
      "target": "Fuel Consumption (L/100km)",
      "target_value": 6,
      "options": [
        "Speed (km/h)",
        "Weight (kg)"
      ],
      "optionA": {
        "trial_id": "11",
        "task_id": "43",
        "values": "100.0, 1300.0",
        "target_value": 6
      },
      "optionB": {
        "trial_id": "13",
        "task_id": "43",
        "values": "115.0, 1450.0",
        "target_value": 8
      },
      "choice": {
        "button": "J",
        "selected_option": "OptionB"
      }
    },
    {
      "question": 17,
      "target": "Energy Level",
      "target_value": 8,
      "options": [
        "Dog Size",
        "Exercise Needs"
      ],
      "optionA": {
        "trial_id": "16",
        "task_id": "88",
        "values": "40.0, 8.0",
        "target_value": 8
      },
      "optionB": {
        "trial_id": "6",
        "task_id": "88",
        "values": "45.0, 9.0",
        "target_value": 9
      },
      "choice": {
        "button": "J",
        "selected_option": "OptionB"
      }
    },
    {
      "question": 18,
      "target": "Brightness",
      "target_value": 690,
      "options": [
        "Phone Battery Capacity",
        "Screen Size"
      ],
      "optionA": {
        "trial_id": "11",
        "task_id": "37",
        "values": "4500.0, 5.0",
        "target_value": 690
      },
      "optionB": {
        "trial_id": "7",
        "task_id": "37",
        "values": "2500.0, 4.0",
        "target_value": 600
      },
      "choice": {
        "button": "F",
        "selected_option": "OptionA"
      }
    },
    {
      "question": 19,
      "target": "Muscle gain",
      "target_value": 1,
      "options": [
        "Minutes of exercise",
        "Protein intake"
      ],
      "optionA": {
        "trial_id": "11",
        "task_id": "59",
        "values": "25.0, 15.0",
        "target_value": 1
      },
      "optionB": {
        "trial_id": "3",
        "task_id": "59",
        "values": "45.0, 25.0",
        "target_value": 1.5
      },
      "choice": {
        "button": "J",
        "selected_option": "OptionB"
      }
    },
    {
      "question": "attention_check_19",
      "choice": "F",
      "passed": true,
      "timestamp": 1756720685911
    },
    {
      "question": 20,
      "target": "Fitness Level",
      "target_value": 8,
      "options": [
        "Exercise Time (min/day)",
        "Healthy Diet (%)"
      ],
      "optionA": {
        "trial_id": "19",
        "task_id": "46",
        "values": "40.0, 85.0",
        "target_value": 8
      },
      "optionB": {
        "trial_id": "17",
        "task_id": "46",
        "values": "35.0, 75.0",
        "target_value": 7
      },
      "choice": {
        "button": "F",
        "selected_option": "OptionA"
      }
    },
    {
      "question": 21,
      "target": "Enjoyment Score",
      "target_value": 7.5,
      "options": [
        "Book Length (pages)",
        "Author Fame (1-10)"
      ],
      "optionA": {
        "trial_id": "10",
        "task_id": "29",
        "values": "300.0, 6.0",
        "target_value": 7.5
      },
      "optionB": {
        "trial_id": "16",
        "task_id": "29",
        "values": "450.0, 9.0",
        "target_value": 9
      },
      "choice": {
        "button": "J",
        "selected_option": "OptionB"
      }
    },
    {
      "question": 22,
      "target": "Time to destination (hours)",
      "target_value": 0.39,
      "options": [
        "Distance (miles)",
        "Speed (mph)"
      ],
      "optionA": {
        "trial_id": "13",
        "task_id": "118",
        "values": "22.0, 60.0",
        "target_value": 0.39
      },
      "optionB": {
        "trial_id": "1",
        "task_id": "118",
        "values": "10.0, 30.0",
        "target_value": 0.33
      },
      "choice": {
        "button": "F",
        "selected_option": "OptionA"
      }
    },
    {
      "question": 23,
      "target": "Quality",
      "target_value": 70,
      "options": [
        "Price",
        "Size"
      ],
      "optionA": {
        "trial_id": "6",
        "task_id": "110",
        "values": "100.0, 10.0",
        "target_value": 70
      },
      "optionB": {
        "trial_id": "14",
        "task_id": "110",
        "values": "130.0, 16.0",
        "target_value": 86
      },
      "choice": {
        "button": "J",
        "selected_option": "OptionB"
      }
    },
    {
      "question": 24,
      "target": "Exam Score",
      "target_value": 68,
      "options": [
        "Hours of Study",
        "Difficulty Level"
      ],
      "optionA": {
        "trial_id": "13",
        "task_id": "12",
        "values": "4.0, 3.0",
        "target_value": 68
      },
      "optionB": {
        "trial_id": "19",
        "task_id": "12",
        "values": "4.0, 4.0",
        "target_value": 68
      },
      "choice": {
        "button": "F",
        "selected_option": "OptionA"
      }
    },
    {
      "question": 25,
      "target": "Fun Score",
      "target_value": 9,
      "options": [
        "Number of Players",
        "Game Length (min)"
      ],
      "optionA": {
        "trial_id": "17",
        "task_id": "98",
        "values": "6.0, 70.0",
        "target_value": 9
      },
      "optionB": {
        "trial_id": "15",
        "task_id": "98",
        "values": "4.0, 50.0",
        "target_value": 6
      },
      "choice": {
        "button": "F",
        "selected_option": "OptionA"
      }
    },
    {
      "question": 26,
      "target": "Fuel Consumption (L/100km)",
      "target_value": 6,
      "options": [
        "Speed (km/h)",
        "Weight (kg)"
      ],
      "optionA": {
        "trial_id": "11",
        "task_id": "43",
        "values": "100.0, 1300.0",
        "target_value": 6
      },
      "optionB": {
        "trial_id": "4",
        "task_id": "43",
        "values": "110.0, 1700.0",
        "target_value": 10
      },
      "choice": {
        "button": "J",
        "selected_option": "OptionB"
      }
    },
    {
      "question": 27,
      "target": "Home Value (thousands)",
      "target_value": 260,
      "options": [
        "House Size (sqm)",
        "Neighborhood Safety (1-10)"
      ],
      "optionA": {
        "trial_id": "18",
        "task_id": "41",
        "values": "110.0, 7.0",
        "target_value": 260
      },
      "optionB": {
        "trial_id": "18",
        "task_id": "41",
        "values": "110.0, 7.0",
        "target_value": 260
      },
      "choice": {
        "button": "F",
        "selected_option": "OptionA"
      }
    },
    {
      "question": 28,
      "target": "Enjoyment Rating (1-10)",
      "target_value": 5,
      "options": [
        "Number of Pages",
        "Reading Time (minutes)"
      ],
      "optionA": {
        "trial_id": "11",
        "task_id": "10",
        "values": "220.0, 90.0",
        "target_value": 5
      },
      "optionB": {
        "trial_id": "18",
        "task_id": "10",
        "values": "340.0, 125.0",
        "target_value": 5
      },
      "choice": {
        "button": "J",
        "selected_option": "OptionB"
      }
    },
    {
      "question": 29,
      "target": "Exam Score",
      "target_value": 73,
      "options": [
        "Hours of Study",
        "Difficulty Level"
      ],
      "optionA": {
        "trial_id": "2",
        "task_id": "12",
        "values": "6.0, 4.0",
        "target_value": 73
      },
      "optionB": {
        "trial_id": "3",
        "task_id": "12",
        "values": "4.0, 2.0",
        "target_value": 65
      },
      "choice": {
        "button": "J",
        "selected_option": "OptionB"
      }
    },
    {
      "question": "attention_check_29",
      "choice": "J",
      "passed": true,
      "timestamp": 1756720777275
    },
    {
      "question": 30,
      "target": "Restaurant Popularity (on scale 1-10)",
      "target_value": 8,
      "options": [
        "Number of Reviews",
        "Average Rating (out of 5)"
      ],
      "optionA": {
        "trial_id": "18",
        "task_id": "19",
        "values": "250.0, 4.4",
        "target_value": 8
      },
      "optionB": {
        "trial_id": "8",
        "task_id": "19",
        "values": "200.0, 4.4",
        "target_value": 8
      },
      "choice": {
        "button": "F",
        "selected_option": "OptionA"
      }
    },
    {
      "question": 31,
      "target": "Battery Life",
      "target_value": 9,
      "options": [
        "Battery Capacity",
        "Weight"
      ],
      "optionA": {
        "trial_id": "19",
        "task_id": "114",
        "values": "2000.0, 160.0",
        "target_value": 9
      },
      "optionB": {
        "trial_id": "20",
        "task_id": "114",
        "values": "2500.0, 180.0",
        "target_value": 10
      },
      "choice": {
        "button": "J",
        "selected_option": "OptionB"
      }
    },
    {
      "question": 32,
      "target": "Speed (km/h)",
      "target_value": 185,
      "options": [
        "Engine Horsepower",
        "Weight (kg)"
      ],
      "optionA": {
        "trial_id": "5",
        "task_id": "47",
        "values": "170.0, 1300.0",
        "target_value": 185
      },
      "optionB": {
        "trial_id": "6",
        "task_id": "47",
        "values": "190.0, 1400.0",
        "target_value": 190
      },
      "choice": {
        "button": "J",
        "selected_option": "OptionB"
      }
    },
    {
      "question": 33,
      "target": "Photo Quality",
      "target_value": 9,
      "options": [
        "Phone Price",
        "Phone Camera Megapixels"
      ],
      "optionA": {
        "trial_id": "10",
        "task_id": "5",
        "values": "630.0, 16.0",
        "target_value": 9
      },
      "optionB": {
        "trial_id": "8",
        "task_id": "5",
        "values": "420.0, 10.0",
        "target_value": 7
      },
      "choice": {
        "button": "F",
        "selected_option": "OptionA"
      }
    },
    {
      "question": 34,
      "target": "Weight loss",
      "target_value": 1.8,
      "options": [
        "Exercise duration",
        "Intensity level"
      ],
      "optionA": {
        "trial_id": "6",
        "task_id": "67",
        "values": "40.0, 6.0",
        "target_value": 1.8
      },
      "optionB": {
        "trial_id": "3",
        "task_id": "67",
        "values": "40.0, 6.0",
        "target_value": 1.8
      },
      "choice": {
        "button": "J",
        "selected_option": "OptionB"
      }
    },
    {
      "question": 35,
      "target": "Comfort Score",
      "target_value": 10,
      "options": [
        "Price ($)",
        "Size (sqft)"
      ],
      "optionA": {
        "trial_id": "11",
        "task_id": "44",
        "values": "330000.0, 190.0",
        "target_value": 10
      },
      "optionB": {
        "trial_id": "16",
        "task_id": "44",
        "values": "260000.0, 140.0",
        "target_value": 7
      },
      "choice": {
        "button": "F",
        "selected_option": "OptionA"
      }
    },
    {
      "question": 36,
      "target": "Physical strength",
      "target_value": 68,
      "options": [
        "Height (cm)",
        "Weight (kg)"
      ],
      "optionA": {
        "trial_id": "4",
        "task_id": "84",
        "values": "175.0, 60.0",
        "target_value": 68
      },
      "optionB": {
        "trial_id": "7",
        "task_id": "84",
        "values": "150.0, 55.0",
        "target_value": 50
      },
      "choice": {
        "button": "F",
        "selected_option": "OptionA"
      }
    },
    {
      "question": 37,
      "target": "Fat Burn (g)",
      "target_value": 45,
      "options": [
        "Exercise Time (min)",
        "Heart Rate (bpm)"
      ],
      "optionA": {
        "trial_id": "2",
        "task_id": "28",
        "values": "40.0, 120.0",
        "target_value": 45
      },
      "optionB": {
        "trial_id": "17",
        "task_id": "28",
        "values": "30.0, 130.0",
        "target_value": 50
      },
      "choice": {
        "button": "J",
        "selected_option": "OptionB"
      }
    },
    {
      "question": 38,
      "target": "Taste score",
      "target_value": 8,
      "options": [
        "Coffee strength",
        "Bean quality"
      ],
      "optionA": {
        "trial_id": "4",
        "task_id": "68",
        "values": "4.0, 8.0",
        "target_value": 8
      },
      "optionB": {
        "trial_id": "14",
        "task_id": "68",
        "values": "4.0, 7.0",
        "target_value": 8
      },
      "choice": {
        "button": "F",
        "selected_option": "OptionA"
      }
    },
    {
      "question": 39,
      "target": "Taste Rating (1-10)",
      "target_value": 7,
      "options": [
        "Time Spent Cooking (min)",
        "Number of Ingredients"
      ],
      "optionA": {
        "trial_id": "18",
        "task_id": "93",
        "values": "45.0, 5.0",
        "target_value": 7
      },
      "optionB": {
        "trial_id": "16",
        "task_id": "93",
        "values": "55.0, 7.0",
        "target_value": 9
      },
      "choice": {
        "button": "J",
        "selected_option": "OptionB"
      }
    },
    {
      "question": "attention_check_39",
      "choice": "F",
      "passed": true,
      "timestamp": 1756720836525
    },
    {
      "question": 40,
      "target": "Tea Strength (1-10)",
      "target_value": 5,
      "options": [
        "Tea Leaf Quality (1-10)",
        "Tea Steeping Time (minutes)"
      ],
      "optionA": {
        "trial_id": "19",
        "task_id": "80",
        "values": "6.0, 2.0",
        "target_value": 5
      },
      "optionB": {
        "trial_id": "14",
        "task_id": "80",
        "values": "7.0, 3.0",
        "target_value": 6
      },
      "choice": {
        "button": "J",
        "selected_option": "OptionB"
      }
    },
    {
      "question": 41,
      "target": "Popularity Score",
      "target_value": 240,
      "options": [
        "Number of Likes",
        "Number of Comments"
      ],
      "optionA": {
        "trial_id": "7",
        "task_id": "50",
        "values": "200.0, 40.0",
        "target_value": 240
      },
      "optionB": {
        "trial_id": "1",
        "task_id": "50",
        "values": "100.0, 20.0",
        "target_value": 120
      },
      "choice": {
        "button": "J",
        "selected_option": "OptionB"
      }
    },
    {
      "question": 42,
      "target": "Enjoyment Score",
      "target_value": 8,
      "options": [
        "Book Length (pages)",
        "Author Fame (1-10)"
      ],
      "optionA": {
        "trial_id": "9",
        "task_id": "29",
        "values": "250.0, 7.0",
        "target_value": 8
      },
      "optionB": {
        "trial_id": "15",
        "task_id": "29",
        "values": "400.0, 10.0",
        "target_value": 9.5
      },
      "choice": {
        "button": "J",
        "selected_option": "OptionB"
      }
    },
    {
      "question": 43,
      "target": "Battery Life",
      "target_value": 17,
      "options": [
        "Battery Capacity",
        "Weight"
      ],
      "optionA": {
        "trial_id": "10",
        "task_id": "114",
        "values": "5000.0, 290.0",
        "target_value": 17
      },
      "optionB": {
        "trial_id": "16",
        "task_id": "114",
        "values": "3000.0, 200.0",
        "target_value": 12
      },
      "choice": {
        "button": "F",
        "selected_option": "OptionA"
      }
    },
    {
      "question": 44,
      "target": "House Price",
      "target_value": 400,
      "options": [
        "House Size",
        "Neighborhood Rating"
      ],
      "optionA": {
        "trial_id": "3",
        "task_id": "38",
        "values": "2000.0, 7.0",
        "target_value": 400
      },
      "optionB": {
        "trial_id": "19",
        "task_id": "38",
        "values": "2000.0, 9.0",
        "target_value": 440
      },
      "choice": {
        "button": "J",
        "selected_option": "OptionB"
      }
    },
    {
      "question": 45,
      "target": "Market value ($)",
      "target_value": 280000,
      "options": [
        "Number of bedrooms",
        "House size (sq ft)"
      ],
      "optionA": {
        "trial_id": "9",
        "task_id": "90",
        "values": "3.0, 1400.0",
        "target_value": 280000
      },
      "optionB": {
        "trial_id": "15",
        "task_id": "90",
        "values": "5.0, 1500.0",
        "target_value": 310000
      },
      "choice": {
        "button": "J",
        "selected_option": "OptionB"
      }
    },
    {
      "question": 46,
      "target": "Post reach",
      "target_value": 20000,
      "options": [
        "Number of followers",
        "Engagement rate (%)"
      ],
      "optionA": {
        "trial_id": "11",
        "task_id": "92",
        "values": "1800.0, 6.0",
        "target_value": 20000
      },
      "optionB": {
        "trial_id": "9",
        "task_id": "92",
        "values": "2000.0, 5.0",
        "target_value": 17000
      },
      "choice": {
        "button": "F",
        "selected_option": "OptionA"
      }
    },
    {
      "question": 47,
      "target": "Room Area (m\u00b2)",
      "target_value": 20,
      "options": [
        "Room Length (m)",
        "Room Width (m)"
      ],
      "optionA": {
        "trial_id": "15",
        "task_id": "89",
        "values": "5.0, 4.0",
        "target_value": 20
      },
      "optionB": {
        "trial_id": "5",
        "task_id": "89",
        "values": "5.0, 5.0",
        "target_value": 25
      },
      "choice": {
        "button": "J",
        "selected_option": "OptionB"
      }
    },
    {
      "question": 48,
      "target": "User satisfaction",
      "target_value": 9,
      "options": [
        "Screen size (inches)",
        "RAM (GB)"
      ],
      "optionA": {
        "trial_id": "7",
        "task_id": "119",
        "values": "16.0, 5.0",
        "target_value": 9
      },
      "optionB": {
        "trial_id": "8",
        "task_id": "119",
        "values": "18.0, 6.0",
        "target_value": 10
      },
      "choice": {
        "button": "J",
        "selected_option": "OptionB"
      }
    },
    {
      "question": 49,
      "target": "House Price (thousands)",
      "target_value": 290,
      "options": [
        "House Size (m\u00b2)",
        "House Distance to City (km)"
      ],
      "optionA": {
        "trial_id": "11",
        "task_id": "79",
        "values": "110.0, 4.0",
        "target_value": 290
      },
      "optionB": {
        "trial_id": "18",
        "task_id": "79",
        "values": "160.0, 15.0",
        "target_value": 380
      },
      "choice": {
        "button": "F",
        "selected_option": "OptionA"
      }
    },
    {
      "question": 50,
      "target": "Age (years)",
      "target_value": 35,
      "options": [
        "Tree Height (m)",
        "Trunk Diameter (cm)"
      ],
      "optionA": {
        "trial_id": "9",
        "task_id": "32",
        "values": "9.0, 25.0",
        "target_value": 35
      },
      "optionB": {
        "trial_id": "15",
        "task_id": "32",
        "values": "13.0, 38.0",
        "target_value": 65
      },
      "choice": {
        "button": "J",
        "selected_option": "OptionB"
      }
    }
  ]
}