{
  "prolific_id": "UNKNOWN",
  "condition_group": "ranking",
  "responses": [
    {
      "question": 1,
      "target": "Comfort Rating",
      "target_value": 8.4,
      "options": [
        "Shoe Weight",
        "Brand Popularity"
      ],
      "optionA": {
        "trial_id": "15",
        "task_id": "29",
        "values": "190.0, 10.0",
        "target_value": 8.4
      },
      "optionB": {
        "trial_id": "2",
        "task_id": "29",
        "values": "250.0, 9.0",
        "target_value": 7.5
      },
      "choice": {
        "button": "F",
        "selected_option": "OptionA"
      }
    },
    {
      "question": 2,
      "target": "Tree trunk volume (m\u00b3)",
      "target_value": 3,
      "options": [
        "Height (cm)",
        "Width (cm)"
      ],
      "optionA": {
        "trial_id": "19",
        "task_id": "162",
        "values": "150.0, 45",
        "target_value": 3
      },
      "optionB": {
        "trial_id": "7",
        "task_id": "162",
        "values": "180.0, 34",
        "target_value": 5
      },
      "choice": {
        "button": "J",
        "selected_option": "OptionB"
      }
    },
    {
      "question": 3,
      "target": "Reading time (hours)",
      "target_value": 4.6,
      "options": [
        "Book pages",
        "Book weight (g)"
      ],
      "optionA": {
        "trial_id": "20",
        "task_id": "114",
        "values": "380.0, 390",
        "target_value": 4.6
      },
      "optionB": {
        "trial_id": "13",
        "task_id": "114",
        "values": "480.0, 350",
        "target_value": 5.8
      },
      "choice": {
        "button": "J",
        "selected_option": "OptionB"
      }
    },
    {
      "question": 4,
      "target": "Flower size (cm)",
      "target_value": 3.4,
      "options": [
        "Plant height (cm)",
        "Plant age (months)"
      ],
      "optionA": {
        "trial_id": "12",
        "task_id": "146",
        "values": "41.0, 8",
        "target_value": 3.4
      },
      "optionB": {
        "trial_id": "3",
        "task_id": "146",
        "values": "25.0, 4",
        "target_value": 6
      },
      "choice": {
        "button": "F",
        "selected_option": "OptionA"
      }
    },
    {
      "question": 5,
      "target": "Weight Loss (lbs)",
      "target_value": 11,
      "options": [
        "Exercise Minutes",
        "Diet Score (1-10)"
      ],
      "optionA": {
        "trial_id": "19",
        "task_id": "112",
        "values": "120.0, 9",
        "target_value": 11
      },
      "optionB": {
        "trial_id": "10",
        "task_id": "112",
        "values": "80.0, 7",
        "target_value": 7
      },
      "choice": {
        "button": "F",
        "selected_option": "OptionA"
      }
    },
    {
      "question": 6,
      "target": "Time to Destination (hours)",
      "target_value": 1.7,
      "options": [
        "Car Speed (mph)",
        "Fuel Efficiency (mpg)"
      ],
      "optionA": {
        "trial_id": "14",
        "task_id": "32",
        "values": "65.0, 26.0",
        "target_value": 1.7
      },
      "optionB": {
        "trial_id": "1",
        "task_id": "32",
        "values": "60.0, 30.0",
        "target_value": 2
      },
      "choice": {
        "button": "F",
        "selected_option": "OptionA"
      }
    },
    {
      "question": 7,
      "target": "Tastiness",
      "target_value": 6,
      "options": [
        "Pizza size (inches)",
        "Cheese amount (g)"
      ],
      "optionA": {
        "trial_id": "13",
        "task_id": "121",
        "values": "10.0, 180",
        "target_value": 6
      },
      "optionB": {
        "trial_id": "6",
        "task_id": "121",
        "values": "12.0, 170",
        "target_value": 6
      },
      "choice": {
        "button": "F",
        "selected_option": "OptionA"
      }
    },
    {
      "question": 8,
      "target": "Fuel efficiency (km/l)",
      "target_value": 13,
      "options": [
        "Engine size (cc)",
        "Weight (kg)"
      ],
      "optionA": {
        "trial_id": "15",
        "task_id": "51",
        "values": "1650.0, 1270",
        "target_value": 13
      },
      "optionB": {
        "trial_id": "5",
        "task_id": "51",
        "values": "1400.0, 1300",
        "target_value": 16
      },
      "choice": {
        "button": "J",
        "selected_option": "OptionB"
      }
    },
    {
      "question": 9,
      "target": "Price",
      "target_value": 390000,
      "options": [
        "House Size",
        "Bedrooms"
      ],
      "optionA": {
        "trial_id": "18",
        "task_id": "15",
        "values": "2000.0, 4",
        "target_value": 390000
      },
      "optionB": {
        "trial_id": "19",
        "task_id": "15",
        "values": "2100.0, 5",
        "target_value": 370000
      },
      "choice": {
        "button": "J",
        "selected_option": "OptionB"
      }
    },
    {
      "question": "attention_check_9",
      "choice": "J",
      "passed": true,
      "timestamp": 1756154592413
    },
    {
      "question": 10,
      "target": "Customer Satisfaction",
      "target_value": 6,
      "options": [
        "Restaurant Wait Time (in mins)",
        "Restaurant Rating (1-5)"
      ],
      "optionA": {
        "trial_id": "10",
        "task_id": "174",
        "values": "22.0, 2",
        "target_value": 6
      },
      "optionB": {
        "trial_id": "13",
        "task_id": "174",
        "values": "18.0, 4",
        "target_value": 7
      },
      "choice": {
        "button": "J",
        "selected_option": "OptionB"
      }
    },
    {
      "question": 11,
      "target": "Favorability",
      "target_value": 3,
      "options": [
        "Coffee strength",
        "Coffee cream"
      ],
      "optionA": {
        "trial_id": "18",
        "task_id": "57",
        "values": "4.0, 0.6",
        "target_value": 3
      },
      "optionB": {
        "trial_id": "20",
        "task_id": "57",
        "values": "7.0, 0.8",
        "target_value": 5
      },
      "choice": {
        "button": "J",
        "selected_option": "OptionB"
      }
    },
    {
      "question": 12,
      "target": "Fuel efficiency (km/l)",
      "target_value": 12,
      "options": [
        "Car weight (kg)",
        "Engine size (cc)"
      ],
      "optionA": {
        "trial_id": "20",
        "task_id": "153",
        "values": "1400.0, 1400.0",
        "target_value": 12
      },
      "optionB": {
        "trial_id": "13",
        "task_id": "153",
        "values": "1150.0, 1650.0",
        "target_value": 15.5
      },
      "choice": {
        "button": "J",
        "selected_option": "OptionB"
      }
    },
    {
      "question": 13,
      "target": "Energy Level (1-10)",
      "target_value": 5,
      "options": [
        "Dog Weight (lbs)",
        "Dog Age (years)"
      ],
      "optionA": {
        "trial_id": "12",
        "task_id": "36",
        "values": "32.0, 1.5",
        "target_value": 5
      },
      "optionB": {
        "trial_id": "3",
        "task_id": "36",
        "values": "25.0, 3.0",
        "target_value": 5
      },
      "choice": {
        "button": "F",
        "selected_option": "OptionA"
      }
    },
    {
      "question": 14,
      "target": "Taste rating (1-10)",
      "target_value": 9,
      "options": [
        "Number of ingredients",
        "Prep time (in minutes)"
      ],
      "optionA": {
        "trial_id": "3",
        "task_id": "88",
        "values": "4.0, 20",
        "target_value": 9
      },
      "optionB": {
        "trial_id": "11",
        "task_id": "88",
        "values": "5.0, 25",
        "target_value": 8
      },
      "choice": {
        "button": "J",
        "selected_option": "OptionB"
      }
    },
    {
      "question": 15,
      "target": "Plant Health",
      "target_value": 13,
      "options": [
        "Plant Height",
        "Water Amount"
      ],
      "optionA": {
        "trial_id": "13",
        "task_id": "169",
        "values": "90.0, 1",
        "target_value": 13
      },
      "optionB": {
        "trial_id": "15",
        "task_id": "169",
        "values": "100.0, 1",
        "target_value": 14
      },
      "choice": {
        "button": "F",
        "selected_option": "OptionA"
      }
    },
    {
      "question": 16,
      "target": "Job Success",
      "target_value": 6,
      "options": [
        "Age",
        "Experience"
      ],
      "optionA": {
        "trial_id": "4",
        "task_id": "133",
        "values": "40.0, 3.0",
        "target_value": 6
      },
      "optionB": {
        "trial_id": "1",
        "task_id": "133",
        "values": "30.0, 5.0",
        "target_value": 7
      },
      "choice": {
        "button": "J",
        "selected_option": "OptionB"
      }
    },
    {
      "question": 17,
      "target": "Calories burned",
      "target_value": 240,
      "options": [
        "Exercise time (min)",
        "Heart rate (bpm)"
      ],
      "optionA": {
        "trial_id": "7",
        "task_id": "116",
        "values": "25.0, 110",
        "target_value": 240
      },
      "optionB": {
        "trial_id": "16",
        "task_id": "116",
        "values": "25.0, 115",
        "target_value": 280
      },
      "choice": {
        "button": "J",
        "selected_option": "OptionB"
      }
    },
    {
      "question": 18,
      "target": "Comfort Rating",
      "target_value": 7.7,
      "options": [
        "Shoe Weight",
        "Brand Popularity"
      ],
      "optionA": {
        "trial_id": "19",
        "task_id": "29",
        "values": "240.0, 7.0",
        "target_value": 7.7
      },
      "optionB": {
        "trial_id": "12",
        "task_id": "29",
        "values": "220.0, 10.0",
        "target_value": 7.8
      },
      "choice": {
        "button": "F",
        "selected_option": "OptionA"
      }
    },
    {
      "question": 19,
      "target": "Usage Time",
      "target_value": 12,
      "options": [
        "Battery Capacity",
        "Weight"
      ],
      "optionA": {
        "trial_id": "8",
        "task_id": "22",
        "values": "4000.0, 210.0",
        "target_value": 12
      },
      "optionB": {
        "trial_id": "15",
        "task_id": "22",
        "values": "4800.0, 200.0",
        "target_value": 13
      },
      "choice": {
        "button": "J",
        "selected_option": "OptionB"
      }
    },
    {
      "question": "attention_check_19",
      "choice": "F",
      "passed": true,
      "timestamp": 1756154683874
    },
    {
      "question": 20,
      "target": "Exam Score",
      "target_value": 75,
      "options": [
        "Student Study Time",
        "Student Sleep Hours"
      ],
      "optionA": {
        "trial_id": "2",
        "task_id": "38",
        "values": "4.0, 8",
        "target_value": 75
      },
      "optionB": {
        "trial_id": "1",
        "task_id": "38",
        "values": "5.0, 7",
        "target_value": 80
      },
      "choice": {
        "button": "J",
        "selected_option": "OptionB"
      }
    },
    {
      "question": 21,
      "target": "Customer Satisfaction",
      "target_value": 8,
      "options": [
        "Restaurant Wait Time (in mins)",
        "Restaurant Rating (1-5)"
      ],
      "optionA": {
        "trial_id": "17",
        "task_id": "174",
        "values": "10.0, 4",
        "target_value": 8
      },
      "optionB": {
        "trial_id": "5",
        "task_id": "174",
        "values": "5.0, 4",
        "target_value": 9
      },
      "choice": {
        "button": "J",
        "selected_option": "OptionB"
      }
    },
    {
      "question": 22,
      "target": "Deliciousness",
      "target_value": 10,
      "options": [
        "Cooking time",
        "Ingredients"
      ],
      "optionA": {
        "trial_id": "10",
        "task_id": "125",
        "values": "5.0, 10.0",
        "target_value": 10
      },
      "optionB": {
        "trial_id": "20",
        "task_id": "125",
        "values": "85.0, 0.0",
        "target_value": 2
      },
      "choice": {
        "button": "F",
        "selected_option": "OptionA"
      }
    },
    {
      "question": 23,
      "target": "Exam score",
      "target_value": 87,
      "options": [
        "Study hours",
        "Intelligence"
      ],
      "optionA": {
        "trial_id": "18",
        "task_id": "81",
        "values": "5.0, 75",
        "target_value": 87
      },
      "optionB": {
        "trial_id": "2",
        "task_id": "81",
        "values": "4.0, 85",
        "target_value": 82
      },
      "choice": {
        "button": "J",
        "selected_option": "OptionB"
      }
    },
    {
      "question": 24,
      "target": "Fuel consumption (liters per 100km)",
      "target_value": 6.3,
      "options": [
        "Car engine size (liters)",
        "Car weight (kg)"
      ],
      "optionA": {
        "trial_id": "20",
        "task_id": "113",
        "values": "1.4, 1750",
        "target_value": 6.3
      },
      "optionB": {
        "trial_id": "18",
        "task_id": "113",
        "values": "2.0, 1400",
        "target_value": 7.6
      },
      "choice": {
        "button": "J",
        "selected_option": "OptionB"
      }
    },
    {
      "question": 25,
      "target": "Speed (km/h)",
      "target_value": 22,
      "options": [
        "Bike wheel size (inches)",
        "Frame weight (kg)"
      ],
      "optionA": {
        "trial_id": "9",
        "task_id": "164",
        "values": "30.0, 2.3",
        "target_value": 22
      },
      "optionB": {
        "trial_id": "15",
        "task_id": "164",
        "values": "28.0, 2.6",
        "target_value": 21
      },
      "choice": {
        "button": "F",
        "selected_option": "OptionA"
      }
    },
    {
      "question": 26,
      "target": "Nutritional Value",
      "target_value": 70,
      "options": [
        "Weight",
        "Calories"
      ],
      "optionA": {
        "trial_id": "1",
        "task_id": "136",
        "values": "100.0, 150.0",
        "target_value": 70
      },
      "optionB": {
        "trial_id": "16",
        "task_id": "136",
        "values": "140.0, 150.0",
        "target_value": 50
      },
      "choice": {
        "button": "F",
        "selected_option": "OptionA"
      }
    },
    {
      "question": 27,
      "target": "Fuel Efficiency",
      "target_value": 33,
      "options": [
        "Car Engine Size",
        "Car Weight"
      ],
      "optionA": {
        "trial_id": "11",
        "task_id": "168",
        "values": "1.6, 3700",
        "target_value": 33
      },
      "optionB": {
        "trial_id": "4",
        "task_id": "168",
        "values": "3.0, 3200",
        "target_value": 25
      },
      "choice": {
        "button": "J",
        "selected_option": "OptionB"
      }
    },
    {
      "question": 28,
      "target": "Skill Level",
      "target_value": 8,
      "options": [
        "Experience",
        "Years of Education"
      ],
      "optionA": {
        "trial_id": "12",
        "task_id": "137",
        "values": "3.0, 14.0",
        "target_value": 8
      },
      "optionB": {
        "trial_id": "10",
        "task_id": "137",
        "values": "10.0, 11.0",
        "target_value": 10
      },
      "choice": {
        "button": "J",
        "selected_option": "OptionB"
      }
    },
    {
      "question": 29,
      "target": "Exam score",
      "target_value": 70,
      "options": [
        "Study time",
        "Hours slept"
      ],
      "optionA": {
        "trial_id": "7",
        "task_id": "102",
        "values": "2.0, 7",
        "target_value": 70
      },
      "optionB": {
        "trial_id": "8",
        "task_id": "102",
        "values": "4.0, 6",
        "target_value": 85
      },
      "choice": {
        "button": "J",
        "selected_option": "OptionB"
      }
    },
    {
      "question": "attention_check_29",
      "choice": "J",
      "passed": true,
      "timestamp": 1756154769020
    },
    {
      "question": 30,
      "target": "Wait Time (minutes)",
      "target_value": 33,
      "options": [
        "Restaurant Size",
        "Restaurant Reviews"
      ],
      "optionA": {
        "trial_id": "20",
        "task_id": "74",
        "values": "115.0, 4.1",
        "target_value": 33
      },
      "optionB": {
        "trial_id": "18",
        "task_id": "74",
        "values": "135.0, 4.3",
        "target_value": 32
      },
      "choice": {
        "button": "J",
        "selected_option": "OptionB"
      }
    },
    {
      "question": 31,
      "target": "Taste Rating",
      "target_value": 6.5,
      "options": [
        "Coffee Amount",
        "Sugar Amount"
      ],
      "optionA": {
        "trial_id": "3",
        "task_id": "18",
        "values": "2.0, 2",
        "target_value": 6.5
      },
      "optionB": {
        "trial_id": "7",
        "task_id": "18",
        "values": "3.0, 3",
        "target_value": 6
      },
      "choice": {
        "button": "J",
        "selected_option": "OptionB"
      }
    },
    {
      "question": 32,
      "target": "Exam score",
      "target_value": 85,
      "options": [
        "Study time",
        "Hours slept"
      ],
      "optionA": {
        "trial_id": "5",
        "task_id": "102",
        "values": "4.0, 6",
        "target_value": 85
      },
      "optionB": {
        "trial_id": "8",
        "task_id": "102",
        "values": "4.0, 6",
        "target_value": 85
      },
      "choice": {
        "button": "J",
        "selected_option": "OptionB"
      }
    },
    {
      "question": 33,
      "target": "Car Fuel Efficiency",
      "target_value": 18,
      "options": [
        "Car Engine Size",
        "Car Weight"
      ],
      "optionA": {
        "trial_id": "1",
        "task_id": "105",
        "values": "2.0, 1500",
        "target_value": 18
      },
      "optionB": {
        "trial_id": "19",
        "task_id": "168",
        "values": "2.0, 3500",
        "target_value": 30
      },
      "choice": {
        "button": "F",
        "selected_option": "OptionA"
      }
    },
    {
      "question": 34,
      "target": "Weight Loss (lbs)",
      "target_value": 9,
      "options": [
        "Exercise Minutes",
        "Diet Score (1-10)"
      ],
      "optionA": {
        "trial_id": "14",
        "task_id": "112",
        "values": "100.0, 9",
        "target_value": 9
      },
      "optionB": {
        "trial_id": "10",
        "task_id": "112",
        "values": "80.0, 7",
        "target_value": 7
      },
      "choice": {
        "button": "J",
        "selected_option": "OptionB"
      }
    },
    {
      "question": 35,
      "target": "Market value",
      "target_value": 300,
      "options": [
        "House size",
        "House floors"
      ],
      "optionA": {
        "trial_id": "19",
        "task_id": "64",
        "values": "200.0, 2.0",
        "target_value": 300
      },
      "optionB": {
        "trial_id": "10",
        "task_id": "64",
        "values": "170.0, 4.0",
        "target_value": 260
      },
      "choice": {
        "button": "F",
        "selected_option": "OptionA"
      }
    },
    {
      "question": 36,
      "target": "Enjoyment Score",
      "target_value": 4.1,
      "options": [
        "Book Thickness",
        "Number of Reviews"
      ],
      "optionA": {
        "trial_id": "10",
        "task_id": "27",
        "values": "500.0, 80.0",
        "target_value": 4.1
      },
      "optionB": {
        "trial_id": "12",
        "task_id": "27",
        "values": "350.0, 170.0",
        "target_value": 4.5
      },
      "choice": {
        "button": "J",
        "selected_option": "OptionB"
      }
    },
    {
      "question": 37,
      "target": "Exam score",
      "target_value": 92,
      "options": [
        "Study hours",
        "Intelligence score"
      ],
      "optionA": {
        "trial_id": "11",
        "task_id": "122",
        "values": "8.0, 60.0",
        "target_value": 92
      },
      "optionB": {
        "trial_id": "8",
        "task_id": "122",
        "values": "6.0, 80.0",
        "target_value": 89
      },
      "choice": {
        "button": "J",
        "selected_option": "OptionB"
      }
    },
    {
      "question": 38,
      "target": "Popularity",
      "target_value": 82,
      "options": [
        "Book age",
        "Page count"
      ],
      "optionA": {
        "trial_id": "11",
        "task_id": "134",
        "values": "6.0, 300",
        "target_value": 82
      },
      "optionB": {
        "trial_id": "7",
        "task_id": "134",
        "values": "4.0, 280",
        "target_value": 84
      },
      "choice": {
        "button": "F",
        "selected_option": "OptionA"
      }
    },
    {
      "question": 39,
      "target": "Retention Rate (%)",
      "target_value": 90,
      "options": [
        "Study Time (hours)",
        "Number of Distractions"
      ],
      "optionA": {
        "trial_id": "19",
        "task_id": "161",
        "values": "4.0, 0",
        "target_value": 90
      },
      "optionB": {
        "trial_id": "4",
        "task_id": "161",
        "values": "3.0, 2",
        "target_value": 75
      },
      "choice": {
        "button": "F",
        "selected_option": "OptionA"
      }
    },
    {
      "question": "attention_check_39",
      "choice": "F",
      "passed": true,
      "timestamp": 1756154856178
    },
    {
      "question": 40,
      "target": "Fuel Efficiency (km/L)",
      "target_value": 1,
      "options": [
        "Car Engine Size (L)",
        "Weight (kg)"
      ],
      "optionA": {
        "trial_id": "20",
        "task_id": "107",
        "values": "7.5, 2200",
        "target_value": 1
      },
      "optionB": {
        "trial_id": "10",
        "task_id": "107",
        "values": "5.0, 1700",
        "target_value": 6
      },
      "choice": {
        "button": "J",
        "selected_option": "OptionB"
      }
    },
    {
      "question": 41,
      "target": "Flower Size (inches)",
      "target_value": 2,
      "options": [
        "Plant Height (inches)",
        "Plant Width (inches)"
      ],
      "optionA": {
        "trial_id": "6",
        "task_id": "152",
        "values": "8.0, 9.0",
        "target_value": 2
      },
      "optionB": {
        "trial_id": "6",
        "task_id": "152",
        "values": "8.0, 9.0",
        "target_value": 2
      },
      "choice": {
        "button": "F",
        "selected_option": "OptionA"
      }
    },
    {
      "question": 42,
      "target": "Exam score (%)",
      "target_value": 70,
      "options": [
        "Time spent studying (hours)",
        "Number of breaks (times)"
      ],
      "optionA": {
        "trial_id": "15",
        "task_id": "139",
        "values": "5.0, 3",
        "target_value": 70
      },
      "optionB": {
        "trial_id": "9",
        "task_id": "139",
        "values": "6.0, 1",
        "target_value": 80
      },
      "choice": {
        "button": "J",
        "selected_option": "OptionB"
      }
    },
    {
      "question": 43,
      "target": "100m sprint time (s)",
      "target_value": 11.3,
      "options": [
        "Runner stride length (cm)",
        "Runner age (years)"
      ],
      "optionA": {
        "trial_id": "15",
        "task_id": "145",
        "values": "81.0, 23",
        "target_value": 11.3
      },
      "optionB": {
        "trial_id": "11",
        "task_id": "145",
        "values": "78.0, 27",
        "target_value": 11.6
      },
      "choice": {
        "button": "F",
        "selected_option": "OptionA"
      }
    },
    {
      "question": 44,
      "target": "Restaurant Rating",
      "target_value": 4.2,
      "options": [
        "Restaurant Menu Variety",
        "Restaurant Wait Time"
      ],
      "optionA": {
        "trial_id": "1",
        "task_id": "11",
        "values": "50.0, 15",
        "target_value": 4.2
      },
      "optionB": {
        "trial_id": "7",
        "task_id": "11",
        "values": "40.0, 25",
        "target_value": 3.8
      },
      "choice": {
        "button": "F",
        "selected_option": "OptionA"
      }
    },
    {
      "question": 45,
      "target": "Distance",
      "target_value": 450,
      "options": [
        "Fuel Efficiency",
        "Weight"
      ],
      "optionA": {
        "trial_id": "8",
        "task_id": "69",
        "values": "30.0, 1500",
        "target_value": 450
      },
      "optionB": {
        "trial_id": "11",
        "task_id": "69",
        "values": "27.0, 1500",
        "target_value": 405
      },
      "choice": {
        "button": "F",
        "selected_option": "OptionA"
      }
    },
    {
      "question": 46,
      "target": "Fuel Efficiency (km/L)",
      "target_value": 12,
      "options": [
        "Car Engine Size (L)",
        "Weight (kg)"
      ],
      "optionA": {
        "trial_id": "1",
        "task_id": "107",
        "values": "2.0, 1200",
        "target_value": 12
      },
      "optionB": {
        "trial_id": "20",
        "task_id": "107",
        "values": "7.5, 2200",
        "target_value": 1
      },
      "choice": {
        "button": "F",
        "selected_option": "OptionA"
      }
    },
    {
      "question": 47,
      "target": "Morning Alertness",
      "target_value": 8,
      "options": [
        "Hours of Sleep",
        "Number of Alarms"
      ],
      "optionA": {
        "trial_id": "1",
        "task_id": "160",
        "values": "7.0, 1",
        "target_value": 8
      },
      "optionB": {
        "trial_id": "2",
        "task_id": "160",
        "values": "6.0, 2",
        "target_value": 6
      },
      "choice": {
        "button": "F",
        "selected_option": "OptionA"
      }
    },
    {
      "question": 48,
      "target": "Flower Size (inches)",
      "target_value": 6,
      "options": [
        "Plant Height (inches)",
        "Plant Width (inches)"
      ],
      "optionA": {
        "trial_id": "16",
        "task_id": "152",
        "values": "15.0, 5.0",
        "target_value": 6
      },
      "optionB": {
        "trial_id": "20",
        "task_id": "152",
        "values": "12.0, 6.0",
        "target_value": 4
      },
      "choice": {
        "button": "F",
        "selected_option": "OptionA"
      }
    },
    {
      "question": 49,
      "target": "Exam score (%)",
      "target_value": 88,
      "options": [
        "Student study hours per week",
        "Student age (years)"
      ],
      "optionA": {
        "trial_id": "11",
        "task_id": "144",
        "values": "11.0, 16",
        "target_value": 88
      },
      "optionB": {
        "trial_id": "17",
        "task_id": "144",
        "values": "8.0, 16",
        "target_value": 83
      },
      "choice": {
        "button": "F",
        "selected_option": "OptionA"
      }
    },
    {
      "question": 50,
      "target": "Exam Score",
      "target_value": 70,
      "options": [
        "Student Study Time",
        "Time Spent on Social Media"
      ],
      "optionA": {
        "trial_id": "17",
        "task_id": "79",
        "values": "3.0, 5",
        "target_value": 70
      },
      "optionB": {
        "trial_id": "17",
        "task_id": "79",
        "values": "3.0, 5",
        "target_value": 70
      },
      "choice": {
        "button": "F",
        "selected_option": "OptionA"
      }
    }
  ]
}