{
  "prolific_id": "UNKNOWN",
  "condition_group": "direction",
  "responses": [
    {
      "question": 1,
      "target": "Comfort Score",
      "target_value": 9,
      "options": [
        "Price ($)",
        "Size (sqft)"
      ],
      "optionA": {
        "trial_id": "20",
        "task_id": "44",
        "values": "330000.0, 190.0",
        "target_value": 9
      },
      "optionB": {
        "trial_id": "5",
        "task_id": "44",
        "values": "290000.0, 170.0",
        "target_value": 9
      },
      "choice": {
        "button": "J",
        "selected_option": "OptionB"
      }
    },
    {
      "question": 2,
      "target": "Growth Rate",
      "target_value": 2,
      "options": [
        "Plant Leaf Size",
        "Plant Height"
      ],
      "optionA": {
        "trial_id": "8",
        "task_id": "65",
        "values": "8.0, 40.0",
        "target_value": 2
      },
      "optionB": {
        "trial_id": "8",
        "task_id": "65",
        "values": "8.0, 40.0",
        "target_value": 2
      },
      "choice": {
        "button": "F",
        "selected_option": "OptionA"
      }
    },
    {
      "question": 3,
      "target": "Performance Score (1-100)",
      "target_value": 80,
      "options": [
        "Hours of Practice",
        "Number of Lessons"
      ],
      "optionA": {
        "trial_id": "8",
        "task_id": "57",
        "values": "20.0, 8.0",
        "target_value": 80
      },
      "optionB": {
        "trial_id": "2",
        "task_id": "57",
        "values": "15.0, 6.0",
        "target_value": 75
      },
      "choice": {
        "button": "F",
        "selected_option": "OptionA"
      }
    },
    {
      "question": 4,
      "target": "Movie enjoyment",
      "target_value": 9,
      "options": [
        "Movie runtime",
        "Movie rating"
      ],
      "optionA": {
        "trial_id": "16",
        "task_id": "75",
        "values": "150.0, 8.5",
        "target_value": 9
      },
      "optionB": {
        "trial_id": "4",
        "task_id": "75",
        "values": "140.0, 8.0",
        "target_value": 8.5
      },
      "choice": {
        "button": "F",
        "selected_option": "OptionA"
      }
    },
    {
      "question": 5,
      "target": "Energy Boost",
      "target_value": 8,
      "options": [
        "Coffee Caffeine Content",
        "Coffee Richness"
      ],
      "optionA": {
        "trial_id": "3",
        "task_id": "4",
        "values": "80.0, 5.0",
        "target_value": 8
      },
      "optionB": {
        "trial_id": "18",
        "task_id": "4",
        "values": "90.0, 4.0",
        "target_value": 7
      },
      "choice": {
        "button": "J",
        "selected_option": "OptionB"
      }
    },
    {
      "question": 6,
      "target": "Book Knowledge Content",
      "target_value": 9,
      "options": [
        "Book Page Count",
        "Book Reading Level"
      ],
      "optionA": {
        "trial_id": "8",
        "task_id": "1",
        "values": "480.0, 5.0",
        "target_value": 9
      },
      "optionB": {
        "trial_id": "4",
        "task_id": "1",
        "values": "350.0, 6.0",
        "target_value": 8
      },
      "choice": {
        "button": "F",
        "selected_option": "OptionA"
      }
    },
    {
      "question": 7,
      "target": "Bike Speed",
      "target_value": 24,
      "options": [
        "Bike Weight",
        "Bike Wheel Size"
      ],
      "optionA": {
        "trial_id": "17",
        "task_id": "107",
        "values": "10.0, 26.5",
        "target_value": 24
      },
      "optionB": {
        "trial_id": "5",
        "task_id": "107",
        "values": "14.0, 29.5",
        "target_value": 30
      },
      "choice": {
        "button": "J",
        "selected_option": "OptionB"
      }
    },
    {
      "question": 8,
      "target": "Bike Speed",
      "target_value": 24,
      "options": [
        "Bike Weight",
        "Bike Wheel Size"
      ],
      "optionA": {
        "trial_id": "17",
        "task_id": "107",
        "values": "10.0, 26.5",
        "target_value": 24
      },
      "optionB": {
        "trial_id": "3",
        "task_id": "107",
        "values": "12.0, 29.0",
        "target_value": 28
      },
      "choice": {
        "button": "J",
        "selected_option": "OptionB"
      }
    },
    {
      "question": 9,
      "target": "Dog Energy Level",
      "target_value": 7,
      "options": [
        "Dog Weight",
        "Dog Activity Level"
      ],
      "optionA": {
        "trial_id": "18",
        "task_id": "105",
        "values": "22.0, 4.0",
        "target_value": 7
      },
      "optionB": {
        "trial_id": "11",
        "task_id": "105",
        "values": "32.0, 6.0",
        "target_value": 9
      },
      "choice": {
        "button": "J",
        "selected_option": "OptionB"
      }
    },
    {
      "question": "attention_check_9",
      "choice": "J",
      "passed": true,
      "timestamp": 1756154712371
    },
    {
      "question": 10,
      "target": "Cooking Time (min)",
      "target_value": 35,
      "options": [
        "Number of Ingredients",
        "Prep Time (min)"
      ],
      "optionA": {
        "trial_id": "11",
        "task_id": "48",
        "values": "7.0, 14.0",
        "target_value": 35
      },
      "optionB": {
        "trial_id": "2",
        "task_id": "48",
        "values": "6.0, 12.0",
        "target_value": 30
      },
      "choice": {
        "button": "F",
        "selected_option": "OptionA"
      }
    },
    {
      "question": 11,
      "target": "Energy Boost",
      "target_value": 6,
      "options": [
        "Coffee Caffeine Content",
        "Coffee Richness"
      ],
      "optionA": {
        "trial_id": "14",
        "task_id": "4",
        "values": "80.0, 3.0",
        "target_value": 6
      },
      "optionB": {
        "trial_id": "17",
        "task_id": "4",
        "values": "85.0, 3.0",
        "target_value": 6
      },
      "choice": {
        "button": "J",
        "selected_option": "OptionB"
      }
    },
    {
      "question": 12,
      "target": "House Price",
      "target_value": 310,
      "options": [
        "House Size",
        "Neighborhood Rating"
      ],
      "optionA": {
        "trial_id": "17",
        "task_id": "38",
        "values": "1700.0, 6.0",
        "target_value": 310
      },
      "optionB": {
        "trial_id": "20",
        "task_id": "38",
        "values": "2100.0, 8.0",
        "target_value": 430
      },
      "choice": {
        "button": "F",
        "selected_option": "OptionA"
      }
    },
    {
      "question": 13,
      "target": "Natural Light (on scale 1-10)",
      "target_value": 9,
      "options": [
        "Room Area (m2)",
        "Number of Windows"
      ],
      "optionA": {
        "trial_id": "5",
        "task_id": "15",
        "values": "25.0, 5.0",
        "target_value": 9
      },
      "optionB": {
        "trial_id": "8",
        "task_id": "15",
        "values": "20.0, 3.0",
        "target_value": 7
      },
      "choice": {
        "button": "F",
        "selected_option": "OptionA"
      }
    },
    {
      "question": 14,
      "target": "Top Speed",
      "target_value": 120,
      "options": [
        "Car Engine Size",
        "Horsepower"
      ],
      "optionA": {
        "trial_id": "7",
        "task_id": "36",
        "values": "1.6, 160.0",
        "target_value": 120
      },
      "optionB": {
        "trial_id": "9",
        "task_id": "61",
        "values": "2.2, 170.0",
        "target_value": 135
      },
      "choice": {
        "button": "J",
        "selected_option": "OptionB"
      }
    },
    {
      "question": 15,
      "target": "Battery life hours",
      "target_value": 13,
      "options": [
        "Phone battery capacity",
        "Phone weight"
      ],
      "optionA": {
        "trial_id": "18",
        "task_id": "73",
        "values": "3000.0, 190.0",
        "target_value": 13
      },
      "optionB": {
        "trial_id": "11",
        "task_id": "73",
        "values": "4000.0, 210.0",
        "target_value": 15
      },
      "choice": {
        "button": "J",
        "selected_option": "OptionB"
      }
    },
    {
      "question": 16,
      "target": "Distance Covered",
      "target_value": 50,
      "options": [
        "Bike Speed",
        "Bike Weight"
      ],
      "optionA": {
        "trial_id": "1",
        "task_id": "7",
        "values": "25.0, 10.0",
        "target_value": 50
      },
      "optionB": {
        "trial_id": "10",
        "task_id": "7",
        "values": "21.0, 10.0",
        "target_value": 50
      },
      "choice": {
        "button": "F",
        "selected_option": "OptionA"
      }
    },
    {
      "question": 17,
      "target": "Age (years)",
      "target_value": 40,
      "options": [
        "Tree Height (m)",
        "Trunk Diameter (cm)"
      ],
      "optionA": {
        "trial_id": "2",
        "task_id": "32",
        "values": "8.0, 25.0",
        "target_value": 40
      },
      "optionB": {
        "trial_id": "10",
        "task_id": "32",
        "values": "7.0, 20.0",
        "target_value": 30
      },
      "choice": {
        "button": "J",
        "selected_option": "OptionB"
      }
    },
    {
      "question": 18,
      "target": "Taste Rating (1-10)",
      "target_value": 5,
      "options": [
        "Minutes of Cooking",
        "Number of Ingredients"
      ],
      "optionA": {
        "trial_id": "11",
        "task_id": "56",
        "values": "12.0, 2.0",
        "target_value": 5
      },
      "optionB": {
        "trial_id": "17",
        "task_id": "56",
        "values": "18.0, 3.0",
        "target_value": 6
      },
      "choice": {
        "button": "J",
        "selected_option": "OptionB"
      }
    },
    {
      "question": 19,
      "target": "Enjoyment Score",
      "target_value": 6.5,
      "options": [
        "Book Length (pages)",
        "Author Fame (1-10)"
      ],
      "optionA": {
        "trial_id": "13",
        "task_id": "29",
        "values": "180.0, 5.0",
        "target_value": 6.5
      },
      "optionB": {
        "trial_id": "6",
        "task_id": "29",
        "values": "200.0, 5.0",
        "target_value": 6.5
      },
      "choice": {
        "button": "J",
        "selected_option": "OptionB"
      }
    },
    {
      "question": "attention_check_19",
      "choice": "F",
      "passed": true,
      "timestamp": 1756154732807
    },
    {
      "question": 20,
      "target": "Fun Score",
      "target_value": 6,
      "options": [
        "Number of Players",
        "Game Length (min)"
      ],
      "optionA": {
        "trial_id": "3",
        "task_id": "98",
        "values": "3.0, 50.0",
        "target_value": 6
      },
      "optionB": {
        "trial_id": "7",
        "task_id": "98",
        "values": "4.0, 55.0",
        "target_value": 6
      },
      "choice": {
        "button": "J",
        "selected_option": "OptionB"
      }
    },
    {
      "question": 21,
      "target": "Fun Score",
      "target_value": 8,
      "options": [
        "Number of Players",
        "Game Length (min)"
      ],
      "optionA": {
        "trial_id": "18",
        "task_id": "98",
        "values": "7.0, 65.0",
        "target_value": 8
      },
      "optionB": {
        "trial_id": "14",
        "task_id": "98",
        "values": "6.0, 60.0",
        "target_value": 7
      },
      "choice": {
        "button": "F",
        "selected_option": "OptionA"
      }
    },
    {
      "question": 22,
      "target": "Fitness Level",
      "target_value": 8,
      "options": [
        "Exercise Time (min/day)",
        "Healthy Diet (%)"
      ],
      "optionA": {
        "trial_id": "11",
        "task_id": "46",
        "values": "45.0, 80.0",
        "target_value": 8
      },
      "optionB": {
        "trial_id": "15",
        "task_id": "46",
        "values": "25.0, 70.0",
        "target_value": 6
      },
      "choice": {
        "button": "F",
        "selected_option": "OptionA"
      }
    },
    {
      "question": 23,
      "target": "Book Rating",
      "target_value": 4.7,
      "options": [
        "Book Page Count",
        "Author Rating"
      ],
      "optionA": {
        "trial_id": "17",
        "task_id": "22",
        "values": "350.0, 4.8",
        "target_value": 4.7
      },
      "optionB": {
        "trial_id": "20",
        "task_id": "22",
        "values": "300.0, 4.8",
        "target_value": 4.7
      },
      "choice": {
        "button": "F",
        "selected_option": "OptionA"
      }
    },
    {
      "question": 24,
      "target": "Physical strength",
      "target_value": 82,
      "options": [
        "Height (cm)",
        "Weight (kg)"
      ],
      "optionA": {
        "trial_id": "20",
        "task_id": "84",
        "values": "175.0, 85.0",
        "target_value": 82
      },
      "optionB": {
        "trial_id": "7",
        "task_id": "84",
        "values": "150.0, 55.0",
        "target_value": 50
      },
      "choice": {
        "button": "F",
        "selected_option": "OptionA"
      }
    },
    {
      "question": 25,
      "target": "Performance Rating",
      "target_value": 9,
      "options": [
        "Computer Weight (kg)",
        "RAM (GB)"
      ],
      "optionA": {
        "trial_id": "16",
        "task_id": "34",
        "values": "1.7, 16.0",
        "target_value": 9
      },
      "optionB": {
        "trial_id": "3",
        "task_id": "34",
        "values": "1.8, 12.0",
        "target_value": 8
      },
      "choice": {
        "button": "J",
        "selected_option": "OptionB"
      }
    },
    {
      "question": 26,
      "target": "Phone Performance",
      "target_value": 150,
      "options": [
        "Phone RAM",
        "Phone Storage"
      ],
      "optionA": {
        "trial_id": "17",
        "task_id": "86",
        "values": "128.0, 16384.0",
        "target_value": 150
      },
      "optionB": {
        "trial_id": "1",
        "task_id": "86",
        "values": "4.0, 64.0",
        "target_value": 70
      },
      "choice": {
        "button": "F",
        "selected_option": "OptionA"
      }
    },
    {
      "question": 27,
      "target": "Exam score",
      "target_value": 83,
      "options": [
        "Study time (hours)",
        "Class attendance (%)"
      ],
      "optionA": {
        "trial_id": "15",
        "task_id": "91",
        "values": "4.0, 90.0",
        "target_value": 83
      },
      "optionB": {
        "trial_id": "1",
        "task_id": "91",
        "values": "4.0, 80.0",
        "target_value": 75
      },
      "choice": {
        "button": "F",
        "selected_option": "OptionA"
      }
    },
    {
      "question": 28,
      "target": "User Satisfaction",
      "target_value": 5,
      "options": [
        "Screen Size",
        "Battery Life"
      ],
      "optionA": {
        "trial_id": "6",
        "task_id": "52",
        "values": "6.0, 20.0",
        "target_value": 5
      },
      "optionB": {
        "trial_id": "6",
        "task_id": "52",
        "values": "6.0, 20.0",
        "target_value": 5
      },
      "choice": {
        "button": "F",
        "selected_option": "OptionA"
      }
    },
    {
      "question": 29,
      "target": "Performance Rating",
      "target_value": 6,
      "options": [
        "Computer Weight (kg)",
        "RAM (GB)"
      ],
      "optionA": {
        "trial_id": "18",
        "task_id": "34",
        "values": "1.2, 6.0",
        "target_value": 6
      },
      "optionB": {
        "trial_id": "16",
        "task_id": "34",
        "values": "1.7, 16.0",
        "target_value": 9
      },
      "choice": {
        "button": "J",
        "selected_option": "OptionB"
      }
    },
    {
      "question": "attention_check_29",
      "choice": "J",
      "passed": true,
      "timestamp": 1756154783965
    },
    {
      "question": 30,
      "target": "Distance Covered",
      "target_value": 51,
      "options": [
        "Bike Speed",
        "Bike Weight"
      ],
      "optionA": {
        "trial_id": "19",
        "task_id": "7",
        "values": "23.0, 11.0",
        "target_value": 51
      },
      "optionB": {
        "trial_id": "12",
        "task_id": "7",
        "values": "28.0, 15.0",
        "target_value": 62
      },
      "choice": {
        "button": "J",
        "selected_option": "OptionB"
      }
    },
    {
      "question": 31,
      "target": "Speed",
      "target_value": 90,
      "options": [
        "Car Engine Size",
        "Horsepower"
      ],
      "optionA": {
        "trial_id": "7",
        "task_id": "61",
        "values": "1.4, 100.0",
        "target_value": 90
      },
      "optionB": {
        "trial_id": "10",
        "task_id": "36",
        "values": "2.1, 180.0",
        "target_value": 130
      },
      "choice": {
        "button": "J",
        "selected_option": "OptionB"
      }
    },
    {
      "question": 32,
      "target": "Top Speed",
      "target_value": 220,
      "options": [
        "Engine Size",
        "Horsepower"
      ],
      "optionA": {
        "trial_id": "18",
        "task_id": "113",
        "values": "4.5, 240.0",
        "target_value": 220
      },
      "optionB": {
        "trial_id": "15",
        "task_id": "113",
        "values": "1.6, 100.0",
        "target_value": 135
      },
      "choice": {
        "button": "F",
        "selected_option": "OptionA"
      }
    },
    {
      "question": 33,
      "target": "Exam Score (out of 100)",
      "target_value": 78,
      "options": [
        "Study Time (hours)",
        "Previous GPA"
      ],
      "optionA": {
        "trial_id": "14",
        "task_id": "18",
        "values": "11.0, 3.2",
        "target_value": 78
      },
      "optionB": {
        "trial_id": "16",
        "task_id": "18",
        "values": "9.0, 3.5",
        "target_value": 80
      },
      "choice": {
        "button": "F",
        "selected_option": "OptionA"
      }
    },
    {
      "question": 34,
      "target": "Performance Score (1-100)",
      "target_value": 50,
      "options": [
        "Hours of Practice",
        "Number of Lessons"
      ],
      "optionA": {
        "trial_id": "18",
        "task_id": "57",
        "values": "10.0, 3.0",
        "target_value": 50
      },
      "optionB": {
        "trial_id": "20",
        "task_id": "57",
        "values": "35.0, 13.0",
        "target_value": 95
      },
      "choice": {
        "button": "J",
        "selected_option": "OptionB"
      }
    },
    {
      "question": 35,
      "target": "Room Size",
      "target_value": 42,
      "options": [
        "Room Width",
        "Room Length"
      ],
      "optionA": {
        "trial_id": "6",
        "task_id": "109",
        "values": "6.0, 7.0",
        "target_value": 42
      },
      "optionB": {
        "trial_id": "9",
        "task_id": "109",
        "values": "5.0, 6.0",
        "target_value": 30
      },
      "choice": {
        "button": "F",
        "selected_option": "OptionA"
      }
    },
    {
      "question": 36,
      "target": "User Satisfaction",
      "target_value": 7,
      "options": [
        "Screen Size",
        "Battery Life"
      ],
      "optionA": {
        "trial_id": "13",
        "task_id": "52",
        "values": "5.0, 35.0",
        "target_value": 7
      },
      "optionB": {
        "trial_id": "3",
        "task_id": "52",
        "values": "7.0, 35.0",
        "target_value": 8
      },
      "choice": {
        "button": "J",
        "selected_option": "OptionB"
      }
    },
    {
      "question": 37,
      "target": "Phone Performance",
      "target_value": 75,
      "options": [
        "Phone RAM",
        "Phone Screen Size"
      ],
      "optionA": {
        "trial_id": "10",
        "task_id": "103",
        "values": "4.0, 5.9",
        "target_value": 75
      },
      "optionB": {
        "trial_id": "9",
        "task_id": "103",
        "values": "6.0, 6.2",
        "target_value": 82
      },
      "choice": {
        "button": "J",
        "selected_option": "OptionB"
      }
    },
    {
      "question": 38,
      "target": "Engagement rate (%)",
      "target_value": 6,
      "options": [
        "Number of followers",
        "Post quality score"
      ],
      "optionA": {
        "trial_id": "19",
        "task_id": "71",
        "values": "14000.0, 7.0",
        "target_value": 6
      },
      "optionB": {
        "trial_id": "8",
        "task_id": "71",
        "values": "13000.0, 3.0",
        "target_value": 5
      },
      "choice": {
        "button": "F",
        "selected_option": "OptionA"
      }
    },
    {
      "question": 39,
      "target": "Post reach",
      "target_value": 17000,
      "options": [
        "Number of followers",
        "Engagement rate (%)"
      ],
      "optionA": {
        "trial_id": "12",
        "task_id": "92",
        "values": "2200.0, 5.0",
        "target_value": 17000
      },
      "optionB": {
        "trial_id": "17",
        "task_id": "92",
        "values": "1600.0, 7.0",
        "target_value": 21000
      },
      "choice": {
        "button": "F",
        "selected_option": "OptionA"
      }
    },
    {
      "question": "attention_check_39",
      "choice": "F",
      "passed": true,
      "timestamp": 1756154798994
    },
    {
      "question": 40,
      "target": "Light Level",
      "target_value": 8,
      "options": [
        "Room Size (sq ft)",
        "Number of Windows"
      ],
      "optionA": {
        "trial_id": "5",
        "task_id": "35",
        "values": "220.0, 4.0",
        "target_value": 8
      },
      "optionB": {
        "trial_id": "3",
        "task_id": "35",
        "values": "150.0, 2.0",
        "target_value": 6
      },
      "choice": {
        "button": "F",
        "selected_option": "OptionA"
      }
    },
    {
      "question": 41,
      "target": "Post reach",
      "target_value": 17000,
      "options": [
        "Number of followers",
        "Engagement rate (%)"
      ],
      "optionA": {
        "trial_id": "12",
        "task_id": "92",
        "values": "2200.0, 5.0",
        "target_value": 17000
      },
      "optionB": {
        "trial_id": "5",
        "task_id": "92",
        "values": "1500.0, 6.0",
        "target_value": 18000
      },
      "choice": {
        "button": "F",
        "selected_option": "OptionA"
      }
    },
    {
      "question": 42,
      "target": "Age (years)",
      "target_value": 50,
      "options": [
        "Tree Height (m)",
        "Trunk Diameter (cm)"
      ],
      "optionA": {
        "trial_id": "20",
        "task_id": "32",
        "values": "10.0, 29.0",
        "target_value": 50
      },
      "optionB": {
        "trial_id": "6",
        "task_id": "32",
        "values": "6.0, 15.0",
        "target_value": 25
      },
      "choice": {
        "button": "F",
        "selected_option": "OptionA"
      }
    },
    {
      "question": 43,
      "target": "Reading time",
      "target_value": 6,
      "options": [
        "Book pages",
        "Book chapters"
      ],
      "optionA": {
        "trial_id": "18",
        "task_id": "72",
        "values": "300.0, 15.0",
        "target_value": 6
      },
      "optionB": {
        "trial_id": "17",
        "task_id": "72",
        "values": "380.0, 19.0",
        "target_value": 8
      },
      "choice": {
        "button": "J",
        "selected_option": "OptionB"
      }
    },
    {
      "question": 44,
      "target": "Restaurant Popularity (on scale 1-10)",
      "target_value": 8,
      "options": [
        "Number of Reviews",
        "Average Rating (out of 5)"
      ],
      "optionA": {
        "trial_id": "20",
        "task_id": "19",
        "values": "270.0, 4.6",
        "target_value": 8
      },
      "optionB": {
        "trial_id": "10",
        "task_id": "19",
        "values": "220.0, 4.5",
        "target_value": 8
      },
      "choice": {
        "button": "F",
        "selected_option": "OptionA"
      }
    },
    {
      "question": 45,
      "target": "App Popularity",
      "target_value": 92,
      "options": [
        "App User Ratings (1-5)",
        "Number of Reviews"
      ],
      "optionA": {
        "trial_id": "6",
        "task_id": "42",
        "values": "4.0, 300.0",
        "target_value": 92
      },
      "optionB": {
        "trial_id": "18",
        "task_id": "42",
        "values": "5.0, 80.0",
        "target_value": 70
      },
      "choice": {
        "button": "J",
        "selected_option": "OptionB"
      }
    },
    {
      "question": 46,
      "target": "Top Speed",
      "target_value": 195,
      "options": [
        "Engine Size",
        "Horsepower"
      ],
      "optionA": {
        "trial_id": "9",
        "task_id": "113",
        "values": "3.5, 190.0",
        "target_value": 195
      },
      "optionB": {
        "trial_id": "18",
        "task_id": "113",
        "values": "4.5, 240.0",
        "target_value": 220
      },
      "choice": {
        "button": "J",
        "selected_option": "OptionB"
      }
    },
    {
      "question": 47,
      "target": "Battery life",
      "target_value": 12,
      "options": [
        "Phone battery",
        "Screen size"
      ],
      "optionA": {
        "trial_id": "11",
        "task_id": "69",
        "values": "3000.0, 5.0",
        "target_value": 12
      },
      "optionB": {
        "trial_id": "10",
        "task_id": "69",
        "values": "3500.0, 6.0",
        "target_value": 13
      },
      "choice": {
        "button": "J",
        "selected_option": "OptionB"
      }
    },
    {
      "question": 48,
      "target": "Top Speed",
      "target_value": 160,
      "options": [
        "Engine Size",
        "Horsepower"
      ],
      "optionA": {
        "trial_id": "19",
        "task_id": "113",
        "values": "2.5, 140.0",
        "target_value": 160
      },
      "optionB": {
        "trial_id": "17",
        "task_id": "113",
        "values": "4.0, 220.0",
        "target_value": 210
      },
      "choice": {
        "button": "J",
        "selected_option": "OptionB"
      }
    },
    {
      "question": 49,
      "target": "Dog Activity Level",
      "target_value": 8,
      "options": [
        "Dog Size",
        "Dog Exercise Needs"
      ],
      "optionA": {
        "trial_id": "2",
        "task_id": "3",
        "values": "45.0, 3.0",
        "target_value": 8
      },
      "optionB": {
        "trial_id": "20",
        "task_id": "3",
        "values": "22.0, 2.0",
        "target_value": 4
      },
      "choice": {
        "button": "F",
        "selected_option": "OptionA"
      }
    },
    {
      "question": 50,
      "target": "Home Comfort (1-10)",
      "target_value": 8,
      "options": [
        "Number of Bedrooms",
        "Square Feet"
      ],
      "optionA": {
        "trial_id": "9",
        "task_id": "9",
        "values": "4.0, 1700.0",
        "target_value": 8
      },
      "optionB": {
        "trial_id": "14",
        "task_id": "9",
        "values": "4.0, 1450.0",
        "target_value": 6
      },
      "choice": {
        "button": "F",
        "selected_option": "OptionA"
      }
    }
  ]
}