{
  "prolific_id": "UNKNOWN",
  "condition_group": "direction",
  "responses": [
    {
      "question": 1,
      "target": "Durability Perception (1-10)",
      "target_value": 8,
      "options": [
        "Price ($)",
        "Warranty (years)"
      ],
      "optionA": {
        "trial_id": "9",
        "task_id": "8",
        "values": "270.0, 5.0",
        "target_value": 8
      },
      "optionB": {
        "trial_id": "2",
        "task_id": "8",
        "values": "250.0, 2.0",
        "target_value": 6
      },
      "choice": {
        "button": "F",
        "selected_option": "OptionA"
      }
    },
    {
      "question": 2,
      "target": "Taste Rating (1-10)",
      "target_value": 10,
      "options": [
        "Minutes of Cooking",
        "Number of Ingredients"
      ],
      "optionA": {
        "trial_id": "19",
        "task_id": "56",
        "values": "50.0, 10.0",
        "target_value": 10
      },
      "optionB": {
        "trial_id": "3",
        "task_id": "56",
        "values": "30.0, 6.0",
        "target_value": 8
      },
      "choice": {
        "button": "J",
        "selected_option": "OptionB"
      }
    },
    {
      "question": 3,
      "target": "Job Success",
      "target_value": 92,
      "options": [
        "Age",
        "Experience"
      ],
      "optionA": {
        "trial_id": "17",
        "task_id": "117",
        "values": "45.0, 12.0",
        "target_value": 92
      },
      "optionB": {
        "trial_id": "16",
        "task_id": "117",
        "values": "30.0, 5.0",
        "target_value": 70
      },
      "choice": {
        "button": "J",
        "selected_option": "OptionB"
      }
    },
    {
      "question": 4,
      "target": "Post reach",
      "target_value": 16000,
      "options": [
        "Number of followers",
        "Engagement rate (%)"
      ],
      "optionA": {
        "trial_id": "2",
        "task_id": "92",
        "values": "2000.0, 3.0",
        "target_value": 16000
      },
      "optionB": {
        "trial_id": "8",
        "task_id": "92",
        "values": "1800.0, 7.0",
        "target_value": 21000
      },
      "choice": {
        "button": "J",
        "selected_option": "OptionB"
      }
    },
    {
      "question": 5,
      "target": "Distance Covered",
      "target_value": 50,
      "options": [
        "Bike Speed",
        "Bike Weight"
      ],
      "optionA": {
        "trial_id": "13",
        "task_id": "7",
        "values": "24.0, 10.0",
        "target_value": 50
      },
      "optionB": {
        "trial_id": "9",
        "task_id": "7",
        "values": "22.0, 9.0",
        "target_value": 48
      },
      "choice": {
        "button": "J",
        "selected_option": "OptionB"
      }
    },
    {
      "question": 6,
      "target": "Recipe Complexity",
      "target_value": 9,
      "options": [
        "Recipe Servings",
        "Recipe Ingredients"
      ],
      "optionA": {
        "trial_id": "13",
        "task_id": "106",
        "values": "9.0, 15.0",
        "target_value": 9
      },
      "optionB": {
        "trial_id": "8",
        "task_id": "106",
        "values": "2.0, 7.0",
        "target_value": 5
      },
      "choice": {
        "button": "F",
        "selected_option": "OptionA"
      }
    },
    {
      "question": 7,
      "target": "Exam Score (out of 100)",
      "target_value": 70,
      "options": [
        "Time Spent Studying (hours)",
        "Number of Chapters Covered"
      ],
      "optionA": {
        "trial_id": "12",
        "task_id": "94",
        "values": "4.0, 4.0",
        "target_value": 70
      },
      "optionB": {
        "trial_id": "12",
        "task_id": "94",
        "values": "4.0, 4.0",
        "target_value": 70
      },
      "choice": {
        "button": "F",
        "selected_option": "OptionA"
      }
    },
    {
      "question": 8,
      "target": "Speed (km/h)",
      "target_value": 193,
      "options": [
        "Engine Horsepower",
        "Weight (kg)"
      ],
      "optionA": {
        "trial_id": "14",
        "task_id": "47",
        "values": "210.0, 1500.0",
        "target_value": 193
      },
      "optionB": {
        "trial_id": "10",
        "task_id": "47",
        "values": "180.0, 1350.0",
        "target_value": 180
      },
      "choice": {
        "button": "F",
        "selected_option": "OptionA"
      }
    },
    {
      "question": 9,
      "target": "Durability Perception (1-10)",
      "target_value": 7,
      "options": [
        "Price ($)",
        "Warranty (years)"
      ],
      "optionA": {
        "trial_id": "4",
        "task_id": "8",
        "values": "300.0, 3.0",
        "target_value": 7
      },
      "optionB": {
        "trial_id": "16",
        "task_id": "8",
        "values": "240.0, 2.0",
        "target_value": 6
      },
      "choice": {
        "button": "F",
        "selected_option": "OptionA"
      }
    },
    {
      "question": "attention_check_9",
      "choice": "J",
      "passed": true,
      "timestamp": 1756154550768
    },
    {
      "question": 10,
      "target": "Growth speed",
      "target_value": 5,
      "options": [
        "Plant height cm",
        "Plant leaf count"
      ],
      "optionA": {
        "trial_id": "8",
        "task_id": "74",
        "values": "38.0, 13.0",
        "target_value": 5
      },
      "optionB": {
        "trial_id": "2",
        "task_id": "74",
        "values": "40.0, 12.0",
        "target_value": 5
      },
      "choice": {
        "button": "F",
        "selected_option": "OptionA"
      }
    },
    {
      "question": 11,
      "target": "Flavor Strength",
      "target_value": 8,
      "options": [
        "Coffee Bean Size",
        "Bean Roast"
      ],
      "optionA": {
        "trial_id": "20",
        "task_id": "64",
        "values": "6.0, 3.0",
        "target_value": 8
      },
      "optionB": {
        "trial_id": "3",
        "task_id": "64",
        "values": "4.0, 1.0",
        "target_value": 6
      },
      "choice": {
        "button": "F",
        "selected_option": "OptionA"
      }
    },
    {
      "question": 12,
      "target": "Home Comfort (1-10)",
      "target_value": 6,
      "options": [
        "Number of Bedrooms",
        "Square Feet"
      ],
      "optionA": {
        "trial_id": "20",
        "task_id": "9",
        "values": "4.0, 1350.0",
        "target_value": 6
      },
      "optionB": {
        "trial_id": "20",
        "task_id": "9",
        "values": "4.0, 1350.0",
        "target_value": 6
      },
      "choice": {
        "button": "F",
        "selected_option": "OptionA"
      }
    },
    {
      "question": 13,
      "target": "Bike Speed",
      "target_value": 27,
      "options": [
        "Bike Weight",
        "Bike Wheel Size"
      ],
      "optionA": {
        "trial_id": "14",
        "task_id": "107",
        "values": "18.0, 28.0",
        "target_value": 27
      },
      "optionB": {
        "trial_id": "2",
        "task_id": "107",
        "values": "12.0, 26.0",
        "target_value": 22
      },
      "choice": {
        "button": "J",
        "selected_option": "OptionB"
      }
    },
    {
      "question": 14,
      "target": "Physical strength",
      "target_value": 88,
      "options": [
        "Height (cm)",
        "Weight (kg)"
      ],
      "optionA": {
        "trial_id": "11",
        "task_id": "84",
        "values": "185.0, 95.0",
        "target_value": 88
      },
      "optionB": {
        "trial_id": "20",
        "task_id": "84",
        "values": "175.0, 85.0",
        "target_value": 82
      },
      "choice": {
        "button": "F",
        "selected_option": "OptionA"
      }
    },
    {
      "question": 15,
      "target": "Bike Speed",
      "target_value": 24,
      "options": [
        "Bike Weight",
        "Bike Wheel Size"
      ],
      "optionA": {
        "trial_id": "9",
        "task_id": "107",
        "values": "10.0, 27.0",
        "target_value": 24
      },
      "optionB": {
        "trial_id": "19",
        "task_id": "107",
        "values": "14.0, 28.5",
        "target_value": 28
      },
      "choice": {
        "button": "F",
        "selected_option": "OptionA"
      }
    },
    {
      "question": 16,
      "target": "Taste Rating",
      "target_value": 8,
      "options": [
        "Number of Ingredients",
        "Cooking Time (minutes)"
      ],
      "optionA": {
        "trial_id": "11",
        "task_id": "14",
        "values": "7.0, 32.0",
        "target_value": 8
      },
      "optionB": {
        "trial_id": "8",
        "task_id": "14",
        "values": "4.0, 20.0",
        "target_value": 5
      },
      "choice": {
        "button": "F",
        "selected_option": "OptionA"
      }
    },
    {
      "question": 17,
      "target": "Performance",
      "target_value": 8.3,
      "options": [
        "Skill Level",
        "Practice Time"
      ],
      "optionA": {
        "trial_id": "14",
        "task_id": "100",
        "values": "7.0, 12.0",
        "target_value": 8.3
      },
      "optionB": {
        "trial_id": "12",
        "task_id": "100",
        "values": "5.0, 18.0",
        "target_value": 8.1
      },
      "choice": {
        "button": "F",
        "selected_option": "OptionA"
      }
    },
    {
      "question": 18,
      "target": "Book Knowledge Content",
      "target_value": 9,
      "options": [
        "Book Page Count",
        "Book Reading Level"
      ],
      "optionA": {
        "trial_id": "18",
        "task_id": "1",
        "values": "360.0, 5.0",
        "target_value": 9
      },
      "optionB": {
        "trial_id": "12",
        "task_id": "1",
        "values": "300.0, 3.0",
        "target_value": 5
      },
      "choice": {
        "button": "F",
        "selected_option": "OptionA"
      }
    },
    {
      "question": 19,
      "target": "Light Level",
      "target_value": 8,
      "options": [
        "Room Size (sq ft)",
        "Number of Windows"
      ],
      "optionA": {
        "trial_id": "5",
        "task_id": "35",
        "values": "220.0, 4.0",
        "target_value": 8
      },
      "optionB": {
        "trial_id": "8",
        "task_id": "35",
        "values": "200.0, 3.0",
        "target_value": 7
      },
      "choice": {
        "button": "F",
        "selected_option": "OptionA"
      }
    },
    {
      "question": "attention_check_19",
      "choice": "F",
      "passed": true,
      "timestamp": 1756154628270
    },
    {
      "question": 20,
      "target": "Restaurant Popularity (on scale 1-10)",
      "target_value": 8,
      "options": [
        "Number of Reviews",
        "Average Rating (out of 5)"
      ],
      "optionA": {
        "trial_id": "6",
        "task_id": "19",
        "values": "250.0, 4.5",
        "target_value": 8
      },
      "optionB": {
        "trial_id": "15",
        "task_id": "19",
        "values": "170.0, 4.4",
        "target_value": 7
      },
      "choice": {
        "button": "F",
        "selected_option": "OptionA"
      }
    },
    {
      "question": 21,
      "target": "Light amount",
      "target_value": 6,
      "options": [
        "Room size (m2)",
        "Number of windows"
      ],
      "optionA": {
        "trial_id": "11",
        "task_id": "85",
        "values": "18.0, 2.0",
        "target_value": 6
      },
      "optionB": {
        "trial_id": "11",
        "task_id": "85",
        "values": "18.0, 2.0",
        "target_value": 6
      },
      "choice": {
        "button": "F",
        "selected_option": "OptionA"
      }
    },
    {
      "question": 22,
      "target": "Natural light",
      "target_value": 7,
      "options": [
        "Room size",
        "Window count"
      ],
      "optionA": {
        "trial_id": "4",
        "task_id": "66",
        "values": "100.0, 3.0",
        "target_value": 7
      },
      "optionB": {
        "trial_id": "13",
        "task_id": "66",
        "values": "130.0, 3.0",
        "target_value": 7
      },
      "choice": {
        "button": "F",
        "selected_option": "OptionA"
      }
    },
    {
      "question": 23,
      "target": "Prep Time (min)",
      "target_value": 22,
      "options": [
        "Number of Ingredients",
        "Cooking Time (min)"
      ],
      "optionA": {
        "trial_id": "4",
        "task_id": "96",
        "values": "12.0, 35.0",
        "target_value": 22
      },
      "optionB": {
        "trial_id": "13",
        "task_id": "96",
        "values": "3.0, 18.0",
        "target_value": 13
      },
      "choice": {
        "button": "F",
        "selected_option": "OptionA"
      }
    },
    {
      "question": 24,
      "target": "Recipe Complexity",
      "target_value": 6,
      "options": [
        "Recipe Servings",
        "Recipe Ingredients"
      ],
      "optionA": {
        "trial_id": "2",
        "task_id": "106",
        "values": "3.0, 8.0",
        "target_value": 6
      },
      "optionB": {
        "trial_id": "20",
        "task_id": "106",
        "values": "7.0, 12.0",
        "target_value": 8
      },
      "choice": {
        "button": "J",
        "selected_option": "OptionB"
      }
    },
    {
      "question": 25,
      "target": "Reading time",
      "target_value": 4,
      "options": [
        "Book pages",
        "Book chapters"
      ],
      "optionA": {
        "trial_id": "16",
        "task_id": "72",
        "values": "250.0, 10.0",
        "target_value": 4
      },
      "optionB": {
        "trial_id": "8",
        "task_id": "72",
        "values": "320.0, 16.0",
        "target_value": 7
      },
      "choice": {
        "button": "J",
        "selected_option": "OptionB"
      }
    },
    {
      "question": 26,
      "target": "Job Success",
      "target_value": 70,
      "options": [
        "Age",
        "Experience"
      ],
      "optionA": {
        "trial_id": "1",
        "task_id": "117",
        "values": "30.0, 5.0",
        "target_value": 70
      },
      "optionB": {
        "trial_id": "3",
        "task_id": "117",
        "values": "25.0, 3.0",
        "target_value": 60
      },
      "choice": {
        "button": "J",
        "selected_option": "OptionB"
      }
    },
    {
      "question": 27,
      "target": "Taste Rating",
      "target_value": 7,
      "options": [
        "Number of Ingredients",
        "Cooking Time (minutes)"
      ],
      "optionA": {
        "trial_id": "16",
        "task_id": "14",
        "values": "8.0, 25.0",
        "target_value": 7
      },
      "optionB": {
        "trial_id": "14",
        "task_id": "14",
        "values": "5.0, 27.0",
        "target_value": 6
      },
      "choice": {
        "button": "F",
        "selected_option": "OptionA"
      }
    },
    {
      "question": 28,
      "target": "Book Knowledge Content",
      "target_value": 5,
      "options": [
        "Book Page Count",
        "Book Reading Level"
      ],
      "optionA": {
        "trial_id": "20",
        "task_id": "1",
        "values": "290.0, 3.0",
        "target_value": 5
      },
      "optionB": {
        "trial_id": "20",
        "task_id": "1",
        "values": "290.0, 3.0",
        "target_value": 5
      },
      "choice": {
        "button": "F",
        "selected_option": "OptionA"
      }
    },
    {
      "question": 29,
      "target": "Taste Rating (1-10)",
      "target_value": 7,
      "options": [
        "Time Spent Cooking (min)",
        "Number of Ingredients"
      ],
      "optionA": {
        "trial_id": "12",
        "task_id": "93",
        "values": "40.0, 5.0",
        "target_value": 7
      },
      "optionB": {
        "trial_id": "1",
        "task_id": "93",
        "values": "30.0, 5.0",
        "target_value": 7
      },
      "choice": {
        "button": "F",
        "selected_option": "OptionA"
      }
    },
    {
      "question": "attention_check_29",
      "choice": "J",
      "passed": true,
      "timestamp": 1756154700301
    },
    {
      "question": 30,
      "target": "Brightness",
      "target_value": 630,
      "options": [
        "Phone Battery Capacity",
        "Screen Size"
      ],
      "optionA": {
        "trial_id": "18",
        "task_id": "37",
        "values": "4000.0, 4.0",
        "target_value": 630
      },
      "optionB": {
        "trial_id": "12",
        "task_id": "37",
        "values": "5000.0, 4.0",
        "target_value": 670
      },
      "choice": {
        "button": "J",
        "selected_option": "OptionB"
      }
    },
    {
      "question": 31,
      "target": "Top Speed",
      "target_value": 130,
      "options": [
        "Car Engine Size",
        "Horsepower"
      ],
      "optionA": {
        "trial_id": "20",
        "task_id": "36",
        "values": "1.8, 180.0",
        "target_value": 130
      },
      "optionB": {
        "trial_id": "20",
        "task_id": "36",
        "values": "1.8, 180.0",
        "target_value": 130
      },
      "choice": {
        "button": "F",
        "selected_option": "OptionA"
      }
    },
    {
      "question": 32,
      "target": "Satiety (on scale 1-10)",
      "target_value": 9,
      "options": [
        "Number of Calories",
        "Protein (g)"
      ],
      "optionA": {
        "trial_id": "4",
        "task_id": "16",
        "values": "400.0, 18.0",
        "target_value": 9
      },
      "optionB": {
        "trial_id": "20",
        "task_id": "16",
        "values": "550.0, 24.0",
        "target_value": 10
      },
      "choice": {
        "button": "J",
        "selected_option": "OptionB"
      }
    },
    {
      "question": 33,
      "target": "Distance Covered",
      "target_value": 62,
      "options": [
        "Bike Speed",
        "Bike Weight"
      ],
      "optionA": {
        "trial_id": "12",
        "task_id": "7",
        "values": "28.0, 15.0",
        "target_value": 62
      },
      "optionB": {
        "trial_id": "15",
        "task_id": "7",
        "values": "26.0, 12.0",
        "target_value": 55
      },
      "choice": {
        "button": "F",
        "selected_option": "OptionA"
      }
    },
    {
      "question": 34,
      "target": "Fun Score",
      "target_value": 5,
      "options": [
        "Number of Players",
        "Game Length (min)"
      ],
      "optionA": {
        "trial_id": "20",
        "task_id": "98",
        "values": "4.0, 40.0",
        "target_value": 5
      },
      "optionB": {
        "trial_id": "10",
        "task_id": "98",
        "values": "7.0, 60.0",
        "target_value": 8
      },
      "choice": {
        "button": "J",
        "selected_option": "OptionB"
      }
    },
    {
      "question": 35,
      "target": "Age (years)",
      "target_value": 60,
      "options": [
        "Tree Height (m)",
        "Trunk Diameter (cm)"
      ],
      "optionA": {
        "trial_id": "8",
        "task_id": "32",
        "values": "12.0, 35.0",
        "target_value": 60
      },
      "optionB": {
        "trial_id": "15",
        "task_id": "32",
        "values": "13.0, 38.0",
        "target_value": 65
      },
      "choice": {
        "button": "J",
        "selected_option": "OptionB"
      }
    },
    {
      "question": 36,
      "target": "Fuel Consumption (L/100km)",
      "target_value": 9,
      "options": [
        "Engine Size (cc)",
        "Weight (kg)"
      ],
      "optionA": {
        "trial_id": "8",
        "task_id": "11",
        "values": "2300.0, 1400.0",
        "target_value": 9
      },
      "optionB": {
        "trial_id": "10",
        "task_id": "11",
        "values": "1900.0, 1200.0",
        "target_value": 7
      },
      "choice": {
        "button": "F",
        "selected_option": "OptionA"
      }
    },
    {
      "question": 37,
      "target": "Fitness Level",
      "target_value": 6,
      "options": [
        "Exercise Time (min/day)",
        "Healthy Diet (%)"
      ],
      "optionA": {
        "trial_id": "8",
        "task_id": "46",
        "values": "40.0, 70.0",
        "target_value": 6
      },
      "optionB": {
        "trial_id": "11",
        "task_id": "46",
        "values": "45.0, 80.0",
        "target_value": 8
      },
      "choice": {
        "button": "J",
        "selected_option": "OptionB"
      }
    },
    {
      "question": 38,
      "target": "Restaurant Customer Satisfaction",
      "target_value": 8.5,
      "options": [
        "Restaurant Menu Size",
        "Restaurant Online Rating"
      ],
      "optionA": {
        "trial_id": "5",
        "task_id": "24",
        "values": "15.0, 4.7",
        "target_value": 8.5
      },
      "optionB": {
        "trial_id": "6",
        "task_id": "24",
        "values": "18.0, 4.6",
        "target_value": 8.6
      },
      "choice": {
        "button": "F",
        "selected_option": "OptionA"
      }
    },
    {
      "question": 39,
      "target": "Exam Score (out of 100)",
      "target_value": 65,
      "options": [
        "Time Spent Studying (hours)",
        "Number of Chapters Covered"
      ],
      "optionA": {
        "trial_id": "4",
        "task_id": "94",
        "values": "3.0, 4.0",
        "target_value": 65
      },
      "optionB": {
        "trial_id": "2",
        "task_id": "94",
        "values": "4.0, 5.0",
        "target_value": 75
      },
      "choice": {
        "button": "J",
        "selected_option": "OptionB"
      }
    },
    {
      "question": "attention_check_39",
      "choice": "F",
      "passed": true,
      "timestamp": 1756154798438
    },
    {
      "question": 40,
      "target": "Deliciousness",
      "target_value": 75,
      "options": [
        "Cooking time",
        "Ingredients count"
      ],
      "optionA": {
        "trial_id": "6",
        "task_id": "27",
        "values": "40.0, 6.0",
        "target_value": 75
      },
      "optionB": {
        "trial_id": "4",
        "task_id": "27",
        "values": "15.0, 6.0",
        "target_value": 85
      },
      "choice": {
        "button": "F",
        "selected_option": "OptionA"
      }
    },
    {
      "question": 41,
      "target": "Job Success",
      "target_value": 60,
      "options": [
        "Age",
        "Experience"
      ],
      "optionA": {
        "trial_id": "3",
        "task_id": "117",
        "values": "25.0, 3.0",
        "target_value": 60
      },
      "optionB": {
        "trial_id": "14",
        "task_id": "117",
        "values": "40.0, 9.0",
        "target_value": 85
      },
      "choice": {
        "button": "J",
        "selected_option": "OptionB"
      }
    },
    {
      "question": 42,
      "target": "House Price (thousands)",
      "target_value": 290,
      "options": [
        "House Size (m\u00b2)",
        "House Distance to City (km)"
      ],
      "optionA": {
        "trial_id": "11",
        "task_id": "79",
        "values": "110.0, 4.0",
        "target_value": 290
      },
      "optionB": {
        "trial_id": "13",
        "task_id": "79",
        "values": "120.0, 5.0",
        "target_value": 300
      },
      "choice": {
        "button": "J",
        "selected_option": "OptionB"
      }
    },
    {
      "question": 43,
      "target": "Energy Boost",
      "target_value": 8,
      "options": [
        "Coffee Caffeine Content",
        "Coffee Richness"
      ],
      "optionA": {
        "trial_id": "19",
        "task_id": "4",
        "values": "125.0, 5.0",
        "target_value": 8
      },
      "optionB": {
        "trial_id": "7",
        "task_id": "4",
        "values": "95.0, 4.0",
        "target_value": 7
      },
      "choice": {
        "button": "F",
        "selected_option": "OptionA"
      }
    },
    {
      "question": 44,
      "target": "Restaurant Customer Satisfaction",
      "target_value": 8.3,
      "options": [
        "Restaurant Menu Size",
        "Restaurant Price Rating"
      ],
      "optionA": {
        "trial_id": "19",
        "task_id": "25",
        "values": "20.0, 4.5",
        "target_value": 8.3
      },
      "optionB": {
        "trial_id": "10",
        "task_id": "25",
        "values": "22.0, 4.6",
        "target_value": 8.5
      },
      "choice": {
        "button": "J",
        "selected_option": "OptionB"
      }
    },
    {
      "question": 45,
      "target": "Weight loss",
      "target_value": 1.5,
      "options": [
        "Exercise duration",
        "Intensity level"
      ],
      "optionA": {
        "trial_id": "4",
        "task_id": "67",
        "values": "30.0, 5.0",
        "target_value": 1.5
      },
      "optionB": {
        "trial_id": "9",
        "task_id": "67",
        "values": "50.0, 5.0",
        "target_value": 1.7
      },
      "choice": {
        "button": "J",
        "selected_option": "OptionB"
      }
    },
    {
      "question": 46,
      "target": "Knowledge Content",
      "target_value": 10,
      "options": [
        "Book Thickness",
        "Book Reading Level"
      ],
      "optionA": {
        "trial_id": "12",
        "task_id": "6",
        "values": "43.0, 7.0",
        "target_value": 10
      },
      "optionB": {
        "trial_id": "18",
        "task_id": "6",
        "values": "36.0, 6.0",
        "target_value": 9
      },
      "choice": {
        "button": "F",
        "selected_option": "OptionA"
      }
    },
    {
      "question": 47,
      "target": "Dog Energy Level",
      "target_value": 9,
      "options": [
        "Dog Weight",
        "Dog Activity Level"
      ],
      "optionA": {
        "trial_id": "19",
        "task_id": "105",
        "values": "34.0, 6.0",
        "target_value": 9
      },
      "optionB": {
        "trial_id": "19",
        "task_id": "105",
        "values": "34.0, 6.0",
        "target_value": 9
      },
      "choice": {
        "button": "F",
        "selected_option": "OptionA"
      }
    },
    {
      "question": 48,
      "target": "Battery Life (hours)",
      "target_value": 11,
      "options": [
        "Phone Weight (g)",
        "Battery Capacity (mAh)"
      ],
      "optionA": {
        "trial_id": "3",
        "task_id": "30",
        "values": "180.0, 4500.0",
        "target_value": 11
      },
      "optionB": {
        "trial_id": "16",
        "task_id": "30",
        "values": "175.0, 4700.0",
        "target_value": 11.8
      },
      "choice": {
        "button": "J",
        "selected_option": "OptionB"
      }
    },
    {
      "question": 49,
      "target": "Market value ($)",
      "target_value": 250000,
      "options": [
        "Number of bedrooms",
        "House size (sq ft)"
      ],
      "optionA": {
        "trial_id": "12",
        "task_id": "90",
        "values": "5.0, 1100.0",
        "target_value": 250000
      },
      "optionB": {
        "trial_id": "10",
        "task_id": "90",
        "values": "4.0, 1300.0",
        "target_value": 270000
      },
      "choice": {
        "button": "J",
        "selected_option": "OptionB"
      }
    },
    {
      "question": 50,
      "target": "Post reach",
      "target_value": 21000,
      "options": [
        "Number of followers",
        "Engagement rate (%)"
      ],
      "optionA": {
        "trial_id": "8",
        "task_id": "92",
        "values": "1800.0, 7.0",
        "target_value": 21000
      },
      "optionB": {
        "trial_id": "17",
        "task_id": "92",
        "values": "1600.0, 7.0",
        "target_value": 21000
      },
      "choice": {
        "button": "F",
        "selected_option": "OptionA"
      }
    }
  ]
}