{
  "prolific_id": "UNKNOWN",
  "condition_group": "direction",
  "responses": [
    {
      "question": 1,
      "target": "Enjoyment",
      "target_value": 5,
      "options": [
        "Taste rating",
        "Price"
      ],
      "optionA": {
        "trial_id": "12",
        "task_id": "26",
        "values": "4.0, 2.0",
        "target_value": 5
      },
      "optionB": {
        "trial_id": "9",
        "task_id": "26",
        "values": "6.0, 4.0",
        "target_value": 9
      },
      "choice": {
        "button": "F",
        "selected_option": "OptionA"
      }
    },
    {
      "question": 2,
      "target": "Enjoyment",
      "target_value": 11,
      "options": [
        "Taste rating",
        "Price"
      ],
      "optionA": {
        "trial_id": "2",
        "task_id": "26",
        "values": "6.0, 7.0",
        "target_value": 11
      },
      "optionB": {
        "trial_id": "4",
        "task_id": "26",
        "values": "5.0, 6.0",
        "target_value": 10
      },
      "choice": {
        "button": "F",
        "selected_option": "OptionA"
      }
    },
    {
      "question": 3,
      "target": "Battery Life (hours)",
      "target_value": 11.8,
      "options": [
        "Phone Weight (g)",
        "Battery Capacity (mAh)"
      ],
      "optionA": {
        "trial_id": "16",
        "task_id": "30",
        "values": "175.0, 4700.0",
        "target_value": 11.8
      },
      "optionB": {
        "trial_id": "12",
        "task_id": "30",
        "values": "160.0, 4400.0",
        "target_value": 11
      },
      "choice": {
        "button": "F",
        "selected_option": "OptionA"
      }
    },
    {
      "question": 4,
      "target": "Performance Rating",
      "target_value": 6.5,
      "options": [
        "Computer Weight (kg)",
        "RAM (GB)"
      ],
      "optionA": {
        "trial_id": "10",
        "task_id": "34",
        "values": "1.4, 8.0",
        "target_value": 6.5
      },
      "optionB": {
        "trial_id": "5",
        "task_id": "34",
        "values": "1.3, 6.0",
        "target_value": 6
      },
      "choice": {
        "button": "F",
        "selected_option": "OptionA"
      }
    },
    {
      "question": 5,
      "target": "Home Value (thousands)",
      "target_value": 320,
      "options": [
        "House Size (sqm)",
        "Neighborhood Safety (1-10)"
      ],
      "optionA": {
        "trial_id": "8",
        "task_id": "41",
        "values": "120.0, 9.0",
        "target_value": 320
      },
      "optionB": {
        "trial_id": "7",
        "task_id": "41",
        "values": "110.0, 10.0",
        "target_value": 330
      },
      "choice": {
        "button": "J",
        "selected_option": "OptionB"
      }
    },
    {
      "question": 6,
      "target": "Plant Growth Rate",
      "target_value": 2.8,
      "options": [
        "Plant Height",
        "Plant Width"
      ],
      "optionA": {
        "trial_id": "1",
        "task_id": "104",
        "values": "1.5, 0.5",
        "target_value": 2.8
      },
      "optionB": {
        "trial_id": "9",
        "task_id": "104",
        "values": "1.6, 0.5",
        "target_value": 2.7
      },
      "choice": {
        "button": "J",
        "selected_option": "OptionB"
      }
    },
    {
      "question": 7,
      "target": "Speed",
      "target_value": 130,
      "options": [
        "Car Engine Size",
        "Horsepower"
      ],
      "optionA": {
        "trial_id": "15",
        "task_id": "61",
        "values": "2.0, 160.0",
        "target_value": 130
      },
      "optionB": {
        "trial_id": "17",
        "task_id": "36",
        "values": "3.2, 260.0",
        "target_value": 165
      },
      "choice": {
        "button": "J",
        "selected_option": "OptionB"
      }
    },
    {
      "question": 8,
      "target": "User satisfaction",
      "target_value": 12,
      "options": [
        "Screen size (inches)",
        "RAM (GB)"
      ],
      "optionA": {
        "trial_id": "12",
        "task_id": "119",
        "values": "22.0, 8.0",
        "target_value": 12
      },
      "optionB": {
        "trial_id": "16",
        "task_id": "119",
        "values": "26.0, 10.0",
        "target_value": 14
      },
      "choice": {
        "button": "J",
        "selected_option": "OptionB"
      }
    },
    {
      "question": 9,
      "target": "Dog Energy Level",
      "target_value": 7,
      "options": [
        "Dog Weight",
        "Dog Activity Level"
      ],
      "optionA": {
        "trial_id": "10",
        "task_id": "105",
        "values": "24.0, 4.0",
        "target_value": 7
      },
      "optionB": {
        "trial_id": "20",
        "task_id": "105",
        "values": "30.0, 5.0",
        "target_value": 8
      },
      "choice": {
        "button": "J",
        "selected_option": "OptionB"
      }
    },
    {
      "question": "attention_check_9",
      "choice": "J",
      "passed": true,
      "timestamp": 1756154593702
    },
    {
      "question": 10,
      "target": "Top Speed",
      "target_value": 130,
      "options": [
        "Car Engine Size",
        "Horsepower"
      ],
      "optionA": {
        "trial_id": "10",
        "task_id": "36",
        "values": "2.1, 180.0",
        "target_value": 130
      },
      "optionB": {
        "trial_id": "13",
        "task_id": "36",
        "values": "1.9, 170.0",
        "target_value": 125
      },
      "choice": {
        "button": "F",
        "selected_option": "OptionA"
      }
    },
    {
      "question": 11,
      "target": "Exercise Intensity",
      "target_value": 4.5,
      "options": [
        "Time to Walk (min)",
        "Number of Steps"
      ],
      "optionA": {
        "trial_id": "16",
        "task_id": "95",
        "values": "9.0, 900.0",
        "target_value": 4.5
      },
      "optionB": {
        "trial_id": "1",
        "task_id": "95",
        "values": "10.0, 1000.0",
        "target_value": 5
      },
      "choice": {
        "button": "J",
        "selected_option": "OptionB"
      }
    },
    {
      "question": 12,
      "target": "House Price (thousands)",
      "target_value": 380,
      "options": [
        "House Size (m\u00b2)",
        "House Distance to City (km)"
      ],
      "optionA": {
        "trial_id": "6",
        "task_id": "79",
        "values": "160.0, 15.0",
        "target_value": 380
      },
      "optionB": {
        "trial_id": "10",
        "task_id": "79",
        "values": "150.0, 12.0",
        "target_value": 360
      },
      "choice": {
        "button": "F",
        "selected_option": "OptionA"
      }
    },
    {
      "question": 13,
      "target": "Battery Life",
      "target_value": 34,
      "options": [
        "Phone Weight",
        "Battery Capacity"
      ],
      "optionA": {
        "trial_id": "6",
        "task_id": "54",
        "values": "240.0, 4400.0",
        "target_value": 34
      },
      "optionB": {
        "trial_id": "10",
        "task_id": "54",
        "values": "230.0, 5100.0",
        "target_value": 41
      },
      "choice": {
        "button": "J",
        "selected_option": "OptionB"
      }
    },
    {
      "question": 14,
      "target": "Distance Covered",
      "target_value": 49,
      "options": [
        "Bike Speed",
        "Bike Weight"
      ],
      "optionA": {
        "trial_id": "18",
        "task_id": "7",
        "values": "20.0, 10.0",
        "target_value": 49
      },
      "optionB": {
        "trial_id": "5",
        "task_id": "7",
        "values": "20.0, 8.0",
        "target_value": 45
      },
      "choice": {
        "button": "J",
        "selected_option": "OptionB"
      }
    },
    {
      "question": 15,
      "target": "Muscle gain",
      "target_value": 1.6,
      "options": [
        "Minutes of exercise",
        "Protein intake"
      ],
      "optionA": {
        "trial_id": "13",
        "task_id": "59",
        "values": "40.0, 25.0",
        "target_value": 1.6
      },
      "optionB": {
        "trial_id": "12",
        "task_id": "59",
        "values": "35.0, 20.0",
        "target_value": 1.3
      },
      "choice": {
        "button": "F",
        "selected_option": "OptionA"
      }
    },
    {
      "question": 16,
      "target": "Fuel Consumption (L/100km)",
      "target_value": 8,
      "options": [
        "Engine Size (cc)",
        "Weight (kg)"
      ],
      "optionA": {
        "trial_id": "9",
        "task_id": "11",
        "values": "2000.0, 1300.0",
        "target_value": 8
      },
      "optionB": {
        "trial_id": "19",
        "task_id": "11",
        "values": "2400.0, 1500.0",
        "target_value": 10
      },
      "choice": {
        "button": "J",
        "selected_option": "OptionB"
      }
    },
    {
      "question": 17,
      "target": "Muscle gain",
      "target_value": 1.2,
      "options": [
        "Minutes of exercise",
        "Protein intake"
      ],
      "optionA": {
        "trial_id": "15",
        "task_id": "59",
        "values": "30.0, 20.0",
        "target_value": 1.2
      },
      "optionB": {
        "trial_id": "14",
        "task_id": "59",
        "values": "50.0, 30.0",
        "target_value": 1.7
      },
      "choice": {
        "button": "J",
        "selected_option": "OptionB"
      }
    },
    {
      "question": 18,
      "target": "Fat Burn (in grams)",
      "target_value": 24,
      "options": [
        "Exercise Time (minutes)",
        "Heart Rate (bpm)"
      ],
      "optionA": {
        "trial_id": "20",
        "task_id": "20",
        "values": "70.0, 140.0",
        "target_value": 24
      },
      "optionB": {
        "trial_id": "3",
        "task_id": "20",
        "values": "40.0, 130.0",
        "target_value": 18
      },
      "choice": {
        "button": "F",
        "selected_option": "OptionA"
      }
    },
    {
      "question": 19,
      "target": "Performance",
      "target_value": 8.4,
      "options": [
        "Skill Level",
        "Practice Time"
      ],
      "optionA": {
        "trial_id": "16",
        "task_id": "100",
        "values": "6.0, 20.0",
        "target_value": 8.4
      },
      "optionB": {
        "trial_id": "14",
        "task_id": "100",
        "values": "7.0, 12.0",
        "target_value": 8.3
      },
      "choice": {
        "button": "F",
        "selected_option": "OptionA"
      }
    },
    {
      "question": "attention_check_19",
      "choice": "F",
      "passed": true,
      "timestamp": 1756154687440
    },
    {
      "question": 20,
      "target": "Enjoyment",
      "target_value": 7,
      "options": [
        "Tea Strength",
        "Flavor Variety"
      ],
      "optionA": {
        "trial_id": "15",
        "task_id": "55",
        "values": "3.0, 4.0",
        "target_value": 7
      },
      "optionB": {
        "trial_id": "16",
        "task_id": "55",
        "values": "2.0, 5.0",
        "target_value": 6.8
      },
      "choice": {
        "button": "J",
        "selected_option": "OptionB"
      }
    },
    {
      "question": 21,
      "target": "Natural Light (on scale 1-10)",
      "target_value": 9,
      "options": [
        "Room Area (m2)",
        "Number of Windows"
      ],
      "optionA": {
        "trial_id": "19",
        "task_id": "15",
        "values": "28.0, 5.0",
        "target_value": 9
      },
      "optionB": {
        "trial_id": "11",
        "task_id": "15",
        "values": "28.0, 3.0",
        "target_value": 7
      },
      "choice": {
        "button": "F",
        "selected_option": "OptionA"
      }
    },
    {
      "question": 22,
      "target": "Room Area (m\u00b2)",
      "target_value": 24,
      "options": [
        "Room Length (m)",
        "Room Width (m)"
      ],
      "optionA": {
        "trial_id": "6",
        "task_id": "89",
        "values": "4.0, 6.0",
        "target_value": 24
      },
      "optionB": {
        "trial_id": "17",
        "task_id": "89",
        "values": "3.0, 5.0",
        "target_value": 15
      },
      "choice": {
        "button": "F",
        "selected_option": "OptionA"
      }
    },
    {
      "question": 23,
      "target": "Durability Perception (1-10)",
      "target_value": 7,
      "options": [
        "Price ($)",
        "Warranty (years)"
      ],
      "optionA": {
        "trial_id": "7",
        "task_id": "8",
        "values": "220.0, 3.0",
        "target_value": 7
      },
      "optionB": {
        "trial_id": "2",
        "task_id": "8",
        "values": "250.0, 2.0",
        "target_value": 6
      },
      "choice": {
        "button": "F",
        "selected_option": "OptionA"
      }
    },
    {
      "question": 24,
      "target": "Fat Burn (g)",
      "target_value": 30,
      "options": [
        "Exercise Time (min)",
        "Heart Rate (bpm)"
      ],
      "optionA": {
        "trial_id": "6",
        "task_id": "28",
        "values": "30.0, 110.0",
        "target_value": 30
      },
      "optionB": {
        "trial_id": "6",
        "task_id": "28",
        "values": "30.0, 110.0",
        "target_value": 30
      },
      "choice": {
        "button": "F",
        "selected_option": "OptionA"
      }
    },
    {
      "question": 25,
      "target": "Battery Life (hours)",
      "target_value": 11,
      "options": [
        "Phone Weight (g)",
        "Battery Capacity (mAh)"
      ],
      "optionA": {
        "trial_id": "12",
        "task_id": "30",
        "values": "160.0, 4400.0",
        "target_value": 11
      },
      "optionB": {
        "trial_id": "13",
        "task_id": "30",
        "values": "130.0, 3300.0",
        "target_value": 8
      },
      "choice": {
        "button": "F",
        "selected_option": "OptionA"
      }
    },
    {
      "question": 26,
      "target": "Enjoyment",
      "target_value": 3,
      "options": [
        "Coffee price",
        "Coffee acidity"
      ],
      "optionA": {
        "trial_id": "17",
        "task_id": "101",
        "values": "0.5, 1.0",
        "target_value": 3
      },
      "optionB": {
        "trial_id": "11",
        "task_id": "101",
        "values": "8.0, 9.0",
        "target_value": 11
      },
      "choice": {
        "button": "F",
        "selected_option": "OptionA"
      }
    },
    {
      "question": 27,
      "target": "Growth Rate",
      "target_value": 6,
      "options": [
        "Plant Leaf Size",
        "Plant Height"
      ],
      "optionA": {
        "trial_id": "13",
        "task_id": "65",
        "values": "16.0, 80.0",
        "target_value": 6
      },
      "optionB": {
        "trial_id": "8",
        "task_id": "65",
        "values": "8.0, 40.0",
        "target_value": 2
      },
      "choice": {
        "button": "F",
        "selected_option": "OptionA"
      }
    },
    {
      "question": 28,
      "target": "Photo Quality",
      "target_value": 10,
      "options": [
        "Phone Price",
        "Phone Camera Megapixels"
      ],
      "optionA": {
        "trial_id": "6",
        "task_id": "5",
        "values": "680.0, 18.0",
        "target_value": 10
      },
      "optionB": {
        "trial_id": "16",
        "task_id": "5",
        "values": "530.0, 14.0",
        "target_value": 9
      },
      "choice": {
        "button": "F",
        "selected_option": "OptionA"
      }
    },
    {
      "question": 29,
      "target": "Fun Level",
      "target_value": 8,
      "options": [
        "Number of Players",
        "Game Duration (minutes)"
      ],
      "optionA": {
        "trial_id": "9",
        "task_id": "13",
        "values": "5.0, 60.0",
        "target_value": 8
      },
      "optionB": {
        "trial_id": "16",
        "task_id": "13",
        "values": "8.0, 60.0",
        "target_value": 8
      },
      "choice": {
        "button": "J",
        "selected_option": "OptionB"
      }
    },
    {
      "question": "attention_check_29",
      "choice": "J",
      "passed": true,
      "timestamp": 1756154768738
    },
    {
      "question": 30,
      "target": "Growth speed",
      "target_value": 5,
      "options": [
        "Plant height cm",
        "Plant leaf count"
      ],
      "optionA": {
        "trial_id": "2",
        "task_id": "74",
        "values": "40.0, 12.0",
        "target_value": 5
      },
      "optionB": {
        "trial_id": "1",
        "task_id": "74",
        "values": "30.0, 10.0",
        "target_value": 4
      },
      "choice": {
        "button": "F",
        "selected_option": "OptionA"
      }
    },
    {
      "question": 31,
      "target": "Energy Boost",
      "target_value": 6,
      "options": [
        "Coffee Caffeine Content",
        "Coffee Richness"
      ],
      "optionA": {
        "trial_id": "17",
        "task_id": "4",
        "values": "85.0, 3.0",
        "target_value": 6
      },
      "optionB": {
        "trial_id": "18",
        "task_id": "4",
        "values": "90.0, 4.0",
        "target_value": 7
      },
      "choice": {
        "button": "J",
        "selected_option": "OptionB"
      }
    },
    {
      "question": 32,
      "target": "Exercise Intensity",
      "target_value": 3.5,
      "options": [
        "Time to Walk (min)",
        "Number of Steps"
      ],
      "optionA": {
        "trial_id": "15",
        "task_id": "95",
        "values": "7.0, 700.0",
        "target_value": 3.5
      },
      "optionB": {
        "trial_id": "1",
        "task_id": "95",
        "values": "10.0, 1000.0",
        "target_value": 5
      },
      "choice": {
        "button": "J",
        "selected_option": "OptionB"
      }
    },
    {
      "question": 33,
      "target": "Quality",
      "target_value": 75,
      "options": [
        "Price",
        "Size"
      ],
      "optionA": {
        "trial_id": "17",
        "task_id": "110",
        "values": "100.0, 14.0",
        "target_value": 75
      },
      "optionB": {
        "trial_id": "3",
        "task_id": "110",
        "values": "120.0, 15.0",
        "target_value": 85
      },
      "choice": {
        "button": "J",
        "selected_option": "OptionB"
      }
    },
    {
      "question": 34,
      "target": "Home Comfort (1-10)",
      "target_value": 7,
      "options": [
        "Number of Bedrooms",
        "Square Feet"
      ],
      "optionA": {
        "trial_id": "19",
        "task_id": "9",
        "values": "3.0, 1450.0",
        "target_value": 7
      },
      "optionB": {
        "trial_id": "5",
        "task_id": "9",
        "values": "2.0, 1300.0",
        "target_value": 6
      },
      "choice": {
        "button": "F",
        "selected_option": "OptionA"
      }
    },
    {
      "question": 35,
      "target": "Energy Level",
      "target_value": 10,
      "options": [
        "Dog Size",
        "Exercise Needs"
      ],
      "optionA": {
        "trial_id": "3",
        "task_id": "88",
        "values": "45.0, 9.0",
        "target_value": 10
      },
      "optionB": {
        "trial_id": "7",
        "task_id": "88",
        "values": "30.0, 6.0",
        "target_value": 7
      },
      "choice": {
        "button": "F",
        "selected_option": "OptionA"
      }
    },
    {
      "question": 36,
      "target": "Room Size",
      "target_value": 42,
      "options": [
        "Room Width",
        "Room Length"
      ],
      "optionA": {
        "trial_id": "3",
        "task_id": "109",
        "values": "6.0, 7.0",
        "target_value": 42
      },
      "optionB": {
        "trial_id": "11",
        "task_id": "109",
        "values": "6.0, 7.0",
        "target_value": 42
      },
      "choice": {
        "button": "F",
        "selected_option": "OptionA"
      }
    },
    {
      "question": 37,
      "target": "Enjoyment",
      "target_value": 7,
      "options": [
        "Coffee price",
        "Coffee acidity"
      ],
      "optionA": {
        "trial_id": "3",
        "task_id": "101",
        "values": "4.0, 5.0",
        "target_value": 7
      },
      "optionB": {
        "trial_id": "4",
        "task_id": "101",
        "values": "5.0, 6.0",
        "target_value": 8
      },
      "choice": {
        "button": "F",
        "selected_option": "OptionA"
      }
    },
    {
      "question": 38,
      "target": "Durability Perception (1-10)",
      "target_value": 6,
      "options": [
        "Price ($)",
        "Warranty (years)"
      ],
      "optionA": {
        "trial_id": "16",
        "task_id": "8",
        "values": "240.0, 2.0",
        "target_value": 6
      },
      "optionB": {
        "trial_id": "5",
        "task_id": "8",
        "values": "180.0, 2.0",
        "target_value": 6
      },
      "choice": {
        "button": "F",
        "selected_option": "OptionA"
      }
    },
    {
      "question": 39,
      "target": "User satisfaction",
      "target_value": 15,
      "options": [
        "Screen size (inches)",
        "RAM (GB)"
      ],
      "optionA": {
        "trial_id": "18",
        "task_id": "119",
        "values": "28.0, 11.0",
        "target_value": 15
      },
      "optionB": {
        "trial_id": "12",
        "task_id": "119",
        "values": "22.0, 8.0",
        "target_value": 12
      },
      "choice": {
        "button": "F",
        "selected_option": "OptionA"
      }
    },
    {
      "question": "attention_check_39",
      "choice": "F",
      "passed": true,
      "timestamp": 1756154828083
    },
    {
      "question": 40,
      "target": "Light Level",
      "target_value": 5,
      "options": [
        "Room Size (sq ft)",
        "Number of Windows"
      ],
      "optionA": {
        "trial_id": "17",
        "task_id": "35",
        "values": "160.0, 2.0",
        "target_value": 5
      },
      "optionB": {
        "trial_id": "7",
        "task_id": "35",
        "values": "180.0, 2.0",
        "target_value": 6
      },
      "choice": {
        "button": "J",
        "selected_option": "OptionB"
      }
    },
    {
      "question": 41,
      "target": "Exam Score",
      "target_value": 80,
      "options": [
        "Student Study Time (hours)",
        "Class Attendance (%)"
      ],
      "optionA": {
        "trial_id": "9",
        "task_id": "40",
        "values": "6.0, 95.0",
        "target_value": 80
      },
      "optionB": {
        "trial_id": "17",
        "task_id": "40",
        "values": "6.0, 85.0",
        "target_value": 74
      },
      "choice": {
        "button": "F",
        "selected_option": "OptionA"
      }
    },
    {
      "question": 42,
      "target": "Phone Battery Life",
      "target_value": 31,
      "options": [
        "Phone Battery Capacity",
        "Phone Weight"
      ],
      "optionA": {
        "trial_id": "12",
        "task_id": "108",
        "values": "4000.0, 205.0",
        "target_value": 31
      },
      "optionB": {
        "trial_id": "20",
        "task_id": "108",
        "values": "4000.0, 200.0",
        "target_value": 30
      },
      "choice": {
        "button": "F",
        "selected_option": "OptionA"
      }
    },
    {
      "question": 43,
      "target": "Restaurant Customer Satisfaction",
      "target_value": 8.5,
      "options": [
        "Restaurant Menu Size",
        "Restaurant Price Rating"
      ],
      "optionA": {
        "trial_id": "7",
        "task_id": "25",
        "values": "22.0, 4.6",
        "target_value": 8.5
      },
      "optionB": {
        "trial_id": "10",
        "task_id": "25",
        "values": "22.0, 4.6",
        "target_value": 8.5
      },
      "choice": {
        "button": "F",
        "selected_option": "OptionA"
      }
    },
    {
      "question": 44,
      "target": "Exercise Intensity",
      "target_value": 5,
      "options": [
        "Time to Walk (min)",
        "Number of Steps"
      ],
      "optionA": {
        "trial_id": "13",
        "task_id": "95",
        "values": "11.0, 1000.0",
        "target_value": 5
      },
      "optionB": {
        "trial_id": "18",
        "task_id": "95",
        "values": "15.0, 1500.0",
        "target_value": 7.5
      },
      "choice": {
        "button": "F",
        "selected_option": "OptionA"
      }
    },
    {
      "question": 45,
      "target": "Speed (km/h)",
      "target_value": 180,
      "options": [
        "Engine Horsepower",
        "Weight (kg)"
      ],
      "optionA": {
        "trial_id": "10",
        "task_id": "47",
        "values": "180.0, 1350.0",
        "target_value": 180
      },
      "optionB": {
        "trial_id": "3",
        "task_id": "47",
        "values": "200.0, 1400.0",
        "target_value": 190
      },
      "choice": {
        "button": "J",
        "selected_option": "OptionB"
      }
    },
    {
      "question": 46,
      "target": "Room Area (m\u00b2)",
      "target_value": 18,
      "options": [
        "Room Length (m)",
        "Room Width (m)"
      ],
      "optionA": {
        "trial_id": "4",
        "task_id": "89",
        "values": "6.0, 3.0",
        "target_value": 18
      },
      "optionB": {
        "trial_id": "17",
        "task_id": "89",
        "values": "3.0, 5.0",
        "target_value": 15
      },
      "choice": {
        "button": "F",
        "selected_option": "OptionA"
      }
    },
    {
      "question": 47,
      "target": "Performance",
      "target_value": 8.1,
      "options": [
        "Skill Level",
        "Practice Time"
      ],
      "optionA": {
        "trial_id": "4",
        "task_id": "100",
        "values": "5.0, 18.0",
        "target_value": 8.1
      },
      "optionB": {
        "trial_id": "1",
        "task_id": "100",
        "values": "7.0, 10.0",
        "target_value": 8
      },
      "choice": {
        "button": "F",
        "selected_option": "OptionA"
      }
    },
    {
      "question": 48,
      "target": "Energy Level",
      "target_value": 8,
      "options": [
        "Dog Size",
        "Exercise Needs"
      ],
      "optionA": {
        "trial_id": "5",
        "task_id": "88",
        "values": "55.0, 7.0",
        "target_value": 8
      },
      "optionB": {
        "trial_id": "6",
        "task_id": "88",
        "values": "45.0, 9.0",
        "target_value": 9
      },
      "choice": {
        "button": "J",
        "selected_option": "OptionB"
      }
    },
    {
      "question": 49,
      "target": "Phone Performance",
      "target_value": 95,
      "options": [
        "Phone RAM",
        "Phone Screen Size"
      ],
      "optionA": {
        "trial_id": "5",
        "task_id": "103",
        "values": "12.0, 6.7",
        "target_value": 95
      },
      "optionB": {
        "trial_id": "3",
        "task_id": "103",
        "values": "8.0, 6.5",
        "target_value": 90
      },
      "choice": {
        "button": "F",
        "selected_option": "OptionA"
      }
    },
    {
      "question": 50,
      "target": "Photo Quality",
      "target_value": 8,
      "options": [
        "Phone Price",
        "Phone Camera Megapixels"
      ],
      "optionA": {
        "trial_id": "9",
        "task_id": "5",
        "values": "650.0, 14.0",
        "target_value": 8
      },
      "optionB": {
        "trial_id": "15",
        "task_id": "5",
        "values": "550.0, 12.0",
        "target_value": 8
      },
      "choice": {
        "button": "F",
        "selected_option": "OptionA"
      }
    }
  ]
}