{
  "prolific_id": "UNKNOWN",
  "condition_group": "direction",
  "responses": [
    {
      "question": 1,
      "target": "Enjoyment Rating (1-10)",
      "target_value": 6,
      "options": [
        "Number of Pages",
        "Reading Time (minutes)"
      ],
      "optionA": {
        "trial_id": "3",
        "task_id": "10",
        "values": "250.0, 100.0",
        "target_value": 6
      },
      "optionB": {
        "trial_id": "4",
        "task_id": "10",
        "values": "350.0, 130.0",
        "target_value": 6
      },
      "choice": {
        "button": "J",
        "selected_option": "OptionB"
      }
    },
    {
      "question": 2,
      "target": "Value Score",
      "target_value": 70,
      "options": [
        "Price ($)",
        "Size (GB)"
      ],
      "optionA": {
        "trial_id": "19",
        "task_id": "99",
        "values": "50.0, 128.0",
        "target_value": 70
      },
      "optionB": {
        "trial_id": "5",
        "task_id": "99",
        "values": "40.0, 64.0",
        "target_value": 65
      },
      "choice": {
        "button": "F",
        "selected_option": "OptionA"
      }
    },
    {
      "question": 3,
      "target": "Fat Burn (g)",
      "target_value": 50,
      "options": [
        "Exercise Time (min)",
        "Heart Rate (bpm)"
      ],
      "optionA": {
        "trial_id": "1",
        "task_id": "28",
        "values": "30.0, 130.0",
        "target_value": 50
      },
      "optionB": {
        "trial_id": "4",
        "task_id": "28",
        "values": "50.0, 130.0",
        "target_value": 55
      },
      "choice": {
        "button": "F",
        "selected_option": "OptionA"
      }
    },
    {
      "question": 4,
      "target": "Performance",
      "target_value": 8.3,
      "options": [
        "Skill Level",
        "Practice Time"
      ],
      "optionA": {
        "trial_id": "14",
        "task_id": "100",
        "values": "7.0, 12.0",
        "target_value": 8.3
      },
      "optionB": {
        "trial_id": "11",
        "task_id": "100",
        "values": "6.0, 14.0",
        "target_value": 7.9
      },
      "choice": {
        "button": "F",
        "selected_option": "OptionA"
      }
    },
    {
      "question": 5,
      "target": "Flavor Strength",
      "target_value": 7,
      "options": [
        "Coffee Bean Size",
        "Bean Roast"
      ],
      "optionA": {
        "trial_id": "1",
        "task_id": "64",
        "values": "5.0, 2.0",
        "target_value": 7
      },
      "optionB": {
        "trial_id": "3",
        "task_id": "64",
        "values": "4.0, 1.0",
        "target_value": 6
      },
      "choice": {
        "button": "F",
        "selected_option": "OptionA"
      }
    },
    {
      "question": 6,
      "target": "Plant Sunlight Needs",
      "target_value": 5,
      "options": [
        "Plant Height",
        "Plant Leaf Size"
      ],
      "optionA": {
        "trial_id": "7",
        "task_id": "2",
        "values": "180.0, 9.0",
        "target_value": 5
      },
      "optionB": {
        "trial_id": "13",
        "task_id": "2",
        "values": "110.0, 5.0",
        "target_value": 3
      },
      "choice": {
        "button": "F",
        "selected_option": "OptionA"
      }
    },
    {
      "question": 7,
      "target": "Comfort",
      "target_value": 80,
      "options": [
        "Shoe Weight",
        "Brand Reputation"
      ],
      "optionA": {
        "trial_id": "14",
        "task_id": "62",
        "values": "220.0, 6.0",
        "target_value": 80
      },
      "optionB": {
        "trial_id": "6",
        "task_id": "62",
        "values": "230.0, 6.0",
        "target_value": 80
      },
      "choice": {
        "button": "J",
        "selected_option": "OptionB"
      }
    },
    {
      "question": 8,
      "target": "Popularity Score",
      "target_value": 63,
      "options": [
        "Price ($)",
        "Rating (1-10)"
      ],
      "optionA": {
        "trial_id": "15",
        "task_id": "97",
        "values": "40.0, 7.0",
        "target_value": 63
      },
      "optionB": {
        "trial_id": "11",
        "task_id": "97",
        "values": "50.0, 6.0",
        "target_value": 62
      },
      "choice": {
        "button": "J",
        "selected_option": "OptionB"
      }
    },
    {
      "question": 9,
      "target": "Plant Growth Rate (cm/week)",
      "target_value": 6,
      "options": [
        "Plant Soil Quality (1-10)",
        "Plant Water Frequency (times/week)"
      ],
      "optionA": {
        "trial_id": "12",
        "task_id": "81",
        "values": "8.0, 4.0",
        "target_value": 6
      },
      "optionB": {
        "trial_id": "3",
        "task_id": "81",
        "values": "6.0, 2.0",
        "target_value": 4
      },
      "choice": {
        "button": "F",
        "selected_option": "OptionA"
      }
    },
    {
      "question": "attention_check_9",
      "choice": "J",
      "passed": true,
      "timestamp": 1756154589927
    },
    {
      "question": 10,
      "target": "Natural Light",
      "target_value": 6,
      "options": [
        "Room Size",
        "Number of Windows"
      ],
      "optionA": {
        "trial_id": "4",
        "task_id": "53",
        "values": "220.0, 2.0",
        "target_value": 6
      },
      "optionB": {
        "trial_id": "13",
        "task_id": "53",
        "values": "210.0, 1.0",
        "target_value": 4
      },
      "choice": {
        "button": "F",
        "selected_option": "OptionA"
      }
    },
    {
      "question": 11,
      "target": "Comfort",
      "target_value": 80,
      "options": [
        "Shoe Weight",
        "Brand Reputation"
      ],
      "optionA": {
        "trial_id": "6",
        "task_id": "62",
        "values": "230.0, 6.0",
        "target_value": 80
      },
      "optionB": {
        "trial_id": "16",
        "task_id": "62",
        "values": "190.0, 4.0",
        "target_value": 70
      },
      "choice": {
        "button": "J",
        "selected_option": "OptionB"
      }
    },
    {
      "question": 12,
      "target": "Recipe difficulty",
      "target_value": 6,
      "options": [
        "Number of ingredients",
        "Prep time (minutes)"
      ],
      "optionA": {
        "trial_id": "11",
        "task_id": "60",
        "values": "5.0, 15.0",
        "target_value": 6
      },
      "optionB": {
        "trial_id": "17",
        "task_id": "60",
        "values": "7.0, 25.0",
        "target_value": 8
      },
      "choice": {
        "button": "F",
        "selected_option": "OptionA"
      }
    },
    {
      "question": 13,
      "target": "Muscle gain",
      "target_value": 1.5,
      "options": [
        "Minutes of exercise",
        "Protein intake"
      ],
      "optionA": {
        "trial_id": "3",
        "task_id": "59",
        "values": "45.0, 25.0",
        "target_value": 1.5
      },
      "optionB": {
        "trial_id": "19",
        "task_id": "59",
        "values": "45.0, 25.0",
        "target_value": 1.5
      },
      "choice": {
        "button": "J",
        "selected_option": "OptionB"
      }
    },
    {
      "question": 14,
      "target": "Photo Quality",
      "target_value": 11,
      "options": [
        "Phone Price",
        "Phone Camera Megapixels"
      ],
      "optionA": {
        "trial_id": "12",
        "task_id": "5",
        "values": "730.0, 22.0",
        "target_value": 11
      },
      "optionB": {
        "trial_id": "11",
        "task_id": "5",
        "values": "750.0, 20.0",
        "target_value": 10
      },
      "choice": {
        "button": "F",
        "selected_option": "OptionA"
      }
    },
    {
      "question": 15,
      "target": "Durability Perception (1-10)",
      "target_value": 6,
      "options": [
        "Price ($)",
        "Warranty (years)"
      ],
      "optionA": {
        "trial_id": "8",
        "task_id": "8",
        "values": "240.0, 2.0",
        "target_value": 6
      },
      "optionB": {
        "trial_id": "5",
        "task_id": "8",
        "values": "180.0, 2.0",
        "target_value": 6
      },
      "choice": {
        "button": "F",
        "selected_option": "OptionA"
      }
    },
    {
      "question": 16,
      "target": "Natural light",
      "target_value": 6,
      "options": [
        "Room size",
        "Window count"
      ],
      "optionA": {
        "trial_id": "17",
        "task_id": "66",
        "values": "140.0, 2.0",
        "target_value": 6
      },
      "optionB": {
        "trial_id": "12",
        "task_id": "66",
        "values": "100.0, 3.0",
        "target_value": 7
      },
      "choice": {
        "button": "J",
        "selected_option": "OptionB"
      }
    },
    {
      "question": 17,
      "target": "Post reach",
      "target_value": 18000,
      "options": [
        "Number of followers",
        "Engagement rate (%)"
      ],
      "optionA": {
        "trial_id": "10",
        "task_id": "92",
        "values": "3000.0, 4.0",
        "target_value": 18000
      },
      "optionB": {
        "trial_id": "19",
        "task_id": "92",
        "values": "2400.0, 5.0",
        "target_value": 19000
      },
      "choice": {
        "button": "F",
        "selected_option": "OptionA"
      }
    },
    {
      "question": 18,
      "target": "Performance Score",
      "target_value": 90,
      "options": [
        "Hours of Practice",
        "Natural Talent (1-10)"
      ],
      "optionA": {
        "trial_id": "2",
        "task_id": "78",
        "values": "8.0, 9.0",
        "target_value": 90
      },
      "optionB": {
        "trial_id": "12",
        "task_id": "78",
        "values": "10.0, 7.0",
        "target_value": 88
      },
      "choice": {
        "button": "F",
        "selected_option": "OptionA"
      }
    },
    {
      "question": 19,
      "target": "Training Difficulty (1-10)",
      "target_value": 6,
      "options": [
        "Dog Size",
        "Dog Energy Level"
      ],
      "optionA": {
        "trial_id": "17",
        "task_id": "82",
        "values": "50.0, 7.0",
        "target_value": 6
      },
      "optionB": {
        "trial_id": "4",
        "task_id": "82",
        "values": "55.0, 7.0",
        "target_value": 6
      },
      "choice": {
        "button": "F",
        "selected_option": "OptionA"
      }
    },
    {
      "question": "attention_check_19",
      "choice": "F",
      "passed": true,
      "timestamp": 1756154645469
    },
    {
      "question": 20,
      "target": "Taste Rating (1-10)",
      "target_value": 9,
      "options": [
        "Minutes of Cooking",
        "Number of Ingredients"
      ],
      "optionA": {
        "trial_id": "9",
        "task_id": "56",
        "values": "45.0, 8.0",
        "target_value": 9
      },
      "optionB": {
        "trial_id": "11",
        "task_id": "56",
        "values": "12.0, 2.0",
        "target_value": 5
      },
      "choice": {
        "button": "J",
        "selected_option": "OptionB"
      }
    },
    {
      "question": 21,
      "target": "Deliciousness",
      "target_value": 65,
      "options": [
        "Cooking time",
        "Ingredients count"
      ],
      "optionA": {
        "trial_id": "10",
        "task_id": "27",
        "values": "30.0, 5.0",
        "target_value": 65
      },
      "optionB": {
        "trial_id": "19",
        "task_id": "27",
        "values": "20.0, 5.0",
        "target_value": 70
      },
      "choice": {
        "button": "F",
        "selected_option": "OptionA"
      }
    },
    {
      "question": 22,
      "target": "Brightness",
      "target_value": 580,
      "options": [
        "Phone Battery Capacity",
        "Screen Size"
      ],
      "optionA": {
        "trial_id": "8",
        "task_id": "37",
        "values": "3000.0, 3.0",
        "target_value": 580
      },
      "optionB": {
        "trial_id": "4",
        "task_id": "37",
        "values": "4500.0, 5.0",
        "target_value": 680
      },
      "choice": {
        "button": "J",
        "selected_option": "OptionB"
      }
    },
    {
      "question": 23,
      "target": "Brightness",
      "target_value": 580,
      "options": [
        "Phone Battery Capacity",
        "Screen Size"
      ],
      "optionA": {
        "trial_id": "8",
        "task_id": "37",
        "values": "3000.0, 3.0",
        "target_value": 580
      },
      "optionB": {
        "trial_id": "9",
        "task_id": "37",
        "values": "3200.0, 6.0",
        "target_value": 670
      },
      "choice": {
        "button": "J",
        "selected_option": "OptionB"
      }
    },
    {
      "question": 24,
      "target": "Fat Burn (g)",
      "target_value": 55,
      "options": [
        "Exercise Time (min)",
        "Heart Rate (bpm)"
      ],
      "optionA": {
        "trial_id": "9",
        "task_id": "28",
        "values": "35.0, 135.0",
        "target_value": 55
      },
      "optionB": {
        "trial_id": "16",
        "task_id": "28",
        "values": "55.0, 135.0",
        "target_value": 60
      },
      "choice": {
        "button": "J",
        "selected_option": "OptionB"
      }
    },
    {
      "question": 25,
      "target": "Engagement rate (%)",
      "target_value": 5.5,
      "options": [
        "Number of followers",
        "Post quality score"
      ],
      "optionA": {
        "trial_id": "18",
        "task_id": "71",
        "values": "11000.0, 4.0",
        "target_value": 5.5
      },
      "optionB": {
        "trial_id": "7",
        "task_id": "71",
        "values": "11000.0, 5.0",
        "target_value": 4.8
      },
      "choice": {
        "button": "J",
        "selected_option": "OptionB"
      }
    },
    {
      "question": 26,
      "target": "Engagement rate (%)",
      "target_value": 5.4,
      "options": [
        "Number of followers",
        "Post quality score"
      ],
      "optionA": {
        "trial_id": "16",
        "task_id": "71",
        "values": "15000.0, 3.0",
        "target_value": 5.4
      },
      "optionB": {
        "trial_id": "14",
        "task_id": "71",
        "values": "14000.0, 6.0",
        "target_value": 6.1
      },
      "choice": {
        "button": "F",
        "selected_option": "OptionA"
      }
    },
    {
      "question": 27,
      "target": "Exam Score",
      "target_value": 77,
      "options": [
        "Hours of Study",
        "Difficulty Level"
      ],
      "optionA": {
        "trial_id": "6",
        "task_id": "12",
        "values": "7.0, 5.0",
        "target_value": 77
      },
      "optionB": {
        "trial_id": "17",
        "task_id": "12",
        "values": "5.0, 4.0",
        "target_value": 73
      },
      "choice": {
        "button": "F",
        "selected_option": "OptionA"
      }
    },
    {
      "question": 28,
      "target": "Performance Score (1-100)",
      "target_value": 45,
      "options": [
        "Hours of Practice",
        "Number of Lessons"
      ],
      "optionA": {
        "trial_id": "17",
        "task_id": "57",
        "values": "6.0, 2.0",
        "target_value": 45
      },
      "optionB": {
        "trial_id": "7",
        "task_id": "57",
        "values": "15.0, 7.0",
        "target_value": 75
      },
      "choice": {
        "button": "J",
        "selected_option": "OptionB"
      }
    },
    {
      "question": 29,
      "target": "Flavor Strength",
      "target_value": 9,
      "options": [
        "Coffee Bean Size",
        "Bean Roast"
      ],
      "optionA": {
        "trial_id": "17",
        "task_id": "64",
        "values": "7.0, 4.0",
        "target_value": 9
      },
      "optionB": {
        "trial_id": "6",
        "task_id": "64",
        "values": "7.0, 3.0",
        "target_value": 10
      },
      "choice": {
        "button": "F",
        "selected_option": "OptionA"
      }
    },
    {
      "question": "attention_check_29",
      "choice": "J",
      "passed": true,
      "timestamp": 1756154693403
    },
    {
      "question": 30,
      "target": "Plant Growth Rate",
      "target_value": 3,
      "options": [
        "Plant Height",
        "Plant Width"
      ],
      "optionA": {
        "trial_id": "3",
        "task_id": "104",
        "values": "1.8, 0.6",
        "target_value": 3
      },
      "optionB": {
        "trial_id": "15",
        "task_id": "104",
        "values": "1.4, 0.5",
        "target_value": 2.6
      },
      "choice": {
        "button": "F",
        "selected_option": "OptionA"
      }
    },
    {
      "question": 31,
      "target": "Home Comfort (1-10)",
      "target_value": 6,
      "options": [
        "Number of Bedrooms",
        "Square Feet"
      ],
      "optionA": {
        "trial_id": "20",
        "task_id": "9",
        "values": "4.0, 1350.0",
        "target_value": 6
      },
      "optionB": {
        "trial_id": "16",
        "task_id": "9",
        "values": "3.0, 1550.0",
        "target_value": 6
      },
      "choice": {
        "button": "J",
        "selected_option": "OptionB"
      }
    },
    {
      "question": 32,
      "target": "Cooking Time (min)",
      "target_value": 25,
      "options": [
        "Number of Ingredients",
        "Prep Time (min)"
      ],
      "optionA": {
        "trial_id": "20",
        "task_id": "48",
        "values": "5.0, 10.0",
        "target_value": 25
      },
      "optionB": {
        "trial_id": "17",
        "task_id": "48",
        "values": "5.0, 10.0",
        "target_value": 25
      },
      "choice": {
        "button": "F",
        "selected_option": "OptionA"
      }
    },
    {
      "question": 33,
      "target": "Exam Score",
      "target_value": 72,
      "options": [
        "Student Study Time (hours)",
        "Class Attendance (%)"
      ],
      "optionA": {
        "trial_id": "3",
        "task_id": "40",
        "values": "4.0, 90.0",
        "target_value": 72
      },
      "optionB": {
        "trial_id": "15",
        "task_id": "40",
        "values": "4.0, 95.0",
        "target_value": 78
      },
      "choice": {
        "button": "J",
        "selected_option": "OptionB"
      }
    },
    {
      "question": 34,
      "target": "Recipe difficulty",
      "target_value": 4,
      "options": [
        "Number of ingredients",
        "Prep time (minutes)"
      ],
      "optionA": {
        "trial_id": "9",
        "task_id": "60",
        "values": "3.0, 8.0",
        "target_value": 4
      },
      "optionB": {
        "trial_id": "15",
        "task_id": "60",
        "values": "4.0, 12.0",
        "target_value": 5
      },
      "choice": {
        "button": "F",
        "selected_option": "OptionA"
      }
    },
    {
      "question": 35,
      "target": "Taste score",
      "target_value": 7,
      "options": [
        "Coffee strength",
        "Bean quality"
      ],
      "optionA": {
        "trial_id": "11",
        "task_id": "68",
        "values": "3.0, 7.0",
        "target_value": 7
      },
      "optionB": {
        "trial_id": "7",
        "task_id": "68",
        "values": "2.0, 8.0",
        "target_value": 7
      },
      "choice": {
        "button": "F",
        "selected_option": "OptionA"
      }
    },
    {
      "question": 36,
      "target": "Weight loss",
      "target_value": 1.8,
      "options": [
        "Exercise duration",
        "Intensity level"
      ],
      "optionA": {
        "trial_id": "13",
        "task_id": "67",
        "values": "40.0, 6.0",
        "target_value": 1.8
      },
      "optionB": {
        "trial_id": "16",
        "task_id": "67",
        "values": "35.0, 5.0",
        "target_value": 1.4
      },
      "choice": {
        "button": "F",
        "selected_option": "OptionA"
      }
    },
    {
      "question": 37,
      "target": "Battery life hours",
      "target_value": 15,
      "options": [
        "Phone battery capacity",
        "Phone weight"
      ],
      "optionA": {
        "trial_id": "20",
        "task_id": "73",
        "values": "4000.0, 200.0",
        "target_value": 15
      },
      "optionB": {
        "trial_id": "9",
        "task_id": "73",
        "values": "3500.0, 200.0",
        "target_value": 14
      },
      "choice": {
        "button": "J",
        "selected_option": "OptionB"
      }
    },
    {
      "question": 38,
      "target": "Light amount",
      "target_value": 9,
      "options": [
        "Room size (m2)",
        "Number of windows"
      ],
      "optionA": {
        "trial_id": "9",
        "task_id": "85",
        "values": "20.0, 4.0",
        "target_value": 9
      },
      "optionB": {
        "trial_id": "8",
        "task_id": "85",
        "values": "35.0, 2.0",
        "target_value": 7
      },
      "choice": {
        "button": "F",
        "selected_option": "OptionA"
      }
    },
    {
      "question": 39,
      "target": "Reading time",
      "target_value": 6,
      "options": [
        "Book pages",
        "Book chapters"
      ],
      "optionA": {
        "trial_id": "18",
        "task_id": "72",
        "values": "300.0, 15.0",
        "target_value": 6
      },
      "optionB": {
        "trial_id": "5",
        "task_id": "72",
        "values": "450.0, 25.0",
        "target_value": 10
      },
      "choice": {
        "button": "J",
        "selected_option": "OptionB"
      }
    },
    {
      "question": "attention_check_39",
      "choice": "F",
      "passed": true,
      "timestamp": 1756154730906
    },
    {
      "question": 40,
      "target": "Enjoyment",
      "target_value": 2,
      "options": [
        "Coffee price",
        "Coffee acidity"
      ],
      "optionA": {
        "trial_id": "19",
        "task_id": "101",
        "values": "0.3, 0.5",
        "target_value": 2
      },
      "optionB": {
        "trial_id": "11",
        "task_id": "101",
        "values": "8.0, 9.0",
        "target_value": 11
      },
      "choice": {
        "button": "J",
        "selected_option": "OptionB"
      }
    },
    {
      "question": 41,
      "target": "Performance Score",
      "target_value": 88,
      "options": [
        "Hours of Practice",
        "Natural Talent (1-10)"
      ],
      "optionA": {
        "trial_id": "12",
        "task_id": "78",
        "values": "10.0, 7.0",
        "target_value": 88
      },
      "optionB": {
        "trial_id": "6",
        "task_id": "78",
        "values": "10.0, 7.0",
        "target_value": 85
      },
      "choice": {
        "button": "F",
        "selected_option": "OptionA"
      }
    },
    {
      "question": 42,
      "target": "House Price",
      "target_value": 330,
      "options": [
        "House Size",
        "Neighborhood Rating"
      ],
      "optionA": {
        "trial_id": "6",
        "task_id": "38",
        "values": "1900.0, 7.0",
        "target_value": 330
      },
      "optionB": {
        "trial_id": "7",
        "task_id": "38",
        "values": "2200.0, 9.0",
        "target_value": 450
      },
      "choice": {
        "button": "J",
        "selected_option": "OptionB"
      }
    },
    {
      "question": 43,
      "target": "Deliciousness",
      "target_value": 65,
      "options": [
        "Cooking time",
        "Ingredients count"
      ],
      "optionA": {
        "trial_id": "14",
        "task_id": "27",
        "values": "10.0, 5.0",
        "target_value": 65
      },
      "optionB": {
        "trial_id": "8",
        "task_id": "27",
        "values": "15.0, 4.0",
        "target_value": 55
      },
      "choice": {
        "button": "J",
        "selected_option": "OptionB"
      }
    },
    {
      "question": 44,
      "target": "Phone Performance",
      "target_value": 150,
      "options": [
        "Phone RAM",
        "Phone Storage"
      ],
      "optionA": {
        "trial_id": "16",
        "task_id": "86",
        "values": "128.0, 16384.0",
        "target_value": 150
      },
      "optionB": {
        "trial_id": "4",
        "task_id": "86",
        "values": "8.0, 256.0",
        "target_value": 90
      },
      "choice": {
        "button": "F",
        "selected_option": "OptionA"
      }
    },
    {
      "question": 45,
      "target": "Plant Growth Rate",
      "target_value": 2.8,
      "options": [
        "Plant Height",
        "Plant Width"
      ],
      "optionA": {
        "trial_id": "1",
        "task_id": "104",
        "values": "1.5, 0.5",
        "target_value": 2.8
      },
      "optionB": {
        "trial_id": "18",
        "task_id": "104",
        "values": "1.5, 0.5",
        "target_value": 2.8
      },
      "choice": {
        "button": "J",
        "selected_option": "OptionB"
      }
    },
    {
      "question": 46,
      "target": "Performance Score",
      "target_value": 90,
      "options": [
        "Phone RAM (GB)",
        "Battery Capacity (mAh)"
      ],
      "optionA": {
        "trial_id": "9",
        "task_id": "39",
        "values": "12.0, 4500.0",
        "target_value": 90
      },
      "optionB": {
        "trial_id": "15",
        "task_id": "39",
        "values": "8.0, 3800.0",
        "target_value": 80
      },
      "choice": {
        "button": "F",
        "selected_option": "OptionA"
      }
    },
    {
      "question": 47,
      "target": "Plant Growth Rate",
      "target_value": 3.2,
      "options": [
        "Plant Height",
        "Plant Width"
      ],
      "optionA": {
        "trial_id": "11",
        "task_id": "104",
        "values": "1.9, 0.6",
        "target_value": 3.2
      },
      "optionB": {
        "trial_id": "9",
        "task_id": "104",
        "values": "1.6, 0.5",
        "target_value": 2.7
      },
      "choice": {
        "button": "F",
        "selected_option": "OptionA"
      }
    },
    {
      "question": 48,
      "target": "Fitness Level",
      "target_value": 6,
      "options": [
        "Exercise Time (min/day)",
        "Healthy Diet (%)"
      ],
      "optionA": {
        "trial_id": "10",
        "task_id": "46",
        "values": "25.0, 70.0",
        "target_value": 6
      },
      "optionB": {
        "trial_id": "1",
        "task_id": "46",
        "values": "30.0, 70.0",
        "target_value": 6
      },
      "choice": {
        "button": "F",
        "selected_option": "OptionA"
      }
    },
    {
      "question": 49,
      "target": "Plant Sunlight Needs",
      "target_value": 6,
      "options": [
        "Plant Height",
        "Plant Leaf Size"
      ],
      "optionA": {
        "trial_id": "8",
        "task_id": "2",
        "values": "170.0, 11.0",
        "target_value": 6
      },
      "optionB": {
        "trial_id": "9",
        "task_id": "2",
        "values": "130.0, 7.0",
        "target_value": 4
      },
      "choice": {
        "button": "F",
        "selected_option": "OptionA"
      }
    },
    {
      "question": 50,
      "target": "Natural Light",
      "target_value": 5,
      "options": [
        "Room Size",
        "Number of Windows"
      ],
      "optionA": {
        "trial_id": "11",
        "task_id": "53",
        "values": "170.0, 2.0",
        "target_value": 5
      },
      "optionB": {
        "trial_id": "17",
        "task_id": "53",
        "values": "190.0, 3.0",
        "target_value": 6
      },
      "choice": {
        "button": "J",
        "selected_option": "OptionB"
      }
    }
  ]
}