{
  "prolific_id": "UNKNOWN",
  "condition_group": "direction",
  "responses": [
    {
      "question": 1,
      "target": "Phone Performance",
      "target_value": 140,
      "options": [
        "Phone RAM",
        "Phone Storage"
      ],
      "optionA": {
        "trial_id": "15",
        "task_id": "86",
        "values": "64.0, 8192.0",
        "target_value": 140
      },
      "optionB": {
        "trial_id": "9",
        "task_id": "86",
        "values": "16.0, 1024.0",
        "target_value": 110
      },
      "choice": {
        "button": "F",
        "selected_option": "OptionA"
      }
    },
    {
      "question": 2,
      "target": "Plant Growth Rate (cm/week)",
      "target_value": 4,
      "options": [
        "Plant Soil Quality (1-10)",
        "Plant Water Frequency (times/week)"
      ],
      "optionA": {
        "trial_id": "19",
        "task_id": "81",
        "values": "6.0, 2.0",
        "target_value": 4
      },
      "optionB": {
        "trial_id": "4",
        "task_id": "81",
        "values": "9.0, 5.0",
        "target_value": 7
      },
      "choice": {
        "button": "J",
        "selected_option": "OptionB"
      }
    },
    {
      "question": 3,
      "target": "Exam score",
      "target_value": 87,
      "options": [
        "Study time (hours)",
        "Class attendance (%)"
      ],
      "optionA": {
        "trial_id": "6",
        "task_id": "91",
        "values": "5.0, 90.0",
        "target_value": 87
      },
      "optionB": {
        "trial_id": "20",
        "task_id": "91",
        "values": "4.0, 90.0",
        "target_value": 86
      },
      "choice": {
        "button": "F",
        "selected_option": "OptionA"
      }
    },
    {
      "question": 4,
      "target": "Plant Growth Rate",
      "target_value": 2.7,
      "options": [
        "Plant Height",
        "Plant Width"
      ],
      "optionA": {
        "trial_id": "4",
        "task_id": "104",
        "values": "1.5, 0.5",
        "target_value": 2.7
      },
      "optionB": {
        "trial_id": "7",
        "task_id": "104",
        "values": "1.2, 0.4",
        "target_value": 2.2
      },
      "choice": {
        "button": "F",
        "selected_option": "OptionA"
      }
    },
    {
      "question": 5,
      "target": "Warmth Rating",
      "target_value": 3.5,
      "options": [
        "Shirt Weight (g)",
        "Fabric Thickness (mm)"
      ],
      "optionA": {
        "trial_id": "2",
        "task_id": "31",
        "values": "180.0, 1.2",
        "target_value": 3.5
      },
      "optionB": {
        "trial_id": "13",
        "task_id": "31",
        "values": "170.0, 1.3",
        "target_value": 3.6
      },
      "choice": {
        "button": "J",
        "selected_option": "OptionB"
      }
    },
    {
      "question": 6,
      "target": "Cooking Time (min)",
      "target_value": 40,
      "options": [
        "Number of Ingredients",
        "Prep Time (min)"
      ],
      "optionA": {
        "trial_id": "12",
        "task_id": "48",
        "values": "8.0, 16.0",
        "target_value": 40
      },
      "optionB": {
        "trial_id": "11",
        "task_id": "48",
        "values": "7.0, 14.0",
        "target_value": 35
      },
      "choice": {
        "button": "F",
        "selected_option": "OptionA"
      }
    },
    {
      "question": 7,
      "target": "Exam Score (out of 100)",
      "target_value": 80,
      "options": [
        "Time Spent Studying (hours)",
        "Number of Chapters Covered"
      ],
      "optionA": {
        "trial_id": "16",
        "task_id": "94",
        "values": "6.0, 6.0",
        "target_value": 80
      },
      "optionB": {
        "trial_id": "11",
        "task_id": "94",
        "values": "3.0, 3.0",
        "target_value": 65
      },
      "choice": {
        "button": "F",
        "selected_option": "OptionA"
      }
    },
    {
      "question": 8,
      "target": "Energy Level",
      "target_value": 8,
      "options": [
        "Hours of Sleep",
        "Caffeine Intake (mg)"
      ],
      "optionA": {
        "trial_id": "5",
        "task_id": "45",
        "values": "9.0, 60.0",
        "target_value": 8
      },
      "optionB": {
        "trial_id": "11",
        "task_id": "45",
        "values": "7.0, 50.0",
        "target_value": 6
      },
      "choice": {
        "button": "F",
        "selected_option": "OptionA"
      }
    },
    {
      "question": 9,
      "target": "Light Level",
      "target_value": 6,
      "options": [
        "Room Size (sq ft)",
        "Number of Windows"
      ],
      "optionA": {
        "trial_id": "18",
        "task_id": "35",
        "values": "180.0, 3.0",
        "target_value": 6
      },
      "optionB": {
        "trial_id": "13",
        "task_id": "35",
        "values": "170.0, 4.0",
        "target_value": 7
      },
      "choice": {
        "button": "J",
        "selected_option": "OptionB"
      }
    },
    {
      "question": "attention_check_9",
      "choice": "J",
      "passed": true,
      "timestamp": 1756154631241
    },
    {
      "question": 10,
      "target": "Fat Burn (in grams)",
      "target_value": 19,
      "options": [
        "Exercise Time (minutes)",
        "Heart Rate (bpm)"
      ],
      "optionA": {
        "trial_id": "16",
        "task_id": "20",
        "values": "50.0, 135.0",
        "target_value": 19
      },
      "optionB": {
        "trial_id": "20",
        "task_id": "20",
        "values": "70.0, 140.0",
        "target_value": 24
      },
      "choice": {
        "button": "J",
        "selected_option": "OptionB"
      }
    },
    {
      "question": 11,
      "target": "Light Level",
      "target_value": 8,
      "options": [
        "Room Size (sq ft)",
        "Number of Windows"
      ],
      "optionA": {
        "trial_id": "14",
        "task_id": "35",
        "values": "190.0, 5.0",
        "target_value": 8
      },
      "optionB": {
        "trial_id": "14",
        "task_id": "35",
        "values": "190.0, 5.0",
        "target_value": 8
      },
      "choice": {
        "button": "J",
        "selected_option": "OptionB"
      }
    },
    {
      "question": 12,
      "target": "Fat Burn (g)",
      "target_value": 35,
      "options": [
        "Exercise Time (min)",
        "Heart Rate (bpm)"
      ],
      "optionA": {
        "trial_id": "12",
        "task_id": "28",
        "values": "35.0, 115.0",
        "target_value": 35
      },
      "optionB": {
        "trial_id": "12",
        "task_id": "28",
        "values": "35.0, 115.0",
        "target_value": 35
      },
      "choice": {
        "button": "F",
        "selected_option": "OptionA"
      }
    },
    {
      "question": 13,
      "target": "Jump Height",
      "target_value": 95,
      "options": [
        "Height",
        "Arm Length"
      ],
      "optionA": {
        "trial_id": "9",
        "task_id": "115",
        "values": "200.0, 80.0",
        "target_value": 95
      },
      "optionB": {
        "trial_id": "6",
        "task_id": "115",
        "values": "200.0, 77.0",
        "target_value": 93
      },
      "choice": {
        "button": "F",
        "selected_option": "OptionA"
      }
    },
    {
      "question": 14,
      "target": "Popularity Score",
      "target_value": 132,
      "options": [
        "Number of Likes",
        "Number of Comments"
      ],
      "optionA": {
        "trial_id": "19",
        "task_id": "50",
        "values": "110.0, 22.0",
        "target_value": 132
      },
      "optionB": {
        "trial_id": "19",
        "task_id": "50",
        "values": "110.0, 22.0",
        "target_value": 132
      },
      "choice": {
        "button": "J",
        "selected_option": "OptionB"
      }
    },
    {
      "question": 15,
      "target": "Movie enjoyment",
      "target_value": 9,
      "options": [
        "Movie runtime",
        "Movie rating"
      ],
      "optionA": {
        "trial_id": "3",
        "task_id": "75",
        "values": "150.0, 8.5",
        "target_value": 9
      },
      "optionB": {
        "trial_id": "11",
        "task_id": "75",
        "values": "140.0, 8.5",
        "target_value": 9
      },
      "choice": {
        "button": "F",
        "selected_option": "OptionA"
      }
    },
    {
      "question": 16,
      "target": "Plant Sunlight Needs",
      "target_value": 6,
      "options": [
        "Plant Height",
        "Plant Leaf Size"
      ],
      "optionA": {
        "trial_id": "12",
        "task_id": "2",
        "values": "210.0, 12.0",
        "target_value": 6
      },
      "optionB": {
        "trial_id": "10",
        "task_id": "2",
        "values": "140.0, 9.0",
        "target_value": 5
      },
      "choice": {
        "button": "F",
        "selected_option": "OptionA"
      }
    },
    {
      "question": 17,
      "target": "Light amount",
      "target_value": 8,
      "options": [
        "Room size (m2)",
        "Number of windows"
      ],
      "optionA": {
        "trial_id": "17",
        "task_id": "85",
        "values": "20.0, 3.0",
        "target_value": 8
      },
      "optionB": {
        "trial_id": "3",
        "task_id": "85",
        "values": "25.0, 4.0",
        "target_value": 9
      },
      "choice": {
        "button": "J",
        "selected_option": "OptionB"
      }
    },
    {
      "question": 18,
      "target": "Book Rating",
      "target_value": 4.6,
      "options": [
        "Book Page Count",
        "Author Rating"
      ],
      "optionA": {
        "trial_id": "2",
        "task_id": "22",
        "values": "500.0, 4.5",
        "target_value": 4.6
      },
      "optionB": {
        "trial_id": "9",
        "task_id": "22",
        "values": "500.0, 4.5",
        "target_value": 4.6
      },
      "choice": {
        "button": "J",
        "selected_option": "OptionB"
      }
    },
    {
      "question": 19,
      "target": "Knowledge Content",
      "target_value": 4,
      "options": [
        "Book Thickness",
        "Book Reading Level"
      ],
      "optionA": {
        "trial_id": "5",
        "task_id": "6",
        "values": "20.0, 2.0",
        "target_value": 4
      },
      "optionB": {
        "trial_id": "17",
        "task_id": "6",
        "values": "38.0, 5.0",
        "target_value": 8
      },
      "choice": {
        "button": "J",
        "selected_option": "OptionB"
      }
    },
    {
      "question": "attention_check_19",
      "choice": "F",
      "passed": true,
      "timestamp": 1756154746079
    },
    {
      "question": 20,
      "target": "Performance Rating",
      "target_value": 7.5,
      "options": [
        "Computer Weight (kg)",
        "RAM (GB)"
      ],
      "optionA": {
        "trial_id": "9",
        "task_id": "34",
        "values": "1.6, 10.0",
        "target_value": 7.5
      },
      "optionB": {
        "trial_id": "20",
        "task_id": "34",
        "values": "1.4, 10.0",
        "target_value": 7.5
      },
      "choice": {
        "button": "F",
        "selected_option": "OptionA"
      }
    },
    {
      "question": 21,
      "target": "Value Score",
      "target_value": 80,
      "options": [
        "Price ($)",
        "Size (GB)"
      ],
      "optionA": {
        "trial_id": "17",
        "task_id": "99",
        "values": "60.0, 256.0",
        "target_value": 80
      },
      "optionB": {
        "trial_id": "14",
        "task_id": "99",
        "values": "90.0, 512.0",
        "target_value": 70
      },
      "choice": {
        "button": "J",
        "selected_option": "OptionB"
      }
    },
    {
      "question": 22,
      "target": "Top Speed",
      "target_value": 190,
      "options": [
        "Engine Size",
        "Horsepower"
      ],
      "optionA": {
        "trial_id": "6",
        "task_id": "113",
        "values": "3.5, 180.0",
        "target_value": 190
      },
      "optionB": {
        "trial_id": "18",
        "task_id": "113",
        "values": "4.5, 240.0",
        "target_value": 220
      },
      "choice": {
        "button": "J",
        "selected_option": "OptionB"
      }
    },
    {
      "question": 23,
      "target": "Growth speed",
      "target_value": 6,
      "options": [
        "Plant height cm",
        "Plant leaf count"
      ],
      "optionA": {
        "trial_id": "19",
        "task_id": "74",
        "values": "42.0, 16.0",
        "target_value": 6
      },
      "optionB": {
        "trial_id": "2",
        "task_id": "74",
        "values": "40.0, 12.0",
        "target_value": 5
      },
      "choice": {
        "button": "F",
        "selected_option": "OptionA"
      }
    },
    {
      "question": 24,
      "target": "Fun Level",
      "target_value": 9,
      "options": [
        "Number of Players",
        "Game Duration (minutes)"
      ],
      "optionA": {
        "trial_id": "6",
        "task_id": "13",
        "values": "8.0, 60.0",
        "target_value": 9
      },
      "optionB": {
        "trial_id": "15",
        "task_id": "13",
        "values": "6.0, 65.0",
        "target_value": 8
      },
      "choice": {
        "button": "F",
        "selected_option": "OptionA"
      }
    },
    {
      "question": 25,
      "target": "Comfort",
      "target_value": 80,
      "options": [
        "Shoe Weight",
        "Brand Reputation"
      ],
      "optionA": {
        "trial_id": "9",
        "task_id": "62",
        "values": "240.0, 6.0",
        "target_value": 80
      },
      "optionB": {
        "trial_id": "3",
        "task_id": "62",
        "values": "180.0, 3.0",
        "target_value": 65
      },
      "choice": {
        "button": "F",
        "selected_option": "OptionA"
      }
    },
    {
      "question": 26,
      "target": "Enjoyment Score",
      "target_value": 7.5,
      "options": [
        "Book Length (pages)",
        "Author Fame (1-10)"
      ],
      "optionA": {
        "trial_id": "18",
        "task_id": "29",
        "values": "250.0, 6.0",
        "target_value": 7.5
      },
      "optionB": {
        "trial_id": "5",
        "task_id": "29",
        "values": "150.0, 6.0",
        "target_value": 7
      },
      "choice": {
        "button": "F",
        "selected_option": "OptionA"
      }
    },
    {
      "question": 27,
      "target": "Battery Life (hours)",
      "target_value": 10.8,
      "options": [
        "Phone Weight (g)",
        "Battery Capacity (mAh)"
      ],
      "optionA": {
        "trial_id": "19",
        "task_id": "30",
        "values": "165.0, 4300.0",
        "target_value": 10.8
      },
      "optionB": {
        "trial_id": "11",
        "task_id": "30",
        "values": "170.0, 4800.0",
        "target_value": 11.8
      },
      "choice": {
        "button": "J",
        "selected_option": "OptionB"
      }
    },
    {
      "question": 28,
      "target": "Muscle gain",
      "target_value": 1.6,
      "options": [
        "Minutes of exercise",
        "Protein intake"
      ],
      "optionA": {
        "trial_id": "4",
        "task_id": "59",
        "values": "35.0, 30.0",
        "target_value": 1.6
      },
      "optionB": {
        "trial_id": "10",
        "task_id": "59",
        "values": "45.0, 25.0",
        "target_value": 1.5
      },
      "choice": {
        "button": "J",
        "selected_option": "OptionB"
      }
    },
    {
      "question": 29,
      "target": "Natural Light (on scale 1-10)",
      "target_value": 9,
      "options": [
        "Room Area (m2)",
        "Number of Windows"
      ],
      "optionA": {
        "trial_id": "5",
        "task_id": "15",
        "values": "25.0, 5.0",
        "target_value": 9
      },
      "optionB": {
        "trial_id": "19",
        "task_id": "15",
        "values": "28.0, 5.0",
        "target_value": 9
      },
      "choice": {
        "button": "J",
        "selected_option": "OptionB"
      }
    },
    {
      "question": "attention_check_29",
      "choice": "J",
      "passed": true,
      "timestamp": 1756154825080
    },
    {
      "question": 30,
      "target": "App Popularity",
      "target_value": 65,
      "options": [
        "App User Ratings (1-5)",
        "Number of Reviews"
      ],
      "optionA": {
        "trial_id": "8",
        "task_id": "42",
        "values": "5.0, 50.0",
        "target_value": 65
      },
      "optionB": {
        "trial_id": "16",
        "task_id": "42",
        "values": "4.0, 400.0",
        "target_value": 96
      },
      "choice": {
        "button": "F",
        "selected_option": "OptionA"
      }
    },
    {
      "question": 31,
      "target": "Satiety (on scale 1-10)",
      "target_value": 6,
      "options": [
        "Number of Calories",
        "Protein (g)"
      ],
      "optionA": {
        "trial_id": "15",
        "task_id": "16",
        "values": "300.0, 10.0",
        "target_value": 6
      },
      "optionB": {
        "trial_id": "14",
        "task_id": "16",
        "values": "500.0, 18.0",
        "target_value": 9
      },
      "choice": {
        "button": "J",
        "selected_option": "OptionB"
      }
    },
    {
      "question": 32,
      "target": "Performance Score (1-100)",
      "target_value": 85,
      "options": [
        "Hours of Practice",
        "Number of Lessons"
      ],
      "optionA": {
        "trial_id": "4",
        "task_id": "57",
        "values": "25.0, 9.0",
        "target_value": 85
      },
      "optionB": {
        "trial_id": "1",
        "task_id": "57",
        "values": "10.0, 5.0",
        "target_value": 70
      },
      "choice": {
        "button": "F",
        "selected_option": "OptionA"
      }
    },
    {
      "question": 33,
      "target": "Flavor Strength",
      "target_value": 9,
      "options": [
        "Coffee Bean Size",
        "Bean Roast"
      ],
      "optionA": {
        "trial_id": "5",
        "task_id": "64",
        "values": "6.0, 4.0",
        "target_value": 9
      },
      "optionB": {
        "trial_id": "2",
        "task_id": "64",
        "values": "6.0, 3.0",
        "target_value": 8
      },
      "choice": {
        "button": "F",
        "selected_option": "OptionA"
      }
    },
    {
      "question": 34,
      "target": "Light Level",
      "target_value": 6,
      "options": [
        "Room Size (sq ft)",
        "Number of Windows"
      ],
      "optionA": {
        "trial_id": "7",
        "task_id": "35",
        "values": "180.0, 2.0",
        "target_value": 6
      },
      "optionB": {
        "trial_id": "19",
        "task_id": "35",
        "values": "230.0, 5.0",
        "target_value": 9
      },
      "choice": {
        "button": "J",
        "selected_option": "OptionB"
      }
    },
    {
      "question": 35,
      "target": "Enjoyment",
      "target_value": 7,
      "options": [
        "Coffee price",
        "Coffee acidity"
      ],
      "optionA": {
        "trial_id": "3",
        "task_id": "101",
        "values": "4.0, 5.0",
        "target_value": 7
      },
      "optionB": {
        "trial_id": "16",
        "task_id": "101",
        "values": "2.0, 3.0",
        "target_value": 5
      },
      "choice": {
        "button": "F",
        "selected_option": "OptionA"
      }
    },
    {
      "question": 36,
      "target": "Battery Life",
      "target_value": 10,
      "options": [
        "Battery Capacity",
        "Weight"
      ],
      "optionA": {
        "trial_id": "8",
        "task_id": "114",
        "values": "2500.0, 180.0",
        "target_value": 10
      },
      "optionB": {
        "trial_id": "7",
        "task_id": "114",
        "values": "2000.0, 160.0",
        "target_value": 9
      },
      "choice": {
        "button": "F",
        "selected_option": "OptionA"
      }
    },
    {
      "question": 37,
      "target": "Taste Rating (1-10)",
      "target_value": 8,
      "options": [
        "Minutes of Cooking",
        "Number of Ingredients"
      ],
      "optionA": {
        "trial_id": "14",
        "task_id": "56",
        "values": "25.0, 5.0",
        "target_value": 8
      },
      "optionB": {
        "trial_id": "18",
        "task_id": "56",
        "values": "22.0, 4.0",
        "target_value": 7
      },
      "choice": {
        "button": "F",
        "selected_option": "OptionA"
      }
    },
    {
      "question": 38,
      "target": "Satiety (on scale 1-10)",
      "target_value": 6,
      "options": [
        "Number of Calories",
        "Protein (g)"
      ],
      "optionA": {
        "trial_id": "15",
        "task_id": "16",
        "values": "300.0, 10.0",
        "target_value": 6
      },
      "optionB": {
        "trial_id": "15",
        "task_id": "16",
        "values": "300.0, 10.0",
        "target_value": 6
      },
      "choice": {
        "button": "J",
        "selected_option": "OptionB"
      }
    },
    {
      "question": 39,
      "target": "User satisfaction",
      "target_value": 13,
      "options": [
        "Screen size (inches)",
        "RAM (GB)"
      ],
      "optionA": {
        "trial_id": "14",
        "task_id": "119",
        "values": "24.0, 9.0",
        "target_value": 13
      },
      "optionB": {
        "trial_id": "5",
        "task_id": "119",
        "values": "14.0, 4.0",
        "target_value": 8
      },
      "choice": {
        "button": "F",
        "selected_option": "OptionA"
      }
    },
    {
      "question": "attention_check_39",
      "choice": "F",
      "passed": true,
      "timestamp": 1756154875455
    },
    {
      "question": 40,
      "target": "Enjoyment",
      "target_value": 5,
      "options": [
        "Taste rating",
        "Price"
      ],
      "optionA": {
        "trial_id": "11",
        "task_id": "26",
        "values": "5.0, 1.0",
        "target_value": 5
      },
      "optionB": {
        "trial_id": "10",
        "task_id": "26",
        "values": "7.0, 6.0",
        "target_value": 12
      },
      "choice": {
        "button": "J",
        "selected_option": "OptionB"
      }
    },
    {
      "question": 41,
      "target": "Growth Rate",
      "target_value": 6,
      "options": [
        "Plant Leaf Size",
        "Plant Height"
      ],
      "optionA": {
        "trial_id": "13",
        "task_id": "65",
        "values": "16.0, 80.0",
        "target_value": 6
      },
      "optionB": {
        "trial_id": "4",
        "task_id": "65",
        "values": "10.0, 50.0",
        "target_value": 3
      },
      "choice": {
        "button": "F",
        "selected_option": "OptionA"
      }
    },
    {
      "question": 42,
      "target": "Room Size",
      "target_value": 20,
      "options": [
        "Room Width",
        "Room Length"
      ],
      "optionA": {
        "trial_id": "7",
        "task_id": "109",
        "values": "4.0, 5.0",
        "target_value": 20
      },
      "optionB": {
        "trial_id": "15",
        "task_id": "109",
        "values": "4.0, 5.0",
        "target_value": 20
      },
      "choice": {
        "button": "F",
        "selected_option": "OptionA"
      }
    },
    {
      "question": 43,
      "target": "Popularity Score",
      "target_value": 62,
      "options": [
        "Price ($)",
        "Rating (1-10)"
      ],
      "optionA": {
        "trial_id": "11",
        "task_id": "97",
        "values": "50.0, 6.0",
        "target_value": 62
      },
      "optionB": {
        "trial_id": "19",
        "task_id": "97",
        "values": "60.0, 5.0",
        "target_value": 60
      },
      "choice": {
        "button": "J",
        "selected_option": "OptionB"
      }
    },
    {
      "question": 44,
      "target": "Plant Growth Rate",
      "target_value": 2.8,
      "options": [
        "Plant Height",
        "Plant Width"
      ],
      "optionA": {
        "trial_id": "1",
        "task_id": "104",
        "values": "1.5, 0.5",
        "target_value": 2.8
      },
      "optionB": {
        "trial_id": "11",
        "task_id": "104",
        "values": "1.9, 0.6",
        "target_value": 3.2
      },
      "choice": {
        "button": "J",
        "selected_option": "OptionB"
      }
    },
    {
      "question": 45,
      "target": "Battery life hours",
      "target_value": 10,
      "options": [
        "Phone battery capacity",
        "Phone weight"
      ],
      "optionA": {
        "trial_id": "10",
        "task_id": "73",
        "values": "2800.0, 170.0",
        "target_value": 10
      },
      "optionB": {
        "trial_id": "3",
        "task_id": "73",
        "values": "2500.0, 170.0",
        "target_value": 10
      },
      "choice": {
        "button": "J",
        "selected_option": "OptionB"
      }
    },
    {
      "question": 46,
      "target": "Top Speed",
      "target_value": 120,
      "options": [
        "Car Engine Size",
        "Horsepower"
      ],
      "optionA": {
        "trial_id": "14",
        "task_id": "36",
        "values": "1.7, 160.0",
        "target_value": 120
      },
      "optionB": {
        "trial_id": "10",
        "task_id": "61",
        "values": "2.0, 160.0",
        "target_value": 125
      },
      "choice": {
        "button": "J",
        "selected_option": "OptionB"
      }
    },
    {
      "question": 47,
      "target": "Training Difficulty (1-10)",
      "target_value": 6,
      "options": [
        "Dog Size",
        "Dog Energy Level"
      ],
      "optionA": {
        "trial_id": "20",
        "task_id": "82",
        "values": "55.0, 7.0",
        "target_value": 6
      },
      "optionB": {
        "trial_id": "12",
        "task_id": "82",
        "values": "60.0, 7.0",
        "target_value": 6
      },
      "choice": {
        "button": "J",
        "selected_option": "OptionB"
      }
    },
    {
      "question": 48,
      "target": "House Price (thousands)",
      "target_value": 310,
      "options": [
        "House Size (m\u00b2)",
        "House Distance to City (km)"
      ],
      "optionA": {
        "trial_id": "20",
        "task_id": "79",
        "values": "120.0, 7.0",
        "target_value": 310
      },
      "optionB": {
        "trial_id": "13",
        "task_id": "79",
        "values": "120.0, 5.0",
        "target_value": 300
      },
      "choice": {
        "button": "F",
        "selected_option": "OptionA"
      }
    },
    {
      "question": 49,
      "target": "Job Success",
      "target_value": 70,
      "options": [
        "Age",
        "Experience"
      ],
      "optionA": {
        "trial_id": "11",
        "task_id": "117",
        "values": "30.0, 5.0",
        "target_value": 70
      },
      "optionB": {
        "trial_id": "8",
        "task_id": "117",
        "values": "32.0, 5.0",
        "target_value": 70
      },
      "choice": {
        "button": "J",
        "selected_option": "OptionB"
      }
    },
    {
      "question": 50,
      "target": "Enjoyment Rating (1-10)",
      "target_value": 7,
      "options": [
        "Number of Pages",
        "Reading Time (minutes)"
      ],
      "optionA": {
        "trial_id": "19",
        "task_id": "10",
        "values": "310.0, 125.0",
        "target_value": 7
      },
      "optionB": {
        "trial_id": "9",
        "task_id": "10",
        "values": "280.0, 110.0",
        "target_value": 6
      },
      "choice": {
        "button": "F",
        "selected_option": "OptionA"
      }
    }
  ]
}