{
  "prolific_id": "UNKNOWN",
  "condition_group": "direction",
  "responses": [
    {
      "question": 1,
      "target": "Apartment price",
      "target_value": 1600,
      "options": [
        "Distance from city center",
        "Room size"
      ],
      "optionA": {
        "trial_id": "13",
        "task_id": "58",
        "values": "4.0, 60.0",
        "target_value": 1600
      },
      "optionB": {
        "trial_id": "20",
        "task_id": "58",
        "values": "2.0, 40.0",
        "target_value": 1200
      },
      "choice": {
        "button": "J",
        "selected_option": "OptionB"
      }
    },
    {
      "question": 2,
      "target": "Room Area (m\u00b2)",
      "target_value": 25,
      "options": [
        "Room Length (m)",
        "Room Width (m)"
      ],
      "optionA": {
        "trial_id": "12",
        "task_id": "89",
        "values": "5.0, 5.0",
        "target_value": 25
      },
      "optionB": {
        "trial_id": "6",
        "task_id": "89",
        "values": "4.0, 6.0",
        "target_value": 24
      },
      "choice": {
        "button": "F",
        "selected_option": "OptionA"
      }
    },
    {
      "question": 3,
      "target": "Market value ($)",
      "target_value": 280000,
      "options": [
        "Number of bedrooms",
        "House size (sq ft)"
      ],
      "optionA": {
        "trial_id": "9",
        "task_id": "90",
        "values": "3.0, 1400.0",
        "target_value": 280000
      },
      "optionB": {
        "trial_id": "6",
        "task_id": "90",
        "values": "3.0, 1300.0",
        "target_value": 260000
      },
      "choice": {
        "button": "F",
        "selected_option": "OptionA"
      }
    },
    {
      "question": 4,
      "target": "Physical strength",
      "target_value": 85,
      "options": [
        "Height (cm)",
        "Weight (kg)"
      ],
      "optionA": {
        "trial_id": "19",
        "task_id": "84",
        "values": "180.0, 80.0",
        "target_value": 85
      },
      "optionB": {
        "trial_id": "17",
        "task_id": "84",
        "values": "165.0, 68.0",
        "target_value": 66
      },
      "choice": {
        "button": "F",
        "selected_option": "OptionA"
      }
    },
    {
      "question": 5,
      "target": "Quality",
      "target_value": 86,
      "options": [
        "Price",
        "Size"
      ],
      "optionA": {
        "trial_id": "14",
        "task_id": "110",
        "values": "130.0, 16.0",
        "target_value": 86
      },
      "optionB": {
        "trial_id": "7",
        "task_id": "110",
        "values": "180.0, 20.0",
        "target_value": 90
      },
      "choice": {
        "button": "J",
        "selected_option": "OptionB"
      }
    },
    {
      "question": 6,
      "target": "Dog Energy Level",
      "target_value": 8,
      "options": [
        "Dog Weight",
        "Dog Activity Level"
      ],
      "optionA": {
        "trial_id": "20",
        "task_id": "105",
        "values": "30.0, 5.0",
        "target_value": 8
      },
      "optionB": {
        "trial_id": "20",
        "task_id": "105",
        "values": "30.0, 5.0",
        "target_value": 8
      },
      "choice": {
        "button": "F",
        "selected_option": "OptionA"
      }
    },
    {
      "question": 7,
      "target": "Restaurant Customer Satisfaction",
      "target_value": 8.6,
      "options": [
        "Restaurant Menu Size",
        "Restaurant Online Rating"
      ],
      "optionA": {
        "trial_id": "3",
        "task_id": "24",
        "values": "25.0, 4.5",
        "target_value": 8.6
      },
      "optionB": {
        "trial_id": "11",
        "task_id": "24",
        "values": "24.0, 4.7",
        "target_value": 8.8
      },
      "choice": {
        "button": "J",
        "selected_option": "OptionB"
      }
    },
    {
      "question": 8,
      "target": "Bike Speed",
      "target_value": 22,
      "options": [
        "Bike Weight",
        "Bike Wheel Size"
      ],
      "optionA": {
        "trial_id": "2",
        "task_id": "107",
        "values": "12.0, 26.0",
        "target_value": 22
      },
      "optionB": {
        "trial_id": "8",
        "task_id": "107",
        "values": "10.0, 25.0",
        "target_value": 20
      },
      "choice": {
        "button": "J",
        "selected_option": "OptionB"
      }
    },
    {
      "question": 9,
      "target": "Home value",
      "target_value": 290000,
      "options": [
        "House size",
        "Neighborhood quality"
      ],
      "optionA": {
        "trial_id": "12",
        "task_id": "70",
        "values": "120.0, 8.0",
        "target_value": 290000
      },
      "optionB": {
        "trial_id": "4",
        "task_id": "70",
        "values": "130.0, 8.0",
        "target_value": 280000
      },
      "choice": {
        "button": "J",
        "selected_option": "OptionB"
      }
    },
    {
      "question": "attention_check_9",
      "choice": "J",
      "passed": true,
      "timestamp": 1756720692124
    },
    {
      "question": 10,
      "target": "Fuel Consumption (L/100km)",
      "target_value": 7,
      "options": [
        "Engine Size (cc)",
        "Weight (kg)"
      ],
      "optionA": {
        "trial_id": "10",
        "task_id": "11",
        "values": "1900.0, 1200.0",
        "target_value": 7
      },
      "optionB": {
        "trial_id": "19",
        "task_id": "11",
        "values": "2400.0, 1500.0",
        "target_value": 10
      },
      "choice": {
        "button": "J",
        "selected_option": "OptionB"
      }
    },
    {
      "question": 11,
      "target": "Brightness",
      "target_value": 600,
      "options": [
        "Phone Battery Capacity",
        "Screen Size"
      ],
      "optionA": {
        "trial_id": "7",
        "task_id": "37",
        "values": "2500.0, 4.0",
        "target_value": 600
      },
      "optionB": {
        "trial_id": "18",
        "task_id": "37",
        "values": "4000.0, 4.0",
        "target_value": 630
      },
      "choice": {
        "button": "J",
        "selected_option": "OptionB"
      }
    },
    {
      "question": 12,
      "target": "Job Success",
      "target_value": 70,
      "options": [
        "Age",
        "Experience"
      ],
      "optionA": {
        "trial_id": "8",
        "task_id": "117",
        "values": "32.0, 5.0",
        "target_value": 70
      },
      "optionB": {
        "trial_id": "12",
        "task_id": "117",
        "values": "35.0, 6.0",
        "target_value": 75
      },
      "choice": {
        "button": "J",
        "selected_option": "OptionB"
      }
    },
    {
      "question": 13,
      "target": "Exam Score (%)",
      "target_value": 80,
      "options": [
        "Study Time (hours)",
        "Previous Score (%)"
      ],
      "optionA": {
        "trial_id": "11",
        "task_id": "76",
        "values": "5.0, 75.0",
        "target_value": 80
      },
      "optionB": {
        "trial_id": "9",
        "task_id": "76",
        "values": "7.0, 65.0",
        "target_value": 80
      },
      "choice": {
        "button": "F",
        "selected_option": "OptionA"
      }
    },
    {
      "question": 14,
      "target": "Home Value (thousands)",
      "target_value": 320,
      "options": [
        "House Size (sqm)",
        "Neighborhood Safety (1-10)"
      ],
      "optionA": {
        "trial_id": "8",
        "task_id": "41",
        "values": "120.0, 9.0",
        "target_value": 320
      },
      "optionB": {
        "trial_id": "5",
        "task_id": "41",
        "values": "150.0, 7.0",
        "target_value": 320
      },
      "choice": {
        "button": "F",
        "selected_option": "OptionA"
      }
    },
    {
      "question": 15,
      "target": "Engagement rate (%)",
      "target_value": 5.5,
      "options": [
        "Number of followers",
        "Post quality score"
      ],
      "optionA": {
        "trial_id": "1",
        "task_id": "71",
        "values": "10000.0, 7.0",
        "target_value": 5.5
      },
      "optionB": {
        "trial_id": "12",
        "task_id": "71",
        "values": "16000.0, 4.0",
        "target_value": 5.8
      },
      "choice": {
        "button": "F",
        "selected_option": "OptionA"
      }
    },
    {
      "question": 16,
      "target": "Value Score",
      "target_value": 70,
      "options": [
        "Price ($)",
        "Size (GB)"
      ],
      "optionA": {
        "trial_id": "10",
        "task_id": "99",
        "values": "80.0, 256.0",
        "target_value": 70
      },
      "optionB": {
        "trial_id": "14",
        "task_id": "99",
        "values": "90.0, 512.0",
        "target_value": 70
      },
      "choice": {
        "button": "J",
        "selected_option": "OptionB"
      }
    },
    {
      "question": 17,
      "target": "Battery Life",
      "target_value": 12,
      "options": [
        "Battery Capacity",
        "Weight"
      ],
      "optionA": {
        "trial_id": "16",
        "task_id": "114",
        "values": "3000.0, 200.0",
        "target_value": 12
      },
      "optionB": {
        "trial_id": "8",
        "task_id": "114",
        "values": "2500.0, 180.0",
        "target_value": 10
      },
      "choice": {
        "button": "F",
        "selected_option": "OptionA"
      }
    },
    {
      "question": 18,
      "target": "Customer Satisfaction",
      "target_value": 9.2,
      "options": [
        "Price ($)",
        "Quality Rating (1-10)"
      ],
      "optionA": {
        "trial_id": "7",
        "task_id": "49",
        "values": "200.0, 9.0",
        "target_value": 9.2
      },
      "optionB": {
        "trial_id": "11",
        "task_id": "49",
        "values": "120.0, 8.0",
        "target_value": 8.5
      },
      "choice": {
        "button": "J",
        "selected_option": "OptionB"
      }
    },
    {
      "question": 19,
      "target": "Performance Score",
      "target_value": 92,
      "options": [
        "Hours of Practice",
        "Natural Talent (1-10)"
      ],
      "optionA": {
        "trial_id": "19",
        "task_id": "78",
        "values": "8.0, 10.0",
        "target_value": 92
      },
      "optionB": {
        "trial_id": "2",
        "task_id": "78",
        "values": "8.0, 9.0",
        "target_value": 90
      },
      "choice": {
        "button": "F",
        "selected_option": "OptionA"
      }
    },
    {
      "question": "attention_check_19",
      "choice": "F",
      "passed": true,
      "timestamp": 1756720804155
    },
    {
      "question": 20,
      "target": "Popularity Score",
      "target_value": 144,
      "options": [
        "Number of Likes",
        "Number of Comments"
      ],
      "optionA": {
        "trial_id": "12",
        "task_id": "50",
        "values": "120.0, 24.0",
        "target_value": 144
      },
      "optionB": {
        "trial_id": "2",
        "task_id": "50",
        "values": "120.0, 24.0",
        "target_value": 144
      },
      "choice": {
        "button": "F",
        "selected_option": "OptionA"
      }
    },
    {
      "question": 21,
      "target": "Exam score",
      "target_value": 86,
      "options": [
        "Study time (hours)",
        "Class attendance (%)"
      ],
      "optionA": {
        "trial_id": "20",
        "task_id": "91",
        "values": "4.0, 90.0",
        "target_value": 86
      },
      "optionB": {
        "trial_id": "17",
        "task_id": "91",
        "values": "5.0, 75.0",
        "target_value": 73
      },
      "choice": {
        "button": "F",
        "selected_option": "OptionA"
      }
    },
    {
      "question": 22,
      "target": "Customer Satisfaction",
      "target_value": 8,
      "options": [
        "Price ($)",
        "Quality Rating (1-10)"
      ],
      "optionA": {
        "trial_id": "19",
        "task_id": "49",
        "values": "110.0, 8.0",
        "target_value": 8
      },
      "optionB": {
        "trial_id": "1",
        "task_id": "49",
        "values": "100.0, 7.0",
        "target_value": 8
      },
      "choice": {
        "button": "F",
        "selected_option": "OptionA"
      }
    },
    {
      "question": 23,
      "target": "Jump Height",
      "target_value": 103,
      "options": [
        "Height",
        "Arm Length"
      ],
      "optionA": {
        "trial_id": "18",
        "task_id": "115",
        "values": "220.0, 87.0",
        "target_value": 103
      },
      "optionB": {
        "trial_id": "5",
        "task_id": "115",
        "values": "190.0, 75.0",
        "target_value": 90
      },
      "choice": {
        "button": "J",
        "selected_option": "OptionB"
      }
    },
    {
      "question": 24,
      "target": "Exam Score",
      "target_value": 72,
      "options": [
        "Hours of Study",
        "Difficulty Level"
      ],
      "optionA": {
        "trial_id": "15",
        "task_id": "12",
        "values": "6.0, 3.0",
        "target_value": 72
      },
      "optionB": {
        "trial_id": "19",
        "task_id": "12",
        "values": "4.0, 4.0",
        "target_value": 68
      },
      "choice": {
        "button": "F",
        "selected_option": "OptionA"
      }
    },
    {
      "question": 25,
      "target": "Speed",
      "target_value": 185,
      "options": [
        "Car Engine Size",
        "Horsepower"
      ],
      "optionA": {
        "trial_id": "18",
        "task_id": "61",
        "values": "3.0, 210.0",
        "target_value": 185
      },
      "optionB": {
        "trial_id": "12",
        "task_id": "36",
        "values": "2.5, 220.0",
        "target_value": 140
      },
      "choice": {
        "button": "J",
        "selected_option": "OptionB"
      }
    },
    {
      "question": 26,
      "target": "Weight loss",
      "target_value": 1.5,
      "options": [
        "Exercise duration",
        "Intensity level"
      ],
      "optionA": {
        "trial_id": "12",
        "task_id": "67",
        "values": "45.0, 5.0",
        "target_value": 1.5
      },
      "optionB": {
        "trial_id": "17",
        "task_id": "67",
        "values": "45.0, 5.0",
        "target_value": 1.6
      },
      "choice": {
        "button": "F",
        "selected_option": "OptionA"
      }
    },
    {
      "question": 27,
      "target": "Fat Burn (in grams)",
      "target_value": 14,
      "options": [
        "Exercise Time (minutes)",
        "Heart Rate (bpm)"
      ],
      "optionA": {
        "trial_id": "2",
        "task_id": "20",
        "values": "40.0, 110.0",
        "target_value": 14
      },
      "optionB": {
        "trial_id": "7",
        "task_id": "20",
        "values": "35.0, 110.0",
        "target_value": 14
      },
      "choice": {
        "button": "F",
        "selected_option": "OptionA"
      }
    },
    {
      "question": 28,
      "target": "Book Knowledge Content",
      "target_value": 9,
      "options": [
        "Book Page Count",
        "Book Reading Level"
      ],
      "optionA": {
        "trial_id": "18",
        "task_id": "1",
        "values": "360.0, 5.0",
        "target_value": 9
      },
      "optionB": {
        "trial_id": "20",
        "task_id": "1",
        "values": "290.0, 3.0",
        "target_value": 5
      },
      "choice": {
        "button": "F",
        "selected_option": "OptionA"
      }
    },
    {
      "question": 29,
      "target": "Distance Covered",
      "target_value": 57,
      "options": [
        "Bike Speed",
        "Bike Weight"
      ],
      "optionA": {
        "trial_id": "16",
        "task_id": "7",
        "values": "24.0, 13.0",
        "target_value": 57
      },
      "optionB": {
        "trial_id": "9",
        "task_id": "7",
        "values": "22.0, 9.0",
        "target_value": 48
      },
      "choice": {
        "button": "F",
        "selected_option": "OptionA"
      }
    },
    {
      "question": "attention_check_29",
      "choice": "J",
      "passed": true,
      "timestamp": 1756720899226
    },
    {
      "question": 30,
      "target": "Energy Level",
      "target_value": 9,
      "options": [
        "Dog Size",
        "Exercise Needs"
      ],
      "optionA": {
        "trial_id": "17",
        "task_id": "88",
        "values": "50.0, 8.0",
        "target_value": 9
      },
      "optionB": {
        "trial_id": "3",
        "task_id": "88",
        "values": "45.0, 9.0",
        "target_value": 10
      },
      "choice": {
        "button": "J",
        "selected_option": "OptionB"
      }
    },
    {
      "question": 31,
      "target": "Reading time",
      "target_value": 6,
      "options": [
        "Book pages",
        "Book chapters"
      ],
      "optionA": {
        "trial_id": "13",
        "task_id": "72",
        "values": "280.0, 14.0",
        "target_value": 6
      },
      "optionB": {
        "trial_id": "5",
        "task_id": "72",
        "values": "450.0, 25.0",
        "target_value": 10
      },
      "choice": {
        "button": "J",
        "selected_option": "OptionB"
      }
    },
    {
      "question": 32,
      "target": "Reading time",
      "target_value": 4,
      "options": [
        "Book pages",
        "Book chapters"
      ],
      "optionA": {
        "trial_id": "7",
        "task_id": "72",
        "values": "200.0, 10.0",
        "target_value": 4
      },
      "optionB": {
        "trial_id": "2",
        "task_id": "72",
        "values": "400.0, 20.0",
        "target_value": 8
      },
      "choice": {
        "button": "J",
        "selected_option": "OptionB"
      }
    },
    {
      "question": 33,
      "target": "Prep Time (min)",
      "target_value": 17,
      "options": [
        "Number of Ingredients",
        "Cooking Time (min)"
      ],
      "optionA": {
        "trial_id": "14",
        "task_id": "96",
        "values": "8.0, 26.0",
        "target_value": 17
      },
      "optionB": {
        "trial_id": "3",
        "task_id": "96",
        "values": "8.0, 25.0",
        "target_value": 18
      },
      "choice": {
        "button": "J",
        "selected_option": "OptionB"
      }
    },
    {
      "question": 34,
      "target": "Restaurant Popularity (on scale 1-10)",
      "target_value": 8,
      "options": [
        "Number of Reviews",
        "Average Rating (out of 5)"
      ],
      "optionA": {
        "trial_id": "20",
        "task_id": "19",
        "values": "270.0, 4.6",
        "target_value": 8
      },
      "optionB": {
        "trial_id": "18",
        "task_id": "19",
        "values": "250.0, 4.4",
        "target_value": 8
      },
      "choice": {
        "button": "F",
        "selected_option": "OptionA"
      }
    },
    {
      "question": 35,
      "target": "Energy Level",
      "target_value": 7,
      "options": [
        "Hours of Sleep",
        "Caffeine Intake (mg)"
      ],
      "optionA": {
        "trial_id": "1",
        "task_id": "45",
        "values": "8.0, 50.0",
        "target_value": 7
      },
      "optionB": {
        "trial_id": "14",
        "task_id": "45",
        "values": "7.0, 30.0",
        "target_value": 5
      },
      "choice": {
        "button": "F",
        "selected_option": "OptionA"
      }
    },
    {
      "question": 36,
      "target": "House Price",
      "target_value": 310,
      "options": [
        "House Size",
        "Neighborhood Rating"
      ],
      "optionA": {
        "trial_id": "17",
        "task_id": "38",
        "values": "1700.0, 6.0",
        "target_value": 310
      },
      "optionB": {
        "trial_id": "16",
        "task_id": "38",
        "values": "2100.0, 9.0",
        "target_value": 490
      },
      "choice": {
        "button": "J",
        "selected_option": "OptionB"
      }
    },
    {
      "question": 37,
      "target": "Physical strength",
      "target_value": 65,
      "options": [
        "Height (cm)",
        "Weight (kg)"
      ],
      "optionA": {
        "trial_id": "3",
        "task_id": "84",
        "values": "160.0, 65.0",
        "target_value": 65
      },
      "optionB": {
        "trial_id": "1",
        "task_id": "84",
        "values": "180.0, 75.0",
        "target_value": 80
      },
      "choice": {
        "button": "J",
        "selected_option": "OptionB"
      }
    },
    {
      "question": 38,
      "target": "Fitness Level",
      "target_value": 7,
      "options": [
        "Exercise Time (min/day)",
        "Healthy Diet (%)"
      ],
      "optionA": {
        "trial_id": "12",
        "task_id": "46",
        "values": "40.0, 75.0",
        "target_value": 7
      },
      "optionB": {
        "trial_id": "14",
        "task_id": "46",
        "values": "35.0, 75.0",
        "target_value": 7
      },
      "choice": {
        "button": "F",
        "selected_option": "OptionA"
      }
    },
    {
      "question": 39,
      "target": "Battery Life",
      "target_value": 13,
      "options": [
        "Battery Capacity",
        "Weight"
      ],
      "optionA": {
        "trial_id": "12",
        "task_id": "114",
        "values": "3500.0, 220.0",
        "target_value": 13
      },
      "optionB": {
        "trial_id": "19",
        "task_id": "114",
        "values": "2000.0, 160.0",
        "target_value": 9
      },
      "choice": {
        "button": "F",
        "selected_option": "OptionA"
      }
    },
    {
      "question": "attention_check_39",
      "choice": "F",
      "passed": true,
      "timestamp": 1756720972515
    },
    {
      "question": 40,
      "target": "Plant Growth Rate",
      "target_value": 3.8,
      "options": [
        "Plant Height",
        "Plant Width"
      ],
      "optionA": {
        "trial_id": "13",
        "task_id": "104",
        "values": "2.2, 0.8",
        "target_value": 3.8
      },
      "optionB": {
        "trial_id": "16",
        "task_id": "104",
        "values": "1.2, 0.4",
        "target_value": 2.3
      },
      "choice": {
        "button": "F",
        "selected_option": "OptionA"
      }
    },
    {
      "question": 41,
      "target": "Satiety (on scale 1-10)",
      "target_value": 9,
      "options": [
        "Number of Calories",
        "Protein (g)"
      ],
      "optionA": {
        "trial_id": "18",
        "task_id": "16",
        "values": "450.0, 18.0",
        "target_value": 9
      },
      "optionB": {
        "trial_id": "7",
        "task_id": "16",
        "values": "250.0, 14.0",
        "target_value": 7
      },
      "choice": {
        "button": "F",
        "selected_option": "OptionA"
      }
    },
    {
      "question": 42,
      "target": "Deliciousness",
      "target_value": 65,
      "options": [
        "Cooking time",
        "Ingredients count"
      ],
      "optionA": {
        "trial_id": "16",
        "task_id": "27",
        "values": "45.0, 5.0",
        "target_value": 65
      },
      "optionB": {
        "trial_id": "19",
        "task_id": "27",
        "values": "20.0, 5.0",
        "target_value": 70
      },
      "choice": {
        "button": "F",
        "selected_option": "OptionA"
      }
    },
    {
      "question": 43,
      "target": "Book Reading Time",
      "target_value": 165,
      "options": [
        "Book Thickness",
        "Book Length"
      ],
      "optionA": {
        "trial_id": "11",
        "task_id": "102",
        "values": "650.0, 230.0",
        "target_value": 165
      },
      "optionB": {
        "trial_id": "19",
        "task_id": "102",
        "values": "600.0, 220.0",
        "target_value": 160
      },
      "choice": {
        "button": "F",
        "selected_option": "OptionA"
      }
    },
    {
      "question": 44,
      "target": "Natural Light (on scale 1-10)",
      "target_value": 7,
      "options": [
        "Room Area (m2)",
        "Number of Windows"
      ],
      "optionA": {
        "trial_id": "18",
        "task_id": "15",
        "values": "24.0, 3.0",
        "target_value": 7
      },
      "optionB": {
        "trial_id": "6",
        "task_id": "15",
        "values": "30.0, 3.0",
        "target_value": 7
      },
      "choice": {
        "button": "F",
        "selected_option": "OptionA"
      }
    },
    {
      "question": 45,
      "target": "Taste Rating (1-10)",
      "target_value": 6,
      "options": [
        "Minutes of Cooking",
        "Number of Ingredients"
      ],
      "optionA": {
        "trial_id": "12",
        "task_id": "56",
        "values": "15.0, 3.0",
        "target_value": 6
      },
      "optionB": {
        "trial_id": "1",
        "task_id": "56",
        "values": "15.0, 4.0",
        "target_value": 7
      },
      "choice": {
        "button": "J",
        "selected_option": "OptionB"
      }
    },
    {
      "question": 46,
      "target": "Knowledge Content",
      "target_value": 9,
      "options": [
        "Book Thickness",
        "Book Reading Level"
      ],
      "optionA": {
        "trial_id": "18",
        "task_id": "6",
        "values": "36.0, 6.0",
        "target_value": 9
      },
      "optionB": {
        "trial_id": "19",
        "task_id": "6",
        "values": "22.0, 3.0",
        "target_value": 5
      },
      "choice": {
        "button": "F",
        "selected_option": "OptionA"
      }
    },
    {
      "question": 47,
      "target": "Enjoyment",
      "target_value": 10,
      "options": [
        "Coffee price",
        "Coffee acidity"
      ],
      "optionA": {
        "trial_id": "8",
        "task_id": "101",
        "values": "7.0, 8.0",
        "target_value": 10
      },
      "optionB": {
        "trial_id": "9",
        "task_id": "101",
        "values": "7.0, 8.0",
        "target_value": 10
      },
      "choice": {
        "button": "J",
        "selected_option": "OptionB"
      }
    },
    {
      "question": 48,
      "target": "House Price",
      "target_value": 430000,
      "options": [
        "House Size sqft",
        "House Location Rating"
      ],
      "optionA": {
        "trial_id": "10",
        "task_id": "23",
        "values": "2500.0, 7.0",
        "target_value": 430000
      },
      "optionB": {
        "trial_id": "9",
        "task_id": "23",
        "values": "2200.0, 8.0",
        "target_value": 420000
      },
      "choice": {
        "button": "J",
        "selected_option": "OptionB"
      }
    },
    {
      "question": 49,
      "target": "Top Speed",
      "target_value": 145,
      "options": [
        "Car Engine Size",
        "Horsepower"
      ],
      "optionA": {
        "trial_id": "11",
        "task_id": "36",
        "values": "2.7, 230.0",
        "target_value": 145
      },
      "optionB": {
        "trial_id": "7",
        "task_id": "36",
        "values": "1.6, 160.0",
        "target_value": 120
      },
      "choice": {
        "button": "F",
        "selected_option": "OptionA"
      }
    },
    {
      "question": 50,
      "target": "Flavor Strength",
      "target_value": 5,
      "options": [
        "Coffee Bean Size",
        "Bean Roast"
      ],
      "optionA": {
        "trial_id": "7",
        "task_id": "64",
        "values": "3.0, 1.0",
        "target_value": 5
      },
      "optionB": {
        "trial_id": "20",
        "task_id": "64",
        "values": "6.0, 3.0",
        "target_value": 8
      },
      "choice": {
        "button": "J",
        "selected_option": "OptionB"
      }
    }
  ]
}