{
  "prolific_id": "UNKNOWN",
  "condition_group": "ranking",
  "responses": [
    {
      "question": 1,
      "target": "Weight Loss (lbs)",
      "target_value": 4,
      "options": [
        "Exercise Minutes",
        "Diet Score (1-10)"
      ],
      "optionA": {
        "trial_id": "5",
        "task_id": "112",
        "values": "50.0, 10",
        "target_value": 4
      },
      "optionB": {
        "trial_id": "5",
        "task_id": "112",
        "values": "50.0, 10",
        "target_value": 4
      },
      "choice": {
        "button": "F",
        "selected_option": "OptionA"
      }
    },
    {
      "question": 2,
      "target": "Flower Size (inches)",
      "target_value": 3,
      "options": [
        "Plant Height (inches)",
        "Plant Width (inches)"
      ],
      "optionA": {
        "trial_id": "2",
        "task_id": "152",
        "values": "10.0, 7.0",
        "target_value": 3
      },
      "optionB": {
        "trial_id": "20",
        "task_id": "152",
        "values": "12.0, 6.0",
        "target_value": 4
      },
      "choice": {
        "button": "J",
        "selected_option": "OptionB"
      }
    },
    {
      "question": 3,
      "target": "Post reach (people)",
      "target_value": 5000,
      "options": [
        "Number of likes (count)",
        "Time posted (hours ago)"
      ],
      "optionA": {
        "trial_id": "1",
        "task_id": "93",
        "values": "1000.0, 2",
        "target_value": 5000
      },
      "optionB": {
        "trial_id": "7",
        "task_id": "93",
        "values": "900.0, 5",
        "target_value": 4500
      },
      "choice": {
        "button": "F",
        "selected_option": "OptionA"
      }
    },
    {
      "question": 4,
      "target": "Restaurant Rating",
      "target_value": 4.2,
      "options": [
        "Restaurant Menu Variety",
        "Restaurant Wait Time"
      ],
      "optionA": {
        "trial_id": "4",
        "task_id": "11",
        "values": "50.0, 15",
        "target_value": 4.2
      },
      "optionB": {
        "trial_id": "14",
        "task_id": "11",
        "values": "0.0, 45",
        "target_value": 3
      },
      "choice": {
        "button": "F",
        "selected_option": "OptionA"
      }
    },
    {
      "question": 5,
      "target": "Taste Rating",
      "target_value": 5,
      "options": [
        "Coffee Amount",
        "Sugar Amount"
      ],
      "optionA": {
        "trial_id": "10",
        "task_id": "18",
        "values": "3.0, 2",
        "target_value": 5
      },
      "optionB": {
        "trial_id": "15",
        "task_id": "18",
        "values": "2.0, 3",
        "target_value": 6
      },
      "choice": {
        "button": "J",
        "selected_option": "OptionB"
      }
    },
    {
      "question": 6,
      "target": "Taste Score",
      "target_value": 7.5,
      "options": [
        "Cooking Time",
        "Spice Level"
      ],
      "optionA": {
        "trial_id": "5",
        "task_id": "130",
        "values": "30.0, 7.0",
        "target_value": 7.5
      },
      "optionB": {
        "trial_id": "3",
        "task_id": "130",
        "values": "25.0, 6.0",
        "target_value": 7.8
      },
      "choice": {
        "button": "F",
        "selected_option": "OptionA"
      }
    },
    {
      "question": 7,
      "target": "Customer Rating (1-10)",
      "target_value": 6,
      "options": [
        "Price ($)",
        "Weight (oz)"
      ],
      "optionA": {
        "trial_id": "18",
        "task_id": "108",
        "values": "18.0, 18",
        "target_value": 6
      },
      "optionB": {
        "trial_id": "6",
        "task_id": "108",
        "values": "18.0, 12",
        "target_value": 6
      },
      "choice": {
        "button": "F",
        "selected_option": "OptionA"
      }
    },
    {
      "question": 8,
      "target": "Commute time (minutes)",
      "target_value": 27,
      "options": [
        "Distance to work (miles)",
        "Number of traffic lights"
      ],
      "optionA": {
        "trial_id": "13",
        "task_id": "95",
        "values": "4.0, 14",
        "target_value": 27
      },
      "optionB": {
        "trial_id": "1",
        "task_id": "95",
        "values": "5.0, 10",
        "target_value": 30
      },
      "choice": {
        "button": "F",
        "selected_option": "OptionA"
      }
    },
    {
      "question": 9,
      "target": "Car speed (mph)",
      "target_value": 115,
      "options": [
        "Engine power (hp)",
        "Weight (kg)"
      ],
      "optionA": {
        "trial_id": "9",
        "task_id": "90",
        "values": "220.0, 1700",
        "target_value": 115
      },
      "optionB": {
        "trial_id": "10",
        "task_id": "90",
        "values": "170.0, 1600",
        "target_value": 90
      },
      "choice": {
        "button": "F",
        "selected_option": "OptionA"
      }
    },
    {
      "question": "attention_check_9",
      "choice": "J",
      "passed": true,
      "timestamp": 1756154914034
    },
    {
      "question": 10,
      "target": "Battery Life (hours)",
      "target_value": 16,
      "options": [
        "Phone Battery Capacity (mAh)",
        "Phone Weight (g)"
      ],
      "optionA": {
        "trial_id": "20",
        "task_id": "34",
        "values": "7000.0, 125.0",
        "target_value": 16
      },
      "optionB": {
        "trial_id": "9",
        "task_id": "34",
        "values": "7000.0, 110.0",
        "target_value": 16
      },
      "choice": {
        "button": "J",
        "selected_option": "OptionB"
      }
    },
    {
      "question": 11,
      "target": "Customer Satisfaction",
      "target_value": 7,
      "options": [
        "Restaurant Wait Time (in mins)",
        "Restaurant Rating (1-5)"
      ],
      "optionA": {
        "trial_id": "3",
        "task_id": "174",
        "values": "15.0, 5",
        "target_value": 7
      },
      "optionB": {
        "trial_id": "9",
        "task_id": "174",
        "values": "12.0, 4",
        "target_value": 8
      },
      "choice": {
        "button": "F",
        "selected_option": "OptionA"
      }
    },
    {
      "question": 12,
      "target": "Heart Health",
      "target_value": 83,
      "options": [
        "Age",
        "Exercise Hours"
      ],
      "optionA": {
        "trial_id": "6",
        "task_id": "16",
        "values": "35.0, 3",
        "target_value": 83
      },
      "optionB": {
        "trial_id": "3",
        "task_id": "16",
        "values": "50.0, 1",
        "target_value": 70
      },
      "choice": {
        "button": "F",
        "selected_option": "OptionA"
      }
    },
    {
      "question": 13,
      "target": "Fuel Consumption (mpg)",
      "target_value": 33,
      "options": [
        "Speed (mph)",
        "Engine Size (L)"
      ],
      "optionA": {
        "trial_id": "18",
        "task_id": "156",
        "values": "60.0, 2.5",
        "target_value": 33
      },
      "optionB": {
        "trial_id": "5",
        "task_id": "156",
        "values": "55.0, 2.0",
        "target_value": 35
      },
      "choice": {
        "button": "F",
        "selected_option": "OptionA"
      }
    },
    {
      "question": 14,
      "target": "Retention Rate (%)",
      "target_value": 50,
      "options": [
        "Study Time (hours)",
        "Number of Distractions"
      ],
      "optionA": {
        "trial_id": "5",
        "task_id": "161",
        "values": "2.0, 3",
        "target_value": 50
      },
      "optionB": {
        "trial_id": "16",
        "task_id": "161",
        "values": "4.0, 2",
        "target_value": 83
      },
      "choice": {
        "button": "J",
        "selected_option": "OptionB"
      }
    },
    {
      "question": 15,
      "target": "Taste Rating",
      "target_value": 7,
      "options": [
        "Number of Ingredients",
        "Prep Time (min)"
      ],
      "optionA": {
        "trial_id": "5",
        "task_id": "148",
        "values": "6.0, 25.0",
        "target_value": 7
      },
      "optionB": {
        "trial_id": "12",
        "task_id": "148",
        "values": "7.0, 35.0",
        "target_value": 6
      },
      "choice": {
        "button": "J",
        "selected_option": "OptionB"
      }
    },
    {
      "question": 16,
      "target": "Job Success",
      "target_value": 6.5,
      "options": [
        "Age",
        "Experience"
      ],
      "optionA": {
        "trial_id": "2",
        "task_id": "133",
        "values": "35.0, 4.0",
        "target_value": 6.5
      },
      "optionB": {
        "trial_id": "16",
        "task_id": "133",
        "values": "70.0, 0.1",
        "target_value": 3
      },
      "choice": {
        "button": "F",
        "selected_option": "OptionA"
      }
    },
    {
      "question": 17,
      "target": "BMI",
      "target_value": 23.4,
      "options": [
        "Height",
        "Weight"
      ],
      "optionA": {
        "trial_id": "5",
        "task_id": "17",
        "values": "160.0, 60",
        "target_value": 23.4
      },
      "optionB": {
        "trial_id": "9",
        "task_id": "17",
        "values": "165.0, 68",
        "target_value": 24.9
      },
      "choice": {
        "button": "J",
        "selected_option": "OptionB"
      }
    },
    {
      "question": 18,
      "target": "User Satisfaction",
      "target_value": 8.7,
      "options": [
        "Smartphone Price",
        "Battery Capacity"
      ],
      "optionA": {
        "trial_id": "2",
        "task_id": "31",
        "values": "500.0, 3500.0",
        "target_value": 8.7
      },
      "optionB": {
        "trial_id": "4",
        "task_id": "31",
        "values": "700.0, 3000.0",
        "target_value": 8.2
      },
      "choice": {
        "button": "J",
        "selected_option": "OptionB"
      }
    },
    {
      "question": 19,
      "target": "Amount of natural light (lux)",
      "target_value": 1500,
      "options": [
        "Room size (sq ft)",
        "Number of windows"
      ],
      "optionA": {
        "trial_id": "10",
        "task_id": "94",
        "values": "200.0, 4",
        "target_value": 1500
      },
      "optionB": {
        "trial_id": "8",
        "task_id": "94",
        "values": "250.0, 2",
        "target_value": 1600
      },
      "choice": {
        "button": "F",
        "selected_option": "OptionA"
      }
    },
    {
      "question": "attention_check_19",
      "choice": "F",
      "passed": true,
      "timestamp": 1756154966383
    },
    {
      "question": 20,
      "target": "Battery Life (hours)",
      "target_value": 17,
      "options": [
        "Phone RAM (GB)",
        "Screen Size (inches)"
      ],
      "optionA": {
        "trial_id": "19",
        "task_id": "104",
        "values": "4.0, 6.7",
        "target_value": 17
      },
      "optionB": {
        "trial_id": "13",
        "task_id": "104",
        "values": "6.0, 6.3",
        "target_value": 21
      },
      "choice": {
        "button": "J",
        "selected_option": "OptionB"
      }
    },
    {
      "question": 21,
      "target": "House price (thousands)",
      "target_value": 360,
      "options": [
        "House size (m2)",
        "Number of bedrooms"
      ],
      "optionA": {
        "trial_id": "3",
        "task_id": "117",
        "values": "130.0, 2",
        "target_value": 360
      },
      "optionB": {
        "trial_id": "4",
        "task_id": "117",
        "values": "120.0, 3",
        "target_value": 350
      },
      "choice": {
        "button": "J",
        "selected_option": "OptionB"
      }
    },
    {
      "question": 22,
      "target": "Taste Rating",
      "target_value": 9,
      "options": [
        "Number of Ingredients",
        "Prep Time (min)"
      ],
      "optionA": {
        "trial_id": "13",
        "task_id": "148",
        "values": "4.0, 15.0",
        "target_value": 9
      },
      "optionB": {
        "trial_id": "2",
        "task_id": "148",
        "values": "6.0, 30.0",
        "target_value": 7
      },
      "choice": {
        "button": "J",
        "selected_option": "OptionB"
      }
    },
    {
      "question": 23,
      "target": "Wait Time (minutes)",
      "target_value": 32,
      "options": [
        "Restaurant Size",
        "Restaurant Reviews"
      ],
      "optionA": {
        "trial_id": "18",
        "task_id": "74",
        "values": "135.0, 4.3",
        "target_value": 32
      },
      "optionB": {
        "trial_id": "2",
        "task_id": "74",
        "values": "120.0, 4.2",
        "target_value": 35
      },
      "choice": {
        "button": "J",
        "selected_option": "OptionB"
      }
    },
    {
      "question": 24,
      "target": "Fuel Efficiency",
      "target_value": 30,
      "options": [
        "Car Engine Size",
        "Car Weight"
      ],
      "optionA": {
        "trial_id": "12",
        "task_id": "168",
        "values": "1.6, 3900",
        "target_value": 30
      },
      "optionB": {
        "trial_id": "6",
        "task_id": "105",
        "values": "2.8, 1800",
        "target_value": 14
      },
      "choice": {
        "button": "J",
        "selected_option": "OptionB"
      }
    },
    {
      "question": 25,
      "target": "Enjoyment Score",
      "target_value": 4.3,
      "options": [
        "Book Thickness",
        "Number of Reviews"
      ],
      "optionA": {
        "trial_id": "11",
        "task_id": "27",
        "values": "450.0, 100.0",
        "target_value": 4.3
      },
      "optionB": {
        "trial_id": "10",
        "task_id": "27",
        "values": "500.0, 80.0",
        "target_value": 4.1
      },
      "choice": {
        "button": "F",
        "selected_option": "OptionA"
      }
    },
    {
      "question": 26,
      "target": "Warmth Rating (1-10)",
      "target_value": 8.5,
      "options": [
        "Shirt Thickness (mm)",
        "Shirt Weight (g)"
      ],
      "optionA": {
        "trial_id": "13",
        "task_id": "35",
        "values": "3.5, 145.0",
        "target_value": 8.5
      },
      "optionB": {
        "trial_id": "16",
        "task_id": "35",
        "values": "3.5, 145.0",
        "target_value": 8.5
      },
      "choice": {
        "button": "J",
        "selected_option": "OptionB"
      }
    },
    {
      "question": 27,
      "target": "Fuel Efficiency (km/L)",
      "target_value": 9,
      "options": [
        "Car Engine Size (L)",
        "Weight (kg)"
      ],
      "optionA": {
        "trial_id": "4",
        "task_id": "107",
        "values": "3.5, 1400",
        "target_value": 9
      },
      "optionB": {
        "trial_id": "17",
        "task_id": "107",
        "values": "6.0, 2000",
        "target_value": 4
      },
      "choice": {
        "button": "F",
        "selected_option": "OptionA"
      }
    },
    {
      "question": 28,
      "target": "Exercise Burned Calories",
      "target_value": 380,
      "options": [
        "Exercise Intensity",
        "Exercise Duration"
      ],
      "optionA": {
        "trial_id": "17",
        "task_id": "13",
        "values": "11.0, 5",
        "target_value": 380
      },
      "optionB": {
        "trial_id": "9",
        "task_id": "13",
        "values": "5.0, 60",
        "target_value": 250
      },
      "choice": {
        "button": "J",
        "selected_option": "OptionB"
      }
    },
    {
      "question": 29,
      "target": "Project Success (%)",
      "target_value": 93,
      "options": [
        "Experience (years)",
        "Team Size"
      ],
      "optionA": {
        "trial_id": "8",
        "task_id": "110",
        "values": "9.0, 4",
        "target_value": 93
      },
      "optionB": {
        "trial_id": "8",
        "task_id": "110",
        "values": "9.0, 4",
        "target_value": 93
      },
      "choice": {
        "button": "F",
        "selected_option": "OptionA"
      }
    },
    {
      "question": "attention_check_29",
      "choice": "J",
      "passed": true,
      "timestamp": 1756155094650
    },
    {
      "question": 30,
      "target": "BMI",
      "target_value": 27.3,
      "options": [
        "Height",
        "Weight"
      ],
      "optionA": {
        "trial_id": "19",
        "task_id": "17",
        "values": "160.0, 68",
        "target_value": 27.3
      },
      "optionB": {
        "trial_id": "3",
        "task_id": "17",
        "values": "175.0, 65",
        "target_value": 21.2
      },
      "choice": {
        "button": "F",
        "selected_option": "OptionA"
      }
    },
    {
      "question": 31,
      "target": "Reliability",
      "target_value": 80,
      "options": [
        "Car age",
        "Maintenance cost"
      ],
      "optionA": {
        "trial_id": "12",
        "task_id": "83",
        "values": "5.0, 1000",
        "target_value": 80
      },
      "optionB": {
        "trial_id": "14",
        "task_id": "83",
        "values": "3.0, 1600",
        "target_value": 85
      },
      "choice": {
        "button": "F",
        "selected_option": "OptionA"
      }
    },
    {
      "question": 32,
      "target": "Student Exam Score",
      "target_value": 93,
      "options": [
        "Student Study Hours",
        "Student Distractions"
      ],
      "optionA": {
        "trial_id": "17",
        "task_id": "8",
        "values": "18.0, 1",
        "target_value": 93
      },
      "optionB": {
        "trial_id": "9",
        "task_id": "8",
        "values": "6.0, 5",
        "target_value": 75
      },
      "choice": {
        "button": "F",
        "selected_option": "OptionA"
      }
    },
    {
      "question": 33,
      "target": "Taste Rating",
      "target_value": 9,
      "options": [
        "Number of Ingredients",
        "Prep Time (min)"
      ],
      "optionA": {
        "trial_id": "8",
        "task_id": "148",
        "values": "4.0, 20.0",
        "target_value": 9
      },
      "optionB": {
        "trial_id": "6",
        "task_id": "148",
        "values": "7.0, 35.0",
        "target_value": 6
      },
      "choice": {
        "button": "J",
        "selected_option": "OptionB"
      }
    },
    {
      "question": 34,
      "target": "Deliciousness",
      "target_value": 6,
      "options": [
        "Cooking Time",
        "Ingredients"
      ],
      "optionA": {
        "trial_id": "14",
        "task_id": "65",
        "values": "40.0, 3",
        "target_value": 6
      },
      "optionB": {
        "trial_id": "5",
        "task_id": "19",
        "values": "45.0, 3.0",
        "target_value": 5
      },
      "choice": {
        "button": "J",
        "selected_option": "OptionB"
      }
    },
    {
      "question": 35,
      "target": "Speed on Flat Ground",
      "target_value": 22,
      "options": [
        "Bike Weight",
        "Wheel Size"
      ],
      "optionA": {
        "trial_id": "2",
        "task_id": "30",
        "values": "12.0, 29.0",
        "target_value": 22
      },
      "optionB": {
        "trial_id": "9",
        "task_id": "30",
        "values": "10.0, 29.0",
        "target_value": 25
      },
      "choice": {
        "button": "J",
        "selected_option": "OptionB"
      }
    },
    {
      "question": 36,
      "target": "Heart Health",
      "target_value": 71,
      "options": [
        "Age",
        "Exercise Hours"
      ],
      "optionA": {
        "trial_id": "18",
        "task_id": "16",
        "values": "65.0, 0",
        "target_value": 71
      },
      "optionB": {
        "trial_id": "1",
        "task_id": "16",
        "values": "30.0, 3",
        "target_value": 90
      },
      "choice": {
        "button": "J",
        "selected_option": "OptionB"
      }
    },
    {
      "question": 37,
      "target": "Phone Performance Score",
      "target_value": 8.7,
      "options": [
        "Phone Processor Speed",
        "Phone Battery Capacity"
      ],
      "optionA": {
        "trial_id": "4",
        "task_id": "10",
        "values": "3.5, 4000",
        "target_value": 8.7
      },
      "optionB": {
        "trial_id": "5",
        "task_id": "10",
        "values": "4.5, 3000",
        "target_value": 9.3
      },
      "choice": {
        "button": "J",
        "selected_option": "OptionB"
      }
    },
    {
      "question": 38,
      "target": "Taste Rating",
      "target_value": 10,
      "options": [
        "Number of Ingredients",
        "Prep Time (min)"
      ],
      "optionA": {
        "trial_id": "17",
        "task_id": "148",
        "values": "3.0, 10.0",
        "target_value": 10
      },
      "optionB": {
        "trial_id": "10",
        "task_id": "148",
        "values": "6.0, 30.0",
        "target_value": 7
      },
      "choice": {
        "button": "J",
        "selected_option": "OptionB"
      }
    },
    {
      "question": 39,
      "target": "Cost to travel",
      "target_value": 55,
      "options": [
        "Distance",
        "Speed"
      ],
      "optionA": {
        "trial_id": "2",
        "task_id": "124",
        "values": "90.0, 70.0",
        "target_value": 55
      },
      "optionB": {
        "trial_id": "20",
        "task_id": "124",
        "values": "290.0, 20.0",
        "target_value": 145
      },
      "choice": {
        "button": "J",
        "selected_option": "OptionB"
      }
    },
    {
      "question": "attention_check_39",
      "choice": "F",
      "passed": true,
      "timestamp": 1756155135144
    },
    {
      "question": 40,
      "target": "Battery Life (hours)",
      "target_value": 16,
      "options": [
        "Phone Battery Capacity (mAh)",
        "Phone Weight (g)"
      ],
      "optionA": {
        "trial_id": "9",
        "task_id": "34",
        "values": "7000.0, 110.0",
        "target_value": 16
      },
      "optionB": {
        "trial_id": "2",
        "task_id": "34",
        "values": "2500.0, 160.0",
        "target_value": 7
      },
      "choice": {
        "button": "F",
        "selected_option": "OptionA"
      }
    },
    {
      "question": 41,
      "target": "Ease of Use (1-10)",
      "target_value": 7,
      "options": [
        "Bag Weight (kg)",
        "Number of Compartments"
      ],
      "optionA": {
        "trial_id": "2",
        "task_id": "6",
        "values": "3.0, 5",
        "target_value": 7
      },
      "optionB": {
        "trial_id": "7",
        "task_id": "6",
        "values": "2.5, 4",
        "target_value": 7
      },
      "choice": {
        "button": "J",
        "selected_option": "OptionB"
      }
    },
    {
      "question": 42,
      "target": "Fatigue (1-10)",
      "target_value": 6,
      "options": [
        "Exercise Duration (min)",
        "Rest Time (min)"
      ],
      "optionA": {
        "trial_id": "3",
        "task_id": "2",
        "values": "40.0, 5",
        "target_value": 6
      },
      "optionB": {
        "trial_id": "19",
        "task_id": "2",
        "values": "40.0, 20",
        "target_value": 5
      },
      "choice": {
        "button": "F",
        "selected_option": "OptionA"
      }
    },
    {
      "question": 43,
      "target": "Mood Score (1-10)",
      "target_value": 10,
      "options": [
        "Hours of Sleep",
        "Screen Time (hours)"
      ],
      "optionA": {
        "trial_id": "11",
        "task_id": "109",
        "values": "10.0, 0",
        "target_value": 10
      },
      "optionB": {
        "trial_id": "18",
        "task_id": "109",
        "values": "5.0, 2",
        "target_value": 6
      },
      "choice": {
        "button": "F",
        "selected_option": "OptionA"
      }
    },
    {
      "question": 44,
      "target": "Warmth Rating (1-10)",
      "target_value": 8,
      "options": [
        "Shirt Thickness (mm)",
        "Shirt Weight (g)"
      ],
      "optionA": {
        "trial_id": "3",
        "task_id": "35",
        "values": "3.0, 140.0",
        "target_value": 8
      },
      "optionB": {
        "trial_id": "6",
        "task_id": "35",
        "values": "3.0, 140.0",
        "target_value": 8
      },
      "choice": {
        "button": "F",
        "selected_option": "OptionA"
      }
    },
    {
      "question": 45,
      "target": "Energy Level",
      "target_value": 4,
      "options": [
        "Age of Dog (years)",
        "Size (lbs)"
      ],
      "optionA": {
        "trial_id": "13",
        "task_id": "159",
        "values": "5.0, 25.0",
        "target_value": 4
      },
      "optionB": {
        "trial_id": "9",
        "task_id": "159",
        "values": "2.0, 18.0",
        "target_value": 6
      },
      "choice": {
        "button": "J",
        "selected_option": "OptionB"
      }
    },
    {
      "question": 46,
      "target": "How many people buy it",
      "target_value": 60,
      "options": [
        "Shoe price (in USD)",
        "Comfort rating (1-10)"
      ],
      "optionA": {
        "trial_id": "18",
        "task_id": "126",
        "values": "90.0, 7.0",
        "target_value": 60
      },
      "optionB": {
        "trial_id": "7",
        "task_id": "126",
        "values": "80.0, 6.0",
        "target_value": 70
      },
      "choice": {
        "button": "F",
        "selected_option": "OptionA"
      }
    },
    {
      "question": 47,
      "target": "Car speed (mph)",
      "target_value": 85,
      "options": [
        "Engine power (hp)",
        "Weight (kg)"
      ],
      "optionA": {
        "trial_id": "6",
        "task_id": "90",
        "values": "130.0, 1600",
        "target_value": 85
      },
      "optionB": {
        "trial_id": "15",
        "task_id": "90",
        "values": "190.0, 1400",
        "target_value": 108
      },
      "choice": {
        "button": "J",
        "selected_option": "OptionB"
      }
    },
    {
      "question": 48,
      "target": "Fuel efficiency (km/l)",
      "target_value": 7,
      "options": [
        "Engine power (in horsepower)",
        "Weight (in kg)"
      ],
      "optionA": {
        "trial_id": "18",
        "task_id": "87",
        "values": "230.0, 1500",
        "target_value": 7
      },
      "optionB": {
        "trial_id": "19",
        "task_id": "87",
        "values": "190.0, 1400",
        "target_value": 9
      },
      "choice": {
        "button": "J",
        "selected_option": "OptionB"
      }
    },
    {
      "question": 49,
      "target": "Bicycle Speed",
      "target_value": 24,
      "options": [
        "Bicycle Weight",
        "Bicycle Price"
      ],
      "optionA": {
        "trial_id": "3",
        "task_id": "39",
        "values": "12.0, 480",
        "target_value": 24
      },
      "optionB": {
        "trial_id": "2",
        "task_id": "39",
        "values": "12.0, 450",
        "target_value": 20
      },
      "choice": {
        "button": "F",
        "selected_option": "OptionA"
      }
    },
    {
      "question": 50,
      "target": "Taste Score",
      "target_value": 7.5,
      "options": [
        "Cooking Time",
        "Spice Level"
      ],
      "optionA": {
        "trial_id": "2",
        "task_id": "130",
        "values": "25.0, 4.0",
        "target_value": 7.5
      },
      "optionB": {
        "trial_id": "4",
        "task_id": "130",
        "values": "30.0, 5.0",
        "target_value": 7.6
      },
      "choice": {
        "button": "J",
        "selected_option": "OptionB"
      }
    }
  ]
}