{
  "prolific_id": "UNKNOWN",
  "condition_group": "direction",
  "responses": [
    {
      "question": 1,
      "target": "Enjoyment Score",
      "target_value": 8,
      "options": [
        "Book Length (pages)",
        "Author Fame (1-10)"
      ],
      "optionA": {
        "trial_id": "20",
        "task_id": "29",
        "values": "350.0, 7.0",
        "target_value": 8
      },
      "optionB": {
        "trial_id": "7",
        "task_id": "29",
        "values": "400.0, 9.0",
        "target_value": 9
      },
      "choice": {
        "button": "J",
        "selected_option": "OptionB"
      }
    },
    {
      "question": 2,
      "target": "Performance Score (1-100)",
      "target_value": 80,
      "options": [
        "Hours of Practice",
        "Number of Lessons"
      ],
      "optionA": {
        "trial_id": "3",
        "task_id": "57",
        "values": "20.0, 8.0",
        "target_value": 80
      },
      "optionB": {
        "trial_id": "11",
        "task_id": "57",
        "values": "8.0, 4.0",
        "target_value": 60
      },
      "choice": {
        "button": "F",
        "selected_option": "OptionA"
      }
    },
    {
      "question": 3,
      "target": "Room Size",
      "target_value": 30,
      "options": [
        "Room Width",
        "Room Length"
      ],
      "optionA": {
        "trial_id": "9",
        "task_id": "109",
        "values": "5.0, 6.0",
        "target_value": 30
      },
      "optionB": {
        "trial_id": "18",
        "task_id": "109",
        "values": "4.0, 5.0",
        "target_value": 20
      },
      "choice": {
        "button": "F",
        "selected_option": "OptionA"
      }
    },
    {
      "question": 4,
      "target": "Strength",
      "target_value": 17,
      "options": [
        "Coffee Beans",
        "Water"
      ],
      "optionA": {
        "trial_id": "13",
        "task_id": "112",
        "values": "12.0, 260.0",
        "target_value": 17
      },
      "optionB": {
        "trial_id": "6",
        "task_id": "112",
        "values": "14.0, 260.0",
        "target_value": 18
      },
      "choice": {
        "button": "J",
        "selected_option": "OptionB"
      }
    },
    {
      "question": 5,
      "target": "Speed (km/h)",
      "target_value": 188,
      "options": [
        "Engine Horsepower",
        "Weight (kg)"
      ],
      "optionA": {
        "trial_id": "18",
        "task_id": "47",
        "values": "200.0, 1450.0",
        "target_value": 188
      },
      "optionB": {
        "trial_id": "15",
        "task_id": "47",
        "values": "210.0, 1450.0",
        "target_value": 192
      },
      "choice": {
        "button": "J",
        "selected_option": "OptionB"
      }
    },
    {
      "question": 6,
      "target": "App Popularity",
      "target_value": 55,
      "options": [
        "App User Ratings (1-5)",
        "Number of Reviews"
      ],
      "optionA": {
        "trial_id": "9",
        "task_id": "42",
        "values": "2.0, 200.0",
        "target_value": 55
      },
      "optionB": {
        "trial_id": "12",
        "task_id": "42",
        "values": "5.0, 120.0",
        "target_value": 75
      },
      "choice": {
        "button": "F",
        "selected_option": "OptionA"
      }
    },
    {
      "question": 7,
      "target": "Growth speed",
      "target_value": 4.5,
      "options": [
        "Plant height cm",
        "Plant leaf count"
      ],
      "optionA": {
        "trial_id": "4",
        "task_id": "74",
        "values": "35.0, 11.0",
        "target_value": 4.5
      },
      "optionB": {
        "trial_id": "9",
        "task_id": "74",
        "values": "35.0, 12.0",
        "target_value": 4.8
      },
      "choice": {
        "button": "J",
        "selected_option": "OptionB"
      }
    },
    {
      "question": 8,
      "target": "Reading time",
      "target_value": 10,
      "options": [
        "Book pages",
        "Book chapters"
      ],
      "optionA": {
        "trial_id": "5",
        "task_id": "72",
        "values": "450.0, 25.0",
        "target_value": 10
      },
      "optionB": {
        "trial_id": "4",
        "task_id": "72",
        "values": "350.0, 18.0",
        "target_value": 7
      },
      "choice": {
        "button": "F",
        "selected_option": "OptionA"
      }
    },
    {
      "question": 9,
      "target": "Weight loss",
      "target_value": 0.8,
      "options": [
        "Exercise duration",
        "Intensity level"
      ],
      "optionA": {
        "trial_id": "7",
        "task_id": "67",
        "values": "20.0, 3.0",
        "target_value": 0.8
      },
      "optionB": {
        "trial_id": "12",
        "task_id": "67",
        "values": "45.0, 5.0",
        "target_value": 1.5
      },
      "choice": {
        "button": "J",
        "selected_option": "OptionB"
      }
    },
    {
      "question": "attention_check_9",
      "choice": "J",
      "passed": true,
      "timestamp": 1756156637432
    },
    {
      "question": 10,
      "target": "Battery Life",
      "target_value": 9,
      "options": [
        "Battery Capacity",
        "Weight"
      ],
      "optionA": {
        "trial_id": "19",
        "task_id": "114",
        "values": "2000.0, 160.0",
        "target_value": 9
      },
      "optionB": {
        "trial_id": "18",
        "task_id": "114",
        "values": "5500.0, 320.0",
        "target_value": 18
      },
      "choice": {
        "button": "J",
        "selected_option": "OptionB"
      }
    },
    {
      "question": 11,
      "target": "House Price ($1000s)",
      "target_value": 280,
      "options": [
        "Number of Rooms",
        "Square Feet"
      ],
      "optionA": {
        "trial_id": "2",
        "task_id": "77",
        "values": "3.0, 2000.0",
        "target_value": 280
      },
      "optionB": {
        "trial_id": "16",
        "task_id": "77",
        "values": "4.0, 1700.0",
        "target_value": 270
      },
      "choice": {
        "button": "F",
        "selected_option": "OptionA"
      }
    },
    {
      "question": 12,
      "target": "Performance Score",
      "target_value": 95,
      "options": [
        "Hours of Practice",
        "Natural Talent (1-10)"
      ],
      "optionA": {
        "trial_id": "14",
        "task_id": "78",
        "values": "8.0, 10.0",
        "target_value": 95
      },
      "optionB": {
        "trial_id": "17",
        "task_id": "78",
        "values": "9.0, 8.0",
        "target_value": 88
      },
      "choice": {
        "button": "J",
        "selected_option": "OptionB"
      }
    },
    {
      "question": 13,
      "target": "Knowledge Content",
      "target_value": 9,
      "options": [
        "Book Thickness",
        "Book Reading Level"
      ],
      "optionA": {
        "trial_id": "18",
        "task_id": "6",
        "values": "36.0, 6.0",
        "target_value": 9
      },
      "optionB": {
        "trial_id": "14",
        "task_id": "6",
        "values": "30.0, 5.0",
        "target_value": 8
      },
      "choice": {
        "button": "F",
        "selected_option": "OptionA"
      }
    },
    {
      "question": 14,
      "target": "Home Comfort (1-10)",
      "target_value": 7,
      "options": [
        "Number of Bedrooms",
        "Square Feet"
      ],
      "optionA": {
        "trial_id": "7",
        "task_id": "9",
        "values": "3.0, 1400.0",
        "target_value": 7
      },
      "optionB": {
        "trial_id": "19",
        "task_id": "9",
        "values": "3.0, 1450.0",
        "target_value": 7
      },
      "choice": {
        "button": "J",
        "selected_option": "OptionB"
      }
    },
    {
      "question": 15,
      "target": "Bike Speed",
      "target_value": 23,
      "options": [
        "Bike Weight",
        "Bike Wheel Size"
      ],
      "optionA": {
        "trial_id": "7",
        "task_id": "107",
        "values": "8.0, 26.0",
        "target_value": 23
      },
      "optionB": {
        "trial_id": "17",
        "task_id": "107",
        "values": "10.0, 26.5",
        "target_value": 24
      },
      "choice": {
        "button": "F",
        "selected_option": "OptionA"
      }
    },
    {
      "question": 16,
      "target": "Physical strength",
      "target_value": 58,
      "options": [
        "Height (cm)",
        "Weight (kg)"
      ],
      "optionA": {
        "trial_id": "13",
        "task_id": "84",
        "values": "155.0, 60.0",
        "target_value": 58
      },
      "optionB": {
        "trial_id": "17",
        "task_id": "84",
        "values": "165.0, 68.0",
        "target_value": 66
      },
      "choice": {
        "button": "J",
        "selected_option": "OptionB"
      }
    },
    {
      "question": 17,
      "target": "Battery life",
      "target_value": 11,
      "options": [
        "Phone battery",
        "Screen size"
      ],
      "optionA": {
        "trial_id": "16",
        "task_id": "69",
        "values": "3000.0, 5.0",
        "target_value": 11
      },
      "optionB": {
        "trial_id": "15",
        "task_id": "69",
        "values": "2500.0, 4.0",
        "target_value": 10
      },
      "choice": {
        "button": "F",
        "selected_option": "OptionA"
      }
    },
    {
      "question": 18,
      "target": "Post reach",
      "target_value": 20000,
      "options": [
        "Number of followers",
        "Engagement rate (%)"
      ],
      "optionA": {
        "trial_id": "16",
        "task_id": "92",
        "values": "3000.0, 5.0",
        "target_value": 20000
      },
      "optionB": {
        "trial_id": "3",
        "task_id": "92",
        "values": "3000.0, 4.0",
        "target_value": 17000
      },
      "choice": {
        "button": "F",
        "selected_option": "OptionA"
      }
    },
    {
      "question": 19,
      "target": "Enjoyment Score",
      "target_value": 7.5,
      "options": [
        "Book Length (pages)",
        "Author Fame (1-10)"
      ],
      "optionA": {
        "trial_id": "18",
        "task_id": "29",
        "values": "250.0, 6.0",
        "target_value": 7.5
      },
      "optionB": {
        "trial_id": "16",
        "task_id": "29",
        "values": "450.0, 9.0",
        "target_value": 9
      },
      "choice": {
        "button": "J",
        "selected_option": "OptionB"
      }
    },
    {
      "question": "attention_check_19",
      "choice": "F",
      "passed": true,
      "timestamp": 1756156787656
    },
    {
      "question": 20,
      "target": "Muscle gain",
      "target_value": 1.3,
      "options": [
        "Minutes of exercise",
        "Protein intake"
      ],
      "optionA": {
        "trial_id": "12",
        "task_id": "59",
        "values": "35.0, 20.0",
        "target_value": 1.3
      },
      "optionB": {
        "trial_id": "17",
        "task_id": "59",
        "values": "25.0, 15.0",
        "target_value": 1
      },
      "choice": {
        "button": "F",
        "selected_option": "OptionA"
      }
    },
    {
      "question": 21,
      "target": "Time to destination (hours)",
      "target_value": 0.4,
      "options": [
        "Distance (miles)",
        "Speed (mph)"
      ],
      "optionA": {
        "trial_id": "14",
        "task_id": "118",
        "values": "24.0, 65.0",
        "target_value": 0.4
      },
      "optionB": {
        "trial_id": "12",
        "task_id": "118",
        "values": "22.0, 60.0",
        "target_value": 0.39
      },
      "choice": {
        "button": "J",
        "selected_option": "OptionB"
      }
    },
    {
      "question": 22,
      "target": "House Price",
      "target_value": 420,
      "options": [
        "House Size",
        "Neighborhood Rating"
      ],
      "optionA": {
        "trial_id": "11",
        "task_id": "38",
        "values": "2100.0, 8.0",
        "target_value": 420
      },
      "optionB": {
        "trial_id": "6",
        "task_id": "38",
        "values": "1900.0, 7.0",
        "target_value": 330
      },
      "choice": {
        "button": "F",
        "selected_option": "OptionA"
      }
    },
    {
      "question": 23,
      "target": "Flavor Strength",
      "target_value": 8,
      "options": [
        "Coffee Bean Size",
        "Bean Roast"
      ],
      "optionA": {
        "trial_id": "2",
        "task_id": "64",
        "values": "6.0, 3.0",
        "target_value": 8
      },
      "optionB": {
        "trial_id": "9",
        "task_id": "64",
        "values": "7.0, 5.0",
        "target_value": 10
      },
      "choice": {
        "button": "J",
        "selected_option": "OptionB"
      }
    },
    {
      "question": 24,
      "target": "Exam Score",
      "target_value": 73,
      "options": [
        "Hours of Study",
        "Difficulty Level"
      ],
      "optionA": {
        "trial_id": "2",
        "task_id": "12",
        "values": "6.0, 4.0",
        "target_value": 73
      },
      "optionB": {
        "trial_id": "1",
        "task_id": "12",
        "values": "5.0, 3.0",
        "target_value": 70
      },
      "choice": {
        "button": "J",
        "selected_option": "OptionB"
      }
    },
    {
      "question": 25,
      "target": "Enjoyment",
      "target_value": 3,
      "options": [
        "Coffee price",
        "Coffee acidity"
      ],
      "optionA": {
        "trial_id": "17",
        "task_id": "101",
        "values": "0.5, 1.0",
        "target_value": 3
      },
      "optionB": {
        "trial_id": "3",
        "task_id": "101",
        "values": "4.0, 5.0",
        "target_value": 7
      },
      "choice": {
        "button": "F",
        "selected_option": "OptionA"
      }
    },
    {
      "question": 26,
      "target": "Enjoyment Rating (1-10)",
      "target_value": 6,
      "options": [
        "Number of Pages",
        "Reading Time (minutes)"
      ],
      "optionA": {
        "trial_id": "3",
        "task_id": "10",
        "values": "250.0, 100.0",
        "target_value": 6
      },
      "optionB": {
        "trial_id": "6",
        "task_id": "10",
        "values": "300.0, 110.0",
        "target_value": 5
      },
      "choice": {
        "button": "F",
        "selected_option": "OptionA"
      }
    },
    {
      "question": 27,
      "target": "Weight Loss",
      "target_value": 1.5,
      "options": [
        "Calories",
        "Exercise Time"
      ],
      "optionA": {
        "trial_id": "4",
        "task_id": "51",
        "values": "700.0, 30.0",
        "target_value": 1.5
      },
      "optionB": {
        "trial_id": "18",
        "task_id": "51",
        "values": "400.0, 40.0",
        "target_value": 1.5
      },
      "choice": {
        "button": "J",
        "selected_option": "OptionB"
      }
    },
    {
      "question": 28,
      "target": "Age (years)",
      "target_value": 30,
      "options": [
        "Tree Height (m)",
        "Trunk Diameter (cm)"
      ],
      "optionA": {
        "trial_id": "5",
        "task_id": "32",
        "values": "8.0, 20.0",
        "target_value": 30
      },
      "optionB": {
        "trial_id": "1",
        "task_id": "32",
        "values": "10.0, 30.0",
        "target_value": 50
      },
      "choice": {
        "button": "J",
        "selected_option": "OptionB"
      }
    },
    {
      "question": 29,
      "target": "Energy Level",
      "target_value": 8,
      "options": [
        "Hours of Sleep",
        "Caffeine Intake (mg)"
      ],
      "optionA": {
        "trial_id": "18",
        "task_id": "45",
        "values": "9.0, 70.0",
        "target_value": 8
      },
      "optionB": {
        "trial_id": "11",
        "task_id": "45",
        "values": "7.0, 50.0",
        "target_value": 6
      },
      "choice": {
        "button": "F",
        "selected_option": "OptionA"
      }
    },
    {
      "question": "attention_check_29",
      "choice": "J",
      "passed": true,
      "timestamp": 1756156948785
    },
    {
      "question": 30,
      "target": "Comfort",
      "target_value": 65,
      "options": [
        "Shoe Weight",
        "Brand Reputation"
      ],
      "optionA": {
        "trial_id": "20",
        "task_id": "62",
        "values": "170.0, 3.0",
        "target_value": 65
      },
      "optionB": {
        "trial_id": "16",
        "task_id": "62",
        "values": "190.0, 4.0",
        "target_value": 70
      },
      "choice": {
        "button": "F",
        "selected_option": "OptionA"
      }
    },
    {
      "question": 31,
      "target": "Speed (km/h)",
      "target_value": 195,
      "options": [
        "Engine Horsepower",
        "Weight (kg)"
      ],
      "optionA": {
        "trial_id": "11",
        "task_id": "47",
        "values": "220.0, 1500.0",
        "target_value": 195
      },
      "optionB": {
        "trial_id": "3",
        "task_id": "47",
        "values": "200.0, 1400.0",
        "target_value": 190
      },
      "choice": {
        "button": "F",
        "selected_option": "OptionA"
      }
    },
    {
      "question": 32,
      "target": "Plant Growth Rate (cm/week)",
      "target_value": 4,
      "options": [
        "Plant Soil Quality (1-10)",
        "Plant Water Frequency (times/week)"
      ],
      "optionA": {
        "trial_id": "3",
        "task_id": "81",
        "values": "6.0, 2.0",
        "target_value": 4
      },
      "optionB": {
        "trial_id": "16",
        "task_id": "81",
        "values": "10.0, 6.0",
        "target_value": 8
      },
      "choice": {
        "button": "J",
        "selected_option": "OptionB"
      }
    },
    {
      "question": 33,
      "target": "Natural light",
      "target_value": 5,
      "options": [
        "Room size",
        "Window count"
      ],
      "optionA": {
        "trial_id": "16",
        "task_id": "66",
        "values": "90.0, 1.0",
        "target_value": 5
      },
      "optionB": {
        "trial_id": "7",
        "task_id": "66",
        "values": "90.0, 1.0",
        "target_value": 5
      },
      "choice": {
        "button": "F",
        "selected_option": "OptionA"
      }
    },
    {
      "question": 34,
      "target": "Exam Score (%)",
      "target_value": 80,
      "options": [
        "Study Time (hours)",
        "Previous Score (%)"
      ],
      "optionA": {
        "trial_id": "11",
        "task_id": "76",
        "values": "5.0, 75.0",
        "target_value": 80
      },
      "optionB": {
        "trial_id": "5",
        "task_id": "76",
        "values": "6.0, 60.0",
        "target_value": 75
      },
      "choice": {
        "button": "F",
        "selected_option": "OptionA"
      }
    },
    {
      "question": 35,
      "target": "Enjoyment Score",
      "target_value": 7.5,
      "options": [
        "Book Length (pages)",
        "Author Fame (1-10)"
      ],
      "optionA": {
        "trial_id": "2",
        "task_id": "29",
        "values": "250.0, 6.0",
        "target_value": 7.5
      },
      "optionB": {
        "trial_id": "10",
        "task_id": "29",
        "values": "300.0, 6.0",
        "target_value": 7.5
      },
      "choice": {
        "button": "F",
        "selected_option": "OptionA"
      }
    },
    {
      "question": 36,
      "target": "Natural light",
      "target_value": 5,
      "options": [
        "Room size",
        "Window count"
      ],
      "optionA": {
        "trial_id": "16",
        "task_id": "66",
        "values": "90.0, 1.0",
        "target_value": 5
      },
      "optionB": {
        "trial_id": "11",
        "task_id": "66",
        "values": "110.0, 2.0",
        "target_value": 6
      },
      "choice": {
        "button": "J",
        "selected_option": "OptionB"
      }
    },
    {
      "question": 37,
      "target": "Taste score",
      "target_value": 8,
      "options": [
        "Coffee strength",
        "Bean quality"
      ],
      "optionA": {
        "trial_id": "14",
        "task_id": "68",
        "values": "4.0, 7.0",
        "target_value": 8
      },
      "optionB": {
        "trial_id": "12",
        "task_id": "68",
        "values": "5.0, 6.0",
        "target_value": 8
      },
      "choice": {
        "button": "F",
        "selected_option": "OptionA"
      }
    },
    {
      "question": 38,
      "target": "Speed",
      "target_value": 160,
      "options": [
        "Car Engine Size",
        "Horsepower"
      ],
      "optionA": {
        "trial_id": "5",
        "task_id": "61",
        "values": "3.0, 200.0",
        "target_value": 160
      },
      "optionB": {
        "trial_id": "9",
        "task_id": "36",
        "values": "2.3, 190.0",
        "target_value": 135
      },
      "choice": {
        "button": "F",
        "selected_option": "OptionA"
      }
    },
    {
      "question": 39,
      "target": "Enjoyment",
      "target_value": 7.2,
      "options": [
        "Tea Strength",
        "Flavor Variety"
      ],
      "optionA": {
        "trial_id": "1",
        "task_id": "55",
        "values": "5.0, 3.0",
        "target_value": 7.2
      },
      "optionB": {
        "trial_id": "4",
        "task_id": "55",
        "values": "5.0, 3.0",
        "target_value": 7.4
      },
      "choice": {
        "button": "F",
        "selected_option": "OptionA"
      }
    },
    {
      "question": "attention_check_39",
      "choice": "F",
      "passed": true,
      "timestamp": 1756157095208
    },
    {
      "question": 40,
      "target": "Satiety (on scale 1-10)",
      "target_value": 8,
      "options": [
        "Number of Calories",
        "Protein (g)"
      ],
      "optionA": {
        "trial_id": "2",
        "task_id": "16",
        "values": "300.0, 15.0",
        "target_value": 8
      },
      "optionB": {
        "trial_id": "8",
        "task_id": "16",
        "values": "350.0, 17.0",
        "target_value": 8
      },
      "choice": {
        "button": "J",
        "selected_option": "OptionB"
      }
    },
    {
      "question": 41,
      "target": "Training Difficulty (1-10)",
      "target_value": 8,
      "options": [
        "Dog Size",
        "Dog Energy Level"
      ],
      "optionA": {
        "trial_id": "16",
        "task_id": "82",
        "values": "70.0, 9.0",
        "target_value": 8
      },
      "optionB": {
        "trial_id": "6",
        "task_id": "82",
        "values": "35.0, 4.0",
        "target_value": 3
      },
      "choice": {
        "button": "J",
        "selected_option": "OptionB"
      }
    },
    {
      "question": 42,
      "target": "Restaurant Popularity (on scale 1-10)",
      "target_value": 7,
      "options": [
        "Number of Reviews",
        "Average Rating (out of 5)"
      ],
      "optionA": {
        "trial_id": "12",
        "task_id": "19",
        "values": "150.0, 4.2",
        "target_value": 7
      },
      "optionB": {
        "trial_id": "15",
        "task_id": "19",
        "values": "170.0, 4.4",
        "target_value": 7
      },
      "choice": {
        "button": "J",
        "selected_option": "OptionB"
      }
    },
    {
      "question": 43,
      "target": "Book Rating",
      "target_value": 4.7,
      "options": [
        "Book Page Count",
        "Author Rating"
      ],
      "optionA": {
        "trial_id": "15",
        "task_id": "22",
        "values": "450.0, 4.7",
        "target_value": 4.7
      },
      "optionB": {
        "trial_id": "19",
        "task_id": "22",
        "values": "250.0, 4.5",
        "target_value": 4.4
      },
      "choice": {
        "button": "F",
        "selected_option": "OptionA"
      }
    },
    {
      "question": 44,
      "target": "Home Value (thousands)",
      "target_value": 300,
      "options": [
        "House Size (sqm)",
        "Neighborhood Safety (1-10)"
      ],
      "optionA": {
        "trial_id": "6",
        "task_id": "41",
        "values": "160.0, 6.0",
        "target_value": 300
      },
      "optionB": {
        "trial_id": "9",
        "task_id": "41",
        "values": "140.0, 6.0",
        "target_value": 280
      },
      "choice": {
        "button": "F",
        "selected_option": "OptionA"
      }
    },
    {
      "question": 45,
      "target": "Room Size",
      "target_value": 56,
      "options": [
        "Room Width",
        "Room Length"
      ],
      "optionA": {
        "trial_id": "13",
        "task_id": "109",
        "values": "7.0, 8.0",
        "target_value": 56
      },
      "optionB": {
        "trial_id": "14",
        "task_id": "109",
        "values": "6.0, 7.0",
        "target_value": 42
      },
      "choice": {
        "button": "F",
        "selected_option": "OptionA"
      }
    },
    {
      "question": 46,
      "target": "User satisfaction",
      "target_value": 12,
      "options": [
        "Screen size (inches)",
        "RAM (GB)"
      ],
      "optionA": {
        "trial_id": "12",
        "task_id": "119",
        "values": "22.0, 8.0",
        "target_value": 12
      },
      "optionB": {
        "trial_id": "9",
        "task_id": "119",
        "values": "18.0, 6.0",
        "target_value": 10
      },
      "choice": {
        "button": "F",
        "selected_option": "OptionA"
      }
    },
    {
      "question": 47,
      "target": "Weight loss",
      "target_value": 1.8,
      "options": [
        "Exercise duration",
        "Intensity level"
      ],
      "optionA": {
        "trial_id": "3",
        "task_id": "67",
        "values": "40.0, 6.0",
        "target_value": 1.8
      },
      "optionB": {
        "trial_id": "13",
        "task_id": "67",
        "values": "40.0, 6.0",
        "target_value": 1.8
      },
      "choice": {
        "button": "F",
        "selected_option": "OptionA"
      }
    },
    {
      "question": 48,
      "target": "Home Value (thousands)",
      "target_value": 290,
      "options": [
        "House Size (sqm)",
        "Neighborhood Safety (1-10)"
      ],
      "optionA": {
        "trial_id": "3",
        "task_id": "41",
        "values": "100.0, 9.0",
        "target_value": 290
      },
      "optionB": {
        "trial_id": "3",
        "task_id": "41",
        "values": "100.0, 9.0",
        "target_value": 290
      },
      "choice": {
        "button": "F",
        "selected_option": "OptionA"
      }
    },
    {
      "question": 49,
      "target": "Home Comfort (1-10)",
      "target_value": 5,
      "options": [
        "Number of Bedrooms",
        "Square Feet"
      ],
      "optionA": {
        "trial_id": "12",
        "task_id": "9",
        "values": "3.0, 1100.0",
        "target_value": 5
      },
      "optionB": {
        "trial_id": "3",
        "task_id": "9",
        "values": "4.0, 1600.0",
        "target_value": 8
      },
      "choice": {
        "button": "J",
        "selected_option": "OptionB"
      }
    },
    {
      "question": 50,
      "target": "Battery Life",
      "target_value": 38,
      "options": [
        "Phone Weight",
        "Battery Capacity"
      ],
      "optionA": {
        "trial_id": "17",
        "task_id": "54",
        "values": "210.0, 4800.0",
        "target_value": 38
      },
      "optionB": {
        "trial_id": "7",
        "task_id": "54",
        "values": "160.0, 3000.0",
        "target_value": 25
      },
      "choice": {
        "button": "F",
        "selected_option": "OptionA"
      }
    }
  ]
}