{
  "prolific_id": "UNKNOWN",
  "condition_group": "ranking",
  "responses": [
    {
      "question": 1,
      "target": "Heart rate",
      "target_value": 58,
      "options": [
        "Age",
        "Exercise hours"
      ],
      "optionA": {
        "trial_id": "11",
        "task_id": "77",
        "values": "20.0, 7",
        "target_value": 58
      },
      "optionB": {
        "trial_id": "2",
        "task_id": "82",
        "values": "35.0, 3",
        "target_value": 85
      },
      "choice": {
        "button": "J",
        "selected_option": "OptionB"
      }
    },
    {
      "question": 2,
      "target": "Cooking Time (minutes)",
      "target_value": 16,
      "options": [
        "Number of Ingredients",
        "Prep Time (minutes)"
      ],
      "optionA": {
        "trial_id": "9",
        "task_id": "26",
        "values": "7.0, 12.0",
        "target_value": 16
      },
      "optionB": {
        "trial_id": "16",
        "task_id": "26",
        "values": "12.0, 25.0",
        "target_value": 10
      },
      "choice": {
        "button": "J",
        "selected_option": "OptionB"
      }
    },
    {
      "question": 3,
      "target": "Exam Score",
      "target_value": 95,
      "options": [
        "Student Study Time",
        "Student Sleep Hours"
      ],
      "optionA": {
        "trial_id": "7",
        "task_id": "38",
        "values": "8.0, 4",
        "target_value": 95
      },
      "optionB": {
        "trial_id": "13",
        "task_id": "38",
        "values": "11.0, 1",
        "target_value": 110
      },
      "choice": {
        "button": "J",
        "selected_option": "OptionB"
      }
    },
    {
      "question": 4,
      "target": "Battery life",
      "target_value": 35,
      "options": [
        "Phone battery",
        "Phone size"
      ],
      "optionA": {
        "trial_id": "5",
        "task_id": "62",
        "values": "6000.0, 8.0",
        "target_value": 35
      },
      "optionB": {
        "trial_id": "2",
        "task_id": "62",
        "values": "4000.0, 12.0",
        "target_value": 25
      },
      "choice": {
        "button": "F",
        "selected_option": "OptionA"
      }
    },
    {
      "question": 5,
      "target": "Heating cost (per month)",
      "target_value": 380,
      "options": [
        "House size (sqm)",
        "Number of windows"
      ],
      "optionA": {
        "trial_id": "5",
        "task_id": "151",
        "values": "130.0, 4.0",
        "target_value": 380
      },
      "optionB": {
        "trial_id": "7",
        "task_id": "151",
        "values": "80.0, 7.0",
        "target_value": 270
      },
      "choice": {
        "button": "F",
        "selected_option": "OptionA"
      }
    },
    {
      "question": 6,
      "target": "Quality",
      "target_value": 88,
      "options": [
        "Price",
        "Size"
      ],
      "optionA": {
        "trial_id": "20",
        "task_id": "21",
        "values": "75.0, 4.0",
        "target_value": 88
      },
      "optionB": {
        "trial_id": "12",
        "task_id": "67",
        "values": "130.0, 60",
        "target_value": 6
      },
      "choice": {
        "button": "J",
        "selected_option": "OptionB"
      }
    },
    {
      "question": 7,
      "target": "Battery Life",
      "target_value": 20,
      "options": [
        "Phone Battery Capacity",
        "Number of Apps Installed"
      ],
      "optionA": {
        "trial_id": "8",
        "task_id": "78",
        "values": "3800.0, 55",
        "target_value": 20
      },
      "optionB": {
        "trial_id": "8",
        "task_id": "78",
        "values": "3800.0, 55",
        "target_value": 20
      },
      "choice": {
        "button": "F",
        "selected_option": "OptionA"
      }
    },
    {
      "question": 8,
      "target": "Garden yield (kg)",
      "target_value": 45,
      "options": [
        "Amount of fertilizer (grams)",
        "Rainfall (mm/week)"
      ],
      "optionA": {
        "trial_id": "2",
        "task_id": "92",
        "values": "150.0, 150",
        "target_value": 45
      },
      "optionB": {
        "trial_id": "14",
        "task_id": "92",
        "values": "170.0, 130",
        "target_value": 49
      },
      "choice": {
        "button": "J",
        "selected_option": "OptionB"
      }
    },
    {
      "question": 9,
      "target": "Fuel efficiency (km/l)",
      "target_value": 13,
      "options": [
        "Engine size (cc)",
        "Weight (kg)"
      ],
      "optionA": {
        "trial_id": "4",
        "task_id": "51",
        "values": "1700.0, 1200",
        "target_value": 13
      },
      "optionB": {
        "trial_id": "19",
        "task_id": "51",
        "values": "1750.0, 1320",
        "target_value": 12
      },
      "choice": {
        "button": "F",
        "selected_option": "OptionA"
      }
    },
    {
      "question": "attention_check_9",
      "choice": "J",
      "passed": true,
      "timestamp": 1756720550214
    },
    {
      "question": 10,
      "target": "Fuel Efficiency (km per liter)",
      "target_value": 13,
      "options": [
        "Car Engine Size (in liters)",
        "Car Weight (in kg)"
      ],
      "optionA": {
        "trial_id": "11",
        "task_id": "173",
        "values": "1.8, 1500",
        "target_value": 13
      },
      "optionB": {
        "trial_id": "11",
        "task_id": "173",
        "values": "1.8, 1500",
        "target_value": 13
      },
      "choice": {
        "button": "J",
        "selected_option": "OptionB"
      }
    },
    {
      "question": 11,
      "target": "100m sprint time (s)",
      "target_value": 11.8,
      "options": [
        "Runner stride length (cm)",
        "Runner age (years)"
      ],
      "optionA": {
        "trial_id": "17",
        "task_id": "145",
        "values": "76.0, 26",
        "target_value": 11.8
      },
      "optionB": {
        "trial_id": "17",
        "task_id": "145",
        "values": "76.0, 26",
        "target_value": 11.8
      },
      "choice": {
        "button": "F",
        "selected_option": "OptionA"
      }
    },
    {
      "question": 12,
      "target": "Tree trunk volume (m\u00b3)",
      "target_value": 4,
      "options": [
        "Height (cm)",
        "Width (cm)"
      ],
      "optionA": {
        "trial_id": "11",
        "task_id": "162",
        "values": "170.0, 36",
        "target_value": 4
      },
      "optionB": {
        "trial_id": "9",
        "task_id": "162",
        "values": "220.0, 26",
        "target_value": 7
      },
      "choice": {
        "button": "J",
        "selected_option": "OptionB"
      }
    },
    {
      "question": 13,
      "target": "Comfort",
      "target_value": 7,
      "options": [
        "Age",
        "Size"
      ],
      "optionA": {
        "trial_id": "10",
        "task_id": "66",
        "values": "6.0, 25",
        "target_value": 7
      },
      "optionB": {
        "trial_id": "15",
        "task_id": "66",
        "values": "10.0, 15",
        "target_value": 6
      },
      "choice": {
        "button": "F",
        "selected_option": "OptionA"
      }
    },
    {
      "question": 14,
      "target": "Exam Score",
      "target_value": 85,
      "options": [
        "Study Time (hours)",
        "Difficulty Level (1-10)"
      ],
      "optionA": {
        "trial_id": "19",
        "task_id": "128",
        "values": "6.0, 4",
        "target_value": 85
      },
      "optionB": {
        "trial_id": "8",
        "task_id": "128",
        "values": "5.0, 3",
        "target_value": 80
      },
      "choice": {
        "button": "F",
        "selected_option": "OptionA"
      }
    },
    {
      "question": 15,
      "target": "Energy Level",
      "target_value": 6,
      "options": [
        "Age of Dog (years)",
        "Size (lbs)"
      ],
      "optionA": {
        "trial_id": "17",
        "task_id": "159",
        "values": "3.0, 18.0",
        "target_value": 6
      },
      "optionB": {
        "trial_id": "5",
        "task_id": "159",
        "values": "4.0, 20.0",
        "target_value": 5
      },
      "choice": {
        "button": "F",
        "selected_option": "OptionA"
      }
    },
    {
      "question": 16,
      "target": "Tastiness",
      "target_value": 7,
      "options": [
        "Pizza size (inches)",
        "Cheese amount (g)"
      ],
      "optionA": {
        "trial_id": "3",
        "task_id": "121",
        "values": "14.0, 140",
        "target_value": 7
      },
      "optionB": {
        "trial_id": "12",
        "task_id": "121",
        "values": "16.0, 170",
        "target_value": 5
      },
      "choice": {
        "button": "J",
        "selected_option": "OptionB"
      }
    },
    {
      "question": 17,
      "target": "Cooking Time (minutes)",
      "target_value": 10,
      "options": [
        "Number of Ingredients",
        "Prep Time (minutes)"
      ],
      "optionA": {
        "trial_id": "19",
        "task_id": "26",
        "values": "12.0, 25.0",
        "target_value": 10
      },
      "optionB": {
        "trial_id": "8",
        "task_id": "26",
        "values": "8.0, 15.0",
        "target_value": 12
      },
      "choice": {
        "button": "F",
        "selected_option": "OptionA"
      }
    },
    {
      "question": 18,
      "target": "Height (cm)",
      "target_value": 13,
      "options": [
        "Age of the plant (weeks)",
        "Water given (ml/day)"
      ],
      "optionA": {
        "trial_id": "9",
        "task_id": "91",
        "values": "4.0, 500",
        "target_value": 13
      },
      "optionB": {
        "trial_id": "9",
        "task_id": "91",
        "values": "4.0, 500",
        "target_value": 13
      },
      "choice": {
        "button": "F",
        "selected_option": "OptionA"
      }
    },
    {
      "question": 19,
      "target": "Engagement rate (%)",
      "target_value": 5,
      "options": [
        "Number of followers (count)",
        "Time posted (hours ago)"
      ],
      "optionA": {
        "trial_id": "6",
        "task_id": "98",
        "values": "1100.0, 2",
        "target_value": 5
      },
      "optionB": {
        "trial_id": "2",
        "task_id": "98",
        "values": "800.0, 4",
        "target_value": 4
      },
      "choice": {
        "button": "J",
        "selected_option": "OptionB"
      }
    },
    {
      "question": "attention_check_19",
      "choice": "F",
      "passed": true,
      "timestamp": 1756720625138
    },
    {
      "question": 20,
      "target": "Battery life (hours)",
      "target_value": 6.7,
      "options": [
        "Laptop weight (kg)",
        "Screen size (inches)"
      ],
      "optionA": {
        "trial_id": "10",
        "task_id": "118",
        "values": "1.6, 13",
        "target_value": 6.7
      },
      "optionB": {
        "trial_id": "2",
        "task_id": "118",
        "values": "1.3, 14",
        "target_value": 7.5
      },
      "choice": {
        "button": "F",
        "selected_option": "OptionA"
      }
    },
    {
      "question": 21,
      "target": "Fuel Efficiency (km/L)",
      "target_value": 4,
      "options": [
        "Car Engine Size (L)",
        "Weight (kg)"
      ],
      "optionA": {
        "trial_id": "14",
        "task_id": "107",
        "values": "6.0, 1900",
        "target_value": 4
      },
      "optionB": {
        "trial_id": "15",
        "task_id": "107",
        "values": "5.5, 1900",
        "target_value": 5
      },
      "choice": {
        "button": "F",
        "selected_option": "OptionA"
      }
    },
    {
      "question": 22,
      "target": "Usage Time",
      "target_value": 10,
      "options": [
        "Battery Capacity",
        "Weight"
      ],
      "optionA": {
        "trial_id": "18",
        "task_id": "22",
        "values": "3600.0, 240.0",
        "target_value": 10
      },
      "optionB": {
        "trial_id": "15",
        "task_id": "22",
        "values": "4800.0, 200.0",
        "target_value": 13
      },
      "choice": {
        "button": "J",
        "selected_option": "OptionB"
      }
    },
    {
      "question": 23,
      "target": "Price",
      "target_value": 340000,
      "options": [
        "House Size",
        "Bedrooms"
      ],
      "optionA": {
        "trial_id": "16",
        "task_id": "15",
        "values": "1800.0, 5",
        "target_value": 340000
      },
      "optionB": {
        "trial_id": "3",
        "task_id": "15",
        "values": "2200.0, 2",
        "target_value": 400000
      },
      "choice": {
        "button": "F",
        "selected_option": "OptionA"
      }
    },
    {
      "question": 24,
      "target": "Energy Level",
      "target_value": 8,
      "options": [
        "Age of Dog (years)",
        "Size (lbs)"
      ],
      "optionA": {
        "trial_id": "15",
        "task_id": "159",
        "values": "2.0, 12.0",
        "target_value": 8
      },
      "optionB": {
        "trial_id": "2",
        "task_id": "159",
        "values": "3.0, 15.0",
        "target_value": 6
      },
      "choice": {
        "button": "F",
        "selected_option": "OptionA"
      }
    },
    {
      "question": 25,
      "target": "Reliability",
      "target_value": 55,
      "options": [
        "Car age",
        "Maintenance cost"
      ],
      "optionA": {
        "trial_id": "19",
        "task_id": "83",
        "values": "9.0, 700",
        "target_value": 55
      },
      "optionB": {
        "trial_id": "14",
        "task_id": "83",
        "values": "3.0, 1600",
        "target_value": 85
      },
      "choice": {
        "button": "J",
        "selected_option": "OptionB"
      }
    },
    {
      "question": 26,
      "target": "Taste Rating",
      "target_value": 8,
      "options": [
        "Number of Ingredients",
        "Prep Time (min)"
      ],
      "optionA": {
        "trial_id": "4",
        "task_id": "148",
        "values": "5.0, 25.0",
        "target_value": 8
      },
      "optionB": {
        "trial_id": "14",
        "task_id": "148",
        "values": "5.0, 25.0",
        "target_value": 8
      },
      "choice": {
        "button": "F",
        "selected_option": "OptionA"
      }
    },
    {
      "question": 27,
      "target": "Exam score",
      "target_value": 95,
      "options": [
        "Study hours",
        "Intelligence"
      ],
      "optionA": {
        "trial_id": "7",
        "task_id": "81",
        "values": "7.0, 60",
        "target_value": 95
      },
      "optionB": {
        "trial_id": "8",
        "task_id": "81",
        "values": "6.0, 65",
        "target_value": 93
      },
      "choice": {
        "button": "J",
        "selected_option": "OptionB"
      }
    },
    {
      "question": 28,
      "target": "Battery Life (hours)",
      "target_value": 19,
      "options": [
        "Phone Battery Capacity (mAh)",
        "Phone Brand (1=Premium, 2=Budget)"
      ],
      "optionA": {
        "trial_id": "11",
        "task_id": "175",
        "values": "3800.0, 1",
        "target_value": 19
      },
      "optionB": {
        "trial_id": "13",
        "task_id": "175",
        "values": "4400.0, 1",
        "target_value": 23
      },
      "choice": {
        "button": "J",
        "selected_option": "OptionB"
      }
    },
    {
      "question": 29,
      "target": "Speed on Flat Ground",
      "target_value": 26,
      "options": [
        "Bike Weight",
        "Wheel Size"
      ],
      "optionA": {
        "trial_id": "5",
        "task_id": "30",
        "values": "9.0, 28.0",
        "target_value": 26
      },
      "optionB": {
        "trial_id": "20",
        "task_id": "30",
        "values": "14.0, 25.0",
        "target_value": 20
      },
      "choice": {
        "button": "J",
        "selected_option": "OptionB"
      }
    },
    {
      "question": "attention_check_29",
      "choice": "J",
      "passed": true,
      "timestamp": 1756720753173
    },
    {
      "question": 30,
      "target": "Car speed (mph)",
      "target_value": 100,
      "options": [
        "Engine power (hp)",
        "Weight (kg)"
      ],
      "optionA": {
        "trial_id": "2",
        "task_id": "90",
        "values": "150.0, 1400",
        "target_value": 100
      },
      "optionB": {
        "trial_id": "18",
        "task_id": "90",
        "values": "140.0, 1700",
        "target_value": 90
      },
      "choice": {
        "button": "F",
        "selected_option": "OptionA"
      }
    },
    {
      "question": 31,
      "target": "Deliciousness",
      "target_value": 6,
      "options": [
        "Cooking time",
        "Ingredients"
      ],
      "optionA": {
        "trial_id": "3",
        "task_id": "125",
        "values": "40.0, 4.0",
        "target_value": 6
      },
      "optionB": {
        "trial_id": "20",
        "task_id": "125",
        "values": "85.0, 0.0",
        "target_value": 2
      },
      "choice": {
        "button": "J",
        "selected_option": "OptionB"
      }
    },
    {
      "question": 32,
      "target": "BMI",
      "target_value": 25.4,
      "options": [
        "Height (inches)",
        "Weight (lbs)"
      ],
      "optionA": {
        "trial_id": "13",
        "task_id": "158",
        "values": "67.0, 150.0",
        "target_value": 25.4
      },
      "optionB": {
        "trial_id": "13",
        "task_id": "158",
        "values": "67.0, 150.0",
        "target_value": 25.4
      },
      "choice": {
        "button": "J",
        "selected_option": "OptionB"
      }
    },
    {
      "question": 33,
      "target": "Freshness",
      "target_value": 8,
      "options": [
        "Cooking Time",
        "Ingredients"
      ],
      "optionA": {
        "trial_id": "16",
        "task_id": "19",
        "values": "25.0, 5.0",
        "target_value": 8
      },
      "optionB": {
        "trial_id": "2",
        "task_id": "65",
        "values": "45.0, 4",
        "target_value": 6
      },
      "choice": {
        "button": "F",
        "selected_option": "OptionA"
      }
    },
    {
      "question": 34,
      "target": "Car Value",
      "target_value": 45000,
      "options": [
        "Age (years)",
        "Mileage (km)"
      ],
      "optionA": {
        "trial_id": "7",
        "task_id": "127",
        "values": "3.0, 10000",
        "target_value": 45000
      },
      "optionB": {
        "trial_id": "14",
        "task_id": "127",
        "values": "3.0, 10000",
        "target_value": 47000
      },
      "choice": {
        "button": "J",
        "selected_option": "OptionB"
      }
    },
    {
      "question": 35,
      "target": "Enjoyment Score",
      "target_value": 4.3,
      "options": [
        "Book Thickness",
        "Number of Reviews"
      ],
      "optionA": {
        "trial_id": "19",
        "task_id": "27",
        "values": "400.0, 90.0",
        "target_value": 4.3
      },
      "optionB": {
        "trial_id": "20",
        "task_id": "27",
        "values": "500.0, 120.0",
        "target_value": 4.2
      },
      "choice": {
        "button": "F",
        "selected_option": "OptionA"
      }
    },
    {
      "question": 36,
      "target": "Enjoyment",
      "target_value": 65,
      "options": [
        "Book pages",
        "Author fame"
      ],
      "optionA": {
        "trial_id": "20",
        "task_id": "84",
        "values": "130.0, 10",
        "target_value": 65
      },
      "optionB": {
        "trial_id": "3",
        "task_id": "84",
        "values": "500.0, 6",
        "target_value": 85
      },
      "choice": {
        "button": "J",
        "selected_option": "OptionB"
      }
    },
    {
      "question": 37,
      "target": "Taste Rating (scale 1-10)",
      "target_value": 6,
      "options": [
        "Number of Ingredients",
        "Cooking Time (minutes)"
      ],
      "optionA": {
        "trial_id": "17",
        "task_id": "167",
        "values": "12.0, 40",
        "target_value": 6
      },
      "optionB": {
        "trial_id": "7",
        "task_id": "167",
        "values": "9.0, 30",
        "target_value": 8
      },
      "choice": {
        "button": "F",
        "selected_option": "OptionA"
      }
    },
    {
      "question": 38,
      "target": "Customer Satisfaction",
      "target_value": 8,
      "options": [
        "Restaurant Wait Time (in mins)",
        "Restaurant Rating (1-5)"
      ],
      "optionA": {
        "trial_id": "17",
        "task_id": "174",
        "values": "10.0, 4",
        "target_value": 8
      },
      "optionB": {
        "trial_id": "12",
        "task_id": "174",
        "values": "28.0, 1",
        "target_value": 4
      },
      "choice": {
        "button": "F",
        "selected_option": "OptionA"
      }
    },
    {
      "question": 39,
      "target": "Energy Level (scale 1-10)",
      "target_value": 3,
      "options": [
        "Age (years)",
        "Number of Pets"
      ],
      "optionA": {
        "trial_id": "2",
        "task_id": "165",
        "values": "8.0, 3",
        "target_value": 3
      },
      "optionB": {
        "trial_id": "14",
        "task_id": "165",
        "values": "5.0, 1",
        "target_value": 3
      },
      "choice": {
        "button": "F",
        "selected_option": "OptionA"
      }
    },
    {
      "question": "attention_check_39",
      "choice": "F",
      "passed": true,
      "timestamp": 1756720800542
    },
    {
      "question": 40,
      "target": "Cooking Time (minutes)",
      "target_value": 14,
      "options": [
        "Number of Ingredients",
        "Prep Time (minutes)"
      ],
      "optionA": {
        "trial_id": "11",
        "task_id": "26",
        "values": "4.0, 8.0",
        "target_value": 14
      },
      "optionB": {
        "trial_id": "3",
        "task_id": "26",
        "values": "8.0, 15.0",
        "target_value": 18
      },
      "choice": {
        "button": "J",
        "selected_option": "OptionB"
      }
    },
    {
      "question": 41,
      "target": "House price (thousands)",
      "target_value": 345,
      "options": [
        "House size (m2)",
        "Number of bedrooms"
      ],
      "optionA": {
        "trial_id": "10",
        "task_id": "117",
        "values": "115.0, 3",
        "target_value": 345
      },
      "optionB": {
        "trial_id": "17",
        "task_id": "117",
        "values": "130.0, 4",
        "target_value": 360
      },
      "choice": {
        "button": "J",
        "selected_option": "OptionB"
      }
    },
    {
      "question": 42,
      "target": "Exam score",
      "target_value": 78,
      "options": [
        "Study hours",
        "Intelligence"
      ],
      "optionA": {
        "trial_id": "14",
        "task_id": "81",
        "values": "3.0, 80",
        "target_value": 78
      },
      "optionB": {
        "trial_id": "9",
        "task_id": "81",
        "values": "2.0, 85",
        "target_value": 60
      },
      "choice": {
        "button": "J",
        "selected_option": "OptionB"
      }
    },
    {
      "question": 43,
      "target": "Garden yield (kg)",
      "target_value": 60,
      "options": [
        "Amount of fertilizer (grams)",
        "Rainfall (mm/week)"
      ],
      "optionA": {
        "trial_id": "5",
        "task_id": "92",
        "values": "300.0, 70",
        "target_value": 60
      },
      "optionB": {
        "trial_id": "17",
        "task_id": "92",
        "values": "260.0, 70",
        "target_value": 59
      },
      "choice": {
        "button": "F",
        "selected_option": "OptionA"
      }
    },
    {
      "question": 44,
      "target": "Taste rating (1-10)",
      "target_value": 9,
      "options": [
        "Number of ingredients",
        "Prep time (in minutes)"
      ],
      "optionA": {
        "trial_id": "8",
        "task_id": "88",
        "values": "4.0, 20",
        "target_value": 9
      },
      "optionB": {
        "trial_id": "1",
        "task_id": "88",
        "values": "5.0, 30",
        "target_value": 8
      },
      "choice": {
        "button": "J",
        "selected_option": "OptionB"
      }
    },
    {
      "question": 45,
      "target": "Health index",
      "target_value": 75,
      "options": [
        "Age",
        "Exercise hours"
      ],
      "optionA": {
        "trial_id": "15",
        "task_id": "82",
        "values": "55.0, 1",
        "target_value": 75
      },
      "optionB": {
        "trial_id": "10",
        "task_id": "77",
        "values": "45.0, 3",
        "target_value": 73
      },
      "choice": {
        "button": "J",
        "selected_option": "OptionB"
      }
    },
    {
      "question": 46,
      "target": "Garden yield (kg)",
      "target_value": 53,
      "options": [
        "Amount of fertilizer (grams)",
        "Rainfall (mm/week)"
      ],
      "optionA": {
        "trial_id": "15",
        "task_id": "92",
        "values": "200.0, 130",
        "target_value": 53
      },
      "optionB": {
        "trial_id": "18",
        "task_id": "92",
        "values": "150.0, 150",
        "target_value": 46
      },
      "choice": {
        "button": "J",
        "selected_option": "OptionB"
      }
    },
    {
      "question": 47,
      "target": "House price ($)",
      "target_value": 265000,
      "options": [
        "House size (sq ft)",
        "House age (years)"
      ],
      "optionA": {
        "trial_id": "15",
        "task_id": "155",
        "values": "1950.0, 10.0",
        "target_value": 265000
      },
      "optionB": {
        "trial_id": "5",
        "task_id": "155",
        "values": "2200.0, 12.0",
        "target_value": 310000
      },
      "choice": {
        "button": "J",
        "selected_option": "OptionB"
      }
    },
    {
      "question": 48,
      "target": "Battery Life (hours)",
      "target_value": 11,
      "options": [
        "Phone Battery Capacity (mAh)",
        "Phone Weight (g)"
      ],
      "optionA": {
        "trial_id": "6",
        "task_id": "34",
        "values": "4500.0, 140.0",
        "target_value": 11
      },
      "optionB": {
        "trial_id": "1",
        "task_id": "34",
        "values": "3000.0, 150.0",
        "target_value": 8
      },
      "choice": {
        "button": "F",
        "selected_option": "OptionA"
      }
    },
    {
      "question": 49,
      "target": "Value",
      "target_value": 6,
      "options": [
        "Price",
        "Size"
      ],
      "optionA": {
        "trial_id": "12",
        "task_id": "67",
        "values": "130.0, 60",
        "target_value": 6
      },
      "optionB": {
        "trial_id": "5",
        "task_id": "21",
        "values": "130.0, 7.0",
        "target_value": 70
      },
      "choice": {
        "button": "J",
        "selected_option": "OptionB"
      }
    },
    {
      "question": 50,
      "target": "Battery Life",
      "target_value": 19,
      "options": [
        "Phone Battery Capacity",
        "Number of Apps Installed"
      ],
      "optionA": {
        "trial_id": "3",
        "task_id": "78",
        "values": "3500.0, 60",
        "target_value": 19
      },
      "optionB": {
        "trial_id": "5",
        "task_id": "78",
        "values": "5000.0, 30",
        "target_value": 28
      },
      "choice": {
        "button": "J",
        "selected_option": "OptionB"
      }
    }
  ]
}