{
  "prolific_id": "UNKNOWN",
  "condition_group": "direction",
  "responses": [
    {
      "question": 1,
      "target": "Photo Quality",
      "target_value": 11,
      "options": [
        "Phone Price",
        "Phone Camera Megapixels"
      ],
      "optionA": {
        "trial_id": "12",
        "task_id": "5",
        "values": "730.0, 22.0",
        "target_value": 11
      },
      "optionB": {
        "trial_id": "12",
        "task_id": "5",
        "values": "730.0, 22.0",
        "target_value": 11
      },
      "choice": {
        "button": "F",
        "selected_option": "OptionA"
      }
    },
    {
      "question": 2,
      "target": "Muscle gain",
      "target_value": 1.5,
      "options": [
        "Minutes of exercise",
        "Protein intake"
      ],
      "optionA": {
        "trial_id": "10",
        "task_id": "59",
        "values": "45.0, 25.0",
        "target_value": 1.5
      },
      "optionB": {
        "trial_id": "17",
        "task_id": "59",
        "values": "25.0, 15.0",
        "target_value": 1
      },
      "choice": {
        "button": "J",
        "selected_option": "OptionB"
      }
    },
    {
      "question": 3,
      "target": "Dog Energy Level",
      "target_value": 9,
      "options": [
        "Dog Weight",
        "Dog Activity Level"
      ],
      "optionA": {
        "trial_id": "6",
        "task_id": "105",
        "values": "30.0, 6.0",
        "target_value": 9
      },
      "optionB": {
        "trial_id": "13",
        "task_id": "105",
        "values": "38.0, 7.0",
        "target_value": 10
      },
      "choice": {
        "button": "F",
        "selected_option": "OptionA"
      }
    },
    {
      "question": 4,
      "target": "Comfort",
      "target_value": 70,
      "options": [
        "Shoe Weight",
        "Brand Reputation"
      ],
      "optionA": {
        "trial_id": "4",
        "task_id": "62",
        "values": "200.0, 4.0",
        "target_value": 70
      },
      "optionB": {
        "trial_id": "2",
        "task_id": "62",
        "values": "250.0, 5.0",
        "target_value": 75
      },
      "choice": {
        "button": "F",
        "selected_option": "OptionA"
      }
    },
    {
      "question": 5,
      "target": "Performance Score",
      "target_value": 70,
      "options": [
        "Phone RAM (GB)",
        "Battery Capacity (mAh)"
      ],
      "optionA": {
        "trial_id": "8",
        "task_id": "39",
        "values": "5.0, 2800.0",
        "target_value": 70
      },
      "optionB": {
        "trial_id": "4",
        "task_id": "39",
        "values": "5.0, 2800.0",
        "target_value": 74
      },
      "choice": {
        "button": "J",
        "selected_option": "OptionB"
      }
    },
    {
      "question": 6,
      "target": "Enjoyment",
      "target_value": 3,
      "options": [
        "Coffee price",
        "Coffee acidity"
      ],
      "optionA": {
        "trial_id": "17",
        "task_id": "101",
        "values": "0.5, 1.0",
        "target_value": 3
      },
      "optionB": {
        "trial_id": "15",
        "task_id": "101",
        "values": "1.0, 2.0",
        "target_value": 4
      },
      "choice": {
        "button": "F",
        "selected_option": "OptionA"
      }
    },
    {
      "question": 7,
      "target": "Performance Score",
      "target_value": 88,
      "options": [
        "Hours of Practice",
        "Natural Talent (1-10)"
      ],
      "optionA": {
        "trial_id": "12",
        "task_id": "78",
        "values": "10.0, 7.0",
        "target_value": 88
      },
      "optionB": {
        "trial_id": "14",
        "task_id": "78",
        "values": "8.0, 10.0",
        "target_value": 95
      },
      "choice": {
        "button": "F",
        "selected_option": "OptionA"
      }
    },
    {
      "question": 8,
      "target": "Battery Life (hours)",
      "target_value": 8.5,
      "options": [
        "Phone Weight (g)",
        "Battery Capacity (mAh)"
      ],
      "optionA": {
        "trial_id": "5",
        "task_id": "30",
        "values": "140.0, 3500.0",
        "target_value": 8.5
      },
      "optionB": {
        "trial_id": "4",
        "task_id": "30",
        "values": "160.0, 4000.0",
        "target_value": 10
      },
      "choice": {
        "button": "J",
        "selected_option": "OptionB"
      }
    },
    {
      "question": 9,
      "target": "Exam score",
      "target_value": 80,
      "options": [
        "Study time (hours)",
        "Class attendance (%)"
      ],
      "optionA": {
        "trial_id": "2",
        "task_id": "91",
        "values": "6.0, 70.0",
        "target_value": 80
      },
      "optionB": {
        "trial_id": "3",
        "task_id": "91",
        "values": "5.0, 90.0",
        "target_value": 85
      },
      "choice": {
        "button": "J",
        "selected_option": "OptionB"
      }
    },
    {
      "question": "attention_check_9",
      "choice": "J",
      "passed": true,
      "timestamp": 1756154522498
    },
    {
      "question": 10,
      "target": "Post reach",
      "target_value": 15000,
      "options": [
        "Number of followers",
        "Engagement rate (%)"
      ],
      "optionA": {
        "trial_id": "15",
        "task_id": "92",
        "values": "2800.0, 3.0",
        "target_value": 15000
      },
      "optionB": {
        "trial_id": "9",
        "task_id": "92",
        "values": "2000.0, 5.0",
        "target_value": 17000
      },
      "choice": {
        "button": "F",
        "selected_option": "OptionA"
      }
    },
    {
      "question": 11,
      "target": "Room Area (m\u00b2)",
      "target_value": 21,
      "options": [
        "Room Length (m)",
        "Room Width (m)"
      ],
      "optionA": {
        "trial_id": "9",
        "task_id": "89",
        "values": "7.0, 3.0",
        "target_value": 21
      },
      "optionB": {
        "trial_id": "20",
        "task_id": "89",
        "values": "4.0, 9.0",
        "target_value": 36
      },
      "choice": {
        "button": "J",
        "selected_option": "OptionB"
      }
    },
    {
      "question": 12,
      "target": "Performance Quality (on scale 1-10)",
      "target_value": 8,
      "options": [
        "Hours of Practice",
        "Musical Experience (years)"
      ],
      "optionA": {
        "trial_id": "3",
        "task_id": "17",
        "values": "60.0, 4.0",
        "target_value": 8
      },
      "optionB": {
        "trial_id": "19",
        "task_id": "17",
        "values": "100.0, 5.0",
        "target_value": 9
      },
      "choice": {
        "button": "J",
        "selected_option": "OptionB"
      }
    },
    {
      "question": 13,
      "target": "Bike Speed",
      "target_value": 30,
      "options": [
        "Bike Weight",
        "Bike Wheel Size"
      ],
      "optionA": {
        "trial_id": "5",
        "task_id": "107",
        "values": "14.0, 29.5",
        "target_value": 30
      },
      "optionB": {
        "trial_id": "15",
        "task_id": "107",
        "values": "8.0, 25.0",
        "target_value": 22
      },
      "choice": {
        "button": "J",
        "selected_option": "OptionB"
      }
    },
    {
      "question": 14,
      "target": "Book Reading Time",
      "target_value": 180,
      "options": [
        "Book Thickness",
        "Book Length"
      ],
      "optionA": {
        "trial_id": "5",
        "task_id": "102",
        "values": "700.0, 240.0",
        "target_value": 180
      },
      "optionB": {
        "trial_id": "13",
        "task_id": "102",
        "values": "450.0, 190.0",
        "target_value": 130
      },
      "choice": {
        "button": "J",
        "selected_option": "OptionB"
      }
    },
    {
      "question": 15,
      "target": "Speed",
      "target_value": 90,
      "options": [
        "Car Engine Size",
        "Horsepower"
      ],
      "optionA": {
        "trial_id": "7",
        "task_id": "61",
        "values": "1.4, 100.0",
        "target_value": 90
      },
      "optionB": {
        "trial_id": "9",
        "task_id": "61",
        "values": "2.2, 170.0",
        "target_value": 135
      },
      "choice": {
        "button": "J",
        "selected_option": "OptionB"
      }
    },
    {
      "question": 16,
      "target": "Energy Level",
      "target_value": 8,
      "options": [
        "Hours of Sleep",
        "Caffeine Intake (mg)"
      ],
      "optionA": {
        "trial_id": "6",
        "task_id": "45",
        "values": "8.0, 70.0",
        "target_value": 8
      },
      "optionB": {
        "trial_id": "12",
        "task_id": "45",
        "values": "8.0, 60.0",
        "target_value": 7
      },
      "choice": {
        "button": "F",
        "selected_option": "OptionA"
      }
    },
    {
      "question": 17,
      "target": "Performance Score",
      "target_value": 88,
      "options": [
        "Hours of Practice",
        "Natural Talent (1-10)"
      ],
      "optionA": {
        "trial_id": "5",
        "task_id": "78",
        "values": "8.0, 8.0",
        "target_value": 88
      },
      "optionB": {
        "trial_id": "3",
        "task_id": "78",
        "values": "12.0, 6.0",
        "target_value": 90
      },
      "choice": {
        "button": "F",
        "selected_option": "OptionA"
      }
    },
    {
      "question": 18,
      "target": "Popularity Score",
      "target_value": 144,
      "options": [
        "Number of Likes",
        "Number of Comments"
      ],
      "optionA": {
        "trial_id": "2",
        "task_id": "50",
        "values": "120.0, 24.0",
        "target_value": 144
      },
      "optionB": {
        "trial_id": "10",
        "task_id": "50",
        "values": "140.0, 28.0",
        "target_value": 168
      },
      "choice": {
        "button": "J",
        "selected_option": "OptionB"
      }
    },
    {
      "question": 19,
      "target": "Age (years)",
      "target_value": 50,
      "options": [
        "Tree Height (m)",
        "Trunk Diameter (cm)"
      ],
      "optionA": {
        "trial_id": "1",
        "task_id": "32",
        "values": "10.0, 30.0",
        "target_value": 50
      },
      "optionB": {
        "trial_id": "10",
        "task_id": "32",
        "values": "7.0, 20.0",
        "target_value": 30
      },
      "choice": {
        "button": "F",
        "selected_option": "OptionA"
      }
    },
    {
      "question": "attention_check_19",
      "choice": "F",
      "passed": true,
      "timestamp": 1756154599122
    },
    {
      "question": 20,
      "target": "Performance Score (1-100)",
      "target_value": 85,
      "options": [
        "Hours of Practice",
        "Number of Lessons"
      ],
      "optionA": {
        "trial_id": "9",
        "task_id": "57",
        "values": "25.0, 10.0",
        "target_value": 85
      },
      "optionB": {
        "trial_id": "17",
        "task_id": "57",
        "values": "6.0, 2.0",
        "target_value": 45
      },
      "choice": {
        "button": "F",
        "selected_option": "OptionA"
      }
    },
    {
      "question": 21,
      "target": "Weight loss",
      "target_value": 1.5,
      "options": [
        "Exercise duration",
        "Intensity level"
      ],
      "optionA": {
        "trial_id": "4",
        "task_id": "67",
        "values": "30.0, 5.0",
        "target_value": 1.5
      },
      "optionB": {
        "trial_id": "18",
        "task_id": "67",
        "values": "30.0, 4.0",
        "target_value": 1.2
      },
      "choice": {
        "button": "F",
        "selected_option": "OptionA"
      }
    },
    {
      "question": 22,
      "target": "Engagement rate (%)",
      "target_value": 5.4,
      "options": [
        "Number of followers",
        "Post quality score"
      ],
      "optionA": {
        "trial_id": "16",
        "task_id": "71",
        "values": "15000.0, 3.0",
        "target_value": 5.4
      },
      "optionB": {
        "trial_id": "2",
        "task_id": "71",
        "values": "15000.0, 5.0",
        "target_value": 6
      },
      "choice": {
        "button": "J",
        "selected_option": "OptionB"
      }
    },
    {
      "question": 23,
      "target": "Fuel Consumption (L/100km)",
      "target_value": 7,
      "options": [
        "Engine Size (cc)",
        "Weight (kg)"
      ],
      "optionA": {
        "trial_id": "5",
        "task_id": "11",
        "values": "1800.0, 1100.0",
        "target_value": 7
      },
      "optionB": {
        "trial_id": "12",
        "task_id": "11",
        "values": "2400.0, 1500.0",
        "target_value": 10
      },
      "choice": {
        "button": "F",
        "selected_option": "OptionA"
      }
    },
    {
      "question": 24,
      "target": "Jump Height",
      "target_value": 75,
      "options": [
        "Height",
        "Arm Length"
      ],
      "optionA": {
        "trial_id": "3",
        "task_id": "115",
        "values": "170.0, 65.0",
        "target_value": 75
      },
      "optionB": {
        "trial_id": "14",
        "task_id": "115",
        "values": "200.0, 77.0",
        "target_value": 93
      },
      "choice": {
        "button": "J",
        "selected_option": "OptionB"
      }
    },
    {
      "question": 25,
      "target": "Tea Strength (1-10)",
      "target_value": 4,
      "options": [
        "Tea Leaf Quality (1-10)",
        "Tea Steeping Time (minutes)"
      ],
      "optionA": {
        "trial_id": "7",
        "task_id": "80",
        "values": "5.0, 1.0",
        "target_value": 4
      },
      "optionB": {
        "trial_id": "15",
        "task_id": "80",
        "values": "5.0, 1.0",
        "target_value": 4
      },
      "choice": {
        "button": "F",
        "selected_option": "OptionA"
      }
    },
    {
      "question": 26,
      "target": "Market value ($)",
      "target_value": 310000,
      "options": [
        "Number of bedrooms",
        "House size (sq ft)"
      ],
      "optionA": {
        "trial_id": "15",
        "task_id": "90",
        "values": "5.0, 1500.0",
        "target_value": 310000
      },
      "optionB": {
        "trial_id": "4",
        "task_id": "90",
        "values": "5.0, 1200.0",
        "target_value": 280000
      },
      "choice": {
        "button": "F",
        "selected_option": "OptionA"
      }
    },
    {
      "question": 27,
      "target": "Brightness",
      "target_value": 680,
      "options": [
        "Phone Battery Capacity",
        "Screen Size"
      ],
      "optionA": {
        "trial_id": "4",
        "task_id": "37",
        "values": "4500.0, 5.0",
        "target_value": 680
      },
      "optionB": {
        "trial_id": "15",
        "task_id": "37",
        "values": "4000.0, 4.0",
        "target_value": 630
      },
      "choice": {
        "button": "F",
        "selected_option": "OptionA"
      }
    },
    {
      "question": 28,
      "target": "Doneness",
      "target_value": 65,
      "options": [
        "Cooking Time",
        "Size"
      ],
      "optionA": {
        "trial_id": "8",
        "task_id": "116",
        "values": "25.0, 180.0",
        "target_value": 65
      },
      "optionB": {
        "trial_id": "5",
        "task_id": "116",
        "values": "35.0, 240.0",
        "target_value": 80
      },
      "choice": {
        "button": "F",
        "selected_option": "OptionA"
      }
    },
    {
      "question": 29,
      "target": "Battery Life (hours)",
      "target_value": 11,
      "options": [
        "Phone Weight (g)",
        "Battery Capacity (mAh)"
      ],
      "optionA": {
        "trial_id": "3",
        "task_id": "30",
        "values": "180.0, 4500.0",
        "target_value": 11
      },
      "optionB": {
        "trial_id": "2",
        "task_id": "30",
        "values": "200.0, 3500.0",
        "target_value": 9
      },
      "choice": {
        "button": "F",
        "selected_option": "OptionA"
      }
    },
    {
      "question": "attention_check_29",
      "choice": "J",
      "passed": true,
      "timestamp": 1756154665338
    },
    {
      "question": 30,
      "target": "Deliciousness",
      "target_value": 65,
      "options": [
        "Cooking time",
        "Ingredients count"
      ],
      "optionA": {
        "trial_id": "16",
        "task_id": "27",
        "values": "45.0, 5.0",
        "target_value": 65
      },
      "optionB": {
        "trial_id": "8",
        "task_id": "27",
        "values": "15.0, 4.0",
        "target_value": 55
      },
      "choice": {
        "button": "F",
        "selected_option": "OptionA"
      }
    },
    {
      "question": 31,
      "target": "Enjoyment",
      "target_value": 7.2,
      "options": [
        "Tea Strength",
        "Flavor Variety"
      ],
      "optionA": {
        "trial_id": "1",
        "task_id": "55",
        "values": "5.0, 3.0",
        "target_value": 7.2
      },
      "optionB": {
        "trial_id": "2",
        "task_id": "55",
        "values": "6.0, 2.0",
        "target_value": 7
      },
      "choice": {
        "button": "F",
        "selected_option": "OptionA"
      }
    },
    {
      "question": 32,
      "target": "Growth speed",
      "target_value": 3.4,
      "options": [
        "Plant height cm",
        "Plant leaf count"
      ],
      "optionA": {
        "trial_id": "16",
        "task_id": "74",
        "values": "24.0, 8.0",
        "target_value": 3.4
      },
      "optionB": {
        "trial_id": "18",
        "task_id": "74",
        "values": "30.0, 10.0",
        "target_value": 4
      },
      "choice": {
        "button": "F",
        "selected_option": "OptionA"
      }
    },
    {
      "question": 33,
      "target": "Performance Quality (on scale 1-10)",
      "target_value": 6,
      "options": [
        "Hours of Practice",
        "Musical Experience (years)"
      ],
      "optionA": {
        "trial_id": "11",
        "task_id": "17",
        "values": "60.0, 2.0",
        "target_value": 6
      },
      "optionB": {
        "trial_id": "19",
        "task_id": "17",
        "values": "100.0, 5.0",
        "target_value": 9
      },
      "choice": {
        "button": "J",
        "selected_option": "OptionB"
      }
    },
    {
      "question": 34,
      "target": "Exam Score (%)",
      "target_value": 75,
      "options": [
        "Study Time (hours)",
        "Previous Score (%)"
      ],
      "optionA": {
        "trial_id": "18",
        "task_id": "76",
        "values": "5.0, 70.0",
        "target_value": 75
      },
      "optionB": {
        "trial_id": "10",
        "task_id": "76",
        "values": "5.0, 70.0",
        "target_value": 75
      },
      "choice": {
        "button": "F",
        "selected_option": "OptionA"
      }
    },
    {
      "question": 35,
      "target": "Home value",
      "target_value": 290000,
      "options": [
        "House size",
        "Neighborhood quality"
      ],
      "optionA": {
        "trial_id": "2",
        "task_id": "70",
        "values": "150.0, 7.0",
        "target_value": 290000
      },
      "optionB": {
        "trial_id": "16",
        "task_id": "70",
        "values": "100.0, 6.0",
        "target_value": 260000
      },
      "choice": {
        "button": "F",
        "selected_option": "OptionA"
      }
    },
    {
      "question": 36,
      "target": "Book Reading Time",
      "target_value": 150,
      "options": [
        "Book Thickness",
        "Book Length"
      ],
      "optionA": {
        "trial_id": "1",
        "task_id": "102",
        "values": "500.0, 200.0",
        "target_value": 150
      },
      "optionB": {
        "trial_id": "8",
        "task_id": "102",
        "values": "300.0, 160.0",
        "target_value": 100
      },
      "choice": {
        "button": "J",
        "selected_option": "OptionB"
      }
    },
    {
      "question": 37,
      "target": "Performance Score (1-100)",
      "target_value": 70,
      "options": [
        "Hours of Practice",
        "Number of Lessons"
      ],
      "optionA": {
        "trial_id": "1",
        "task_id": "57",
        "values": "10.0, 5.0",
        "target_value": 70
      },
      "optionB": {
        "trial_id": "7",
        "task_id": "57",
        "values": "15.0, 7.0",
        "target_value": 75
      },
      "choice": {
        "button": "J",
        "selected_option": "OptionB"
      }
    },
    {
      "question": 38,
      "target": "Room Size",
      "target_value": 30,
      "options": [
        "Room Width",
        "Room Length"
      ],
      "optionA": {
        "trial_id": "12",
        "task_id": "109",
        "values": "5.0, 6.0",
        "target_value": 30
      },
      "optionB": {
        "trial_id": "8",
        "task_id": "109",
        "values": "3.0, 4.0",
        "target_value": 12
      },
      "choice": {
        "button": "F",
        "selected_option": "OptionA"
      }
    },
    {
      "question": 39,
      "target": "Taste Rating (1-10)",
      "target_value": 9,
      "options": [
        "Time Spent Cooking (min)",
        "Number of Ingredients"
      ],
      "optionA": {
        "trial_id": "16",
        "task_id": "93",
        "values": "55.0, 7.0",
        "target_value": 9
      },
      "optionB": {
        "trial_id": "3",
        "task_id": "93",
        "values": "20.0, 4.0",
        "target_value": 6
      },
      "choice": {
        "button": "F",
        "selected_option": "OptionA"
      }
    },
    {
      "question": "attention_check_39",
      "choice": "F",
      "passed": true,
      "timestamp": 1756154719890
    },
    {
      "question": 40,
      "target": "Age (years)",
      "target_value": 60,
      "options": [
        "Tree Height (m)",
        "Trunk Diameter (cm)"
      ],
      "optionA": {
        "trial_id": "8",
        "task_id": "32",
        "values": "12.0, 35.0",
        "target_value": 60
      },
      "optionB": {
        "trial_id": "12",
        "task_id": "32",
        "values": "9.0, 27.0",
        "target_value": 45
      },
      "choice": {
        "button": "F",
        "selected_option": "OptionA"
      }
    },
    {
      "question": 41,
      "target": "Restaurant Customer Satisfaction",
      "target_value": 8.6,
      "options": [
        "Restaurant Menu Size",
        "Restaurant Online Rating"
      ],
      "optionA": {
        "trial_id": "3",
        "task_id": "24",
        "values": "25.0, 4.5",
        "target_value": 8.6
      },
      "optionB": {
        "trial_id": "10",
        "task_id": "24",
        "values": "25.0, 4.5",
        "target_value": 8.6
      },
      "choice": {
        "button": "J",
        "selected_option": "OptionB"
      }
    },
    {
      "question": 42,
      "target": "Performance",
      "target_value": 8.3,
      "options": [
        "Skill Level",
        "Practice Time"
      ],
      "optionA": {
        "trial_id": "14",
        "task_id": "100",
        "values": "7.0, 12.0",
        "target_value": 8.3
      },
      "optionB": {
        "trial_id": "18",
        "task_id": "100",
        "values": "6.0, 18.0",
        "target_value": 8.5
      },
      "choice": {
        "button": "J",
        "selected_option": "OptionB"
      }
    },
    {
      "question": 43,
      "target": "Reading time",
      "target_value": 5,
      "options": [
        "Book pages",
        "Book chapters"
      ],
      "optionA": {
        "trial_id": "19",
        "task_id": "72",
        "values": "260.0, 13.0",
        "target_value": 5
      },
      "optionB": {
        "trial_id": "8",
        "task_id": "72",
        "values": "320.0, 16.0",
        "target_value": 7
      },
      "choice": {
        "button": "J",
        "selected_option": "OptionB"
      }
    },
    {
      "question": 44,
      "target": "Battery life",
      "target_value": 14,
      "options": [
        "Phone battery",
        "Screen size"
      ],
      "optionA": {
        "trial_id": "14",
        "task_id": "69",
        "values": "4500.0, 7.0",
        "target_value": 14
      },
      "optionB": {
        "trial_id": "1",
        "task_id": "69",
        "values": "3000.0, 5.0",
        "target_value": 12
      },
      "choice": {
        "button": "F",
        "selected_option": "OptionA"
      }
    },
    {
      "question": 45,
      "target": "Top Speed",
      "target_value": 160,
      "options": [
        "Engine Size",
        "Horsepower"
      ],
      "optionA": {
        "trial_id": "8",
        "task_id": "113",
        "values": "2.5, 140.0",
        "target_value": 160
      },
      "optionB": {
        "trial_id": "17",
        "task_id": "113",
        "values": "4.0, 220.0",
        "target_value": 210
      },
      "choice": {
        "button": "J",
        "selected_option": "OptionB"
      }
    },
    {
      "question": 46,
      "target": "Battery life hours",
      "target_value": 15,
      "options": [
        "Phone battery capacity",
        "Phone weight"
      ],
      "optionA": {
        "trial_id": "20",
        "task_id": "73",
        "values": "4000.0, 200.0",
        "target_value": 15
      },
      "optionB": {
        "trial_id": "17",
        "task_id": "73",
        "values": "3800.0, 210.0",
        "target_value": 16
      },
      "choice": {
        "button": "F",
        "selected_option": "OptionA"
      }
    },
    {
      "question": 47,
      "target": "Value Score",
      "target_value": 75,
      "options": [
        "Price ($)",
        "Size (GB)"
      ],
      "optionA": {
        "trial_id": "18",
        "task_id": "99",
        "values": "80.0, 512.0",
        "target_value": 75
      },
      "optionB": {
        "trial_id": "12",
        "task_id": "99",
        "values": "60.0, 128.0",
        "target_value": 70
      },
      "choice": {
        "button": "F",
        "selected_option": "OptionA"
      }
    },
    {
      "question": 48,
      "target": "Taste Rating",
      "target_value": 6,
      "options": [
        "Number of Ingredients",
        "Cooking Time (minutes)"
      ],
      "optionA": {
        "trial_id": "17",
        "task_id": "14",
        "values": "5.0, 28.0",
        "target_value": 6
      },
      "optionB": {
        "trial_id": "6",
        "task_id": "14",
        "values": "7.0, 30.0",
        "target_value": 8
      },
      "choice": {
        "button": "F",
        "selected_option": "OptionA"
      }
    },
    {
      "question": 49,
      "target": "Apartment price",
      "target_value": 1400,
      "options": [
        "Distance from city center",
        "Room size"
      ],
      "optionA": {
        "trial_id": "15",
        "task_id": "58",
        "values": "3.0, 50.0",
        "target_value": 1400
      },
      "optionB": {
        "trial_id": "18",
        "task_id": "58",
        "values": "3.0, 50.0",
        "target_value": 1400
      },
      "choice": {
        "button": "J",
        "selected_option": "OptionB"
      }
    },
    {
      "question": 50,
      "target": "App Popularity",
      "target_value": 95,
      "options": [
        "App User Ratings (1-5)",
        "Number of Reviews"
      ],
      "optionA": {
        "trial_id": "15",
        "task_id": "42",
        "values": "5.0, 300.0",
        "target_value": 95
      },
      "optionB": {
        "trial_id": "19",
        "task_id": "42",
        "values": "3.0, 180.0",
        "target_value": 62
      },
      "choice": {
        "button": "F",
        "selected_option": "OptionA"
      }
    }
  ]
}