{
  "prolific_id": "UNKNOWN",
  "condition_group": "ranking",
  "responses": [
    {
      "question": 1,
      "target": "Daily travel cost ($)",
      "target_value": 60,
      "options": [
        "Distance to work (miles)",
        "Commute time (minutes)"
      ],
      "optionA": {
        "trial_id": "13",
        "task_id": "138",
        "values": "10.0, 10",
        "target_value": 60
      },
      "optionB": {
        "trial_id": "15",
        "task_id": "138",
        "values": "2.0, 16",
        "target_value": 10
      },
      "choice": {
        "button": "J",
        "selected_option": "OptionB"
      }
    },
    {
      "question": 2,
      "target": "Time to Destination (hours)",
      "target_value": 1.4,
      "options": [
        "Car Speed (mph)",
        "Fuel Efficiency (mpg)"
      ],
      "optionA": {
        "trial_id": "16",
        "task_id": "32",
        "values": "75.0, 20.0",
        "target_value": 1.4
      },
      "optionB": {
        "trial_id": "17",
        "task_id": "32",
        "values": "95.0, 12.0",
        "target_value": 0.7
      },
      "choice": {
        "button": "J",
        "selected_option": "OptionB"
      }
    },
    {
      "question": 3,
      "target": "Battery Life",
      "target_value": 32,
      "options": [
        "Phone Battery Capacity",
        "Phone Weight"
      ],
      "optionA": {
        "trial_id": "11",
        "task_id": "171",
        "values": "8000.0, 180",
        "target_value": 32
      },
      "optionB": {
        "trial_id": "6",
        "task_id": "171",
        "values": "5000.0, 200",
        "target_value": 18
      },
      "choice": {
        "button": "F",
        "selected_option": "OptionA"
      }
    },
    {
      "question": 4,
      "target": "Value",
      "target_value": 8,
      "options": [
        "Price",
        "Size"
      ],
      "optionA": {
        "trial_id": "1",
        "task_id": "67",
        "values": "100.0, 50",
        "target_value": 8
      },
      "optionB": {
        "trial_id": "14",
        "task_id": "21",
        "values": "130.0, 9.0",
        "target_value": 65
      },
      "choice": {
        "button": "J",
        "selected_option": "OptionB"
      }
    },
    {
      "question": 5,
      "target": "Battery life (hours)",
      "target_value": 6.6,
      "options": [
        "Laptop weight (kg)",
        "Screen size (inches)"
      ],
      "optionA": {
        "trial_id": "20",
        "task_id": "118",
        "values": "1.5, 14",
        "target_value": 6.6
      },
      "optionB": {
        "trial_id": "14",
        "task_id": "118",
        "values": "1.1, 16",
        "target_value": 6.9
      },
      "choice": {
        "button": "J",
        "selected_option": "OptionB"
      }
    },
    {
      "question": 6,
      "target": "Comfort",
      "target_value": 6,
      "options": [
        "Age",
        "Size"
      ],
      "optionA": {
        "trial_id": "15",
        "task_id": "66",
        "values": "10.0, 15",
        "target_value": 6
      },
      "optionB": {
        "trial_id": "4",
        "task_id": "66",
        "values": "12.0, 30",
        "target_value": 5
      },
      "choice": {
        "button": "J",
        "selected_option": "OptionB"
      }
    },
    {
      "question": 7,
      "target": "House Price",
      "target_value": 300,
      "options": [
        "House Size",
        "Housing Age"
      ],
      "optionA": {
        "trial_id": "1",
        "task_id": "99",
        "values": "150.0, 10",
        "target_value": 300
      },
      "optionB": {
        "trial_id": "12",
        "task_id": "99",
        "values": "260.0, 12",
        "target_value": 380
      },
      "choice": {
        "button": "J",
        "selected_option": "OptionB"
      }
    },
    {
      "question": 8,
      "target": "Resale value ($)",
      "target_value": 10500,
      "options": [
        "Age of car (years)",
        "Mileage (thousands)"
      ],
      "optionA": {
        "trial_id": "17",
        "task_id": "141",
        "values": "7.0, 50",
        "target_value": 10500
      },
      "optionB": {
        "trial_id": "12",
        "task_id": "141",
        "values": "7.0, 80",
        "target_value": 10000
      },
      "choice": {
        "button": "F",
        "selected_option": "OptionA"
      }
    },
    {
      "question": 9,
      "target": "Speed on Flat Ground",
      "target_value": 25,
      "options": [
        "Bike Weight",
        "Wheel Size"
      ],
      "optionA": {
        "trial_id": "9",
        "task_id": "30",
        "values": "10.0, 29.0",
        "target_value": 25
      },
      "optionB": {
        "trial_id": "6",
        "task_id": "30",
        "values": "14.0, 26.0",
        "target_value": 20
      },
      "choice": {
        "button": "F",
        "selected_option": "OptionA"
      }
    },
    {
      "question": "attention_check_9",
      "choice": "J",
      "passed": true,
      "timestamp": 1756154933442
    },
    {
      "question": 10,
      "target": "Exam Score (points)",
      "target_value": 78,
      "options": [
        "Study Time (hours)",
        "Distractions (number)"
      ],
      "optionA": {
        "trial_id": "14",
        "task_id": "23",
        "values": "5.0, 2",
        "target_value": 78
      },
      "optionB": {
        "trial_id": "5",
        "task_id": "23",
        "values": "4.0, 3",
        "target_value": 70
      },
      "choice": {
        "button": "F",
        "selected_option": "OptionA"
      }
    },
    {
      "question": 11,
      "target": "Flower Size",
      "target_value": 4,
      "options": [
        "Plant Height",
        "Number of Leaves"
      ],
      "optionA": {
        "trial_id": "18",
        "task_id": "80",
        "values": "30.0, 12",
        "target_value": 4
      },
      "optionB": {
        "trial_id": "14",
        "task_id": "80",
        "values": "31.0, 10",
        "target_value": 5
      },
      "choice": {
        "button": "F",
        "selected_option": "OptionA"
      }
    },
    {
      "question": 12,
      "target": "Battery life",
      "target_value": 12,
      "options": [
        "Battery capacity",
        "Weight"
      ],
      "optionA": {
        "trial_id": "20",
        "task_id": "75",
        "values": "5000.0, 320",
        "target_value": 12
      },
      "optionB": {
        "trial_id": "14",
        "task_id": "75",
        "values": "5500.0, 310",
        "target_value": 13
      },
      "choice": {
        "button": "J",
        "selected_option": "OptionB"
      }
    },
    {
      "question": 13,
      "target": "Battery Life",
      "target_value": 24,
      "options": [
        "Phone Battery Capacity",
        "Screen Size"
      ],
      "optionA": {
        "trial_id": "19",
        "task_id": "28",
        "values": "4800.0, 5.6",
        "target_value": 24
      },
      "optionB": {
        "trial_id": "1",
        "task_id": "28",
        "values": "4000.0, 6.1",
        "target_value": 18
      },
      "choice": {
        "button": "F",
        "selected_option": "OptionA"
      }
    },
    {
      "question": 14,
      "target": "Race Finish Time (minutes)",
      "target_value": 13.5,
      "options": [
        "Runner Speed (mph)",
        "Runner Weight (lbs)"
      ],
      "optionA": {
        "trial_id": "17",
        "task_id": "37",
        "values": "9.5, 125.0",
        "target_value": 13.5
      },
      "optionB": {
        "trial_id": "16",
        "task_id": "37",
        "values": "7.5, 145.0",
        "target_value": 17.5
      },
      "choice": {
        "button": "J",
        "selected_option": "OptionB"
      }
    },
    {
      "question": 15,
      "target": "Battery Life (hours)",
      "target_value": 9,
      "options": [
        "Phone Battery (mAh)",
        "Screen Brightness (%)"
      ],
      "optionA": {
        "trial_id": "13",
        "task_id": "5",
        "values": "3500.0, 60",
        "target_value": 9
      },
      "optionB": {
        "trial_id": "6",
        "task_id": "5",
        "values": "3500.0, 70",
        "target_value": 8
      },
      "choice": {
        "button": "F",
        "selected_option": "OptionA"
      }
    },
    {
      "question": 16,
      "target": "Exam score",
      "target_value": 90,
      "options": [
        "Study hours",
        "Intelligence"
      ],
      "optionA": {
        "trial_id": "3",
        "task_id": "81",
        "values": "6.0, 70",
        "target_value": 90
      },
      "optionB": {
        "trial_id": "5",
        "task_id": "81",
        "values": "3.0, 90",
        "target_value": 70
      },
      "choice": {
        "button": "J",
        "selected_option": "OptionB"
      }
    },
    {
      "question": 17,
      "target": "Heart Health Score",
      "target_value": 85,
      "options": [
        "Age (years)",
        "Exercise Frequency"
      ],
      "optionA": {
        "trial_id": "2",
        "task_id": "149",
        "values": "40.0, 6.0",
        "target_value": 85
      },
      "optionB": {
        "trial_id": "6",
        "task_id": "149",
        "values": "45.0, 7.0",
        "target_value": 82
      },
      "choice": {
        "button": "J",
        "selected_option": "OptionB"
      }
    },
    {
      "question": 18,
      "target": "Energy level (1-10)",
      "target_value": 9,
      "options": [
        "Hours of sleep",
        "Caffeine intake (mg)"
      ],
      "optionA": {
        "trial_id": "4",
        "task_id": "54",
        "values": "9.0, 30",
        "target_value": 9
      },
      "optionB": {
        "trial_id": "15",
        "task_id": "54",
        "values": "6.0, 100",
        "target_value": 5
      },
      "choice": {
        "button": "F",
        "selected_option": "OptionA"
      }
    },
    {
      "question": 19,
      "target": "Speed on Flat Ground",
      "target_value": 19,
      "options": [
        "Bike Weight",
        "Wheel Size"
      ],
      "optionA": {
        "trial_id": "14",
        "task_id": "30",
        "values": "14.0, 29.0",
        "target_value": 19
      },
      "optionB": {
        "trial_id": "5",
        "task_id": "30",
        "values": "9.0, 28.0",
        "target_value": 26
      },
      "choice": {
        "button": "J",
        "selected_option": "OptionB"
      }
    },
    {
      "question": "attention_check_19",
      "choice": "F",
      "passed": true,
      "timestamp": 1756155178892
    },
    {
      "question": 20,
      "target": "Cooling Time (min)",
      "target_value": 30,
      "options": [
        "Room Size (m\u00b2)",
        "Window Size (m\u00b2)"
      ],
      "optionA": {
        "trial_id": "4",
        "task_id": "143",
        "values": "22.0, 2.5",
        "target_value": 30
      },
      "optionB": {
        "trial_id": "19",
        "task_id": "143",
        "values": "23.0, 2.5",
        "target_value": 29
      },
      "choice": {
        "button": "J",
        "selected_option": "OptionB"
      }
    },
    {
      "question": 21,
      "target": "Shade Area (sq ft)",
      "target_value": 180,
      "options": [
        "Tree Height (ft)",
        "Tree Diameter (in)"
      ],
      "optionA": {
        "trial_id": "5",
        "task_id": "33",
        "values": "60.0, 6.0",
        "target_value": 180
      },
      "optionB": {
        "trial_id": "18",
        "task_id": "33",
        "values": "65.0, 7.0",
        "target_value": 190
      },
      "choice": {
        "button": "J",
        "selected_option": "OptionB"
      }
    },
    {
      "question": 22,
      "target": "Morning Alertness",
      "target_value": 9,
      "options": [
        "Hours of Sleep",
        "Number of Alarms"
      ],
      "optionA": {
        "trial_id": "3",
        "task_id": "160",
        "values": "8.0, 0",
        "target_value": 9
      },
      "optionB": {
        "trial_id": "14",
        "task_id": "160",
        "values": "7.0, 2",
        "target_value": 6
      },
      "choice": {
        "button": "J",
        "selected_option": "OptionB"
      }
    },
    {
      "question": 23,
      "target": "Usage Time",
      "target_value": 13,
      "options": [
        "Battery Capacity",
        "Weight"
      ],
      "optionA": {
        "trial_id": "7",
        "task_id": "22",
        "values": "4500.0, 190.0",
        "target_value": 13
      },
      "optionB": {
        "trial_id": "2",
        "task_id": "22",
        "values": "3500.0, 220.0",
        "target_value": 11
      },
      "choice": {
        "button": "F",
        "selected_option": "OptionA"
      }
    },
    {
      "question": 24,
      "target": "Bicycle Speed",
      "target_value": 22,
      "options": [
        "Bicycle Weight",
        "Bicycle Price"
      ],
      "optionA": {
        "trial_id": "7",
        "task_id": "39",
        "values": "16.0, 440",
        "target_value": 22
      },
      "optionB": {
        "trial_id": "9",
        "task_id": "39",
        "values": "18.0, 420",
        "target_value": 21
      },
      "choice": {
        "button": "F",
        "selected_option": "OptionA"
      }
    },
    {
      "question": 25,
      "target": "Comfort Rating",
      "target_value": 8.1,
      "options": [
        "Shoe Weight",
        "Brand Popularity"
      ],
      "optionA": {
        "trial_id": "17",
        "task_id": "29",
        "values": "220.0, 8.0",
        "target_value": 8.1
      },
      "optionB": {
        "trial_id": "13",
        "task_id": "29",
        "values": "200.0, 7.0",
        "target_value": 8
      },
      "choice": {
        "button": "J",
        "selected_option": "OptionB"
      }
    },
    {
      "question": 26,
      "target": "Heating cost (per month)",
      "target_value": 320,
      "options": [
        "House size (sqm)",
        "Number of windows"
      ],
      "optionA": {
        "trial_id": "4",
        "task_id": "151",
        "values": "110.0, 6.0",
        "target_value": 320
      },
      "optionB": {
        "trial_id": "1",
        "task_id": "151",
        "values": "100.0, 6.0",
        "target_value": 300
      },
      "choice": {
        "button": "F",
        "selected_option": "OptionA"
      }
    },
    {
      "question": 27,
      "target": "Fuel efficiency (km/l)",
      "target_value": 17,
      "options": [
        "Car weight (kg)",
        "Engine size (cc)"
      ],
      "optionA": {
        "trial_id": "7",
        "task_id": "153",
        "values": "1000.0, 1800.0",
        "target_value": 17
      },
      "optionB": {
        "trial_id": "4",
        "task_id": "153",
        "values": "1500.0, 1300.0",
        "target_value": 11
      },
      "choice": {
        "button": "F",
        "selected_option": "OptionA"
      }
    },
    {
      "question": 28,
      "target": "Reliability",
      "target_value": 80,
      "options": [
        "Car age",
        "Maintenance cost"
      ],
      "optionA": {
        "trial_id": "13",
        "task_id": "83",
        "values": "4.0, 1400",
        "target_value": 80
      },
      "optionB": {
        "trial_id": "15",
        "task_id": "83",
        "values": "7.0, 1100",
        "target_value": 65
      },
      "choice": {
        "button": "F",
        "selected_option": "OptionA"
      }
    },
    {
      "question": 29,
      "target": "Energy Level (scale 1-10)",
      "target_value": 2,
      "options": [
        "Age (years)",
        "Number of Pets"
      ],
      "optionA": {
        "trial_id": "9",
        "task_id": "165",
        "values": "10.0, 4",
        "target_value": 2
      },
      "optionB": {
        "trial_id": "19",
        "task_id": "165",
        "values": "5.0, 3",
        "target_value": 5
      },
      "choice": {
        "button": "J",
        "selected_option": "OptionB"
      }
    },
    {
      "question": "attention_check_29",
      "choice": "J",
      "passed": true,
      "timestamp": 1756155400576
    },
    {
      "question": 30,
      "target": "Exam score (points)",
      "target_value": 75,
      "options": [
        "Time spent studying (hours)",
        "Number of breaks (times)"
      ],
      "optionA": {
        "trial_id": "18",
        "task_id": "89",
        "values": "4.0, 2",
        "target_value": 75
      },
      "optionB": {
        "trial_id": "10",
        "task_id": "89",
        "values": "3.0, 4",
        "target_value": 78
      },
      "choice": {
        "button": "F",
        "selected_option": "OptionA"
      }
    },
    {
      "question": 31,
      "target": "Fuel Efficiency (km/l)",
      "target_value": 11,
      "options": [
        "Car Engine Size (liters)",
        "Weight (kg)"
      ],
      "optionA": {
        "trial_id": "9",
        "task_id": "103",
        "values": "2.2, 1350.0",
        "target_value": 11
      },
      "optionB": {
        "trial_id": "4",
        "task_id": "103",
        "values": "3.5, 1400.0",
        "target_value": 8
      },
      "choice": {
        "button": "F",
        "selected_option": "OptionA"
      }
    },
    {
      "question": 32,
      "target": "Exam score",
      "target_value": 70,
      "options": [
        "Time spent studying",
        "Time spent watching TV"
      ],
      "optionA": {
        "trial_id": "8",
        "task_id": "100",
        "values": "5.0, 3.0",
        "target_value": 70
      },
      "optionB": {
        "trial_id": "17",
        "task_id": "100",
        "values": "4.0, 2.0",
        "target_value": 60
      },
      "choice": {
        "button": "F",
        "selected_option": "OptionA"
      }
    },
    {
      "question": 33,
      "target": "Taste Rating (scale 1-10)",
      "target_value": 8,
      "options": [
        "Number of Ingredients",
        "Cooking Time (minutes)"
      ],
      "optionA": {
        "trial_id": "7",
        "task_id": "167",
        "values": "9.0, 30",
        "target_value": 8
      },
      "optionB": {
        "trial_id": "10",
        "task_id": "167",
        "values": "13.0, 50",
        "target_value": 5
      },
      "choice": {
        "button": "J",
        "selected_option": "OptionB"
      }
    },
    {
      "question": 34,
      "target": "Shadow coverage",
      "target_value": 65,
      "options": [
        "Tree height",
        "Tree thickness"
      ],
      "optionA": {
        "trial_id": "5",
        "task_id": "58",
        "values": "8.0, 4.0",
        "target_value": 65
      },
      "optionB": {
        "trial_id": "6",
        "task_id": "58",
        "values": "6.0, 5.0",
        "target_value": 60
      },
      "choice": {
        "button": "F",
        "selected_option": "OptionA"
      }
    },
    {
      "question": 35,
      "target": "Distance Traveled",
      "target_value": 750,
      "options": [
        "Speed",
        "Comfort"
      ],
      "optionA": {
        "trial_id": "19",
        "task_id": "129",
        "values": "150.0, 0.1",
        "target_value": 750
      },
      "optionB": {
        "trial_id": "19",
        "task_id": "129",
        "values": "150.0, 0.1",
        "target_value": 750
      },
      "choice": {
        "button": "F",
        "selected_option": "OptionA"
      }
    },
    {
      "question": 36,
      "target": "Phone Performance Score",
      "target_value": 9.6,
      "options": [
        "Phone Processor Speed",
        "Phone Battery Capacity"
      ],
      "optionA": {
        "trial_id": "18",
        "task_id": "10",
        "values": "5.0, 2500",
        "target_value": 9.6
      },
      "optionB": {
        "trial_id": "15",
        "task_id": "10",
        "values": "5.0, 2500",
        "target_value": 9.6
      },
      "choice": {
        "button": "J",
        "selected_option": "OptionB"
      }
    },
    {
      "question": 37,
      "target": "Time to Destination (hours)",
      "target_value": 2,
      "options": [
        "Car Speed (mph)",
        "Fuel Efficiency (mpg)"
      ],
      "optionA": {
        "trial_id": "1",
        "task_id": "32",
        "values": "60.0, 30.0",
        "target_value": 2
      },
      "optionB": {
        "trial_id": "15",
        "task_id": "32",
        "values": "85.0, 18.0",
        "target_value": 1
      },
      "choice": {
        "button": "F",
        "selected_option": "OptionA"
      }
    },
    {
      "question": 38,
      "target": "Heating cost (per month)",
      "target_value": 360,
      "options": [
        "House size (sqm)",
        "Number of windows"
      ],
      "optionA": {
        "trial_id": "16",
        "task_id": "151",
        "values": "130.0, 5.0",
        "target_value": 360
      },
      "optionB": {
        "trial_id": "6",
        "task_id": "151",
        "values": "140.0, 3.0",
        "target_value": 400
      },
      "choice": {
        "button": "J",
        "selected_option": "OptionB"
      }
    },
    {
      "question": 39,
      "target": "Heart rate",
      "target_value": 80,
      "options": [
        "Age",
        "Exercise hours"
      ],
      "optionA": {
        "trial_id": "20",
        "task_id": "77",
        "values": "60.0, 1",
        "target_value": 80
      },
      "optionB": {
        "trial_id": "18",
        "task_id": "82",
        "values": "32.0, 3",
        "target_value": 90
      },
      "choice": {
        "button": "F",
        "selected_option": "OptionA"
      }
    },
    {
      "question": "attention_check_39",
      "choice": "F",
      "passed": true,
      "timestamp": 1756155572834
    },
    {
      "question": 40,
      "target": "Time to Destination (hours)",
      "target_value": 1.1,
      "options": [
        "Car Speed (mph)",
        "Fuel Efficiency (mpg)"
      ],
      "optionA": {
        "trial_id": "18",
        "task_id": "32",
        "values": "85.0, 16.0",
        "target_value": 1.1
      },
      "optionB": {
        "trial_id": "4",
        "task_id": "32",
        "values": "50.0, 30.0",
        "target_value": 2.5
      },
      "choice": {
        "button": "J",
        "selected_option": "OptionB"
      }
    },
    {
      "question": 41,
      "target": "Garden yield (kg)",
      "target_value": 46,
      "options": [
        "Amount of fertilizer (grams)",
        "Rainfall (mm/week)"
      ],
      "optionA": {
        "trial_id": "18",
        "task_id": "92",
        "values": "150.0, 150",
        "target_value": 46
      },
      "optionB": {
        "trial_id": "13",
        "task_id": "92",
        "values": "280.0, 80",
        "target_value": 58
      },
      "choice": {
        "button": "F",
        "selected_option": "OptionA"
      }
    },
    {
      "question": 42,
      "target": "Playfulness score (1-10)",
      "target_value": 7.8,
      "options": [
        "Dog weight (kg)",
        "Dog age (years)"
      ],
      "optionA": {
        "trial_id": "15",
        "task_id": "147",
        "values": "10.0, 3",
        "target_value": 7.8
      },
      "optionB": {
        "trial_id": "11",
        "task_id": "147",
        "values": "13.0, 4",
        "target_value": 6.5
      },
      "choice": {
        "button": "F",
        "selected_option": "OptionA"
      }
    },
    {
      "question": 43,
      "target": "Time to Destination (hours)",
      "target_value": 2,
      "options": [
        "Car Speed (mph)",
        "Fuel Efficiency (mpg)"
      ],
      "optionA": {
        "trial_id": "1",
        "task_id": "32",
        "values": "60.0, 30.0",
        "target_value": 2
      },
      "optionB": {
        "trial_id": "19",
        "task_id": "32",
        "values": "110.0, 8.0",
        "target_value": 0.5
      },
      "choice": {
        "button": "F",
        "selected_option": "OptionA"
      }
    },
    {
      "question": 44,
      "target": "Exam Score",
      "target_value": 70,
      "options": [
        "Student Study Time",
        "Time Spent on Social Media"
      ],
      "optionA": {
        "trial_id": "17",
        "task_id": "79",
        "values": "3.0, 5",
        "target_value": 70
      },
      "optionB": {
        "trial_id": "6",
        "task_id": "79",
        "values": "5.0, 1",
        "target_value": 85
      },
      "choice": {
        "button": "J",
        "selected_option": "OptionB"
      }
    },
    {
      "question": 45,
      "target": "Exam score (points)",
      "target_value": 60,
      "options": [
        "Time spent studying (hours)",
        "Number of breaks (times)"
      ],
      "optionA": {
        "trial_id": "20",
        "task_id": "89",
        "values": "0.0, 4",
        "target_value": 60
      },
      "optionB": {
        "trial_id": "5",
        "task_id": "89",
        "values": "5.0, 0",
        "target_value": 95
      },
      "choice": {
        "button": "J",
        "selected_option": "OptionB"
      }
    },
    {
      "question": 46,
      "target": "House price ($)",
      "target_value": 250000,
      "options": [
        "House size (sq ft)",
        "House age (years)"
      ],
      "optionA": {
        "trial_id": "12",
        "task_id": "155",
        "values": "2100.0, 13.0",
        "target_value": 250000
      },
      "optionB": {
        "trial_id": "19",
        "task_id": "155",
        "values": "2250.0, 11.0",
        "target_value": 305000
      },
      "choice": {
        "button": "J",
        "selected_option": "OptionB"
      }
    },
    {
      "question": 47,
      "target": "BMI",
      "target_value": 25.4,
      "options": [
        "Height (inches)",
        "Weight (lbs)"
      ],
      "optionA": {
        "trial_id": "13",
        "task_id": "158",
        "values": "67.0, 150.0",
        "target_value": 25.4
      },
      "optionB": {
        "trial_id": "2",
        "task_id": "158",
        "values": "65.0, 160.0",
        "target_value": 30.2
      },
      "choice": {
        "button": "J",
        "selected_option": "OptionB"
      }
    },
    {
      "question": 48,
      "target": "Taste Score",
      "target_value": 6.8,
      "options": [
        "Cooking Time",
        "Spice Level"
      ],
      "optionA": {
        "trial_id": "11",
        "task_id": "130",
        "values": "45.0, 10.0",
        "target_value": 6.8
      },
      "optionB": {
        "trial_id": "1",
        "task_id": "130",
        "values": "20.0, 5.0",
        "target_value": 8
      },
      "choice": {
        "button": "F",
        "selected_option": "OptionA"
      }
    },
    {
      "question": 49,
      "target": "Energy Level",
      "target_value": 5,
      "options": [
        "Age of Dog (years)",
        "Size (lbs)"
      ],
      "optionA": {
        "trial_id": "8",
        "task_id": "159",
        "values": "4.0, 20.0",
        "target_value": 5
      },
      "optionB": {
        "trial_id": "15",
        "task_id": "159",
        "values": "2.0, 12.0",
        "target_value": 8
      },
      "choice": {
        "button": "F",
        "selected_option": "OptionA"
      }
    },
    {
      "question": 50,
      "target": "Comfort Rating",
      "target_value": 8.1,
      "options": [
        "Shoe Weight",
        "Brand Popularity"
      ],
      "optionA": {
        "trial_id": "17",
        "task_id": "29",
        "values": "220.0, 8.0",
        "target_value": 8.1
      },
      "optionB": {
        "trial_id": "6",
        "task_id": "29",
        "values": "260.0, 6.0",
        "target_value": 7.3
      },
      "choice": {
        "button": "F",
        "selected_option": "OptionA"
      }
    }
  ]
}