{
  "prolific_id": "UNKNOWN",
  "condition_group": "direction",
  "responses": [
    {
      "question": 1,
      "target": "Restaurant Customer Satisfaction",
      "target_value": 8.5,
      "options": [
        "Restaurant Menu Size",
        "Restaurant Price Rating"
      ],
      "optionA": {
        "trial_id": "17",
        "task_id": "25",
        "values": "25.0, 4.6",
        "target_value": 8.5
      },
      "optionB": {
        "trial_id": "4",
        "task_id": "25",
        "values": "23.0, 4.6",
        "target_value": 8.5
      },
      "choice": {
        "button": "F",
        "selected_option": "OptionA"
      }
    },
    {
      "question": 2,
      "target": "Flavor Strength",
      "target_value": 8,
      "options": [
        "Coffee Bean Size",
        "Bean Roast"
      ],
      "optionA": {
        "trial_id": "2",
        "task_id": "64",
        "values": "6.0, 3.0",
        "target_value": 8
      },
      "optionB": {
        "trial_id": "15",
        "task_id": "64",
        "values": "4.0, 1.0",
        "target_value": 5
      },
      "choice": {
        "button": "F",
        "selected_option": "OptionA"
      }
    },
    {
      "question": 3,
      "target": "Customer Satisfaction",
      "target_value": 7.5,
      "options": [
        "Price ($)",
        "Quality Rating (1-10)"
      ],
      "optionA": {
        "trial_id": "18",
        "task_id": "49",
        "values": "100.0, 7.0",
        "target_value": 7.5
      },
      "optionB": {
        "trial_id": "18",
        "task_id": "49",
        "values": "100.0, 7.0",
        "target_value": 7.5
      },
      "choice": {
        "button": "F",
        "selected_option": "OptionA"
      }
    },
    {
      "question": 4,
      "target": "Restaurant Customer Satisfaction",
      "target_value": 8.9,
      "options": [
        "Restaurant Menu Size",
        "Restaurant Online Rating"
      ],
      "optionA": {
        "trial_id": "12",
        "task_id": "24",
        "values": "20.0, 4.8",
        "target_value": 8.9
      },
      "optionB": {
        "trial_id": "10",
        "task_id": "24",
        "values": "25.0, 4.5",
        "target_value": 8.6
      },
      "choice": {
        "button": "F",
        "selected_option": "OptionA"
      }
    },
    {
      "question": 5,
      "target": "Popularity Score",
      "target_value": 63,
      "options": [
        "Price ($)",
        "Rating (1-10)"
      ],
      "optionA": {
        "trial_id": "15",
        "task_id": "97",
        "values": "40.0, 7.0",
        "target_value": 63
      },
      "optionB": {
        "trial_id": "6",
        "task_id": "97",
        "values": "50.0, 8.0",
        "target_value": 73
      },
      "choice": {
        "button": "J",
        "selected_option": "OptionB"
      }
    },
    {
      "question": 6,
      "target": "Time to destination (hours)",
      "target_value": 0.4,
      "options": [
        "Distance (miles)",
        "Speed (mph)"
      ],
      "optionA": {
        "trial_id": "14",
        "task_id": "118",
        "values": "24.0, 65.0",
        "target_value": 0.4
      },
      "optionB": {
        "trial_id": "19",
        "task_id": "118",
        "values": "28.0, 75.0",
        "target_value": 0.42
      },
      "choice": {
        "button": "F",
        "selected_option": "OptionA"
      }
    },
    {
      "question": 7,
      "target": "Recipe Complexity",
      "target_value": 9,
      "options": [
        "Recipe Servings",
        "Recipe Ingredients"
      ],
      "optionA": {
        "trial_id": "19",
        "task_id": "106",
        "values": "8.0, 14.0",
        "target_value": 9
      },
      "optionB": {
        "trial_id": "13",
        "task_id": "106",
        "values": "9.0, 15.0",
        "target_value": 9
      },
      "choice": {
        "button": "J",
        "selected_option": "OptionB"
      }
    },
    {
      "question": 8,
      "target": "Knowledge Content",
      "target_value": 6,
      "options": [
        "Book Thickness",
        "Book Reading Level"
      ],
      "optionA": {
        "trial_id": "1",
        "task_id": "6",
        "values": "30.0, 3.0",
        "target_value": 6
      },
      "optionB": {
        "trial_id": "10",
        "task_id": "6",
        "values": "27.0, 4.0",
        "target_value": 6
      },
      "choice": {
        "button": "J",
        "selected_option": "OptionB"
      }
    },
    {
      "question": 9,
      "target": "Exam Score",
      "target_value": 73,
      "options": [
        "Student Study Time (hours)",
        "Class Attendance (%)"
      ],
      "optionA": {
        "trial_id": "18",
        "task_id": "40",
        "values": "7.0, 80.0",
        "target_value": 73
      },
      "optionB": {
        "trial_id": "10",
        "task_id": "40",
        "values": "7.0, 90.0",
        "target_value": 82
      },
      "choice": {
        "button": "J",
        "selected_option": "OptionB"
      }
    },
    {
      "question": "attention_check_9",
      "choice": "J",
      "passed": true,
      "timestamp": 1756155330699
    },
    {
      "question": 10,
      "target": "Performance Quality (on scale 1-10)",
      "target_value": 9,
      "options": [
        "Hours of Practice",
        "Musical Experience (years)"
      ],
      "optionA": {
        "trial_id": "7",
        "task_id": "17",
        "values": "70.0, 5.0",
        "target_value": 9
      },
      "optionB": {
        "trial_id": "20",
        "task_id": "17",
        "values": "110.0, 4.0",
        "target_value": 9
      },
      "choice": {
        "button": "F",
        "selected_option": "OptionA"
      }
    },
    {
      "question": 11,
      "target": "Light amount",
      "target_value": 9,
      "options": [
        "Room size (m2)",
        "Number of windows"
      ],
      "optionA": {
        "trial_id": "18",
        "task_id": "85",
        "values": "25.0, 4.0",
        "target_value": 9
      },
      "optionB": {
        "trial_id": "15",
        "task_id": "85",
        "values": "30.0, 2.0",
        "target_value": 7
      },
      "choice": {
        "button": "F",
        "selected_option": "OptionA"
      }
    },
    {
      "question": 12,
      "target": "Jump Height",
      "target_value": 98,
      "options": [
        "Height",
        "Arm Length"
      ],
      "optionA": {
        "trial_id": "10",
        "task_id": "115",
        "values": "210.0, 82.0",
        "target_value": 98
      },
      "optionB": {
        "trial_id": "9",
        "task_id": "115",
        "values": "200.0, 80.0",
        "target_value": 95
      },
      "choice": {
        "button": "F",
        "selected_option": "OptionA"
      }
    },
    {
      "question": 13,
      "target": "House Price ($1000s)",
      "target_value": 320,
      "options": [
        "Number of Rooms",
        "Square Feet"
      ],
      "optionA": {
        "trial_id": "6",
        "task_id": "77",
        "values": "4.0, 1900.0",
        "target_value": 320
      },
      "optionB": {
        "trial_id": "19",
        "task_id": "77",
        "values": "4.0, 2200.0",
        "target_value": 340
      },
      "choice": {
        "button": "J",
        "selected_option": "OptionB"
      }
    },
    {
      "question": 14,
      "target": "Energy Level",
      "target_value": 9,
      "options": [
        "Dog Size",
        "Exercise Needs"
      ],
      "optionA": {
        "trial_id": "14",
        "task_id": "88",
        "values": "45.0, 9.0",
        "target_value": 9
      },
      "optionB": {
        "trial_id": "2",
        "task_id": "88",
        "values": "40.0, 7.0",
        "target_value": 8
      },
      "choice": {
        "button": "F",
        "selected_option": "OptionA"
      }
    },
    {
      "question": 15,
      "target": "Battery life",
      "target_value": 13,
      "options": [
        "Phone battery",
        "Screen size"
      ],
      "optionA": {
        "trial_id": "12",
        "task_id": "69",
        "values": "4000.0, 6.0",
        "target_value": 13
      },
      "optionB": {
        "trial_id": "8",
        "task_id": "69",
        "values": "2500.0, 4.0",
        "target_value": 10
      },
      "choice": {
        "button": "F",
        "selected_option": "OptionA"
      }
    },
    {
      "question": 16,
      "target": "Apartment price",
      "target_value": 1100,
      "options": [
        "Distance from city center",
        "Room size"
      ],
      "optionA": {
        "trial_id": "19",
        "task_id": "58",
        "values": "1.0, 30.0",
        "target_value": 1100
      },
      "optionB": {
        "trial_id": "19",
        "task_id": "58",
        "values": "1.0, 30.0",
        "target_value": 1100
      },
      "choice": {
        "button": "J",
        "selected_option": "OptionB"
      }
    },
    {
      "question": 17,
      "target": "Satiety (on scale 1-10)",
      "target_value": 5,
      "options": [
        "Number of Calories",
        "Protein (g)"
      ],
      "optionA": {
        "trial_id": "11",
        "task_id": "16",
        "values": "200.0, 8.0",
        "target_value": 5
      },
      "optionB": {
        "trial_id": "3",
        "task_id": "16",
        "values": "300.0, 12.0",
        "target_value": 7
      },
      "choice": {
        "button": "J",
        "selected_option": "OptionB"
      }
    },
    {
      "question": 18,
      "target": "Training Difficulty (1-10)",
      "target_value": 7,
      "options": [
        "Dog Size",
        "Dog Energy Level"
      ],
      "optionA": {
        "trial_id": "8",
        "task_id": "82",
        "values": "65.0, 8.0",
        "target_value": 7
      },
      "optionB": {
        "trial_id": "4",
        "task_id": "82",
        "values": "55.0, 7.0",
        "target_value": 6
      },
      "choice": {
        "button": "F",
        "selected_option": "OptionA"
      }
    },
    {
      "question": 19,
      "target": "Comfort",
      "target_value": 65,
      "options": [
        "Shoe Weight",
        "Brand Reputation"
      ],
      "optionA": {
        "trial_id": "8",
        "task_id": "62",
        "values": "180.0, 3.0",
        "target_value": 65
      },
      "optionB": {
        "trial_id": "9",
        "task_id": "62",
        "values": "240.0, 6.0",
        "target_value": 80
      },
      "choice": {
        "button": "F",
        "selected_option": "OptionA"
      }
    },
    {
      "question": "attention_check_19",
      "choice": "F",
      "passed": true,
      "timestamp": 1756155614236
    },
    {
      "question": 20,
      "target": "Speed (km/h)",
      "target_value": 180,
      "options": [
        "Engine Horsepower",
        "Weight (kg)"
      ],
      "optionA": {
        "trial_id": "10",
        "task_id": "47",
        "values": "180.0, 1350.0",
        "target_value": 180
      },
      "optionB": {
        "trial_id": "14",
        "task_id": "47",
        "values": "210.0, 1500.0",
        "target_value": 193
      },
      "choice": {
        "button": "F",
        "selected_option": "OptionA"
      }
    },
    {
      "question": 21,
      "target": "Dog Energy Level",
      "target_value": 8,
      "options": [
        "Dog Weight",
        "Dog Activity Level"
      ],
      "optionA": {
        "trial_id": "4",
        "task_id": "105",
        "values": "25.0, 5.0",
        "target_value": 8
      },
      "optionB": {
        "trial_id": "13",
        "task_id": "105",
        "values": "38.0, 7.0",
        "target_value": 10
      },
      "choice": {
        "button": "J",
        "selected_option": "OptionB"
      }
    },
    {
      "question": 22,
      "target": "Battery life",
      "target_value": 13,
      "options": [
        "Phone battery",
        "Screen size"
      ],
      "optionA": {
        "trial_id": "10",
        "task_id": "69",
        "values": "3500.0, 6.0",
        "target_value": 13
      },
      "optionB": {
        "trial_id": "9",
        "task_id": "69",
        "values": "4500.0, 7.0",
        "target_value": 14
      },
      "choice": {
        "button": "J",
        "selected_option": "OptionB"
      }
    },
    {
      "question": 23,
      "target": "Exercise Intensity",
      "target_value": 6.5,
      "options": [
        "Time to Walk (min)",
        "Number of Steps"
      ],
      "optionA": {
        "trial_id": "17",
        "task_id": "95",
        "values": "13.0, 1300.0",
        "target_value": 6.5
      },
      "optionB": {
        "trial_id": "19",
        "task_id": "95",
        "values": "10.0, 900.0",
        "target_value": 4.5
      },
      "choice": {
        "button": "F",
        "selected_option": "OptionA"
      }
    },
    {
      "question": 24,
      "target": "Comfort",
      "target_value": 70,
      "options": [
        "Shoe Weight",
        "Brand Reputation"
      ],
      "optionA": {
        "trial_id": "16",
        "task_id": "62",
        "values": "190.0, 4.0",
        "target_value": 70
      },
      "optionB": {
        "trial_id": "7",
        "task_id": "62",
        "values": "160.0, 2.0",
        "target_value": 60
      },
      "choice": {
        "button": "F",
        "selected_option": "OptionA"
      }
    },
    {
      "question": 25,
      "target": "Doneness",
      "target_value": 70,
      "options": [
        "Cooking Time",
        "Size"
      ],
      "optionA": {
        "trial_id": "4",
        "task_id": "116",
        "values": "30.0, 200.0",
        "target_value": 70
      },
      "optionB": {
        "trial_id": "16",
        "task_id": "116",
        "values": "30.0, 200.0",
        "target_value": 70
      },
      "choice": {
        "button": "F",
        "selected_option": "OptionA"
      }
    },
    {
      "question": 26,
      "target": "Bike Speed",
      "target_value": 20,
      "options": [
        "Bike Weight",
        "Bike Wheel Size"
      ],
      "optionA": {
        "trial_id": "16",
        "task_id": "107",
        "values": "10.0, 24.0",
        "target_value": 20
      },
      "optionB": {
        "trial_id": "5",
        "task_id": "107",
        "values": "14.0, 29.5",
        "target_value": 30
      },
      "choice": {
        "button": "F",
        "selected_option": "OptionA"
      }
    },
    {
      "question": 27,
      "target": "Bike Speed",
      "target_value": 22,
      "options": [
        "Bike Weight",
        "Bike Wheel Size"
      ],
      "optionA": {
        "trial_id": "10",
        "task_id": "107",
        "values": "12.0, 26.5",
        "target_value": 22
      },
      "optionB": {
        "trial_id": "4",
        "task_id": "107",
        "values": "14.0, 27.5",
        "target_value": 24
      },
      "choice": {
        "button": "F",
        "selected_option": "OptionA"
      }
    },
    {
      "question": 28,
      "target": "Growth Rate",
      "target_value": 6,
      "options": [
        "Plant Leaf Size",
        "Plant Height"
      ],
      "optionA": {
        "trial_id": "6",
        "task_id": "65",
        "values": "16.0, 80.0",
        "target_value": 6
      },
      "optionB": {
        "trial_id": "8",
        "task_id": "65",
        "values": "8.0, 40.0",
        "target_value": 2
      },
      "choice": {
        "button": "F",
        "selected_option": "OptionA"
      }
    },
    {
      "question": 29,
      "target": "Restaurant Customer Satisfaction",
      "target_value": 8.8,
      "options": [
        "Restaurant Menu Size",
        "Restaurant Online Rating"
      ],
      "optionA": {
        "trial_id": "20",
        "task_id": "24",
        "values": "22.0, 4.7",
        "target_value": 8.8
      },
      "optionB": {
        "trial_id": "5",
        "task_id": "24",
        "values": "15.0, 4.7",
        "target_value": 8.5
      },
      "choice": {
        "button": "F",
        "selected_option": "OptionA"
      }
    },
    {
      "question": "attention_check_29",
      "choice": "J",
      "passed": true,
      "timestamp": 1756155843262
    },
    {
      "question": 30,
      "target": "Job Success",
      "target_value": 70,
      "options": [
        "Age",
        "Experience"
      ],
      "optionA": {
        "trial_id": "8",
        "task_id": "117",
        "values": "32.0, 5.0",
        "target_value": 70
      },
      "optionB": {
        "trial_id": "15",
        "task_id": "117",
        "values": "25.0, 3.0",
        "target_value": 60
      },
      "choice": {
        "button": "F",
        "selected_option": "OptionA"
      }
    },
    {
      "question": 31,
      "target": "Battery Life",
      "target_value": 33,
      "options": [
        "Phone Weight",
        "Battery Capacity"
      ],
      "optionA": {
        "trial_id": "14",
        "task_id": "54",
        "values": "240.0, 4000.0",
        "target_value": 33
      },
      "optionB": {
        "trial_id": "6",
        "task_id": "54",
        "values": "240.0, 4400.0",
        "target_value": 34
      },
      "choice": {
        "button": "J",
        "selected_option": "OptionB"
      }
    },
    {
      "question": 32,
      "target": "Prep Time (min)",
      "target_value": 15,
      "options": [
        "Number of Ingredients",
        "Cooking Time (min)"
      ],
      "optionA": {
        "trial_id": "5",
        "task_id": "96",
        "values": "4.0, 20.0",
        "target_value": 15
      },
      "optionB": {
        "trial_id": "7",
        "task_id": "96",
        "values": "10.0, 35.0",
        "target_value": 27
      },
      "choice": {
        "button": "J",
        "selected_option": "OptionB"
      }
    },
    {
      "question": 33,
      "target": "Restaurant Popularity (on scale 1-10)",
      "target_value": 8,
      "options": [
        "Number of Reviews",
        "Average Rating (out of 5)"
      ],
      "optionA": {
        "trial_id": "1",
        "task_id": "19",
        "values": "100.0, 4.5",
        "target_value": 8
      },
      "optionB": {
        "trial_id": "8",
        "task_id": "19",
        "values": "200.0, 4.4",
        "target_value": 8
      },
      "choice": {
        "button": "F",
        "selected_option": "OptionA"
      }
    },
    {
      "question": 34,
      "target": "Exam Score",
      "target_value": 78,
      "options": [
        "Student Study Time (hours)",
        "Class Attendance (%)"
      ],
      "optionA": {
        "trial_id": "15",
        "task_id": "40",
        "values": "4.0, 95.0",
        "target_value": 78
      },
      "optionB": {
        "trial_id": "2",
        "task_id": "40",
        "values": "6.0, 75.0",
        "target_value": 72
      },
      "choice": {
        "button": "F",
        "selected_option": "OptionA"
      }
    },
    {
      "question": 35,
      "target": "Satiety (on scale 1-10)",
      "target_value": 8,
      "options": [
        "Number of Calories",
        "Protein (g)"
      ],
      "optionA": {
        "trial_id": "5",
        "task_id": "16",
        "values": "400.0, 16.0",
        "target_value": 8
      },
      "optionB": {
        "trial_id": "18",
        "task_id": "16",
        "values": "450.0, 18.0",
        "target_value": 9
      },
      "choice": {
        "button": "J",
        "selected_option": "OptionB"
      }
    },
    {
      "question": 36,
      "target": "Weight loss",
      "target_value": 1,
      "options": [
        "Exercise duration",
        "Intensity level"
      ],
      "optionA": {
        "trial_id": "15",
        "task_id": "67",
        "values": "25.0, 4.0",
        "target_value": 1
      },
      "optionB": {
        "trial_id": "1",
        "task_id": "67",
        "values": "30.0, 5.0",
        "target_value": 1.5
      },
      "choice": {
        "button": "J",
        "selected_option": "OptionB"
      }
    },
    {
      "question": 37,
      "target": "Dog Activity Level",
      "target_value": 10,
      "options": [
        "Dog Size",
        "Dog Exercise Needs"
      ],
      "optionA": {
        "trial_id": "18",
        "task_id": "3",
        "values": "60.0, 5.0",
        "target_value": 10
      },
      "optionB": {
        "trial_id": "13",
        "task_id": "3",
        "values": "55.0, 3.0",
        "target_value": 8
      },
      "choice": {
        "button": "F",
        "selected_option": "OptionA"
      }
    },
    {
      "question": 38,
      "target": "House Price",
      "target_value": 450000,
      "options": [
        "House Size sqft",
        "House Location Rating"
      ],
      "optionA": {
        "trial_id": "14",
        "task_id": "23",
        "values": "2200.0, 9.0",
        "target_value": 450000
      },
      "optionB": {
        "trial_id": "13",
        "task_id": "23",
        "values": "2600.0, 7.0",
        "target_value": 430000
      },
      "choice": {
        "button": "F",
        "selected_option": "OptionA"
      }
    },
    {
      "question": 39,
      "target": "Top Speed",
      "target_value": 125,
      "options": [
        "Car Engine Size",
        "Horsepower"
      ],
      "optionA": {
        "trial_id": "13",
        "task_id": "36",
        "values": "1.9, 170.0",
        "target_value": 125
      },
      "optionB": {
        "trial_id": "3",
        "task_id": "61",
        "values": "1.6, 120.0",
        "target_value": 100
      },
      "choice": {
        "button": "F",
        "selected_option": "OptionA"
      }
    },
    {
      "question": "attention_check_39",
      "choice": "F",
      "passed": true,
      "timestamp": 1756156037387
    },
    {
      "question": 40,
      "target": "User satisfaction",
      "target_value": 10,
      "options": [
        "Screen size (inches)",
        "RAM (GB)"
      ],
      "optionA": {
        "trial_id": "8",
        "task_id": "119",
        "values": "18.0, 6.0",
        "target_value": 10
      },
      "optionB": {
        "trial_id": "8",
        "task_id": "119",
        "values": "18.0, 6.0",
        "target_value": 10
      },
      "choice": {
        "button": "F",
        "selected_option": "OptionA"
      }
    },
    {
      "question": 41,
      "target": "Taste Rating (1-10)",
      "target_value": 7,
      "options": [
        "Time Spent Cooking (min)",
        "Number of Ingredients"
      ],
      "optionA": {
        "trial_id": "1",
        "task_id": "93",
        "values": "30.0, 5.0",
        "target_value": 7
      },
      "optionB": {
        "trial_id": "3",
        "task_id": "93",
        "values": "20.0, 4.0",
        "target_value": 6
      },
      "choice": {
        "button": "F",
        "selected_option": "OptionA"
      }
    },
    {
      "question": 42,
      "target": "Performance Quality (on scale 1-10)",
      "target_value": 7,
      "options": [
        "Hours of Practice",
        "Musical Experience (years)"
      ],
      "optionA": {
        "trial_id": "15",
        "task_id": "17",
        "values": "70.0, 3.0",
        "target_value": 7
      },
      "optionB": {
        "trial_id": "2",
        "task_id": "17",
        "values": "70.0, 2.0",
        "target_value": 6
      },
      "choice": {
        "button": "F",
        "selected_option": "OptionA"
      }
    },
    {
      "question": 43,
      "target": "Taste Rating (1-10)",
      "target_value": 8,
      "options": [
        "Minutes of Cooking",
        "Number of Ingredients"
      ],
      "optionA": {
        "trial_id": "15",
        "task_id": "56",
        "values": "35.0, 7.0",
        "target_value": 8
      },
      "optionB": {
        "trial_id": "14",
        "task_id": "56",
        "values": "25.0, 5.0",
        "target_value": 8
      },
      "choice": {
        "button": "F",
        "selected_option": "OptionA"
      }
    },
    {
      "question": 44,
      "target": "House Price (thousands)",
      "target_value": 340,
      "options": [
        "House Size (m\u00b2)",
        "House Distance to City (km)"
      ],
      "optionA": {
        "trial_id": "5",
        "task_id": "79",
        "values": "140.0, 10.0",
        "target_value": 340
      },
      "optionB": {
        "trial_id": "5",
        "task_id": "79",
        "values": "140.0, 10.0",
        "target_value": 340
      },
      "choice": {
        "button": "F",
        "selected_option": "OptionA"
      }
    },
    {
      "question": 45,
      "target": "Phone Battery Life",
      "target_value": 34,
      "options": [
        "Phone Battery Capacity",
        "Phone Weight"
      ],
      "optionA": {
        "trial_id": "11",
        "task_id": "108",
        "values": "4500.0, 215.0",
        "target_value": 34
      },
      "optionB": {
        "trial_id": "5",
        "task_id": "108",
        "values": "5000.0, 220.0",
        "target_value": 36
      },
      "choice": {
        "button": "J",
        "selected_option": "OptionB"
      }
    },
    {
      "question": 46,
      "target": "Comfort Score",
      "target_value": 7,
      "options": [
        "Price ($)",
        "Size (sqft)"
      ],
      "optionA": {
        "trial_id": "3",
        "task_id": "44",
        "values": "320000.0, 140.0",
        "target_value": 7
      },
      "optionB": {
        "trial_id": "15",
        "task_id": "44",
        "values": "270000.0, 130.0",
        "target_value": 6
      },
      "choice": {
        "button": "F",
        "selected_option": "OptionA"
      }
    },
    {
      "question": 47,
      "target": "Bike Speed",
      "target_value": 130,
      "options": [
        "Bike Weight",
        "Bike Power"
      ],
      "optionA": {
        "trial_id": "20",
        "task_id": "87",
        "values": "30.0, 650.0",
        "target_value": 130
      },
      "optionB": {
        "trial_id": "3",
        "task_id": "87",
        "values": "12.0, 200.0",
        "target_value": 40
      },
      "choice": {
        "button": "F",
        "selected_option": "OptionA"
      }
    },
    {
      "question": 48,
      "target": "Bike Speed",
      "target_value": 120,
      "options": [
        "Bike Weight",
        "Bike Power"
      ],
      "optionA": {
        "trial_id": "19",
        "task_id": "87",
        "values": "28.0, 600.0",
        "target_value": 120
      },
      "optionB": {
        "trial_id": "10",
        "task_id": "87",
        "values": "20.0, 400.0",
        "target_value": 80
      },
      "choice": {
        "button": "F",
        "selected_option": "OptionA"
      }
    },
    {
      "question": 49,
      "target": "Natural Light (on scale 1-10)",
      "target_value": 7,
      "options": [
        "Room Area (m2)",
        "Number of Windows"
      ],
      "optionA": {
        "trial_id": "11",
        "task_id": "15",
        "values": "28.0, 3.0",
        "target_value": 7
      },
      "optionB": {
        "trial_id": "9",
        "task_id": "15",
        "values": "24.0, 4.0",
        "target_value": 8
      },
      "choice": {
        "button": "J",
        "selected_option": "OptionB"
      }
    },
    {
      "question": 50,
      "target": "House Price",
      "target_value": 460000,
      "options": [
        "House Size sqft",
        "House Location Rating"
      ],
      "optionA": {
        "trial_id": "19",
        "task_id": "23",
        "values": "2500.0, 9.0",
        "target_value": 460000
      },
      "optionB": {
        "trial_id": "20",
        "task_id": "23",
        "values": "2000.0, 8.0",
        "target_value": 410000
      },
      "choice": {
        "button": "F",
        "selected_option": "OptionA"
      }
    }
  ]
}