{
  "prolific_id": "UNKNOWN",
  "condition_group": "direction",
  "responses": [
    {
      "question": 1,
      "target": "Restaurant Customer Satisfaction",
      "target_value": 8.7,
      "options": [
        "Restaurant Menu Size",
        "Restaurant Online Rating"
      ],
      "optionA": {
        "trial_id": "4",
        "task_id": "24",
        "values": "22.0, 4.7",
        "target_value": 8.7
      },
      "optionB": {
        "trial_id": "12",
        "task_id": "24",
        "values": "20.0, 4.8",
        "target_value": 8.9
      },
      "choice": {
        "button": "J",
        "selected_option": "OptionB"
      }
    },
    {
      "question": 2,
      "target": "Home Comfort (1-10)",
      "target_value": 6,
      "options": [
        "Number of Bedrooms",
        "Square Feet"
      ],
      "optionA": {
        "trial_id": "5",
        "task_id": "9",
        "values": "2.0, 1300.0",
        "target_value": 6
      },
      "optionB": {
        "trial_id": "15",
        "task_id": "9",
        "values": "4.0, 1650.0",
        "target_value": 8
      },
      "choice": {
        "button": "J",
        "selected_option": "OptionB"
      }
    },
    {
      "question": 3,
      "target": "Book Reading Time",
      "target_value": 130,
      "options": [
        "Book Thickness",
        "Book Length"
      ],
      "optionA": {
        "trial_id": "2",
        "task_id": "102",
        "values": "400.0, 180.0",
        "target_value": 130
      },
      "optionB": {
        "trial_id": "12",
        "task_id": "102",
        "values": "550.0, 210.0",
        "target_value": 145
      },
      "choice": {
        "button": "J",
        "selected_option": "OptionB"
      }
    },
    {
      "question": 4,
      "target": "Taste Rating",
      "target_value": 6,
      "options": [
        "Number of Ingredients",
        "Cooking Time (minutes)"
      ],
      "optionA": {
        "trial_id": "14",
        "task_id": "14",
        "values": "5.0, 27.0",
        "target_value": 6
      },
      "optionB": {
        "trial_id": "10",
        "task_id": "14",
        "values": "6.0, 28.0",
        "target_value": 7
      },
      "choice": {
        "button": "J",
        "selected_option": "OptionB"
      }
    },
    {
      "question": 5,
      "target": "User satisfaction",
      "target_value": 15,
      "options": [
        "Screen size (inches)",
        "RAM (GB)"
      ],
      "optionA": {
        "trial_id": "19",
        "task_id": "119",
        "values": "28.0, 11.0",
        "target_value": 15
      },
      "optionB": {
        "trial_id": "20",
        "task_id": "119",
        "values": "30.0, 12.0",
        "target_value": 16
      },
      "choice": {
        "button": "J",
        "selected_option": "OptionB"
      }
    },
    {
      "question": 6,
      "target": "Fat Burn (g)",
      "target_value": 50,
      "options": [
        "Exercise Time (min)",
        "Heart Rate (bpm)"
      ],
      "optionA": {
        "trial_id": "10",
        "task_id": "28",
        "values": "45.0, 125.0",
        "target_value": 50
      },
      "optionB": {
        "trial_id": "16",
        "task_id": "28",
        "values": "55.0, 135.0",
        "target_value": 60
      },
      "choice": {
        "button": "J",
        "selected_option": "OptionB"
      }
    },
    {
      "question": 7,
      "target": "Growth speed",
      "target_value": 4.8,
      "options": [
        "Plant height cm",
        "Plant leaf count"
      ],
      "optionA": {
        "trial_id": "9",
        "task_id": "74",
        "values": "35.0, 12.0",
        "target_value": 4.8
      },
      "optionB": {
        "trial_id": "16",
        "task_id": "74",
        "values": "24.0, 8.0",
        "target_value": 3.4
      },
      "choice": {
        "button": "F",
        "selected_option": "OptionA"
      }
    },
    {
      "question": 8,
      "target": "Fitness Level",
      "target_value": 7,
      "options": [
        "Exercise Time (min/day)",
        "Healthy Diet (%)"
      ],
      "optionA": {
        "trial_id": "7",
        "task_id": "46",
        "values": "35.0, 75.0",
        "target_value": 7
      },
      "optionB": {
        "trial_id": "9",
        "task_id": "46",
        "values": "20.0, 60.0",
        "target_value": 5
      },
      "choice": {
        "button": "F",
        "selected_option": "OptionA"
      }
    },
    {
      "question": 9,
      "target": "Speed (km/h)",
      "target_value": 185,
      "options": [
        "Engine Horsepower",
        "Weight (kg)"
      ],
      "optionA": {
        "trial_id": "2",
        "task_id": "47",
        "values": "180.0, 1300.0",
        "target_value": 185
      },
      "optionB": {
        "trial_id": "8",
        "task_id": "47",
        "values": "270.0, 1700.0",
        "target_value": 205
      },
      "choice": {
        "button": "J",
        "selected_option": "OptionB"
      }
    },
    {
      "question": "attention_check_9",
      "choice": "J",
      "passed": true,
      "timestamp": 1756154665080
    },
    {
      "question": 10,
      "target": "Exercise Intensity",
      "target_value": 7.5,
      "options": [
        "Time to Walk (min)",
        "Number of Steps"
      ],
      "optionA": {
        "trial_id": "18",
        "task_id": "95",
        "values": "15.0, 1500.0",
        "target_value": 7.5
      },
      "optionB": {
        "trial_id": "20",
        "task_id": "95",
        "values": "12.0, 1100.0",
        "target_value": 5.5
      },
      "choice": {
        "button": "F",
        "selected_option": "OptionA"
      }
    },
    {
      "question": 11,
      "target": "Plant Sunlight Needs",
      "target_value": 4,
      "options": [
        "Plant Height",
        "Plant Leaf Size"
      ],
      "optionA": {
        "trial_id": "20",
        "task_id": "2",
        "values": "130.0, 8.0",
        "target_value": 4
      },
      "optionB": {
        "trial_id": "6",
        "task_id": "2",
        "values": "110.0, 8.0",
        "target_value": 4
      },
      "choice": {
        "button": "F",
        "selected_option": "OptionA"
      }
    },
    {
      "question": 12,
      "target": "Fat Burn (in grams)",
      "target_value": 18,
      "options": [
        "Exercise Time (minutes)",
        "Heart Rate (bpm)"
      ],
      "optionA": {
        "trial_id": "10",
        "task_id": "20",
        "values": "55.0, 125.0",
        "target_value": 18
      },
      "optionB": {
        "trial_id": "5",
        "task_id": "20",
        "values": "50.0, 140.0",
        "target_value": 22
      },
      "choice": {
        "button": "J",
        "selected_option": "OptionB"
      }
    },
    {
      "question": 13,
      "target": "House Price ($1000s)",
      "target_value": 280,
      "options": [
        "Number of Rooms",
        "Square Feet"
      ],
      "optionA": {
        "trial_id": "12",
        "task_id": "77",
        "values": "3.0, 1800.0",
        "target_value": 280
      },
      "optionB": {
        "trial_id": "2",
        "task_id": "77",
        "values": "3.0, 2000.0",
        "target_value": 280
      },
      "choice": {
        "button": "J",
        "selected_option": "OptionB"
      }
    },
    {
      "question": 14,
      "target": "Bike Speed",
      "target_value": 50,
      "options": [
        "Bike Weight",
        "Bike Power"
      ],
      "optionA": {
        "trial_id": "5",
        "task_id": "87",
        "values": "14.0, 250.0",
        "target_value": 50
      },
      "optionB": {
        "trial_id": "14",
        "task_id": "87",
        "values": "24.0, 500.0",
        "target_value": 100
      },
      "choice": {
        "button": "J",
        "selected_option": "OptionB"
      }
    },
    {
      "question": 15,
      "target": "Engagement rate (%)",
      "target_value": 6.1,
      "options": [
        "Number of followers",
        "Post quality score"
      ],
      "optionA": {
        "trial_id": "14",
        "task_id": "71",
        "values": "14000.0, 6.0",
        "target_value": 6.1
      },
      "optionB": {
        "trial_id": "17",
        "task_id": "71",
        "values": "9000.0, 6.0",
        "target_value": 5.3
      },
      "choice": {
        "button": "J",
        "selected_option": "OptionB"
      }
    },
    {
      "question": 16,
      "target": "Plant Sunlight Needs",
      "target_value": 4,
      "options": [
        "Plant Height",
        "Plant Leaf Size"
      ],
      "optionA": {
        "trial_id": "6",
        "task_id": "2",
        "values": "110.0, 8.0",
        "target_value": 4
      },
      "optionB": {
        "trial_id": "19",
        "task_id": "2",
        "values": "120.0, 6.0",
        "target_value": 3
      },
      "choice": {
        "button": "F",
        "selected_option": "OptionA"
      }
    },
    {
      "question": 17,
      "target": "Fitness Level",
      "target_value": 7,
      "options": [
        "Exercise Time (min/day)",
        "Healthy Diet (%)"
      ],
      "optionA": {
        "trial_id": "16",
        "task_id": "46",
        "values": "30.0, 80.0",
        "target_value": 7
      },
      "optionB": {
        "trial_id": "14",
        "task_id": "46",
        "values": "35.0, 75.0",
        "target_value": 7
      },
      "choice": {
        "button": "F",
        "selected_option": "OptionA"
      }
    },
    {
      "question": 18,
      "target": "Taste score",
      "target_value": 8,
      "options": [
        "Coffee strength",
        "Bean quality"
      ],
      "optionA": {
        "trial_id": "4",
        "task_id": "68",
        "values": "4.0, 8.0",
        "target_value": 8
      },
      "optionB": {
        "trial_id": "4",
        "task_id": "68",
        "values": "4.0, 8.0",
        "target_value": 8
      },
      "choice": {
        "button": "F",
        "selected_option": "OptionA"
      }
    },
    {
      "question": 19,
      "target": "Speed",
      "target_value": 90,
      "options": [
        "Car Engine Size",
        "Horsepower"
      ],
      "optionA": {
        "trial_id": "20",
        "task_id": "61",
        "values": "1.3, 100.0",
        "target_value": 90
      },
      "optionB": {
        "trial_id": "14",
        "task_id": "61",
        "values": "2.6, 180.0",
        "target_value": 150
      },
      "choice": {
        "button": "J",
        "selected_option": "OptionB"
      }
    },
    {
      "question": "attention_check_19",
      "choice": "F",
      "passed": true,
      "timestamp": 1756154823902
    },
    {
      "question": 20,
      "target": "Physical strength",
      "target_value": 72,
      "options": [
        "Height (cm)",
        "Weight (kg)"
      ],
      "optionA": {
        "trial_id": "9",
        "task_id": "84",
        "values": "170.0, 70.0",
        "target_value": 72
      },
      "optionB": {
        "trial_id": "12",
        "task_id": "84",
        "values": "190.0, 90.0",
        "target_value": 92
      },
      "choice": {
        "button": "F",
        "selected_option": "OptionA"
      }
    },
    {
      "question": 21,
      "target": "Physical strength",
      "target_value": 90,
      "options": [
        "Height (cm)",
        "Weight (kg)"
      ],
      "optionA": {
        "trial_id": "5",
        "task_id": "84",
        "values": "190.0, 85.0",
        "target_value": 90
      },
      "optionB": {
        "trial_id": "10",
        "task_id": "84",
        "values": "160.0, 75.0",
        "target_value": 70
      },
      "choice": {
        "button": "J",
        "selected_option": "OptionB"
      }
    },
    {
      "question": 22,
      "target": "Durability Perception (1-10)",
      "target_value": 5,
      "options": [
        "Price ($)",
        "Warranty (years)"
      ],
      "optionA": {
        "trial_id": "6",
        "task_id": "8",
        "values": "220.0, 1.0",
        "target_value": 5
      },
      "optionB": {
        "trial_id": "12",
        "task_id": "8",
        "values": "210.0, 1.0",
        "target_value": 5
      },
      "choice": {
        "button": "F",
        "selected_option": "OptionA"
      }
    },
    {
      "question": 23,
      "target": "Dog Energy Level",
      "target_value": 8,
      "options": [
        "Dog Weight",
        "Dog Activity Level"
      ],
      "optionA": {
        "trial_id": "1",
        "task_id": "105",
        "values": "25.0, 5.0",
        "target_value": 8
      },
      "optionB": {
        "trial_id": "2",
        "task_id": "105",
        "values": "20.0, 4.0",
        "target_value": 7
      },
      "choice": {
        "button": "F",
        "selected_option": "OptionA"
      }
    },
    {
      "question": 24,
      "target": "Physical strength",
      "target_value": 80,
      "options": [
        "Height (cm)",
        "Weight (kg)"
      ],
      "optionA": {
        "trial_id": "16",
        "task_id": "84",
        "values": "180.0, 70.0",
        "target_value": 80
      },
      "optionB": {
        "trial_id": "16",
        "task_id": "84",
        "values": "180.0, 70.0",
        "target_value": 80
      },
      "choice": {
        "button": "F",
        "selected_option": "OptionA"
      }
    },
    {
      "question": 25,
      "target": "Room Area (m\u00b2)",
      "target_value": 25,
      "options": [
        "Room Length (m)",
        "Room Width (m)"
      ],
      "optionA": {
        "trial_id": "5",
        "task_id": "89",
        "values": "5.0, 5.0",
        "target_value": 25
      },
      "optionB": {
        "trial_id": "2",
        "task_id": "89",
        "values": "5.0, 4.0",
        "target_value": 20
      },
      "choice": {
        "button": "F",
        "selected_option": "OptionA"
      }
    },
    {
      "question": 26,
      "target": "Taste Rating (1-10)",
      "target_value": 6,
      "options": [
        "Time Spent Cooking (min)",
        "Number of Ingredients"
      ],
      "optionA": {
        "trial_id": "19",
        "task_id": "93",
        "values": "25.0, 5.0",
        "target_value": 6
      },
      "optionB": {
        "trial_id": "3",
        "task_id": "93",
        "values": "20.0, 4.0",
        "target_value": 6
      },
      "choice": {
        "button": "F",
        "selected_option": "OptionA"
      }
    },
    {
      "question": 27,
      "target": "Phone Performance",
      "target_value": 150,
      "options": [
        "Phone RAM",
        "Phone Storage"
      ],
      "optionA": {
        "trial_id": "17",
        "task_id": "86",
        "values": "128.0, 16384.0",
        "target_value": 150
      },
      "optionB": {
        "trial_id": "16",
        "task_id": "86",
        "values": "128.0, 16384.0",
        "target_value": 150
      },
      "choice": {
        "button": "F",
        "selected_option": "OptionA"
      }
    },
    {
      "question": 28,
      "target": "Plant Growth Rate",
      "target_value": 2.2,
      "options": [
        "Plant Height",
        "Plant Width"
      ],
      "optionA": {
        "trial_id": "7",
        "task_id": "104",
        "values": "1.2, 0.4",
        "target_value": 2.2
      },
      "optionB": {
        "trial_id": "14",
        "task_id": "104",
        "values": "2.0, 0.7",
        "target_value": 3.4
      },
      "choice": {
        "button": "J",
        "selected_option": "OptionB"
      }
    },
    {
      "question": 29,
      "target": "Phone Battery Life",
      "target_value": 34,
      "options": [
        "Phone Battery Capacity",
        "Phone Weight"
      ],
      "optionA": {
        "trial_id": "14",
        "task_id": "108",
        "values": "4500.0, 215.0",
        "target_value": 34
      },
      "optionB": {
        "trial_id": "19",
        "task_id": "108",
        "values": "4500.0, 210.0",
        "target_value": 33
      },
      "choice": {
        "button": "F",
        "selected_option": "OptionA"
      }
    },
    {
      "question": "attention_check_29",
      "choice": "J",
      "passed": true,
      "timestamp": 1756154913515
    },
    {
      "question": 30,
      "target": "Plant Growth Rate (cm/week)",
      "target_value": 8,
      "options": [
        "Plant Soil Quality (1-10)",
        "Plant Water Frequency (times/week)"
      ],
      "optionA": {
        "trial_id": "8",
        "task_id": "81",
        "values": "10.0, 6.0",
        "target_value": 8
      },
      "optionB": {
        "trial_id": "11",
        "task_id": "81",
        "values": "6.0, 2.0",
        "target_value": 4
      },
      "choice": {
        "button": "F",
        "selected_option": "OptionA"
      }
    },
    {
      "question": 31,
      "target": "Warmth Rating",
      "target_value": 4.3,
      "options": [
        "Shirt Weight (g)",
        "Fabric Thickness (mm)"
      ],
      "optionA": {
        "trial_id": "20",
        "task_id": "31",
        "values": "185.0, 1.6",
        "target_value": 4.3
      },
      "optionB": {
        "trial_id": "8",
        "task_id": "31",
        "values": "220.0, 1.8",
        "target_value": 5
      },
      "choice": {
        "button": "J",
        "selected_option": "OptionB"
      }
    },
    {
      "question": 32,
      "target": "User satisfaction",
      "target_value": 16,
      "options": [
        "Screen size (inches)",
        "RAM (GB)"
      ],
      "optionA": {
        "trial_id": "20",
        "task_id": "119",
        "values": "30.0, 12.0",
        "target_value": 16
      },
      "optionB": {
        "trial_id": "17",
        "task_id": "119",
        "values": "26.0, 10.0",
        "target_value": 14
      },
      "choice": {
        "button": "F",
        "selected_option": "OptionA"
      }
    },
    {
      "question": 33,
      "target": "Reading time",
      "target_value": 9,
      "options": [
        "Book pages",
        "Book chapters"
      ],
      "optionA": {
        "trial_id": "11",
        "task_id": "72",
        "values": "400.0, 22.0",
        "target_value": 9
      },
      "optionB": {
        "trial_id": "13",
        "task_id": "72",
        "values": "280.0, 14.0",
        "target_value": 6
      },
      "choice": {
        "button": "F",
        "selected_option": "OptionA"
      }
    },
    {
      "question": 34,
      "target": "Tea Strength (1-10)",
      "target_value": 7,
      "options": [
        "Tea Leaf Quality (1-10)",
        "Tea Steeping Time (minutes)"
      ],
      "optionA": {
        "trial_id": "20",
        "task_id": "80",
        "values": "8.0, 4.0",
        "target_value": 7
      },
      "optionB": {
        "trial_id": "11",
        "task_id": "80",
        "values": "6.0, 2.0",
        "target_value": 5
      },
      "choice": {
        "button": "F",
        "selected_option": "OptionA"
      }
    },
    {
      "question": 35,
      "target": "Apartment price",
      "target_value": 1200,
      "options": [
        "Distance from city center",
        "Room size"
      ],
      "optionA": {
        "trial_id": "20",
        "task_id": "58",
        "values": "2.0, 40.0",
        "target_value": 1200
      },
      "optionB": {
        "trial_id": "5",
        "task_id": "58",
        "values": "1.0, 30.0",
        "target_value": 1000
      },
      "choice": {
        "button": "F",
        "selected_option": "OptionA"
      }
    },
    {
      "question": 36,
      "target": "Restaurant Customer Satisfaction",
      "target_value": 8.7,
      "options": [
        "Restaurant Menu Size",
        "Restaurant Online Rating"
      ],
      "optionA": {
        "trial_id": "14",
        "task_id": "24",
        "values": "19.0, 4.7",
        "target_value": 8.7
      },
      "optionB": {
        "trial_id": "10",
        "task_id": "24",
        "values": "25.0, 4.5",
        "target_value": 8.6
      },
      "choice": {
        "button": "F",
        "selected_option": "OptionA"
      }
    },
    {
      "question": 37,
      "target": "Prep Time (min)",
      "target_value": 24,
      "options": [
        "Number of Ingredients",
        "Cooking Time (min)"
      ],
      "optionA": {
        "trial_id": "12",
        "task_id": "96",
        "values": "11.0, 34.0",
        "target_value": 24
      },
      "optionB": {
        "trial_id": "7",
        "task_id": "96",
        "values": "10.0, 35.0",
        "target_value": 27
      },
      "choice": {
        "button": "F",
        "selected_option": "OptionA"
      }
    },
    {
      "question": 38,
      "target": "Social Engagement (on scale 1-10)",
      "target_value": 9,
      "options": [
        "Number of Friends",
        "Average Message Frequency"
      ],
      "optionA": {
        "trial_id": "7",
        "task_id": "21",
        "values": "110.0, 5.0",
        "target_value": 9
      },
      "optionB": {
        "trial_id": "18",
        "task_id": "21",
        "values": "160.0, 4.0",
        "target_value": 8
      },
      "choice": {
        "button": "F",
        "selected_option": "OptionA"
      }
    },
    {
      "question": 39,
      "target": "Home Comfort (1-10)",
      "target_value": 5,
      "options": [
        "Number of Bedrooms",
        "Square Feet"
      ],
      "optionA": {
        "trial_id": "17",
        "task_id": "9",
        "values": "2.0, 1250.0",
        "target_value": 5
      },
      "optionB": {
        "trial_id": "3",
        "task_id": "9",
        "values": "4.0, 1600.0",
        "target_value": 8
      },
      "choice": {
        "button": "J",
        "selected_option": "OptionB"
      }
    },
    {
      "question": "attention_check_39",
      "choice": "F",
      "passed": true,
      "timestamp": 1756155026952
    },
    {
      "question": 40,
      "target": "Deliciousness",
      "target_value": 60,
      "options": [
        "Cooking time",
        "Ingredients count"
      ],
      "optionA": {
        "trial_id": "17",
        "task_id": "27",
        "values": "40.0, 3.0",
        "target_value": 60
      },
      "optionB": {
        "trial_id": "9",
        "task_id": "27",
        "values": "25.0, 6.0",
        "target_value": 70
      },
      "choice": {
        "button": "J",
        "selected_option": "OptionB"
      }
    },
    {
      "question": 41,
      "target": "Distance Covered",
      "target_value": 57,
      "options": [
        "Bike Speed",
        "Bike Weight"
      ],
      "optionA": {
        "trial_id": "16",
        "task_id": "7",
        "values": "24.0, 13.0",
        "target_value": 57
      },
      "optionB": {
        "trial_id": "16",
        "task_id": "7",
        "values": "24.0, 13.0",
        "target_value": 57
      },
      "choice": {
        "button": "F",
        "selected_option": "OptionA"
      }
    },
    {
      "question": 42,
      "target": "Deliciousness",
      "target_value": 70,
      "options": [
        "Cooking time",
        "Ingredients count"
      ],
      "optionA": {
        "trial_id": "2",
        "task_id": "27",
        "values": "45.0, 3.0",
        "target_value": 70
      },
      "optionB": {
        "trial_id": "12",
        "task_id": "27",
        "values": "40.0, 7.0",
        "target_value": 70
      },
      "choice": {
        "button": "J",
        "selected_option": "OptionB"
      }
    },
    {
      "question": 43,
      "target": "Plant Growth Rate (cm/week)",
      "target_value": 6,
      "options": [
        "Plant Soil Quality (1-10)",
        "Plant Water Frequency (times/week)"
      ],
      "optionA": {
        "trial_id": "13",
        "task_id": "81",
        "values": "8.0, 4.0",
        "target_value": 6
      },
      "optionB": {
        "trial_id": "18",
        "task_id": "81",
        "values": "9.0, 5.0",
        "target_value": 7
      },
      "choice": {
        "button": "J",
        "selected_option": "OptionB"
      }
    },
    {
      "question": 44,
      "target": "House Price ($1000s)",
      "target_value": 320,
      "options": [
        "Number of Rooms",
        "Square Feet"
      ],
      "optionA": {
        "trial_id": "6",
        "task_id": "77",
        "values": "4.0, 1900.0",
        "target_value": 320
      },
      "optionB": {
        "trial_id": "9",
        "task_id": "77",
        "values": "3.0, 1700.0",
        "target_value": 270
      },
      "choice": {
        "button": "F",
        "selected_option": "OptionA"
      }
    },
    {
      "question": 45,
      "target": "Light Level",
      "target_value": 9,
      "options": [
        "Room Size (sq ft)",
        "Number of Windows"
      ],
      "optionA": {
        "trial_id": "6",
        "task_id": "35",
        "values": "200.0, 5.0",
        "target_value": 9
      },
      "optionB": {
        "trial_id": "19",
        "task_id": "35",
        "values": "230.0, 5.0",
        "target_value": 9
      },
      "choice": {
        "button": "F",
        "selected_option": "OptionA"
      }
    },
    {
      "question": 46,
      "target": "Flavor Strength",
      "target_value": 9,
      "options": [
        "Coffee Bean Size",
        "Bean Roast"
      ],
      "optionA": {
        "trial_id": "14",
        "task_id": "64",
        "values": "7.0, 4.0",
        "target_value": 9
      },
      "optionB": {
        "trial_id": "1",
        "task_id": "64",
        "values": "5.0, 2.0",
        "target_value": 7
      },
      "choice": {
        "button": "F",
        "selected_option": "OptionA"
      }
    },
    {
      "question": 47,
      "target": "Photo Quality",
      "target_value": 9,
      "options": [
        "Phone Price",
        "Phone Camera Megapixels"
      ],
      "optionA": {
        "trial_id": "10",
        "task_id": "5",
        "values": "630.0, 16.0",
        "target_value": 9
      },
      "optionB": {
        "trial_id": "14",
        "task_id": "5",
        "values": "470.0, 12.0",
        "target_value": 8
      },
      "choice": {
        "button": "F",
        "selected_option": "OptionA"
      }
    },
    {
      "question": 48,
      "target": "Market value ($)",
      "target_value": 250000,
      "options": [
        "Number of bedrooms",
        "House size (sq ft)"
      ],
      "optionA": {
        "trial_id": "18",
        "task_id": "90",
        "values": "4.0, 1200.0",
        "target_value": 250000
      },
      "optionB": {
        "trial_id": "13",
        "task_id": "90",
        "values": "2.0, 1100.0",
        "target_value": 220000
      },
      "choice": {
        "button": "J",
        "selected_option": "OptionB"
      }
    },
    {
      "question": 49,
      "target": "Satiety (on scale 1-10)",
      "target_value": 9,
      "options": [
        "Number of Calories",
        "Protein (g)"
      ],
      "optionA": {
        "trial_id": "6",
        "task_id": "16",
        "values": "500.0, 20.0",
        "target_value": 9
      },
      "optionB": {
        "trial_id": "2",
        "task_id": "16",
        "values": "300.0, 15.0",
        "target_value": 8
      },
      "choice": {
        "button": "F",
        "selected_option": "OptionA"
      }
    },
    {
      "question": 50,
      "target": "Satiety (on scale 1-10)",
      "target_value": 9,
      "options": [
        "Number of Calories",
        "Protein (g)"
      ],
      "optionA": {
        "trial_id": "19",
        "task_id": "16",
        "values": "450.0, 20.0",
        "target_value": 9
      },
      "optionB": {
        "trial_id": "9",
        "task_id": "16",
        "values": "350.0, 18.0",
        "target_value": 9
      },
      "choice": {
        "button": "F",
        "selected_option": "OptionA"
      }
    }
  ]
}