{
  "prolific_id": "UNKNOWN",
  "condition_group": "direction",
  "responses": [
    {
      "question": 1,
      "target": "Prep Time (min)",
      "target_value": 18,
      "options": [
        "Number of Ingredients",
        "Cooking Time (min)"
      ],
      "optionA": {
        "trial_id": "3",
        "task_id": "96",
        "values": "8.0, 25.0",
        "target_value": 18
      },
      "optionB": {
        "trial_id": "11",
        "task_id": "96",
        "values": "7.0, 28.0",
        "target_value": 20
      },
      "choice": {
        "button": "F",
        "selected_option": "OptionA"
      }
    },
    {
      "question": 2,
      "target": "Light amount",
      "target_value": 7,
      "options": [
        "Room size (m2)",
        "Number of windows"
      ],
      "optionA": {
        "trial_id": "15",
        "task_id": "85",
        "values": "30.0, 2.0",
        "target_value": 7
      },
      "optionB": {
        "trial_id": "12",
        "task_id": "85",
        "values": "20.0, 3.0",
        "target_value": 7
      },
      "choice": {
        "button": "J",
        "selected_option": "OptionB"
      }
    },
    {
      "question": 3,
      "target": "Job Success",
      "target_value": 75,
      "options": [
        "Age",
        "Experience"
      ],
      "optionA": {
        "trial_id": "2",
        "task_id": "117",
        "values": "35.0, 6.0",
        "target_value": 75
      },
      "optionB": {
        "trial_id": "19",
        "task_id": "117",
        "values": "28.0, 4.0",
        "target_value": 65
      },
      "choice": {
        "button": "F",
        "selected_option": "OptionA"
      }
    },
    {
      "question": 4,
      "target": "Exam Score (out of 100)",
      "target_value": 75,
      "options": [
        "Study Time (hours)",
        "Previous GPA"
      ],
      "optionA": {
        "trial_id": "15",
        "task_id": "18",
        "values": "7.0, 3.2",
        "target_value": 75
      },
      "optionB": {
        "trial_id": "6",
        "task_id": "18",
        "values": "9.0, 3.0",
        "target_value": 72
      },
      "choice": {
        "button": "J",
        "selected_option": "OptionB"
      }
    },
    {
      "question": 5,
      "target": "Fuel Consumption (L/100km)",
      "target_value": 7,
      "options": [
        "Engine Size (cc)",
        "Weight (kg)"
      ],
      "optionA": {
        "trial_id": "5",
        "task_id": "11",
        "values": "1800.0, 1100.0",
        "target_value": 7
      },
      "optionB": {
        "trial_id": "19",
        "task_id": "11",
        "values": "2400.0, 1500.0",
        "target_value": 10
      },
      "choice": {
        "button": "J",
        "selected_option": "OptionB"
      }
    },
    {
      "question": 6,
      "target": "Bike Speed",
      "target_value": 22,
      "options": [
        "Bike Weight",
        "Bike Wheel Size"
      ],
      "optionA": {
        "trial_id": "2",
        "task_id": "107",
        "values": "12.0, 26.0",
        "target_value": 22
      },
      "optionB": {
        "trial_id": "12",
        "task_id": "107",
        "values": "14.0, 27.0",
        "target_value": 25
      },
      "choice": {
        "button": "F",
        "selected_option": "OptionA"
      }
    },
    {
      "question": 7,
      "target": "Recipe Complexity",
      "target_value": 7,
      "options": [
        "Recipe Servings",
        "Recipe Ingredients"
      ],
      "optionA": {
        "trial_id": "1",
        "task_id": "106",
        "values": "4.0, 10.0",
        "target_value": 7
      },
      "optionB": {
        "trial_id": "11",
        "task_id": "106",
        "values": "7.0, 13.0",
        "target_value": 8
      },
      "choice": {
        "button": "J",
        "selected_option": "OptionB"
      }
    },
    {
      "question": 8,
      "target": "Training Difficulty (1-10)",
      "target_value": 8,
      "options": [
        "Dog Size",
        "Dog Energy Level"
      ],
      "optionA": {
        "trial_id": "16",
        "task_id": "82",
        "values": "70.0, 9.0",
        "target_value": 8
      },
      "optionB": {
        "trial_id": "16",
        "task_id": "82",
        "values": "70.0, 9.0",
        "target_value": 8
      },
      "choice": {
        "button": "J",
        "selected_option": "OptionB"
      }
    },
    {
      "question": 9,
      "target": "Energy Level",
      "target_value": 10,
      "options": [
        "Dog Size",
        "Exercise Needs"
      ],
      "optionA": {
        "trial_id": "19",
        "task_id": "88",
        "values": "45.0, 9.0",
        "target_value": 10
      },
      "optionB": {
        "trial_id": "8",
        "task_id": "88",
        "values": "40.0, 8.0",
        "target_value": 8
      },
      "choice": {
        "button": "F",
        "selected_option": "OptionA"
      }
    },
    {
      "question": "attention_check_9",
      "choice": "J",
      "passed": true,
      "timestamp": 1756154542575
    },
    {
      "question": 10,
      "target": "House Price (thousands)",
      "target_value": 340,
      "options": [
        "House Size (m\u00b2)",
        "House Distance to City (km)"
      ],
      "optionA": {
        "trial_id": "17",
        "task_id": "79",
        "values": "140.0, 10.0",
        "target_value": 340
      },
      "optionB": {
        "trial_id": "3",
        "task_id": "79",
        "values": "100.0, 3.0",
        "target_value": 280
      },
      "choice": {
        "button": "J",
        "selected_option": "OptionB"
      }
    },
    {
      "question": 11,
      "target": "Fuel Consumption (L/100km)",
      "target_value": 12,
      "options": [
        "Speed (km/h)",
        "Weight (kg)"
      ],
      "optionA": {
        "trial_id": "20",
        "task_id": "43",
        "values": "135.0, 1800.0",
        "target_value": 12
      },
      "optionB": {
        "trial_id": "12",
        "task_id": "43",
        "values": "90.0, 1200.0",
        "target_value": 6
      },
      "choice": {
        "button": "F",
        "selected_option": "OptionA"
      }
    },
    {
      "question": 12,
      "target": "Weight loss",
      "target_value": 1.8,
      "options": [
        "Exercise duration",
        "Intensity level"
      ],
      "optionA": {
        "trial_id": "6",
        "task_id": "67",
        "values": "40.0, 6.0",
        "target_value": 1.8
      },
      "optionB": {
        "trial_id": "12",
        "task_id": "67",
        "values": "45.0, 5.0",
        "target_value": 1.5
      },
      "choice": {
        "button": "F",
        "selected_option": "OptionA"
      }
    },
    {
      "question": 13,
      "target": "Phone Battery Life",
      "target_value": 33,
      "options": [
        "Phone Battery Capacity",
        "Phone Weight"
      ],
      "optionA": {
        "trial_id": "3",
        "task_id": "108",
        "values": "4500.0, 210.0",
        "target_value": 33
      },
      "optionB": {
        "trial_id": "10",
        "task_id": "108",
        "values": "3500.0, 195.0",
        "target_value": 29
      },
      "choice": {
        "button": "F",
        "selected_option": "OptionA"
      }
    },
    {
      "question": 14,
      "target": "Brightness",
      "target_value": 580,
      "options": [
        "Phone Battery Capacity",
        "Screen Size"
      ],
      "optionA": {
        "trial_id": "8",
        "task_id": "37",
        "values": "3000.0, 3.0",
        "target_value": 580
      },
      "optionB": {
        "trial_id": "15",
        "task_id": "37",
        "values": "4000.0, 4.0",
        "target_value": 630
      },
      "choice": {
        "button": "J",
        "selected_option": "OptionB"
      }
    },
    {
      "question": 15,
      "target": "Plant Growth Rate",
      "target_value": 3.1,
      "options": [
        "Plant Height",
        "Plant Width"
      ],
      "optionA": {
        "trial_id": "17",
        "task_id": "104",
        "values": "1.7, 0.6",
        "target_value": 3.1
      },
      "optionB": {
        "trial_id": "11",
        "task_id": "104",
        "values": "1.9, 0.6",
        "target_value": 3.2
      },
      "choice": {
        "button": "J",
        "selected_option": "OptionB"
      }
    },
    {
      "question": 16,
      "target": "Doneness",
      "target_value": 60,
      "options": [
        "Cooking Time",
        "Size"
      ],
      "optionA": {
        "trial_id": "19",
        "task_id": "116",
        "values": "20.0, 160.0",
        "target_value": 60
      },
      "optionB": {
        "trial_id": "1",
        "task_id": "116",
        "values": "30.0, 200.0",
        "target_value": 70
      },
      "choice": {
        "button": "J",
        "selected_option": "OptionB"
      }
    },
    {
      "question": 17,
      "target": "Fitness Level",
      "target_value": 6,
      "options": [
        "Exercise Time (min/day)",
        "Healthy Diet (%)"
      ],
      "optionA": {
        "trial_id": "4",
        "task_id": "46",
        "values": "35.0, 70.0",
        "target_value": 6
      },
      "optionB": {
        "trial_id": "11",
        "task_id": "46",
        "values": "45.0, 80.0",
        "target_value": 8
      },
      "choice": {
        "button": "J",
        "selected_option": "OptionB"
      }
    },
    {
      "question": 18,
      "target": "Exam score",
      "target_value": 78,
      "options": [
        "Study time (hours)",
        "Class attendance (%)"
      ],
      "optionA": {
        "trial_id": "11",
        "task_id": "91",
        "values": "5.0, 80.0",
        "target_value": 78
      },
      "optionB": {
        "trial_id": "12",
        "task_id": "91",
        "values": "6.0, 85.0",
        "target_value": 84
      },
      "choice": {
        "button": "J",
        "selected_option": "OptionB"
      }
    },
    {
      "question": 19,
      "target": "Top Speed",
      "target_value": 145,
      "options": [
        "Car Engine Size",
        "Horsepower"
      ],
      "optionA": {
        "trial_id": "11",
        "task_id": "36",
        "values": "2.7, 230.0",
        "target_value": 145
      },
      "optionB": {
        "trial_id": "9",
        "task_id": "36",
        "values": "2.3, 190.0",
        "target_value": 135
      },
      "choice": {
        "button": "F",
        "selected_option": "OptionA"
      }
    },
    {
      "question": "attention_check_19",
      "choice": "F",
      "passed": true,
      "timestamp": 1756154596392
    },
    {
      "question": 20,
      "target": "Home value",
      "target_value": 280000,
      "options": [
        "House size",
        "Neighborhood quality"
      ],
      "optionA": {
        "trial_id": "4",
        "task_id": "70",
        "values": "130.0, 8.0",
        "target_value": 280000
      },
      "optionB": {
        "trial_id": "5",
        "task_id": "70",
        "values": "160.0, 9.0",
        "target_value": 320000
      },
      "choice": {
        "button": "J",
        "selected_option": "OptionB"
      }
    },
    {
      "question": 21,
      "target": "User satisfaction",
      "target_value": 11,
      "options": [
        "Screen size (inches)",
        "RAM (GB)"
      ],
      "optionA": {
        "trial_id": "11",
        "task_id": "119",
        "values": "20.0, 7.0",
        "target_value": 11
      },
      "optionB": {
        "trial_id": "14",
        "task_id": "119",
        "values": "24.0, 9.0",
        "target_value": 13
      },
      "choice": {
        "button": "J",
        "selected_option": "OptionB"
      }
    },
    {
      "question": 22,
      "target": "Physical strength",
      "target_value": 55,
      "options": [
        "Height (cm)",
        "Weight (kg)"
      ],
      "optionA": {
        "trial_id": "8",
        "task_id": "84",
        "values": "165.0, 50.0",
        "target_value": 55
      },
      "optionB": {
        "trial_id": "10",
        "task_id": "84",
        "values": "160.0, 75.0",
        "target_value": 70
      },
      "choice": {
        "button": "J",
        "selected_option": "OptionB"
      }
    },
    {
      "question": 23,
      "target": "Light Level",
      "target_value": 5,
      "options": [
        "Room Size (sq ft)",
        "Number of Windows"
      ],
      "optionA": {
        "trial_id": "17",
        "task_id": "35",
        "values": "160.0, 2.0",
        "target_value": 5
      },
      "optionB": {
        "trial_id": "16",
        "task_id": "35",
        "values": "220.0, 4.0",
        "target_value": 8
      },
      "choice": {
        "button": "J",
        "selected_option": "OptionB"
      }
    },
    {
      "question": 24,
      "target": "Performance Score",
      "target_value": 95,
      "options": [
        "Hours of Practice",
        "Natural Talent (1-10)"
      ],
      "optionA": {
        "trial_id": "14",
        "task_id": "78",
        "values": "8.0, 10.0",
        "target_value": 95
      },
      "optionB": {
        "trial_id": "15",
        "task_id": "78",
        "values": "6.0, 6.0",
        "target_value": 75
      },
      "choice": {
        "button": "F",
        "selected_option": "OptionA"
      }
    },
    {
      "question": 25,
      "target": "Exam Score (out of 100)",
      "target_value": 80,
      "options": [
        "Study Time (hours)",
        "Previous GPA"
      ],
      "optionA": {
        "trial_id": "16",
        "task_id": "18",
        "values": "9.0, 3.5",
        "target_value": 80
      },
      "optionB": {
        "trial_id": "18",
        "task_id": "18",
        "values": "10.0, 3.5",
        "target_value": 80
      },
      "choice": {
        "button": "J",
        "selected_option": "OptionB"
      }
    },
    {
      "question": 26,
      "target": "Phone Performance",
      "target_value": 88,
      "options": [
        "Phone RAM",
        "Phone Screen Size"
      ],
      "optionA": {
        "trial_id": "6",
        "task_id": "103",
        "values": "8.0, 6.5",
        "target_value": 88
      },
      "optionB": {
        "trial_id": "3",
        "task_id": "103",
        "values": "8.0, 6.5",
        "target_value": 90
      },
      "choice": {
        "button": "F",
        "selected_option": "OptionA"
      }
    },
    {
      "question": 27,
      "target": "Top Speed",
      "target_value": 140,
      "options": [
        "Car Engine Size",
        "Horsepower"
      ],
      "optionA": {
        "trial_id": "12",
        "task_id": "36",
        "values": "2.5, 220.0",
        "target_value": 140
      },
      "optionB": {
        "trial_id": "13",
        "task_id": "61",
        "values": "2.4, 190.0",
        "target_value": 145
      },
      "choice": {
        "button": "F",
        "selected_option": "OptionA"
      }
    },
    {
      "question": 28,
      "target": "Strength",
      "target_value": 12,
      "options": [
        "Coffee Beans",
        "Water"
      ],
      "optionA": {
        "trial_id": "8",
        "task_id": "112",
        "values": "8.0, 180.0",
        "target_value": 12
      },
      "optionB": {
        "trial_id": "10",
        "task_id": "112",
        "values": "16.0, 300.0",
        "target_value": 20
      },
      "choice": {
        "button": "F",
        "selected_option": "OptionA"
      }
    },
    {
      "question": 29,
      "target": "App Popularity",
      "target_value": 75,
      "options": [
        "App User Ratings (1-5)",
        "Number of Reviews"
      ],
      "optionA": {
        "trial_id": "12",
        "task_id": "42",
        "values": "5.0, 120.0",
        "target_value": 75
      },
      "optionB": {
        "trial_id": "9",
        "task_id": "42",
        "values": "2.0, 200.0",
        "target_value": 55
      },
      "choice": {
        "button": "F",
        "selected_option": "OptionA"
      }
    },
    {
      "question": "attention_check_29",
      "choice": "J",
      "passed": true,
      "timestamp": 1756154642828
    },
    {
      "question": 30,
      "target": "Apartment price",
      "target_value": 1800,
      "options": [
        "Distance from city center",
        "Room size"
      ],
      "optionA": {
        "trial_id": "10",
        "task_id": "58",
        "values": "4.0, 80.0",
        "target_value": 1800
      },
      "optionB": {
        "trial_id": "15",
        "task_id": "58",
        "values": "3.0, 50.0",
        "target_value": 1400
      },
      "choice": {
        "button": "F",
        "selected_option": "OptionA"
      }
    },
    {
      "question": 31,
      "target": "Taste Rating",
      "target_value": 7,
      "options": [
        "Number of Ingredients",
        "Cooking Time (minutes)"
      ],
      "optionA": {
        "trial_id": "12",
        "task_id": "14",
        "values": "6.0, 27.0",
        "target_value": 7
      },
      "optionB": {
        "trial_id": "1",
        "task_id": "14",
        "values": "5.0, 30.0",
        "target_value": 7
      },
      "choice": {
        "button": "F",
        "selected_option": "OptionA"
      }
    },
    {
      "question": 32,
      "target": "Bike Speed",
      "target_value": 24,
      "options": [
        "Bike Weight",
        "Bike Wheel Size"
      ],
      "optionA": {
        "trial_id": "17",
        "task_id": "107",
        "values": "10.0, 26.5",
        "target_value": 24
      },
      "optionB": {
        "trial_id": "12",
        "task_id": "107",
        "values": "14.0, 27.0",
        "target_value": 25
      },
      "choice": {
        "button": "F",
        "selected_option": "OptionA"
      }
    },
    {
      "question": 33,
      "target": "Fun Score",
      "target_value": 8,
      "options": [
        "Number of Players",
        "Game Length (min)"
      ],
      "optionA": {
        "trial_id": "18",
        "task_id": "98",
        "values": "7.0, 65.0",
        "target_value": 8
      },
      "optionB": {
        "trial_id": "6",
        "task_id": "98",
        "values": "6.0, 60.0",
        "target_value": 7
      },
      "choice": {
        "button": "J",
        "selected_option": "OptionB"
      }
    },
    {
      "question": 34,
      "target": "Quality",
      "target_value": 70,
      "options": [
        "Price",
        "Size"
      ],
      "optionA": {
        "trial_id": "6",
        "task_id": "110",
        "values": "100.0, 10.0",
        "target_value": 70
      },
      "optionB": {
        "trial_id": "17",
        "task_id": "110",
        "values": "100.0, 14.0",
        "target_value": 75
      },
      "choice": {
        "button": "F",
        "selected_option": "OptionA"
      }
    },
    {
      "question": 35,
      "target": "Training Difficulty (1-10)",
      "target_value": 5,
      "options": [
        "Dog Size",
        "Dog Energy Level"
      ],
      "optionA": {
        "trial_id": "2",
        "task_id": "82",
        "values": "45.0, 6.0",
        "target_value": 5
      },
      "optionB": {
        "trial_id": "8",
        "task_id": "82",
        "values": "65.0, 8.0",
        "target_value": 7
      },
      "choice": {
        "button": "J",
        "selected_option": "OptionB"
      }
    },
    {
      "question": 36,
      "target": "Top Speed",
      "target_value": 140,
      "options": [
        "Engine Size",
        "Horsepower"
      ],
      "optionA": {
        "trial_id": "16",
        "task_id": "113",
        "values": "1.8, 110.0",
        "target_value": 140
      },
      "optionB": {
        "trial_id": "9",
        "task_id": "113",
        "values": "3.5, 190.0",
        "target_value": 195
      },
      "choice": {
        "button": "J",
        "selected_option": "OptionB"
      }
    },
    {
      "question": 37,
      "target": "Fat Burn (in grams)",
      "target_value": 18,
      "options": [
        "Exercise Time (minutes)",
        "Heart Rate (bpm)"
      ],
      "optionA": {
        "trial_id": "3",
        "task_id": "20",
        "values": "40.0, 130.0",
        "target_value": 18
      },
      "optionB": {
        "trial_id": "18",
        "task_id": "20",
        "values": "60.0, 130.0",
        "target_value": 19
      },
      "choice": {
        "button": "J",
        "selected_option": "OptionB"
      }
    },
    {
      "question": 38,
      "target": "Plant Sunlight Needs",
      "target_value": 5,
      "options": [
        "Plant Height",
        "Plant Leaf Size"
      ],
      "optionA": {
        "trial_id": "10",
        "task_id": "2",
        "values": "140.0, 9.0",
        "target_value": 5
      },
      "optionB": {
        "trial_id": "11",
        "task_id": "2",
        "values": "220.0, 10.0",
        "target_value": 5
      },
      "choice": {
        "button": "J",
        "selected_option": "OptionB"
      }
    },
    {
      "question": 39,
      "target": "Growth Rate (cm/week)",
      "target_value": 3,
      "options": [
        "Plant Leaf Size",
        "Plant Water Usage"
      ],
      "optionA": {
        "trial_id": "20",
        "task_id": "83",
        "values": "10.0, 5.0",
        "target_value": 3
      },
      "optionB": {
        "trial_id": "2",
        "task_id": "83",
        "values": "8.0, 4.0",
        "target_value": 2.5
      },
      "choice": {
        "button": "F",
        "selected_option": "OptionA"
      }
    },
    {
      "question": "attention_check_39",
      "choice": "F",
      "passed": true,
      "timestamp": 1756154697003
    },
    {
      "question": 40,
      "target": "Weight Loss",
      "target_value": 1,
      "options": [
        "Calories",
        "Exercise Time"
      ],
      "optionA": {
        "trial_id": "13",
        "task_id": "51",
        "values": "400.0, 20.0",
        "target_value": 1
      },
      "optionB": {
        "trial_id": "13",
        "task_id": "51",
        "values": "400.0, 20.0",
        "target_value": 1
      },
      "choice": {
        "button": "F",
        "selected_option": "OptionA"
      }
    },
    {
      "question": 41,
      "target": "House Price (thousands)",
      "target_value": 380,
      "options": [
        "House Size (m\u00b2)",
        "House Distance to City (km)"
      ],
      "optionA": {
        "trial_id": "18",
        "task_id": "79",
        "values": "160.0, 15.0",
        "target_value": 380
      },
      "optionB": {
        "trial_id": "5",
        "task_id": "79",
        "values": "140.0, 10.0",
        "target_value": 340
      },
      "choice": {
        "button": "J",
        "selected_option": "OptionB"
      }
    },
    {
      "question": 42,
      "target": "Taste Rating",
      "target_value": 6,
      "options": [
        "Number of Ingredients",
        "Cooking Time (minutes)"
      ],
      "optionA": {
        "trial_id": "20",
        "task_id": "14",
        "values": "6.0, 25.0",
        "target_value": 6
      },
      "optionB": {
        "trial_id": "2",
        "task_id": "14",
        "values": "6.0, 25.0",
        "target_value": 7
      },
      "choice": {
        "button": "J",
        "selected_option": "OptionB"
      }
    },
    {
      "question": 43,
      "target": "Social Engagement (on scale 1-10)",
      "target_value": 9,
      "options": [
        "Number of Friends",
        "Average Message Frequency"
      ],
      "optionA": {
        "trial_id": "19",
        "task_id": "21",
        "values": "150.0, 5.0",
        "target_value": 9
      },
      "optionB": {
        "trial_id": "12",
        "task_id": "21",
        "values": "120.0, 3.0",
        "target_value": 7
      },
      "choice": {
        "button": "J",
        "selected_option": "OptionB"
      }
    },
    {
      "question": 44,
      "target": "Restaurant Popularity (on scale 1-10)",
      "target_value": 7,
      "options": [
        "Number of Reviews",
        "Average Rating (out of 5)"
      ],
      "optionA": {
        "trial_id": "7",
        "task_id": "19",
        "values": "150.0, 4.3",
        "target_value": 7
      },
      "optionB": {
        "trial_id": "16",
        "task_id": "19",
        "values": "200.0, 4.5",
        "target_value": 8
      },
      "choice": {
        "button": "J",
        "selected_option": "OptionB"
      }
    },
    {
      "question": 45,
      "target": "Time to destination (hours)",
      "target_value": 0.38,
      "options": [
        "Distance (miles)",
        "Speed (mph)"
      ],
      "optionA": {
        "trial_id": "11",
        "task_id": "118",
        "values": "20.0, 55.0",
        "target_value": 0.38
      },
      "optionB": {
        "trial_id": "5",
        "task_id": "118",
        "values": "14.0, 40.0",
        "target_value": 0.35
      },
      "choice": {
        "button": "F",
        "selected_option": "OptionA"
      }
    },
    {
      "question": 46,
      "target": "Exam Score (out of 100)",
      "target_value": 80,
      "options": [
        "Time Spent Studying (hours)",
        "Number of Chapters Covered"
      ],
      "optionA": {
        "trial_id": "6",
        "task_id": "94",
        "values": "5.0, 6.0",
        "target_value": 80
      },
      "optionB": {
        "trial_id": "13",
        "task_id": "94",
        "values": "2.0, 4.0",
        "target_value": 65
      },
      "choice": {
        "button": "F",
        "selected_option": "OptionA"
      }
    },
    {
      "question": 47,
      "target": "Light amount",
      "target_value": 7,
      "options": [
        "Room size (m2)",
        "Number of windows"
      ],
      "optionA": {
        "trial_id": "8",
        "task_id": "85",
        "values": "35.0, 2.0",
        "target_value": 7
      },
      "optionB": {
        "trial_id": "11",
        "task_id": "85",
        "values": "18.0, 2.0",
        "target_value": 6
      },
      "choice": {
        "button": "F",
        "selected_option": "OptionA"
      }
    },
    {
      "question": 48,
      "target": "Value Score",
      "target_value": 70,
      "options": [
        "Price ($)",
        "Size (GB)"
      ],
      "optionA": {
        "trial_id": "4",
        "task_id": "99",
        "values": "80.0, 512.0",
        "target_value": 70
      },
      "optionB": {
        "trial_id": "19",
        "task_id": "99",
        "values": "50.0, 128.0",
        "target_value": 70
      },
      "choice": {
        "button": "F",
        "selected_option": "OptionA"
      }
    },
    {
      "question": 49,
      "target": "Strength",
      "target_value": 19,
      "options": [
        "Coffee Beans",
        "Water"
      ],
      "optionA": {
        "trial_id": "9",
        "task_id": "112",
        "values": "14.0, 280.0",
        "target_value": 19
      },
      "optionB": {
        "trial_id": "9",
        "task_id": "112",
        "values": "14.0, 280.0",
        "target_value": 19
      },
      "choice": {
        "button": "J",
        "selected_option": "OptionB"
      }
    },
    {
      "question": 50,
      "target": "Book Reading Time",
      "target_value": 185,
      "options": [
        "Book Thickness",
        "Book Length"
      ],
      "optionA": {
        "trial_id": "15",
        "task_id": "102",
        "values": "700.0, 250.0",
        "target_value": 185
      },
      "optionB": {
        "trial_id": "16",
        "task_id": "102",
        "values": "600.0, 240.0",
        "target_value": 170
      },
      "choice": {
        "button": "F",
        "selected_option": "OptionA"
      }
    }
  ]
}