{
  "prolific_id": "UNKNOWN",
  "condition_group": "ranking",
  "responses": [
    {
      "question": 1,
      "target": "House price ($)",
      "target_value": 270000,
      "options": [
        "House size (sq ft)",
        "House age (years)"
      ],
      "optionA": {
        "trial_id": "3",
        "task_id": "155",
        "values": "1800.0, 5.0",
        "target_value": 270000
      },
      "optionB": {
        "trial_id": "16",
        "task_id": "155",
        "values": "2250.0, 20.0",
        "target_value": 245000
      },
      "choice": {
        "button": "J",
        "selected_option": "OptionB"
      }
    },
    {
      "question": 2,
      "target": "Height (cm)",
      "target_value": 16,
      "options": [
        "Age of the plant (weeks)",
        "Water given (ml/day)"
      ],
      "optionA": {
        "trial_id": "5",
        "task_id": "91",
        "values": "6.0, 300",
        "target_value": 16
      },
      "optionB": {
        "trial_id": "14",
        "task_id": "91",
        "values": "4.0, 500",
        "target_value": 13
      },
      "choice": {
        "button": "F",
        "selected_option": "OptionA"
      }
    },
    {
      "question": 3,
      "target": "Taste Rating",
      "target_value": 10,
      "options": [
        "Number of Ingredients",
        "Prep Time (min)"
      ],
      "optionA": {
        "trial_id": "7",
        "task_id": "148",
        "values": "3.0, 10.0",
        "target_value": 10
      },
      "optionB": {
        "trial_id": "11",
        "task_id": "148",
        "values": "6.0, 25.0",
        "target_value": 7
      },
      "choice": {
        "button": "J",
        "selected_option": "OptionB"
      }
    },
    {
      "question": 4,
      "target": "Fuel Efficiency",
      "target_value": 32,
      "options": [
        "Car Engine Size",
        "Car Weight"
      ],
      "optionA": {
        "trial_id": "5",
        "task_id": "168",
        "values": "1.8, 3400",
        "target_value": 32
      },
      "optionB": {
        "trial_id": "3",
        "task_id": "168",
        "values": "2.5, 3200",
        "target_value": 28
      },
      "choice": {
        "button": "J",
        "selected_option": "OptionB"
      }
    },
    {
      "question": 5,
      "target": "Morning Alertness",
      "target_value": 8,
      "options": [
        "Hours of Sleep",
        "Number of Alarms"
      ],
      "optionA": {
        "trial_id": "8",
        "task_id": "160",
        "values": "8.0, 1",
        "target_value": 8
      },
      "optionB": {
        "trial_id": "19",
        "task_id": "160",
        "values": "7.0, 0",
        "target_value": 8
      },
      "choice": {
        "button": "F",
        "selected_option": "OptionA"
      }
    },
    {
      "question": 6,
      "target": "Project Success (%)",
      "target_value": 90,
      "options": [
        "Experience (years)",
        "Team Size"
      ],
      "optionA": {
        "trial_id": "5",
        "task_id": "110",
        "values": "7.0, 4",
        "target_value": 90
      },
      "optionB": {
        "trial_id": "7",
        "task_id": "110",
        "values": "8.0, 3",
        "target_value": 95
      },
      "choice": {
        "button": "J",
        "selected_option": "OptionB"
      }
    },
    {
      "question": 7,
      "target": "Maximum heart rate (bpm)",
      "target_value": 155,
      "options": [
        "Age (years)",
        "Height (cm)"
      ],
      "optionA": {
        "trial_id": "19",
        "task_id": "52",
        "values": "45.0, 180",
        "target_value": 155
      },
      "optionB": {
        "trial_id": "1",
        "task_id": "52",
        "values": "25.0, 170",
        "target_value": 190
      },
      "choice": {
        "button": "F",
        "selected_option": "OptionA"
      }
    },
    {
      "question": 8,
      "target": "Cooling Time (min)",
      "target_value": 40,
      "options": [
        "Room Size (m\u00b2)",
        "Window Size (m\u00b2)"
      ],
      "optionA": {
        "trial_id": "7",
        "task_id": "143",
        "values": "15.0, 1.0",
        "target_value": 40
      },
      "optionB": {
        "trial_id": "6",
        "task_id": "143",
        "values": "26.0, 3.0",
        "target_value": 24
      },
      "choice": {
        "button": "J",
        "selected_option": "OptionB"
      }
    },
    {
      "question": 9,
      "target": "Test Score",
      "target_value": 68,
      "options": [
        "Student Study Time",
        "Student Distractions"
      ],
      "optionA": {
        "trial_id": "10",
        "task_id": "72",
        "values": "2.0, 4.0",
        "target_value": 68
      },
      "optionB": {
        "trial_id": "6",
        "task_id": "72",
        "values": "4.0, 8.0",
        "target_value": 68
      },
      "choice": {
        "button": "J",
        "selected_option": "OptionB"
      }
    },
    {
      "question": "attention_check_9",
      "choice": "J",
      "passed": true,
      "timestamp": 1756154645709
    },
    {
      "question": 10,
      "target": "Fuel Efficiency (km/L)",
      "target_value": 14,
      "options": [
        "Car Weight (kg)",
        "Engine Power (hp)"
      ],
      "optionA": {
        "trial_id": "3",
        "task_id": "3",
        "values": "1300.0, 90",
        "target_value": 14
      },
      "optionB": {
        "trial_id": "2",
        "task_id": "3",
        "values": "1400.0, 120",
        "target_value": 13
      },
      "choice": {
        "button": "F",
        "selected_option": "OptionA"
      }
    },
    {
      "question": 11,
      "target": "Job Success",
      "target_value": 3,
      "options": [
        "Age",
        "Experience"
      ],
      "optionA": {
        "trial_id": "17",
        "task_id": "133",
        "values": "70.0, 0.1",
        "target_value": 3
      },
      "optionB": {
        "trial_id": "16",
        "task_id": "133",
        "values": "70.0, 0.1",
        "target_value": 3
      },
      "choice": {
        "button": "F",
        "selected_option": "OptionA"
      }
    },
    {
      "question": 12,
      "target": "Rent (per month)",
      "target_value": 1400,
      "options": [
        "Distance from center (km)",
        "Size (m\u00b2)"
      ],
      "optionA": {
        "trial_id": "16",
        "task_id": "53",
        "values": "3.0, 70",
        "target_value": 1400
      },
      "optionB": {
        "trial_id": "4",
        "task_id": "53",
        "values": "1.0, 50",
        "target_value": 1600
      },
      "choice": {
        "button": "J",
        "selected_option": "OptionB"
      }
    },
    {
      "question": 13,
      "target": "Tastiness",
      "target_value": 5,
      "options": [
        "Pizza size (inches)",
        "Cheese amount (g)"
      ],
      "optionA": {
        "trial_id": "12",
        "task_id": "121",
        "values": "16.0, 170",
        "target_value": 5
      },
      "optionB": {
        "trial_id": "19",
        "task_id": "121",
        "values": "14.0, 170",
        "target_value": 6
      },
      "choice": {
        "button": "J",
        "selected_option": "OptionB"
      }
    },
    {
      "question": 14,
      "target": "Phone Performance Score",
      "target_value": 8,
      "options": [
        "Phone Processor Speed",
        "Phone Battery Capacity"
      ],
      "optionA": {
        "trial_id": "11",
        "task_id": "10",
        "values": "2.0, 6000",
        "target_value": 8
      },
      "optionB": {
        "trial_id": "10",
        "task_id": "10",
        "values": "2.0, 6000",
        "target_value": 8
      },
      "choice": {
        "button": "F",
        "selected_option": "OptionA"
      }
    },
    {
      "question": 15,
      "target": "Heart Health Score",
      "target_value": 82,
      "options": [
        "Age (years)",
        "Exercise Frequency"
      ],
      "optionA": {
        "trial_id": "6",
        "task_id": "149",
        "values": "45.0, 7.0",
        "target_value": 82
      },
      "optionB": {
        "trial_id": "12",
        "task_id": "149",
        "values": "42.0, 5.0",
        "target_value": 81
      },
      "choice": {
        "button": "F",
        "selected_option": "OptionA"
      }
    },
    {
      "question": 16,
      "target": "Distance Traveled",
      "target_value": 375,
      "options": [
        "Speed",
        "Comfort"
      ],
      "optionA": {
        "trial_id": "6",
        "task_id": "129",
        "values": "75.0, 6.0",
        "target_value": 375
      },
      "optionB": {
        "trial_id": "5",
        "task_id": "129",
        "values": "80.0, 5.0",
        "target_value": 400
      },
      "choice": {
        "button": "J",
        "selected_option": "OptionB"
      }
    },
    {
      "question": 17,
      "target": "Fuel efficiency (km/L)",
      "target_value": 22,
      "options": [
        "Car engine size (L)",
        "Car weight (kg)"
      ],
      "optionA": {
        "trial_id": "8",
        "task_id": "150",
        "values": "1.2, 1050.0",
        "target_value": 22
      },
      "optionB": {
        "trial_id": "3",
        "task_id": "150",
        "values": "1.6, 1100.0",
        "target_value": 18
      },
      "choice": {
        "button": "J",
        "selected_option": "OptionB"
      }
    },
    {
      "question": 18,
      "target": "Popularity",
      "target_value": 82,
      "options": [
        "Book age",
        "Page count"
      ],
      "optionA": {
        "trial_id": "4",
        "task_id": "134",
        "values": "4.0, 350",
        "target_value": 82
      },
      "optionB": {
        "trial_id": "9",
        "task_id": "134",
        "values": "5.0, 340",
        "target_value": 83
      },
      "choice": {
        "button": "J",
        "selected_option": "OptionB"
      }
    },
    {
      "question": 19,
      "target": "Daily travel cost ($)",
      "target_value": 54,
      "options": [
        "Distance to work (miles)",
        "Commute time (minutes)"
      ],
      "optionA": {
        "trial_id": "17",
        "task_id": "138",
        "values": "9.0, 8",
        "target_value": 54
      },
      "optionB": {
        "trial_id": "7",
        "task_id": "138",
        "values": "7.0, 16",
        "target_value": 42
      },
      "choice": {
        "button": "F",
        "selected_option": "OptionA"
      }
    },
    {
      "question": "attention_check_19",
      "choice": "F",
      "passed": true,
      "timestamp": 1756154680981
    },
    {
      "question": 20,
      "target": "Battery life",
      "target_value": 12,
      "options": [
        "Battery capacity",
        "Weight"
      ],
      "optionA": {
        "trial_id": "17",
        "task_id": "75",
        "values": "5000.0, 250",
        "target_value": 12
      },
      "optionB": {
        "trial_id": "15",
        "task_id": "75",
        "values": "3000.0, 300",
        "target_value": 8
      },
      "choice": {
        "button": "J",
        "selected_option": "OptionB"
      }
    },
    {
      "question": 21,
      "target": "Battery Life (hours)",
      "target_value": 8,
      "options": [
        "Phone Battery (mAh)",
        "Screen Brightness (%)"
      ],
      "optionA": {
        "trial_id": "17",
        "task_id": "5",
        "values": "3000.0, 60",
        "target_value": 8
      },
      "optionB": {
        "trial_id": "8",
        "task_id": "5",
        "values": "4500.0, 60",
        "target_value": 11
      },
      "choice": {
        "button": "J",
        "selected_option": "OptionB"
      }
    },
    {
      "question": 22,
      "target": "Car speed (mph)",
      "target_value": 90,
      "options": [
        "Engine power (hp)",
        "Weight (kg)"
      ],
      "optionA": {
        "trial_id": "10",
        "task_id": "90",
        "values": "170.0, 1600",
        "target_value": 90
      },
      "optionB": {
        "trial_id": "15",
        "task_id": "90",
        "values": "190.0, 1400",
        "target_value": 108
      },
      "choice": {
        "button": "F",
        "selected_option": "OptionA"
      }
    },
    {
      "question": 23,
      "target": "Commute time (minutes)",
      "target_value": 33,
      "options": [
        "Distance to work (miles)",
        "Number of traffic lights"
      ],
      "optionA": {
        "trial_id": "18",
        "task_id": "95",
        "values": "8.0, 9",
        "target_value": 33
      },
      "optionB": {
        "trial_id": "7",
        "task_id": "95",
        "values": "6.0, 9",
        "target_value": 31
      },
      "choice": {
        "button": "J",
        "selected_option": "OptionB"
      }
    },
    {
      "question": 24,
      "target": "Speed (km/h)",
      "target_value": 20,
      "options": [
        "Bike wheel size (inches)",
        "Frame weight (kg)"
      ],
      "optionA": {
        "trial_id": "10",
        "task_id": "164",
        "values": "27.0, 2.9",
        "target_value": 20
      },
      "optionB": {
        "trial_id": "17",
        "task_id": "164",
        "values": "29.0, 2.4",
        "target_value": 21
      },
      "choice": {
        "button": "J",
        "selected_option": "OptionB"
      }
    },
    {
      "question": 25,
      "target": "Taste Rating (scale 1-10)",
      "target_value": 7,
      "options": [
        "Number of Ingredients",
        "Cooking Time (minutes)"
      ],
      "optionA": {
        "trial_id": "1",
        "task_id": "167",
        "values": "10.0, 30",
        "target_value": 7
      },
      "optionB": {
        "trial_id": "2",
        "task_id": "167",
        "values": "12.0, 40",
        "target_value": 6
      },
      "choice": {
        "button": "J",
        "selected_option": "OptionB"
      }
    },
    {
      "question": 26,
      "target": "Tree trunk volume (m\u00b3)",
      "target_value": 9,
      "options": [
        "Height (cm)",
        "Width (cm)"
      ],
      "optionA": {
        "trial_id": "17",
        "task_id": "162",
        "values": "240.0, 22",
        "target_value": 9
      },
      "optionB": {
        "trial_id": "14",
        "task_id": "162",
        "values": "210.0, 28",
        "target_value": 6
      },
      "choice": {
        "button": "F",
        "selected_option": "OptionA"
      }
    },
    {
      "question": 27,
      "target": "Commute time (minutes)",
      "target_value": 31,
      "options": [
        "Distance to work (miles)",
        "Number of traffic lights"
      ],
      "optionA": {
        "trial_id": "16",
        "task_id": "95",
        "values": "5.0, 13",
        "target_value": 31
      },
      "optionB": {
        "trial_id": "20",
        "task_id": "95",
        "values": "4.0, 14",
        "target_value": 28
      },
      "choice": {
        "button": "F",
        "selected_option": "OptionA"
      }
    },
    {
      "question": 28,
      "target": "Comfort Rating",
      "target_value": 7.8,
      "options": [
        "Shoe Weight",
        "Brand Popularity"
      ],
      "optionA": {
        "trial_id": "3",
        "task_id": "29",
        "values": "220.0, 7.0",
        "target_value": 7.8
      },
      "optionB": {
        "trial_id": "7",
        "task_id": "29",
        "values": "210.0, 10.0",
        "target_value": 8.1
      },
      "choice": {
        "button": "F",
        "selected_option": "OptionA"
      }
    },
    {
      "question": 29,
      "target": "Job Success",
      "target_value": 3.5,
      "options": [
        "Age",
        "Experience"
      ],
      "optionA": {
        "trial_id": "15",
        "task_id": "133",
        "values": "65.0, 0.2",
        "target_value": 3.5
      },
      "optionB": {
        "trial_id": "12",
        "task_id": "133",
        "values": "60.0, 0.3",
        "target_value": 4
      },
      "choice": {
        "button": "F",
        "selected_option": "OptionA"
      }
    },
    {
      "question": "attention_check_29",
      "choice": "J",
      "passed": true,
      "timestamp": 1756154714884
    },
    {
      "question": 30,
      "target": "Fuel efficiency (km/l)",
      "target_value": 9,
      "options": [
        "Engine power (in horsepower)",
        "Weight (in kg)"
      ],
      "optionA": {
        "trial_id": "19",
        "task_id": "87",
        "values": "190.0, 1400",
        "target_value": 9
      },
      "optionB": {
        "trial_id": "9",
        "task_id": "87",
        "values": "200.0, 1500",
        "target_value": 8
      },
      "choice": {
        "button": "J",
        "selected_option": "OptionB"
      }
    },
    {
      "question": 31,
      "target": "Muscle gain",
      "target_value": 70,
      "options": [
        "Exercise intensity",
        "Water intake"
      ],
      "optionA": {
        "trial_id": "10",
        "task_id": "86",
        "values": "5.0, 5",
        "target_value": 70
      },
      "optionB": {
        "trial_id": "16",
        "task_id": "86",
        "values": "6.0, 4",
        "target_value": 70
      },
      "choice": {
        "button": "J",
        "selected_option": "OptionB"
      }
    },
    {
      "question": 32,
      "target": "Battery life",
      "target_value": 34,
      "options": [
        "Phone battery",
        "Phone size"
      ],
      "optionA": {
        "trial_id": "12",
        "task_id": "62",
        "values": "6000.0, 11.0",
        "target_value": 34
      },
      "optionB": {
        "trial_id": "15",
        "task_id": "62",
        "values": "5000.0, 14.0",
        "target_value": 30
      },
      "choice": {
        "button": "J",
        "selected_option": "OptionB"
      }
    },
    {
      "question": 33,
      "target": "Exam Score",
      "target_value": 83,
      "options": [
        "Study Time",
        "Coffee Consumption"
      ],
      "optionA": {
        "trial_id": "13",
        "task_id": "14",
        "values": "5.0, 3",
        "target_value": 83
      },
      "optionB": {
        "trial_id": "7",
        "task_id": "14",
        "values": "7.0, 1",
        "target_value": 90
      },
      "choice": {
        "button": "J",
        "selected_option": "OptionB"
      }
    },
    {
      "question": 34,
      "target": "Cooling Time (min)",
      "target_value": 28,
      "options": [
        "Room Size (m\u00b2)",
        "Window Size (m\u00b2)"
      ],
      "optionA": {
        "trial_id": "5",
        "task_id": "143",
        "values": "22.0, 2.0",
        "target_value": 28
      },
      "optionB": {
        "trial_id": "2",
        "task_id": "143",
        "values": "25.0, 3.0",
        "target_value": 25
      },
      "choice": {
        "button": "J",
        "selected_option": "OptionB"
      }
    },
    {
      "question": 35,
      "target": "Battery Life (hours)",
      "target_value": 8,
      "options": [
        "Phone Battery (mAh)",
        "Screen Brightness (%)"
      ],
      "optionA": {
        "trial_id": "4",
        "task_id": "5",
        "values": "3000.0, 70",
        "target_value": 8
      },
      "optionB": {
        "trial_id": "20",
        "task_id": "5",
        "values": "3500.0, 70",
        "target_value": 8
      },
      "choice": {
        "button": "J",
        "selected_option": "OptionB"
      }
    },
    {
      "question": 36,
      "target": "Exam score",
      "target_value": 93,
      "options": [
        "Study hours",
        "Intelligence score"
      ],
      "optionA": {
        "trial_id": "12",
        "task_id": "122",
        "values": "7.0, 65.0",
        "target_value": 93
      },
      "optionB": {
        "trial_id": "14",
        "task_id": "122",
        "values": "1.0, 110.0",
        "target_value": 64
      },
      "choice": {
        "button": "F",
        "selected_option": "OptionA"
      }
    },
    {
      "question": 37,
      "target": "Time to Destination (hours)",
      "target_value": 0.9,
      "options": [
        "Car Speed (mph)",
        "Fuel Efficiency (mpg)"
      ],
      "optionA": {
        "trial_id": "20",
        "task_id": "32",
        "values": "95.0, 14.0",
        "target_value": 0.9
      },
      "optionB": {
        "trial_id": "3",
        "task_id": "32",
        "values": "70.0, 25.0",
        "target_value": 1.5
      },
      "choice": {
        "button": "F",
        "selected_option": "OptionA"
      }
    },
    {
      "question": 38,
      "target": "Battery Life (hours)",
      "target_value": 8,
      "options": [
        "Phone Battery (mAh)",
        "Screen Brightness (%)"
      ],
      "optionA": {
        "trial_id": "20",
        "task_id": "5",
        "values": "3500.0, 70",
        "target_value": 8
      },
      "optionB": {
        "trial_id": "19",
        "task_id": "5",
        "values": "2500.0, 60",
        "target_value": 6
      },
      "choice": {
        "button": "F",
        "selected_option": "OptionA"
      }
    },
    {
      "question": 39,
      "target": "Travel Time (min)",
      "target_value": 24,
      "options": [
        "Distance (km)",
        "Speed (km/h)"
      ],
      "optionA": {
        "trial_id": "20",
        "task_id": "166",
        "values": "20.0, 50",
        "target_value": 24
      },
      "optionB": {
        "trial_id": "18",
        "task_id": "166",
        "values": "11.0, 60",
        "target_value": 9
      },
      "choice": {
        "button": "F",
        "selected_option": "OptionA"
      }
    },
    {
      "question": "attention_check_39",
      "choice": "F",
      "passed": true,
      "timestamp": 1756154760805
    },
    {
      "question": 40,
      "target": "Reaction Time (ms)",
      "target_value": 240,
      "options": [
        "Age (years)",
        "Driving Experience (years)"
      ],
      "optionA": {
        "trial_id": "12",
        "task_id": "25",
        "values": "40.0, 20.0",
        "target_value": 240
      },
      "optionB": {
        "trial_id": "13",
        "task_id": "25",
        "values": "22.0, 4.0",
        "target_value": 310
      },
      "choice": {
        "button": "F",
        "selected_option": "OptionA"
      }
    },
    {
      "question": 41,
      "target": "Cooking Time (minutes)",
      "target_value": 13,
      "options": [
        "Number of Ingredients",
        "Prep Time (minutes)"
      ],
      "optionA": {
        "trial_id": "13",
        "task_id": "26",
        "values": "6.0, 10.0",
        "target_value": 13
      },
      "optionB": {
        "trial_id": "18",
        "task_id": "26",
        "values": "7.0, 14.0",
        "target_value": 13
      },
      "choice": {
        "button": "J",
        "selected_option": "OptionB"
      }
    },
    {
      "question": 42,
      "target": "Freshness",
      "target_value": 8,
      "options": [
        "Cooking Time",
        "Ingredients"
      ],
      "optionA": {
        "trial_id": "16",
        "task_id": "19",
        "values": "25.0, 5.0",
        "target_value": 8
      },
      "optionB": {
        "trial_id": "2",
        "task_id": "19",
        "values": "40.0, 6.0",
        "target_value": 6
      },
      "choice": {
        "button": "J",
        "selected_option": "OptionB"
      }
    },
    {
      "question": 43,
      "target": "Taste rating (1-10)",
      "target_value": 6,
      "options": [
        "Number of ingredients (count)",
        "Prep time (minutes)"
      ],
      "optionA": {
        "trial_id": "10",
        "task_id": "97",
        "values": "12.0, 20",
        "target_value": 6
      },
      "optionB": {
        "trial_id": "16",
        "task_id": "97",
        "values": "10.0, 35",
        "target_value": 6
      },
      "choice": {
        "button": "F",
        "selected_option": "OptionA"
      }
    },
    {
      "question": 44,
      "target": "Daily travel cost ($)",
      "target_value": 25,
      "options": [
        "Distance to work (miles)",
        "Commute time (minutes)"
      ],
      "optionA": {
        "trial_id": "12",
        "task_id": "138",
        "values": "5.0, 18",
        "target_value": 25
      },
      "optionB": {
        "trial_id": "9",
        "task_id": "138",
        "values": "6.0, 20",
        "target_value": 36
      },
      "choice": {
        "button": "J",
        "selected_option": "OptionB"
      }
    },
    {
      "question": 45,
      "target": "Taste Rating (scale 1-10)",
      "target_value": 7,
      "options": [
        "Number of Ingredients",
        "Cooking Time (minutes)"
      ],
      "optionA": {
        "trial_id": "20",
        "task_id": "167",
        "values": "10.0, 35",
        "target_value": 7
      },
      "optionB": {
        "trial_id": "7",
        "task_id": "167",
        "values": "9.0, 30",
        "target_value": 8
      },
      "choice": {
        "button": "F",
        "selected_option": "OptionA"
      }
    },
    {
      "question": 46,
      "target": "Battery Life",
      "target_value": 20,
      "options": [
        "Phone Battery Capacity",
        "Screen Size"
      ],
      "optionA": {
        "trial_id": "11",
        "task_id": "28",
        "values": "4200.0, 5.9",
        "target_value": 20
      },
      "optionB": {
        "trial_id": "12",
        "task_id": "28",
        "values": "3800.0, 6.8",
        "target_value": 18
      },
      "choice": {
        "button": "F",
        "selected_option": "OptionA"
      }
    },
    {
      "question": 47,
      "target": "Comfort (1-10)",
      "target_value": 8,
      "options": [
        "Shoe Width (cm)",
        "Arch Support (1-10)"
      ],
      "optionA": {
        "trial_id": "1",
        "task_id": "7",
        "values": "9.0, 6",
        "target_value": 8
      },
      "optionB": {
        "trial_id": "14",
        "task_id": "7",
        "values": "9.0, 7",
        "target_value": 8
      },
      "choice": {
        "button": "J",
        "selected_option": "OptionB"
      }
    },
    {
      "question": 48,
      "target": "Cooking time (minutes)",
      "target_value": 25,
      "options": [
        "Number of ingredients",
        "Prep time (minutes)"
      ],
      "optionA": {
        "trial_id": "12",
        "task_id": "140",
        "values": "5.0, 10",
        "target_value": 25
      },
      "optionB": {
        "trial_id": "12",
        "task_id": "140",
        "values": "5.0, 10",
        "target_value": 25
      },
      "choice": {
        "button": "F",
        "selected_option": "OptionA"
      }
    },
    {
      "question": 49,
      "target": "Tastiness",
      "target_value": 7,
      "options": [
        "Pizza size (inches)",
        "Cheese amount (g)"
      ],
      "optionA": {
        "trial_id": "9",
        "task_id": "121",
        "values": "12.0, 170",
        "target_value": 7
      },
      "optionB": {
        "trial_id": "15",
        "task_id": "121",
        "values": "18.0, 120",
        "target_value": 5
      },
      "choice": {
        "button": "J",
        "selected_option": "OptionB"
      }
    },
    {
      "question": 50,
      "target": "Fuel Cost",
      "target_value": 6,
      "options": [
        "Distance (km)",
        "Fuel Efficiency (km/L)"
      ],
      "optionA": {
        "trial_id": "5",
        "task_id": "70",
        "values": "60.0, 10",
        "target_value": 6
      },
      "optionB": {
        "trial_id": "10",
        "task_id": "70",
        "values": "60.0, 15",
        "target_value": 4
      },
      "choice": {
        "button": "J",
        "selected_option": "OptionB"
      }
    }
  ]
}