{
  "prolific_id": "UNKNOWN",
  "condition_group": "direction",
  "responses": [
    {
      "question": 1,
      "target": "Exercise Intensity",
      "target_value": 5.5,
      "options": [
        "Time to Walk (min)",
        "Number of Steps"
      ],
      "optionA": {
        "trial_id": "12",
        "task_id": "95",
        "values": "11.0, 1100.0",
        "target_value": 5.5
      },
      "optionB": {
        "trial_id": "2",
        "task_id": "95",
        "values": "12.0, 1200.0",
        "target_value": 6
      },
      "choice": {
        "button": "F",
        "selected_option": "OptionA"
      }
    },
    {
      "question": 2,
      "target": "Muscle gain",
      "target_value": 1,
      "options": [
        "Minutes of exercise",
        "Protein intake"
      ],
      "optionA": {
        "trial_id": "16",
        "task_id": "59",
        "values": "40.0, 15.0",
        "target_value": 1
      },
      "optionB": {
        "trial_id": "3",
        "task_id": "59",
        "values": "45.0, 25.0",
        "target_value": 1.5
      },
      "choice": {
        "button": "J",
        "selected_option": "OptionB"
      }
    },
    {
      "question": 3,
      "target": "House Price",
      "target_value": 410,
      "options": [
        "House Size",
        "Neighborhood Rating"
      ],
      "optionA": {
        "trial_id": "4",
        "task_id": "38",
        "values": "1800.0, 8.0",
        "target_value": 410
      },
      "optionB": {
        "trial_id": "12",
        "task_id": "38",
        "values": "2200.0, 7.0",
        "target_value": 410
      },
      "choice": {
        "button": "J",
        "selected_option": "OptionB"
      }
    },
    {
      "question": 4,
      "target": "Deliciousness",
      "target_value": 65,
      "options": [
        "Cooking time",
        "Ingredients count"
      ],
      "optionA": {
        "trial_id": "14",
        "task_id": "27",
        "values": "10.0, 5.0",
        "target_value": 65
      },
      "optionB": {
        "trial_id": "1",
        "task_id": "27",
        "values": "30.0, 5.0",
        "target_value": 75
      },
      "choice": {
        "button": "J",
        "selected_option": "OptionB"
      }
    },
    {
      "question": 5,
      "target": "Phone Battery Life",
      "target_value": 30,
      "options": [
        "Phone Battery Capacity",
        "Phone Weight"
      ],
      "optionA": {
        "trial_id": "1",
        "task_id": "108",
        "values": "4000.0, 200.0",
        "target_value": 30
      },
      "optionB": {
        "trial_id": "11",
        "task_id": "108",
        "values": "4500.0, 215.0",
        "target_value": 34
      },
      "choice": {
        "button": "J",
        "selected_option": "OptionB"
      }
    },
    {
      "question": 6,
      "target": "Restaurant Popularity (on scale 1-10)",
      "target_value": 8,
      "options": [
        "Number of Reviews",
        "Average Rating (out of 5)"
      ],
      "optionA": {
        "trial_id": "9",
        "task_id": "19",
        "values": "180.0, 4.6",
        "target_value": 8
      },
      "optionB": {
        "trial_id": "20",
        "task_id": "19",
        "values": "270.0, 4.6",
        "target_value": 8
      },
      "choice": {
        "button": "J",
        "selected_option": "OptionB"
      }
    },
    {
      "question": 7,
      "target": "Distance Traveled",
      "target_value": 280,
      "options": [
        "Speed",
        "Weight"
      ],
      "optionA": {
        "trial_id": "3",
        "task_id": "111",
        "values": "50.0, 800.0",
        "target_value": 280
      },
      "optionB": {
        "trial_id": "4",
        "task_id": "111",
        "values": "60.0, 1000.0",
        "target_value": 300
      },
      "choice": {
        "button": "J",
        "selected_option": "OptionB"
      }
    },
    {
      "question": 8,
      "target": "Battery life hours",
      "target_value": 17,
      "options": [
        "Phone battery capacity",
        "Phone weight"
      ],
      "optionA": {
        "trial_id": "14",
        "task_id": "73",
        "values": "4200.0, 220.0",
        "target_value": 17
      },
      "optionB": {
        "trial_id": "20",
        "task_id": "73",
        "values": "4000.0, 200.0",
        "target_value": 15
      },
      "choice": {
        "button": "F",
        "selected_option": "OptionA"
      }
    },
    {
      "question": 9,
      "target": "Speed (km/h)",
      "target_value": 180,
      "options": [
        "Engine Horsepower",
        "Weight (kg)"
      ],
      "optionA": {
        "trial_id": "1",
        "task_id": "47",
        "values": "150.0, 1200.0",
        "target_value": 180
      },
      "optionB": {
        "trial_id": "11",
        "task_id": "47",
        "values": "220.0, 1500.0",
        "target_value": 195
      },
      "choice": {
        "button": "J",
        "selected_option": "OptionB"
      }
    },
    {
      "question": "attention_check_9",
      "choice": "J",
      "passed": true,
      "timestamp": 1756154730936
    },
    {
      "question": 10,
      "target": "Performance Score (1-100)",
      "target_value": 75,
      "options": [
        "Hours of Practice",
        "Number of Lessons"
      ],
      "optionA": {
        "trial_id": "7",
        "task_id": "57",
        "values": "15.0, 7.0",
        "target_value": 75
      },
      "optionB": {
        "trial_id": "1",
        "task_id": "57",
        "values": "10.0, 5.0",
        "target_value": 70
      },
      "choice": {
        "button": "F",
        "selected_option": "OptionA"
      }
    },
    {
      "question": 11,
      "target": "Prep Time (min)",
      "target_value": 17,
      "options": [
        "Number of Ingredients",
        "Cooking Time (min)"
      ],
      "optionA": {
        "trial_id": "14",
        "task_id": "96",
        "values": "8.0, 26.0",
        "target_value": 17
      },
      "optionB": {
        "trial_id": "6",
        "task_id": "96",
        "values": "7.0, 25.0",
        "target_value": 17
      },
      "choice": {
        "button": "F",
        "selected_option": "OptionA"
      }
    },
    {
      "question": 12,
      "target": "Engagement rate (%)",
      "target_value": 6.1,
      "options": [
        "Number of followers",
        "Post quality score"
      ],
      "optionA": {
        "trial_id": "14",
        "task_id": "71",
        "values": "14000.0, 6.0",
        "target_value": 6.1
      },
      "optionB": {
        "trial_id": "19",
        "task_id": "71",
        "values": "14000.0, 7.0",
        "target_value": 6
      },
      "choice": {
        "button": "J",
        "selected_option": "OptionB"
      }
    },
    {
      "question": 13,
      "target": "Reading time",
      "target_value": 8,
      "options": [
        "Book pages",
        "Book chapters"
      ],
      "optionA": {
        "trial_id": "2",
        "task_id": "72",
        "values": "400.0, 20.0",
        "target_value": 8
      },
      "optionB": {
        "trial_id": "11",
        "task_id": "72",
        "values": "400.0, 22.0",
        "target_value": 9
      },
      "choice": {
        "button": "J",
        "selected_option": "OptionB"
      }
    },
    {
      "question": 14,
      "target": "Exam Score (out of 100)",
      "target_value": 60,
      "options": [
        "Time Spent Studying (hours)",
        "Number of Chapters Covered"
      ],
      "optionA": {
        "trial_id": "8",
        "task_id": "94",
        "values": "4.0, 3.0",
        "target_value": 60
      },
      "optionB": {
        "trial_id": "18",
        "task_id": "94",
        "values": "5.0, 4.0",
        "target_value": 70
      },
      "choice": {
        "button": "F",
        "selected_option": "OptionA"
      }
    },
    {
      "question": 15,
      "target": "User Satisfaction",
      "target_value": 6,
      "options": [
        "Screen Size",
        "Battery Life"
      ],
      "optionA": {
        "trial_id": "14",
        "task_id": "52",
        "values": "6.0, 30.0",
        "target_value": 6
      },
      "optionB": {
        "trial_id": "3",
        "task_id": "52",
        "values": "7.0, 35.0",
        "target_value": 8
      },
      "choice": {
        "button": "J",
        "selected_option": "OptionB"
      }
    },
    {
      "question": 16,
      "target": "Photo Quality",
      "target_value": 6,
      "options": [
        "Phone Price",
        "Phone Camera Megapixels"
      ],
      "optionA": {
        "trial_id": "19",
        "task_id": "5",
        "values": "420.0, 9.0",
        "target_value": 6
      },
      "optionB": {
        "trial_id": "11",
        "task_id": "5",
        "values": "750.0, 20.0",
        "target_value": 10
      },
      "choice": {
        "button": "J",
        "selected_option": "OptionB"
      }
    },
    {
      "question": 17,
      "target": "Battery Duration",
      "target_value": 19,
      "options": [
        "Phone Battery Capacity",
        "Screen Brightness"
      ],
      "optionA": {
        "trial_id": "18",
        "task_id": "63",
        "values": "4000.0, 550.0",
        "target_value": 19
      },
      "optionB": {
        "trial_id": "14",
        "task_id": "63",
        "values": "3500.0, 450.0",
        "target_value": 15
      },
      "choice": {
        "button": "J",
        "selected_option": "OptionB"
      }
    },
    {
      "question": 18,
      "target": "Muscle gain",
      "target_value": 1.3,
      "options": [
        "Minutes of exercise",
        "Protein intake"
      ],
      "optionA": {
        "trial_id": "18",
        "task_id": "59",
        "values": "35.0, 20.0",
        "target_value": 1.3
      },
      "optionB": {
        "trial_id": "4",
        "task_id": "59",
        "values": "35.0, 30.0",
        "target_value": 1.6
      },
      "choice": {
        "button": "J",
        "selected_option": "OptionB"
      }
    },
    {
      "question": 19,
      "target": "App Popularity",
      "target_value": 65,
      "options": [
        "App User Ratings (1-5)",
        "Number of Reviews"
      ],
      "optionA": {
        "trial_id": "3",
        "task_id": "42",
        "values": "3.0, 150.0",
        "target_value": 65
      },
      "optionB": {
        "trial_id": "3",
        "task_id": "42",
        "values": "3.0, 150.0",
        "target_value": 65
      },
      "choice": {
        "button": "J",
        "selected_option": "OptionB"
      }
    },
    {
      "question": "attention_check_19",
      "choice": "F",
      "passed": true,
      "timestamp": 1756154945836
    },
    {
      "question": 20,
      "target": "Value Score",
      "target_value": 70,
      "options": [
        "Price ($)",
        "Size (GB)"
      ],
      "optionA": {
        "trial_id": "15",
        "task_id": "99",
        "values": "40.0, 128.0",
        "target_value": 70
      },
      "optionB": {
        "trial_id": "19",
        "task_id": "99",
        "values": "50.0, 128.0",
        "target_value": 70
      },
      "choice": {
        "button": "J",
        "selected_option": "OptionB"
      }
    },
    {
      "question": 21,
      "target": "Jump Height",
      "target_value": 103,
      "options": [
        "Height",
        "Arm Length"
      ],
      "optionA": {
        "trial_id": "18",
        "task_id": "115",
        "values": "220.0, 87.0",
        "target_value": 103
      },
      "optionB": {
        "trial_id": "14",
        "task_id": "115",
        "values": "200.0, 77.0",
        "target_value": 93
      },
      "choice": {
        "button": "F",
        "selected_option": "OptionA"
      }
    },
    {
      "question": 22,
      "target": "Satiety (on scale 1-10)",
      "target_value": 9,
      "options": [
        "Number of Calories",
        "Protein (g)"
      ],
      "optionA": {
        "trial_id": "14",
        "task_id": "16",
        "values": "500.0, 18.0",
        "target_value": 9
      },
      "optionB": {
        "trial_id": "10",
        "task_id": "16",
        "values": "450.0, 22.0",
        "target_value": 10
      },
      "choice": {
        "button": "F",
        "selected_option": "OptionA"
      }
    },
    {
      "question": 23,
      "target": "Brightness",
      "target_value": 630,
      "options": [
        "Phone Battery Capacity",
        "Screen Size"
      ],
      "optionA": {
        "trial_id": "2",
        "task_id": "37",
        "values": "3500.0, 4.0",
        "target_value": 630
      },
      "optionB": {
        "trial_id": "1",
        "task_id": "37",
        "values": "3000.0, 5.0",
        "target_value": 650
      },
      "choice": {
        "button": "F",
        "selected_option": "OptionA"
      }
    },
    {
      "question": 24,
      "target": "Performance",
      "target_value": 8.1,
      "options": [
        "Skill Level",
        "Practice Time"
      ],
      "optionA": {
        "trial_id": "5",
        "task_id": "100",
        "values": "8.0, 8.0",
        "target_value": 8.1
      },
      "optionB": {
        "trial_id": "2",
        "task_id": "100",
        "values": "6.0, 15.0",
        "target_value": 8.2
      },
      "choice": {
        "button": "F",
        "selected_option": "OptionA"
      }
    },
    {
      "question": 25,
      "target": "Market value ($)",
      "target_value": 280000,
      "options": [
        "Number of bedrooms",
        "House size (sq ft)"
      ],
      "optionA": {
        "trial_id": "20",
        "task_id": "90",
        "values": "5.0, 1300.0",
        "target_value": 280000
      },
      "optionB": {
        "trial_id": "2",
        "task_id": "90",
        "values": "4.0, 1000.0",
        "target_value": 230000
      },
      "choice": {
        "button": "F",
        "selected_option": "OptionA"
      }
    },
    {
      "question": 26,
      "target": "Home Comfort (1-10)",
      "target_value": 5,
      "options": [
        "Number of Bedrooms",
        "Square Feet"
      ],
      "optionA": {
        "trial_id": "17",
        "task_id": "9",
        "values": "2.0, 1250.0",
        "target_value": 5
      },
      "optionB": {
        "trial_id": "13",
        "task_id": "9",
        "values": "3.0, 1550.0",
        "target_value": 7
      },
      "choice": {
        "button": "J",
        "selected_option": "OptionB"
      }
    },
    {
      "question": 27,
      "target": "Age (years)",
      "target_value": 50,
      "options": [
        "Tree Height (m)",
        "Trunk Diameter (cm)"
      ],
      "optionA": {
        "trial_id": "4",
        "task_id": "32",
        "values": "10.0, 30.0",
        "target_value": 50
      },
      "optionB": {
        "trial_id": "15",
        "task_id": "32",
        "values": "13.0, 38.0",
        "target_value": 65
      },
      "choice": {
        "button": "J",
        "selected_option": "OptionB"
      }
    },
    {
      "question": 28,
      "target": "Muscle gain",
      "target_value": 1.2,
      "options": [
        "Minutes of exercise",
        "Protein intake"
      ],
      "optionA": {
        "trial_id": "1",
        "task_id": "59",
        "values": "30.0, 20.0",
        "target_value": 1.2
      },
      "optionB": {
        "trial_id": "16",
        "task_id": "59",
        "values": "40.0, 15.0",
        "target_value": 1
      },
      "choice": {
        "button": "F",
        "selected_option": "OptionA"
      }
    },
    {
      "question": 29,
      "target": "Exam Score",
      "target_value": 75,
      "options": [
        "Student Study Time (hours)",
        "Class Attendance (%)"
      ],
      "optionA": {
        "trial_id": "14",
        "task_id": "40",
        "values": "9.0, 75.0",
        "target_value": 75
      },
      "optionB": {
        "trial_id": "19",
        "task_id": "40",
        "values": "5.0, 90.0",
        "target_value": 76
      },
      "choice": {
        "button": "J",
        "selected_option": "OptionB"
      }
    },
    {
      "question": "attention_check_29",
      "choice": "J",
      "passed": true,
      "timestamp": 1756155138991
    },
    {
      "question": 30,
      "target": "Growth speed",
      "target_value": 6,
      "options": [
        "Plant height cm",
        "Plant leaf count"
      ],
      "optionA": {
        "trial_id": "19",
        "task_id": "74",
        "values": "42.0, 16.0",
        "target_value": 6
      },
      "optionB": {
        "trial_id": "3",
        "task_id": "74",
        "values": "25.0, 8.0",
        "target_value": 3.5
      },
      "choice": {
        "button": "F",
        "selected_option": "OptionA"
      }
    },
    {
      "question": 31,
      "target": "Enjoyment",
      "target_value": 7,
      "options": [
        "Taste rating",
        "Price"
      ],
      "optionA": {
        "trial_id": "8",
        "task_id": "26",
        "values": "5.0, 3.0",
        "target_value": 7
      },
      "optionB": {
        "trial_id": "1",
        "task_id": "26",
        "values": "8.0, 5.0",
        "target_value": 12
      },
      "choice": {
        "button": "J",
        "selected_option": "OptionB"
      }
    },
    {
      "question": 32,
      "target": "Recipe difficulty",
      "target_value": 7,
      "options": [
        "Number of ingredients",
        "Prep time (minutes)"
      ],
      "optionA": {
        "trial_id": "7",
        "task_id": "60",
        "values": "6.0, 20.0",
        "target_value": 7
      },
      "optionB": {
        "trial_id": "5",
        "task_id": "60",
        "values": "7.0, 25.0",
        "target_value": 8
      },
      "choice": {
        "button": "J",
        "selected_option": "OptionB"
      }
    },
    {
      "question": 33,
      "target": "Apartment price",
      "target_value": 1500,
      "options": [
        "Distance from city center",
        "Room size"
      ],
      "optionA": {
        "trial_id": "8",
        "task_id": "58",
        "values": "4.0, 60.0",
        "target_value": 1500
      },
      "optionB": {
        "trial_id": "9",
        "task_id": "58",
        "values": "5.0, 70.0",
        "target_value": 1700
      },
      "choice": {
        "button": "F",
        "selected_option": "OptionA"
      }
    },
    {
      "question": 34,
      "target": "House Price",
      "target_value": 430,
      "options": [
        "House Size",
        "Neighborhood Rating"
      ],
      "optionA": {
        "trial_id": "20",
        "task_id": "38",
        "values": "2100.0, 8.0",
        "target_value": 430
      },
      "optionB": {
        "trial_id": "4",
        "task_id": "38",
        "values": "1800.0, 8.0",
        "target_value": 410
      },
      "choice": {
        "button": "F",
        "selected_option": "OptionA"
      }
    },
    {
      "question": 35,
      "target": "Taste Rating (1-10)",
      "target_value": 8,
      "options": [
        "Minutes of Cooking",
        "Number of Ingredients"
      ],
      "optionA": {
        "trial_id": "2",
        "task_id": "56",
        "values": "20.0, 5.0",
        "target_value": 8
      },
      "optionB": {
        "trial_id": "18",
        "task_id": "56",
        "values": "22.0, 4.0",
        "target_value": 7
      },
      "choice": {
        "button": "F",
        "selected_option": "OptionA"
      }
    },
    {
      "question": 36,
      "target": "Book Reading Time",
      "target_value": 160,
      "options": [
        "Book Thickness",
        "Book Length"
      ],
      "optionA": {
        "trial_id": "6",
        "task_id": "102",
        "values": "600.0, 220.0",
        "target_value": 160
      },
      "optionB": {
        "trial_id": "12",
        "task_id": "102",
        "values": "550.0, 210.0",
        "target_value": 145
      },
      "choice": {
        "button": "F",
        "selected_option": "OptionA"
      }
    },
    {
      "question": 37,
      "target": "Age (years)",
      "target_value": 65,
      "options": [
        "Tree Height (m)",
        "Trunk Diameter (cm)"
      ],
      "optionA": {
        "trial_id": "15",
        "task_id": "32",
        "values": "13.0, 38.0",
        "target_value": 65
      },
      "optionB": {
        "trial_id": "7",
        "task_id": "32",
        "values": "14.0, 40.0",
        "target_value": 70
      },
      "choice": {
        "button": "J",
        "selected_option": "OptionB"
      }
    },
    {
      "question": 38,
      "target": "Strength",
      "target_value": 17,
      "options": [
        "Coffee Beans",
        "Water"
      ],
      "optionA": {
        "trial_id": "13",
        "task_id": "112",
        "values": "12.0, 260.0",
        "target_value": 17
      },
      "optionB": {
        "trial_id": "2",
        "task_id": "112",
        "values": "12.0, 220.0",
        "target_value": 16
      },
      "choice": {
        "button": "J",
        "selected_option": "OptionB"
      }
    },
    {
      "question": 39,
      "target": "Deliciousness",
      "target_value": 85,
      "options": [
        "Cooking time",
        "Ingredients count"
      ],
      "optionA": {
        "trial_id": "4",
        "task_id": "27",
        "values": "15.0, 6.0",
        "target_value": 85
      },
      "optionB": {
        "trial_id": "14",
        "task_id": "27",
        "values": "10.0, 5.0",
        "target_value": 65
      },
      "choice": {
        "button": "F",
        "selected_option": "OptionA"
      }
    },
    {
      "question": "attention_check_39",
      "choice": "F",
      "passed": true,
      "timestamp": 1756155296894
    },
    {
      "question": 40,
      "target": "Speed (km/h)",
      "target_value": 200,
      "options": [
        "Engine Horsepower",
        "Weight (kg)"
      ],
      "optionA": {
        "trial_id": "7",
        "task_id": "47",
        "values": "250.0, 1600.0",
        "target_value": 200
      },
      "optionB": {
        "trial_id": "9",
        "task_id": "47",
        "values": "160.0, 1250.0",
        "target_value": 175
      },
      "choice": {
        "button": "F",
        "selected_option": "OptionA"
      }
    },
    {
      "question": 41,
      "target": "Phone Performance",
      "target_value": 93,
      "options": [
        "Phone RAM",
        "Phone Screen Size"
      ],
      "optionA": {
        "trial_id": "20",
        "task_id": "103",
        "values": "10.0, 6.7",
        "target_value": 93
      },
      "optionB": {
        "trial_id": "17",
        "task_id": "103",
        "values": "8.0, 6.4",
        "target_value": 90
      },
      "choice": {
        "button": "F",
        "selected_option": "OptionA"
      }
    },
    {
      "question": 42,
      "target": "Satiety (on scale 1-10)",
      "target_value": 9,
      "options": [
        "Number of Calories",
        "Protein (g)"
      ],
      "optionA": {
        "trial_id": "14",
        "task_id": "16",
        "values": "500.0, 18.0",
        "target_value": 9
      },
      "optionB": {
        "trial_id": "12",
        "task_id": "16",
        "values": "300.0, 12.0",
        "target_value": 7
      },
      "choice": {
        "button": "F",
        "selected_option": "OptionA"
      }
    },
    {
      "question": 43,
      "target": "Home value",
      "target_value": 260000,
      "options": [
        "House size",
        "Neighborhood quality"
      ],
      "optionA": {
        "trial_id": "16",
        "task_id": "70",
        "values": "100.0, 6.0",
        "target_value": 260000
      },
      "optionB": {
        "trial_id": "16",
        "task_id": "70",
        "values": "100.0, 6.0",
        "target_value": 260000
      },
      "choice": {
        "button": "F",
        "selected_option": "OptionA"
      }
    },
    {
      "question": 44,
      "target": "Performance Rating",
      "target_value": 7,
      "options": [
        "Computer Weight (kg)",
        "RAM (GB)"
      ],
      "optionA": {
        "trial_id": "1",
        "task_id": "34",
        "values": "1.5, 8.0",
        "target_value": 7
      },
      "optionB": {
        "trial_id": "10",
        "task_id": "34",
        "values": "1.4, 8.0",
        "target_value": 6.5
      },
      "choice": {
        "button": "F",
        "selected_option": "OptionA"
      }
    },
    {
      "question": 45,
      "target": "Phone Battery Life",
      "target_value": 33,
      "options": [
        "Phone Battery Capacity",
        "Phone Weight"
      ],
      "optionA": {
        "trial_id": "3",
        "task_id": "108",
        "values": "4500.0, 210.0",
        "target_value": 33
      },
      "optionB": {
        "trial_id": "1",
        "task_id": "108",
        "values": "4000.0, 200.0",
        "target_value": 30
      },
      "choice": {
        "button": "F",
        "selected_option": "OptionA"
      }
    },
    {
      "question": 46,
      "target": "Warmth Rating",
      "target_value": 4.5,
      "options": [
        "Shirt Weight (g)",
        "Fabric Thickness (mm)"
      ],
      "optionA": {
        "trial_id": "4",
        "task_id": "31",
        "values": "200.0, 1.6",
        "target_value": 4.5
      },
      "optionB": {
        "trial_id": "19",
        "task_id": "31",
        "values": "205.0, 1.8",
        "target_value": 4.8
      },
      "choice": {
        "button": "J",
        "selected_option": "OptionB"
      }
    },
    {
      "question": 47,
      "target": "Satiety (on scale 1-10)",
      "target_value": 5,
      "options": [
        "Number of Calories",
        "Protein (g)"
      ],
      "optionA": {
        "trial_id": "11",
        "task_id": "16",
        "values": "200.0, 8.0",
        "target_value": 5
      },
      "optionB": {
        "trial_id": "15",
        "task_id": "16",
        "values": "300.0, 10.0",
        "target_value": 6
      },
      "choice": {
        "button": "J",
        "selected_option": "OptionB"
      }
    },
    {
      "question": 48,
      "target": "Market value ($)",
      "target_value": 200000,
      "options": [
        "Number of bedrooms",
        "House size (sq ft)"
      ],
      "optionA": {
        "trial_id": "5",
        "task_id": "90",
        "values": "2.0, 1000.0",
        "target_value": 200000
      },
      "optionB": {
        "trial_id": "2",
        "task_id": "90",
        "values": "4.0, 1000.0",
        "target_value": 230000
      },
      "choice": {
        "button": "J",
        "selected_option": "OptionB"
      }
    },
    {
      "question": 49,
      "target": "House Price ($1000s)",
      "target_value": 350,
      "options": [
        "Number of Rooms",
        "Square Feet"
      ],
      "optionA": {
        "trial_id": "8",
        "task_id": "77",
        "values": "5.0, 2100.0",
        "target_value": 350
      },
      "optionB": {
        "trial_id": "19",
        "task_id": "77",
        "values": "4.0, 2200.0",
        "target_value": 340
      },
      "choice": {
        "button": "J",
        "selected_option": "OptionB"
      }
    },
    {
      "question": 50,
      "target": "Brightness",
      "target_value": 670,
      "options": [
        "Phone Battery Capacity",
        "Screen Size"
      ],
      "optionA": {
        "trial_id": "12",
        "task_id": "37",
        "values": "5000.0, 4.0",
        "target_value": 670
      },
      "optionB": {
        "trial_id": "5",
        "task_id": "37",
        "values": "3500.0, 7.0",
        "target_value": 720
      },
      "choice": {
        "button": "F",
        "selected_option": "OptionA"
      }
    }
  ]
}