{
  "prolific_id": "UNKNOWN",
  "condition_group": "ranking",
  "responses": [
    {
      "question": 1,
      "target": "Customer Satisfaction",
      "target_value": 7,
      "options": [
        "Restaurant Wait Time (in mins)",
        "Restaurant Rating (1-5)"
      ],
      "optionA": {
        "trial_id": "3",
        "task_id": "174",
        "values": "15.0, 5",
        "target_value": 7
      },
      "optionB": {
        "trial_id": "10",
        "task_id": "174",
        "values": "22.0, 2",
        "target_value": 6
      },
      "choice": {
        "button": "F",
        "selected_option": "OptionA"
      }
    },
    {
      "question": 2,
      "target": "Exam score (%)",
      "target_value": 65,
      "options": [
        "Time spent studying (hours)",
        "Number of breaks (times)"
      ],
      "optionA": {
        "trial_id": "3",
        "task_id": "139",
        "values": "4.0, 4",
        "target_value": 65
      },
      "optionB": {
        "trial_id": "14",
        "task_id": "89",
        "values": "2.0, 5",
        "target_value": 72
      },
      "choice": {
        "button": "F",
        "selected_option": "OptionA"
      }
    },
    {
      "question": 3,
      "target": "Energy Level (1-10)",
      "target_value": 5,
      "options": [
        "Dog Weight (lbs)",
        "Dog Age (years)"
      ],
      "optionA": {
        "trial_id": "3",
        "task_id": "36",
        "values": "25.0, 3.0",
        "target_value": 5
      },
      "optionB": {
        "trial_id": "14",
        "task_id": "36",
        "values": "37.0, 2.5",
        "target_value": 4
      },
      "choice": {
        "button": "F",
        "selected_option": "OptionA"
      }
    },
    {
      "question": 4,
      "target": "Engagement rate (%)",
      "target_value": 4,
      "options": [
        "Number of followers (count)",
        "Time posted (hours ago)"
      ],
      "optionA": {
        "trial_id": "2",
        "task_id": "98",
        "values": "800.0, 4",
        "target_value": 4
      },
      "optionB": {
        "trial_id": "20",
        "task_id": "98",
        "values": "1300.0, 1",
        "target_value": 6
      },
      "choice": {
        "button": "J",
        "selected_option": "OptionB"
      }
    },
    {
      "question": 5,
      "target": "Enjoyment Score",
      "target_value": 4.6,
      "options": [
        "Book Thickness",
        "Number of Reviews"
      ],
      "optionA": {
        "trial_id": "9",
        "task_id": "27",
        "values": "200.0, 150.0",
        "target_value": 4.6
      },
      "optionB": {
        "trial_id": "17",
        "task_id": "27",
        "values": "350.0, 130.0",
        "target_value": 4.4
      },
      "choice": {
        "button": "F",
        "selected_option": "OptionA"
      }
    },
    {
      "question": 6,
      "target": "Energy Level (scale 1-10)",
      "target_value": 3,
      "options": [
        "Age (years)",
        "Number of Pets"
      ],
      "optionA": {
        "trial_id": "10",
        "task_id": "165",
        "values": "7.0, 3",
        "target_value": 3
      },
      "optionB": {
        "trial_id": "12",
        "task_id": "165",
        "values": "6.0, 2",
        "target_value": 4
      },
      "choice": {
        "button": "F",
        "selected_option": "OptionA"
      }
    },
    {
      "question": 7,
      "target": "Energy boost",
      "target_value": 85,
      "options": [
        "Coffee strength",
        "Caffeine content"
      ],
      "optionA": {
        "trial_id": "15",
        "task_id": "85",
        "values": "2.0, 110",
        "target_value": 85
      },
      "optionB": {
        "trial_id": "15",
        "task_id": "85",
        "values": "2.0, 110",
        "target_value": 85
      },
      "choice": {
        "button": "J",
        "selected_option": "OptionB"
      }
    },
    {
      "question": 8,
      "target": "Fuel efficiency (km/L)",
      "target_value": 16,
      "options": [
        "Car engine size (L)",
        "Car weight (kg)"
      ],
      "optionA": {
        "trial_id": "19",
        "task_id": "150",
        "values": "2.0, 1200.0",
        "target_value": 16
      },
      "optionB": {
        "trial_id": "7",
        "task_id": "150",
        "values": "1.4, 1000.0",
        "target_value": 20
      },
      "choice": {
        "button": "F",
        "selected_option": "OptionA"
      }
    },
    {
      "question": 9,
      "target": "Amount of natural light (lux)",
      "target_value": 1400,
      "options": [
        "Room size (sq ft)",
        "Number of windows"
      ],
      "optionA": {
        "trial_id": "2",
        "task_id": "94",
        "values": "180.0, 4",
        "target_value": 1400
      },
      "optionB": {
        "trial_id": "8",
        "task_id": "94",
        "values": "250.0, 2",
        "target_value": 1600
      },
      "choice": {
        "button": "F",
        "selected_option": "OptionA"
      }
    },
    {
      "question": "attention_check_9",
      "choice": "J",
      "passed": true,
      "timestamp": 1756154499425
    },
    {
      "question": 10,
      "target": "Flower Size (inches)",
      "target_value": 2,
      "options": [
        "Plant Height (inches)",
        "Plant Width (inches)"
      ],
      "optionA": {
        "trial_id": "14",
        "task_id": "152",
        "values": "9.0, 8.0",
        "target_value": 2
      },
      "optionB": {
        "trial_id": "10",
        "task_id": "152",
        "values": "11.0, 7.0",
        "target_value": 3
      },
      "choice": {
        "button": "F",
        "selected_option": "OptionA"
      }
    },
    {
      "question": 11,
      "target": "Fuel Efficiency (km per liter)",
      "target_value": 11,
      "options": [
        "Car Engine Size (in liters)",
        "Car Weight (in kg)"
      ],
      "optionA": {
        "trial_id": "5",
        "task_id": "173",
        "values": "2.4, 1200",
        "target_value": 11
      },
      "optionB": {
        "trial_id": "13",
        "task_id": "173",
        "values": "2.0, 1400",
        "target_value": 12
      },
      "choice": {
        "button": "F",
        "selected_option": "OptionA"
      }
    },
    {
      "question": 12,
      "target": "Taste rating (1-10)",
      "target_value": 4,
      "options": [
        "Number of ingredients (count)",
        "Prep time (minutes)"
      ],
      "optionA": {
        "trial_id": "11",
        "task_id": "97",
        "values": "20.0, 10",
        "target_value": 4
      },
      "optionB": {
        "trial_id": "14",
        "task_id": "97",
        "values": "14.0, 20",
        "target_value": 5
      },
      "choice": {
        "button": "J",
        "selected_option": "OptionB"
      }
    },
    {
      "question": 13,
      "target": "100m sprint time (s)",
      "target_value": 12,
      "options": [
        "Runner stride length (cm)",
        "Runner age (years)"
      ],
      "optionA": {
        "trial_id": "20",
        "task_id": "145",
        "values": "69.0, 28",
        "target_value": 12
      },
      "optionB": {
        "trial_id": "11",
        "task_id": "145",
        "values": "78.0, 27",
        "target_value": 11.6
      },
      "choice": {
        "button": "J",
        "selected_option": "OptionB"
      }
    },
    {
      "question": 14,
      "target": "Fuel Cost",
      "target_value": 5,
      "options": [
        "Distance (km)",
        "Fuel Efficiency (km/L)"
      ],
      "optionA": {
        "trial_id": "12",
        "task_id": "70",
        "values": "50.0, 10",
        "target_value": 5
      },
      "optionB": {
        "trial_id": "15",
        "task_id": "70",
        "values": "35.0, 10",
        "target_value": 3.5
      },
      "choice": {
        "button": "F",
        "selected_option": "OptionA"
      }
    },
    {
      "question": 15,
      "target": "Cooking Time (minutes)",
      "target_value": 12,
      "options": [
        "Number of Ingredients",
        "Prep Time (minutes)"
      ],
      "optionA": {
        "trial_id": "15",
        "task_id": "26",
        "values": "9.0, 18.0",
        "target_value": 12
      },
      "optionB": {
        "trial_id": "10",
        "task_id": "26",
        "values": "9.0, 18.0",
        "target_value": 12
      },
      "choice": {
        "button": "J",
        "selected_option": "OptionB"
      }
    },
    {
      "question": 16,
      "target": "Taste Rating",
      "target_value": 8,
      "options": [
        "Number of Ingredients",
        "Prep Time (min)"
      ],
      "optionA": {
        "trial_id": "15",
        "task_id": "148",
        "values": "5.0, 20.0",
        "target_value": 8
      },
      "optionB": {
        "trial_id": "19",
        "task_id": "148",
        "values": "6.0, 25.0",
        "target_value": 7
      },
      "choice": {
        "button": "J",
        "selected_option": "OptionB"
      }
    },
    {
      "question": 17,
      "target": "Market value",
      "target_value": 290,
      "options": [
        "House size",
        "House floors"
      ],
      "optionA": {
        "trial_id": "16",
        "task_id": "64",
        "values": "190.0, 3.0",
        "target_value": 290
      },
      "optionB": {
        "trial_id": "18",
        "task_id": "64",
        "values": "210.0, 4.0",
        "target_value": 310
      },
      "choice": {
        "button": "J",
        "selected_option": "OptionB"
      }
    },
    {
      "question": 18,
      "target": "Warmth Rating (1-10)",
      "target_value": 10,
      "options": [
        "Shirt Thickness (mm)",
        "Shirt Weight (g)"
      ],
      "optionA": {
        "trial_id": "7",
        "task_id": "35",
        "values": "5.0, 120.0",
        "target_value": 10
      },
      "optionB": {
        "trial_id": "9",
        "task_id": "35",
        "values": "6.0, 110.0",
        "target_value": 11
      },
      "choice": {
        "button": "J",
        "selected_option": "OptionB"
      }
    },
    {
      "question": 19,
      "target": "Exam score (points)",
      "target_value": 65,
      "options": [
        "Time spent studying (hours)",
        "Number of breaks (times)"
      ],
      "optionA": {
        "trial_id": "8",
        "task_id": "89",
        "values": "1.0, 2",
        "target_value": 65
      },
      "optionB": {
        "trial_id": "2",
        "task_id": "139",
        "values": "5.0, 3",
        "target_value": 70
      },
      "choice": {
        "button": "J",
        "selected_option": "OptionB"
      }
    },
    {
      "question": "attention_check_19",
      "choice": "F",
      "passed": true,
      "timestamp": 1756154575484
    },
    {
      "question": 20,
      "target": "Training time",
      "target_value": 28,
      "options": [
        "Dog weight",
        "Dog breed"
      ],
      "optionA": {
        "trial_id": "5",
        "task_id": "59",
        "values": "18.0, 2.0",
        "target_value": 28
      },
      "optionB": {
        "trial_id": "9",
        "task_id": "59",
        "values": "15.0, 2.0",
        "target_value": 25
      },
      "choice": {
        "button": "J",
        "selected_option": "OptionB"
      }
    },
    {
      "question": 21,
      "target": "Garden yield (lbs)",
      "target_value": 25,
      "options": [
        "Amount of rainfall (inches)",
        "Soil type (1=clay, 2=sandy)"
      ],
      "optionA": {
        "trial_id": "3",
        "task_id": "142",
        "values": "3.0, 2",
        "target_value": 25
      },
      "optionB": {
        "trial_id": "18",
        "task_id": "142",
        "values": "3.0, 2",
        "target_value": 24
      },
      "choice": {
        "button": "F",
        "selected_option": "OptionA"
      }
    },
    {
      "question": 22,
      "target": "Heating cost (per month)",
      "target_value": 420,
      "options": [
        "House size (sqm)",
        "Number of windows"
      ],
      "optionA": {
        "trial_id": "18",
        "task_id": "151",
        "values": "150.0, 1.0",
        "target_value": 420
      },
      "optionB": {
        "trial_id": "15",
        "task_id": "151",
        "values": "120.0, 4.0",
        "target_value": 340
      },
      "choice": {
        "button": "F",
        "selected_option": "OptionA"
      }
    },
    {
      "question": 23,
      "target": "Walking speed (km/h)",
      "target_value": 5,
      "options": [
        "Person height (cm)",
        "Age (years)"
      ],
      "optionA": {
        "trial_id": "17",
        "task_id": "163",
        "values": "168.0, 26.0",
        "target_value": 5
      },
      "optionB": {
        "trial_id": "6",
        "task_id": "163",
        "values": "175.0, 45.0",
        "target_value": 4.7
      },
      "choice": {
        "button": "F",
        "selected_option": "OptionA"
      }
    },
    {
      "question": 24,
      "target": "Battery Life",
      "target_value": 20,
      "options": [
        "Phone Battery Capacity",
        "Number of Apps Installed"
      ],
      "optionA": {
        "trial_id": "20",
        "task_id": "78",
        "values": "3400.0, 40",
        "target_value": 20
      },
      "optionB": {
        "trial_id": "7",
        "task_id": "78",
        "values": "4200.0, 40",
        "target_value": 22
      },
      "choice": {
        "button": "J",
        "selected_option": "OptionB"
      }
    },
    {
      "question": 25,
      "target": "Skill Level",
      "target_value": 8,
      "options": [
        "Experience",
        "Years of Education"
      ],
      "optionA": {
        "trial_id": "6",
        "task_id": "137",
        "values": "2.0, 16.0",
        "target_value": 8
      },
      "optionB": {
        "trial_id": "7",
        "task_id": "137",
        "values": "8.0, 11.0",
        "target_value": 8
      },
      "choice": {
        "button": "J",
        "selected_option": "OptionB"
      }
    },
    {
      "question": 26,
      "target": "Value",
      "target_value": 7,
      "options": [
        "Price",
        "Size"
      ],
      "optionA": {
        "trial_id": "9",
        "task_id": "67",
        "values": "110.0, 50",
        "target_value": 7
      },
      "optionB": {
        "trial_id": "1",
        "task_id": "21",
        "values": "100.0, 5.0",
        "target_value": 80
      },
      "choice": {
        "button": "F",
        "selected_option": "OptionA"
      }
    },
    {
      "question": 27,
      "target": "Exam score (points)",
      "target_value": 92,
      "options": [
        "Time spent studying (hours)",
        "Number of breaks (times)"
      ],
      "optionA": {
        "trial_id": "13",
        "task_id": "89",
        "values": "5.0, 2",
        "target_value": 92
      },
      "optionB": {
        "trial_id": "17",
        "task_id": "139",
        "values": "2.0, 2",
        "target_value": 55
      },
      "choice": {
        "button": "F",
        "selected_option": "OptionA"
      }
    },
    {
      "question": 28,
      "target": "Battery life",
      "target_value": 22,
      "options": [
        "Phone battery",
        "Phone size"
      ],
      "optionA": {
        "trial_id": "14",
        "task_id": "62",
        "values": "3500.0, 20.0",
        "target_value": 22
      },
      "optionB": {
        "trial_id": "8",
        "task_id": "62",
        "values": "3000.0, 22.0",
        "target_value": 20
      },
      "choice": {
        "button": "F",
        "selected_option": "OptionA"
      }
    },
    {
      "question": 29,
      "target": "Enjoyment (1-10)",
      "target_value": 7,
      "options": [
        "Book Thickness (cm)",
        "Author Fame (1-10)"
      ],
      "optionA": {
        "trial_id": "1",
        "task_id": "1",
        "values": "3.0, 6",
        "target_value": 7
      },
      "optionB": {
        "trial_id": "19",
        "task_id": "1",
        "values": "4.0, 3",
        "target_value": 5
      },
      "choice": {
        "button": "F",
        "selected_option": "OptionA"
      }
    },
    {
      "question": "attention_check_29",
      "choice": "J",
      "passed": true,
      "timestamp": 1756154647482
    },
    {
      "question": 30,
      "target": "Weight loss",
      "target_value": 3,
      "options": [
        "Exercise intensity",
        "Exercise duration"
      ],
      "optionA": {
        "trial_id": "9",
        "task_id": "61",
        "values": "6.0, 60.0",
        "target_value": 3
      },
      "optionB": {
        "trial_id": "3",
        "task_id": "61",
        "values": "7.0, 45.0",
        "target_value": 4
      },
      "choice": {
        "button": "F",
        "selected_option": "OptionA"
      }
    },
    {
      "question": 31,
      "target": "Retention Rate (%)",
      "target_value": 70,
      "options": [
        "Study Time (hours)",
        "Number of Distractions"
      ],
      "optionA": {
        "trial_id": "1",
        "task_id": "161",
        "values": "3.0, 2",
        "target_value": 70
      },
      "optionB": {
        "trial_id": "3",
        "task_id": "161",
        "values": "4.0, 1",
        "target_value": 80
      },
      "choice": {
        "button": "J",
        "selected_option": "OptionB"
      }
    },
    {
      "question": 32,
      "target": "Flower blooming time",
      "target_value": 3,
      "options": [
        "Hours of sunlight",
        "Humidity"
      ],
      "optionA": {
        "trial_id": "3",
        "task_id": "101",
        "values": "8.0, 60.0",
        "target_value": 3
      },
      "optionB": {
        "trial_id": "7",
        "task_id": "101",
        "values": "7.0, 50.0",
        "target_value": 3
      },
      "choice": {
        "button": "F",
        "selected_option": "OptionA"
      }
    },
    {
      "question": 33,
      "target": "Speed (km/h)",
      "target_value": 23,
      "options": [
        "Bicycle weight (kg)",
        "Wheel size (inches)"
      ],
      "optionA": {
        "trial_id": "4",
        "task_id": "119",
        "values": "13.0, 26",
        "target_value": 23
      },
      "optionB": {
        "trial_id": "3",
        "task_id": "119",
        "values": "11.0, 25",
        "target_value": 24
      },
      "choice": {
        "button": "J",
        "selected_option": "OptionB"
      }
    },
    {
      "question": 34,
      "target": "Customer satisfaction (1-10)",
      "target_value": 6.5,
      "options": [
        "Number of reviews",
        "Price (in $)"
      ],
      "optionA": {
        "trial_id": "13",
        "task_id": "56",
        "values": "70.0, 60",
        "target_value": 6.5
      },
      "optionB": {
        "trial_id": "12",
        "task_id": "56",
        "values": "250.0, 45",
        "target_value": 9.5
      },
      "choice": {
        "button": "J",
        "selected_option": "OptionB"
      }
    },
    {
      "question": 35,
      "target": "Strength",
      "target_value": 7,
      "options": [
        "Tea leaves (g)",
        "Water temperature (\u00b0C)"
      ],
      "optionA": {
        "trial_id": "2",
        "task_id": "120",
        "values": "6.0, 95",
        "target_value": 7
      },
      "optionB": {
        "trial_id": "9",
        "task_id": "120",
        "values": "5.0, 92",
        "target_value": 8
      },
      "choice": {
        "button": "J",
        "selected_option": "OptionB"
      }
    },
    {
      "question": 36,
      "target": "Reading Enjoyment",
      "target_value": 17,
      "options": [
        "Book Length",
        "Author Fame"
      ],
      "optionA": {
        "trial_id": "20",
        "task_id": "131",
        "values": "1300.0, 0.1",
        "target_value": 17
      },
      "optionB": {
        "trial_id": "7",
        "task_id": "131",
        "values": "600.0, 5.0",
        "target_value": 10
      },
      "choice": {
        "button": "J",
        "selected_option": "OptionB"
      }
    },
    {
      "question": 37,
      "target": "House price (thousands)",
      "target_value": 370,
      "options": [
        "House size (m2)",
        "Number of bedrooms"
      ],
      "optionA": {
        "trial_id": "6",
        "task_id": "117",
        "values": "130.0, 4",
        "target_value": 370
      },
      "optionB": {
        "trial_id": "17",
        "task_id": "117",
        "values": "130.0, 4",
        "target_value": 360
      },
      "choice": {
        "button": "J",
        "selected_option": "OptionB"
      }
    },
    {
      "question": 38,
      "target": "Mobile Phone Performance",
      "target_value": 110,
      "options": [
        "Mobile Phone RAM",
        "Mobile Phone Battery Size"
      ],
      "optionA": {
        "trial_id": "17",
        "task_id": "40",
        "values": "20.0, 2400",
        "target_value": 110
      },
      "optionB": {
        "trial_id": "9",
        "task_id": "40",
        "values": "12.0, 3200",
        "target_value": 90
      },
      "choice": {
        "button": "F",
        "selected_option": "OptionA"
      }
    },
    {
      "question": 39,
      "target": "House Price",
      "target_value": 440000,
      "options": [
        "House Square Feet",
        "House Age"
      ],
      "optionA": {
        "trial_id": "17",
        "task_id": "9",
        "values": "2800.0, 2",
        "target_value": 440000
      },
      "optionB": {
        "trial_id": "11",
        "task_id": "9",
        "values": "1200.0, 30",
        "target_value": 220000
      },
      "choice": {
        "button": "F",
        "selected_option": "OptionA"
      }
    },
    {
      "question": "attention_check_39",
      "choice": "F",
      "passed": true,
      "timestamp": 1756154716479
    },
    {
      "question": 40,
      "target": "House Price",
      "target_value": 440000,
      "options": [
        "House Square Feet",
        "House Age"
      ],
      "optionA": {
        "trial_id": "17",
        "task_id": "9",
        "values": "2800.0, 2",
        "target_value": 440000
      },
      "optionB": {
        "trial_id": "4",
        "task_id": "9",
        "values": "2000.0, 10",
        "target_value": 350000
      },
      "choice": {
        "button": "F",
        "selected_option": "OptionA"
      }
    },
    {
      "question": 41,
      "target": "Exam score",
      "target_value": 75,
      "options": [
        "Study time",
        "Hours slept"
      ],
      "optionA": {
        "trial_id": "17",
        "task_id": "102",
        "values": "3.0, 6",
        "target_value": 75
      },
      "optionB": {
        "trial_id": "6",
        "task_id": "102",
        "values": "3.0, 5",
        "target_value": 75
      },
      "choice": {
        "button": "F",
        "selected_option": "OptionA"
      }
    },
    {
      "question": 42,
      "target": "Customer Satisfaction",
      "target_value": 7,
      "options": [
        "Restaurant Wait Time (in mins)",
        "Restaurant Rating (1-5)"
      ],
      "optionA": {
        "trial_id": "20",
        "task_id": "174",
        "values": "14.0, 3",
        "target_value": 7
      },
      "optionB": {
        "trial_id": "19",
        "task_id": "174",
        "values": "16.0, 5",
        "target_value": 6
      },
      "choice": {
        "button": "J",
        "selected_option": "OptionB"
      }
    },
    {
      "question": 43,
      "target": "Comfort Level",
      "target_value": 6,
      "options": [
        "Room Size",
        "Lighting"
      ],
      "optionA": {
        "trial_id": "7",
        "task_id": "132",
        "values": "35.0, 2.0",
        "target_value": 6
      },
      "optionB": {
        "trial_id": "20",
        "task_id": "132",
        "values": "70.0, 0.1",
        "target_value": 2.5
      },
      "choice": {
        "button": "F",
        "selected_option": "OptionA"
      }
    },
    {
      "question": 44,
      "target": "Energy Boost (scale 1-10)",
      "target_value": 7,
      "options": [
        "Coffee Strength (scale 1-10)",
        "Caffeine Content (mg)"
      ],
      "optionA": {
        "trial_id": "4",
        "task_id": "24",
        "values": "8.0, 100",
        "target_value": 7
      },
      "optionB": {
        "trial_id": "11",
        "task_id": "24",
        "values": "8.0, 95",
        "target_value": 6.5
      },
      "choice": {
        "button": "F",
        "selected_option": "OptionA"
      }
    },
    {
      "question": 45,
      "target": "Heating cost (per month)",
      "target_value": 250,
      "options": [
        "House size (sqm)",
        "Number of windows"
      ],
      "optionA": {
        "trial_id": "14",
        "task_id": "151",
        "values": "90.0, 9.0",
        "target_value": 250
      },
      "optionB": {
        "trial_id": "19",
        "task_id": "151",
        "values": "90.0, 6.0",
        "target_value": 280
      },
      "choice": {
        "button": "F",
        "selected_option": "OptionA"
      }
    },
    {
      "question": 46,
      "target": "Daily travel cost ($)",
      "target_value": 42,
      "options": [
        "Distance to work (miles)",
        "Commute time (minutes)"
      ],
      "optionA": {
        "trial_id": "7",
        "task_id": "138",
        "values": "7.0, 16",
        "target_value": 42
      },
      "optionB": {
        "trial_id": "3",
        "task_id": "138",
        "values": "8.0, 12",
        "target_value": 48
      },
      "choice": {
        "button": "J",
        "selected_option": "OptionB"
      }
    },
    {
      "question": 47,
      "target": "Exam score",
      "target_value": 85,
      "options": [
        "Time spent studying",
        "Time spent watching TV"
      ],
      "optionA": {
        "trial_id": "1",
        "task_id": "100",
        "values": "5.0, 2.0",
        "target_value": 85
      },
      "optionB": {
        "trial_id": "18",
        "task_id": "100",
        "values": "5.0, 1.0",
        "target_value": 65
      },
      "choice": {
        "button": "F",
        "selected_option": "OptionA"
      }
    },
    {
      "question": 48,
      "target": "Fuel Efficiency (km/L)",
      "target_value": 2,
      "options": [
        "Car Engine Size (L)",
        "Weight (kg)"
      ],
      "optionA": {
        "trial_id": "18",
        "task_id": "107",
        "values": "7.0, 2100",
        "target_value": 2
      },
      "optionB": {
        "trial_id": "14",
        "task_id": "107",
        "values": "6.0, 1900",
        "target_value": 4
      },
      "choice": {
        "button": "F",
        "selected_option": "OptionA"
      }
    },
    {
      "question": 49,
      "target": "Heating cost (per month)",
      "target_value": 320,
      "options": [
        "House size (sqm)",
        "Number of windows"
      ],
      "optionA": {
        "trial_id": "4",
        "task_id": "151",
        "values": "110.0, 6.0",
        "target_value": 320
      },
      "optionB": {
        "trial_id": "2",
        "task_id": "151",
        "values": "120.0, 5.0",
        "target_value": 350
      },
      "choice": {
        "button": "J",
        "selected_option": "OptionB"
      }
    },
    {
      "question": 50,
      "target": "Phone Performance Score",
      "target_value": 8.5,
      "options": [
        "Phone Processor Speed",
        "Phone Battery Capacity"
      ],
      "optionA": {
        "trial_id": "2",
        "task_id": "10",
        "values": "3.0, 4500",
        "target_value": 8.5
      },
      "optionB": {
        "trial_id": "15",
        "task_id": "10",
        "values": "5.0, 2500",
        "target_value": 9.6
      },
      "choice": {
        "button": "J",
        "selected_option": "OptionB"
      }
    }
  ]
}