{
  "prolific_id": "UNKNOWN",
  "condition_group": "direction",
  "responses": [
    {
      "question": 1,
      "target": "User satisfaction",
      "target_value": 14,
      "options": [
        "Screen size (inches)",
        "RAM (GB)"
      ],
      "optionA": {
        "trial_id": "16",
        "task_id": "119",
        "values": "26.0, 10.0",
        "target_value": 14
      },
      "optionB": {
        "trial_id": "6",
        "task_id": "119",
        "values": "16.0, 5.0",
        "target_value": 9
      },
      "choice": {
        "button": "F",
        "selected_option": "OptionA"
      }
    },
    {
      "question": 2,
      "target": "Battery Life",
      "target_value": 24,
      "options": [
        "Phone Weight",
        "Battery Capacity"
      ],
      "optionA": {
        "trial_id": "19",
        "task_id": "54",
        "values": "150.0, 2800.0",
        "target_value": 24
      },
      "optionB": {
        "trial_id": "18",
        "task_id": "54",
        "values": "220.0, 4700.0",
        "target_value": 37
      },
      "choice": {
        "button": "J",
        "selected_option": "OptionB"
      }
    },
    {
      "question": 3,
      "target": "Energy Level",
      "target_value": 6,
      "options": [
        "Hours of Sleep",
        "Caffeine Intake (mg)"
      ],
      "optionA": {
        "trial_id": "8",
        "task_id": "45",
        "values": "7.0, 40.0",
        "target_value": 6
      },
      "optionB": {
        "trial_id": "12",
        "task_id": "45",
        "values": "8.0, 60.0",
        "target_value": 7
      },
      "choice": {
        "button": "J",
        "selected_option": "OptionB"
      }
    },
    {
      "question": 4,
      "target": "Battery Duration",
      "target_value": 14,
      "options": [
        "Phone Battery Capacity",
        "Screen Brightness"
      ],
      "optionA": {
        "trial_id": "2",
        "task_id": "63",
        "values": "4000.0, 350.0",
        "target_value": 14
      },
      "optionB": {
        "trial_id": "2",
        "task_id": "63",
        "values": "4000.0, 350.0",
        "target_value": 14
      },
      "choice": {
        "button": "J",
        "selected_option": "OptionB"
      }
    },
    {
      "question": 5,
      "target": "House Price (thousands)",
      "target_value": 270,
      "options": [
        "House Size (m\u00b2)",
        "House Distance to City (km)"
      ],
      "optionA": {
        "trial_id": "19",
        "task_id": "79",
        "values": "90.0, 2.0",
        "target_value": 270
      },
      "optionB": {
        "trial_id": "20",
        "task_id": "79",
        "values": "120.0, 7.0",
        "target_value": 310
      },
      "choice": {
        "button": "F",
        "selected_option": "OptionA"
      }
    },
    {
      "question": 6,
      "target": "Apartment price",
      "target_value": 1200,
      "options": [
        "Distance from city center",
        "Room size"
      ],
      "optionA": {
        "trial_id": "1",
        "task_id": "58",
        "values": "2.0, 40.0",
        "target_value": 1200
      },
      "optionB": {
        "trial_id": "16",
        "task_id": "58",
        "values": "2.0, 60.0",
        "target_value": 1500
      },
      "choice": {
        "button": "J",
        "selected_option": "OptionB"
      }
    },
    {
      "question": 7,
      "target": "Cooking Time (min)",
      "target_value": 21,
      "options": [
        "Number of Ingredients",
        "Prep Time (min)"
      ],
      "optionA": {
        "trial_id": "13",
        "task_id": "48",
        "values": "4.0, 9.0",
        "target_value": 21
      },
      "optionB": {
        "trial_id": "2",
        "task_id": "48",
        "values": "6.0, 12.0",
        "target_value": 30
      },
      "choice": {
        "button": "J",
        "selected_option": "OptionB"
      }
    },
    {
      "question": 8,
      "target": "Restaurant Customer Satisfaction",
      "target_value": 8.9,
      "options": [
        "Restaurant Menu Size",
        "Restaurant Online Rating"
      ],
      "optionA": {
        "trial_id": "17",
        "task_id": "24",
        "values": "23.0, 4.8",
        "target_value": 8.9
      },
      "optionB": {
        "trial_id": "15",
        "task_id": "24",
        "values": "20.0, 4.7",
        "target_value": 8.8
      },
      "choice": {
        "button": "F",
        "selected_option": "OptionA"
      }
    },
    {
      "question": 9,
      "target": "Comfort Score",
      "target_value": 8,
      "options": [
        "Price ($)",
        "Size (sqft)"
      ],
      "optionA": {
        "trial_id": "1",
        "task_id": "44",
        "values": "300000.0, 150.0",
        "target_value": 8
      },
      "optionB": {
        "trial_id": "19",
        "task_id": "44",
        "values": "340000.0, 200.0",
        "target_value": 10
      },
      "choice": {
        "button": "J",
        "selected_option": "OptionB"
      }
    },
    {
      "question": "attention_check_9",
      "choice": "J",
      "passed": true,
      "timestamp": 1756154589194
    },
    {
      "question": 10,
      "target": "Growth speed",
      "target_value": 4,
      "options": [
        "Plant height cm",
        "Plant leaf count"
      ],
      "optionA": {
        "trial_id": "1",
        "task_id": "74",
        "values": "30.0, 10.0",
        "target_value": 4
      },
      "optionB": {
        "trial_id": "3",
        "task_id": "74",
        "values": "25.0, 8.0",
        "target_value": 3.5
      },
      "choice": {
        "button": "J",
        "selected_option": "OptionB"
      }
    },
    {
      "question": 11,
      "target": "Energy Level",
      "target_value": 6,
      "options": [
        "Hours of Sleep",
        "Caffeine Intake (mg)"
      ],
      "optionA": {
        "trial_id": "3",
        "task_id": "45",
        "values": "7.0, 40.0",
        "target_value": 6
      },
      "optionB": {
        "trial_id": "19",
        "task_id": "45",
        "values": "7.0, 40.0",
        "target_value": 6
      },
      "choice": {
        "button": "J",
        "selected_option": "OptionB"
      }
    },
    {
      "question": 12,
      "target": "Popularity Score",
      "target_value": 63,
      "options": [
        "Price ($)",
        "Rating (1-10)"
      ],
      "optionA": {
        "trial_id": "15",
        "task_id": "97",
        "values": "40.0, 7.0",
        "target_value": 63
      },
      "optionB": {
        "trial_id": "5",
        "task_id": "97",
        "values": "40.0, 9.0",
        "target_value": 75
      },
      "choice": {
        "button": "J",
        "selected_option": "OptionB"
      }
    },
    {
      "question": 13,
      "target": "Natural Light (on scale 1-10)",
      "target_value": 8,
      "options": [
        "Room Area (m2)",
        "Number of Windows"
      ],
      "optionA": {
        "trial_id": "20",
        "task_id": "15",
        "values": "30.0, 4.0",
        "target_value": 8
      },
      "optionB": {
        "trial_id": "3",
        "task_id": "15",
        "values": "22.0, 4.0",
        "target_value": 8
      },
      "choice": {
        "button": "F",
        "selected_option": "OptionA"
      }
    },
    {
      "question": 14,
      "target": "Recipe difficulty",
      "target_value": 5,
      "options": [
        "Number of ingredients",
        "Prep time (minutes)"
      ],
      "optionA": {
        "trial_id": "3",
        "task_id": "60",
        "values": "4.0, 10.0",
        "target_value": 5
      },
      "optionB": {
        "trial_id": "4",
        "task_id": "60",
        "values": "5.0, 15.0",
        "target_value": 6
      },
      "choice": {
        "button": "J",
        "selected_option": "OptionB"
      }
    },
    {
      "question": 15,
      "target": "Performance Score",
      "target_value": 95,
      "options": [
        "Hours of Practice",
        "Natural Talent (1-10)"
      ],
      "optionA": {
        "trial_id": "14",
        "task_id": "78",
        "values": "8.0, 10.0",
        "target_value": 95
      },
      "optionB": {
        "trial_id": "15",
        "task_id": "78",
        "values": "6.0, 6.0",
        "target_value": 75
      },
      "choice": {
        "button": "F",
        "selected_option": "OptionA"
      }
    },
    {
      "question": 16,
      "target": "Energy Level",
      "target_value": 8,
      "options": [
        "Dog Size",
        "Exercise Needs"
      ],
      "optionA": {
        "trial_id": "5",
        "task_id": "88",
        "values": "55.0, 7.0",
        "target_value": 8
      },
      "optionB": {
        "trial_id": "19",
        "task_id": "88",
        "values": "45.0, 9.0",
        "target_value": 10
      },
      "choice": {
        "button": "J",
        "selected_option": "OptionB"
      }
    },
    {
      "question": 17,
      "target": "Fun Level",
      "target_value": 8,
      "options": [
        "Number of Players",
        "Game Duration (minutes)"
      ],
      "optionA": {
        "trial_id": "1",
        "task_id": "13",
        "values": "4.0, 60.0",
        "target_value": 8
      },
      "optionB": {
        "trial_id": "11",
        "task_id": "13",
        "values": "7.0, 65.0",
        "target_value": 9
      },
      "choice": {
        "button": "J",
        "selected_option": "OptionB"
      }
    },
    {
      "question": 18,
      "target": "Distance Traveled",
      "target_value": 310,
      "options": [
        "Speed",
        "Weight"
      ],
      "optionA": {
        "trial_id": "2",
        "task_id": "111",
        "values": "70.0, 1200.0",
        "target_value": 310
      },
      "optionB": {
        "trial_id": "8",
        "task_id": "111",
        "values": "50.0, 800.0",
        "target_value": 280
      },
      "choice": {
        "button": "F",
        "selected_option": "OptionA"
      }
    },
    {
      "question": 19,
      "target": "Natural Light (on scale 1-10)",
      "target_value": 9,
      "options": [
        "Room Area (m2)",
        "Number of Windows"
      ],
      "optionA": {
        "trial_id": "5",
        "task_id": "15",
        "values": "25.0, 5.0",
        "target_value": 9
      },
      "optionB": {
        "trial_id": "5",
        "task_id": "15",
        "values": "25.0, 5.0",
        "target_value": 9
      },
      "choice": {
        "button": "J",
        "selected_option": "OptionB"
      }
    },
    {
      "question": "attention_check_19",
      "choice": "F",
      "passed": true,
      "timestamp": 1756154684550
    },
    {
      "question": 20,
      "target": "Weight loss",
      "target_value": 1.8,
      "options": [
        "Exercise duration",
        "Intensity level"
      ],
      "optionA": {
        "trial_id": "10",
        "task_id": "67",
        "values": "40.0, 6.0",
        "target_value": 1.8
      },
      "optionB": {
        "trial_id": "1",
        "task_id": "67",
        "values": "30.0, 5.0",
        "target_value": 1.5
      },
      "choice": {
        "button": "F",
        "selected_option": "OptionA"
      }
    },
    {
      "question": 21,
      "target": "Brightness",
      "target_value": 710,
      "options": [
        "Phone Battery Capacity",
        "Screen Size"
      ],
      "optionA": {
        "trial_id": "19",
        "task_id": "37",
        "values": "5000.0, 6.0",
        "target_value": 710
      },
      "optionB": {
        "trial_id": "2",
        "task_id": "37",
        "values": "3500.0, 4.0",
        "target_value": 630
      },
      "choice": {
        "button": "F",
        "selected_option": "OptionA"
      }
    },
    {
      "question": 22,
      "target": "Enjoyment Score",
      "target_value": 7.5,
      "options": [
        "Book Length (pages)",
        "Author Fame (1-10)"
      ],
      "optionA": {
        "trial_id": "18",
        "task_id": "29",
        "values": "250.0, 6.0",
        "target_value": 7.5
      },
      "optionB": {
        "trial_id": "18",
        "task_id": "29",
        "values": "250.0, 6.0",
        "target_value": 7.5
      },
      "choice": {
        "button": "F",
        "selected_option": "OptionA"
      }
    },
    {
      "question": 23,
      "target": "Weight Loss",
      "target_value": 1,
      "options": [
        "Calories",
        "Exercise Time"
      ],
      "optionA": {
        "trial_id": "17",
        "task_id": "51",
        "values": "300.0, 30.0",
        "target_value": 1
      },
      "optionB": {
        "trial_id": "19",
        "task_id": "51",
        "values": "400.0, 10.0",
        "target_value": 1
      },
      "choice": {
        "button": "F",
        "selected_option": "OptionA"
      }
    },
    {
      "question": 24,
      "target": "Reading time",
      "target_value": 6,
      "options": [
        "Book pages",
        "Book chapters"
      ],
      "optionA": {
        "trial_id": "1",
        "task_id": "72",
        "values": "300.0, 15.0",
        "target_value": 6
      },
      "optionB": {
        "trial_id": "11",
        "task_id": "72",
        "values": "400.0, 22.0",
        "target_value": 9
      },
      "choice": {
        "button": "J",
        "selected_option": "OptionB"
      }
    },
    {
      "question": 25,
      "target": "Engagement rate (%)",
      "target_value": 5.6,
      "options": [
        "Number of followers",
        "Post quality score"
      ],
      "optionA": {
        "trial_id": "10",
        "task_id": "71",
        "values": "12000.0, 5.0",
        "target_value": 5.6
      },
      "optionB": {
        "trial_id": "15",
        "task_id": "71",
        "values": "12000.0, 5.0",
        "target_value": 5.2
      },
      "choice": {
        "button": "F",
        "selected_option": "OptionA"
      }
    },
    {
      "question": 26,
      "target": "Exam Score",
      "target_value": 76,
      "options": [
        "Student Study Time (hours)",
        "Class Attendance (%)"
      ],
      "optionA": {
        "trial_id": "13",
        "task_id": "40",
        "values": "8.0, 80.0",
        "target_value": 76
      },
      "optionB": {
        "trial_id": "10",
        "task_id": "40",
        "values": "7.0, 90.0",
        "target_value": 82
      },
      "choice": {
        "button": "J",
        "selected_option": "OptionB"
      }
    },
    {
      "question": 27,
      "target": "Fat Burn (in grams)",
      "target_value": 18,
      "options": [
        "Exercise Time (minutes)",
        "Heart Rate (bpm)"
      ],
      "optionA": {
        "trial_id": "10",
        "task_id": "20",
        "values": "55.0, 125.0",
        "target_value": 18
      },
      "optionB": {
        "trial_id": "11",
        "task_id": "20",
        "values": "30.0, 115.0",
        "target_value": 13
      },
      "choice": {
        "button": "F",
        "selected_option": "OptionA"
      }
    },
    {
      "question": 28,
      "target": "Book Knowledge Content",
      "target_value": 9,
      "options": [
        "Book Page Count",
        "Book Reading Level"
      ],
      "optionA": {
        "trial_id": "8",
        "task_id": "1",
        "values": "480.0, 5.0",
        "target_value": 9
      },
      "optionB": {
        "trial_id": "1",
        "task_id": "1",
        "values": "300.0, 3.0",
        "target_value": 7
      },
      "choice": {
        "button": "F",
        "selected_option": "OptionA"
      }
    },
    {
      "question": 29,
      "target": "Room Area (m\u00b2)",
      "target_value": 18,
      "options": [
        "Room Length (m)",
        "Room Width (m)"
      ],
      "optionA": {
        "trial_id": "4",
        "task_id": "89",
        "values": "6.0, 3.0",
        "target_value": 18
      },
      "optionB": {
        "trial_id": "12",
        "task_id": "89",
        "values": "5.0, 5.0",
        "target_value": 25
      },
      "choice": {
        "button": "J",
        "selected_option": "OptionB"
      }
    },
    {
      "question": "attention_check_29",
      "choice": "J",
      "passed": true,
      "timestamp": 1756154777700
    },
    {
      "question": 30,
      "target": "Photo Quality",
      "target_value": 9,
      "options": [
        "Phone Price",
        "Phone Camera Megapixels"
      ],
      "optionA": {
        "trial_id": "10",
        "task_id": "5",
        "values": "630.0, 16.0",
        "target_value": 9
      },
      "optionB": {
        "trial_id": "5",
        "task_id": "5",
        "values": "700.0, 16.0",
        "target_value": 9
      },
      "choice": {
        "button": "J",
        "selected_option": "OptionB"
      }
    },
    {
      "question": 31,
      "target": "Speed (km/h)",
      "target_value": 197,
      "options": [
        "Engine Horsepower",
        "Weight (kg)"
      ],
      "optionA": {
        "trial_id": "16",
        "task_id": "47",
        "values": "230.0, 1550.0",
        "target_value": 197
      },
      "optionB": {
        "trial_id": "5",
        "task_id": "47",
        "values": "170.0, 1300.0",
        "target_value": 185
      },
      "choice": {
        "button": "F",
        "selected_option": "OptionA"
      }
    },
    {
      "question": 32,
      "target": "Natural Light",
      "target_value": 10,
      "options": [
        "Room Size",
        "Number of Windows"
      ],
      "optionA": {
        "trial_id": "16",
        "task_id": "53",
        "values": "310.0, 6.0",
        "target_value": 10
      },
      "optionB": {
        "trial_id": "3",
        "task_id": "53",
        "values": "180.0, 1.0",
        "target_value": 5
      },
      "choice": {
        "button": "F",
        "selected_option": "OptionA"
      }
    },
    {
      "question": 33,
      "target": "Book Rating",
      "target_value": 4.7,
      "options": [
        "Book Page Count",
        "Author Rating"
      ],
      "optionA": {
        "trial_id": "4",
        "task_id": "22",
        "values": "450.0, 4.6",
        "target_value": 4.7
      },
      "optionB": {
        "trial_id": "5",
        "task_id": "22",
        "values": "350.0, 4.7",
        "target_value": 4.6
      },
      "choice": {
        "button": "J",
        "selected_option": "OptionB"
      }
    },
    {
      "question": 34,
      "target": "Fun Level",
      "target_value": 8,
      "options": [
        "Number of Players",
        "Game Duration (minutes)"
      ],
      "optionA": {
        "trial_id": "15",
        "task_id": "13",
        "values": "6.0, 65.0",
        "target_value": 8
      },
      "optionB": {
        "trial_id": "8",
        "task_id": "13",
        "values": "4.0, 50.0",
        "target_value": 7
      },
      "choice": {
        "button": "F",
        "selected_option": "OptionA"
      }
    },
    {
      "question": 35,
      "target": "Light Level",
      "target_value": 9,
      "options": [
        "Room Size (sq ft)",
        "Number of Windows"
      ],
      "optionA": {
        "trial_id": "19",
        "task_id": "35",
        "values": "230.0, 5.0",
        "target_value": 9
      },
      "optionB": {
        "trial_id": "6",
        "task_id": "35",
        "values": "200.0, 5.0",
        "target_value": 9
      },
      "choice": {
        "button": "F",
        "selected_option": "OptionA"
      }
    },
    {
      "question": 36,
      "target": "Fuel Consumption (L/100km)",
      "target_value": 11,
      "options": [
        "Speed (km/h)",
        "Weight (kg)"
      ],
      "optionA": {
        "trial_id": "10",
        "task_id": "43",
        "values": "120.0, 1800.0",
        "target_value": 11
      },
      "optionB": {
        "trial_id": "7",
        "task_id": "43",
        "values": "140.0, 1800.0",
        "target_value": 12
      },
      "choice": {
        "button": "J",
        "selected_option": "OptionB"
      }
    },
    {
      "question": 37,
      "target": "Bike Speed",
      "target_value": 70,
      "options": [
        "Bike Weight",
        "Bike Power"
      ],
      "optionA": {
        "trial_id": "8",
        "task_id": "87",
        "values": "18.0, 350.0",
        "target_value": 70
      },
      "optionB": {
        "trial_id": "19",
        "task_id": "87",
        "values": "28.0, 600.0",
        "target_value": 120
      },
      "choice": {
        "button": "J",
        "selected_option": "OptionB"
      }
    },
    {
      "question": 38,
      "target": "Comfort Score",
      "target_value": 8,
      "options": [
        "Price ($)",
        "Size (sqft)"
      ],
      "optionA": {
        "trial_id": "6",
        "task_id": "44",
        "values": "300000.0, 160.0",
        "target_value": 8
      },
      "optionB": {
        "trial_id": "12",
        "task_id": "44",
        "values": "340000.0, 180.0",
        "target_value": 9
      },
      "choice": {
        "button": "F",
        "selected_option": "OptionA"
      }
    },
    {
      "question": 39,
      "target": "Battery Duration",
      "target_value": 12,
      "options": [
        "Phone Battery Capacity",
        "Screen Brightness"
      ],
      "optionA": {
        "trial_id": "4",
        "task_id": "63",
        "values": "3000.0, 400.0",
        "target_value": 12
      },
      "optionB": {
        "trial_id": "6",
        "task_id": "63",
        "values": "5000.0, 450.0",
        "target_value": 18
      },
      "choice": {
        "button": "J",
        "selected_option": "OptionB"
      }
    },
    {
      "question": "attention_check_39",
      "choice": "F",
      "passed": true,
      "timestamp": 1756154866535
    },
    {
      "question": 40,
      "target": "Battery Life",
      "target_value": 10,
      "options": [
        "Battery Capacity",
        "Weight"
      ],
      "optionA": {
        "trial_id": "8",
        "task_id": "114",
        "values": "2500.0, 180.0",
        "target_value": 10
      },
      "optionB": {
        "trial_id": "19",
        "task_id": "114",
        "values": "2000.0, 160.0",
        "target_value": 9
      },
      "choice": {
        "button": "F",
        "selected_option": "OptionA"
      }
    },
    {
      "question": 41,
      "target": "Fat Burn (g)",
      "target_value": 55,
      "options": [
        "Exercise Time (min)",
        "Heart Rate (bpm)"
      ],
      "optionA": {
        "trial_id": "9",
        "task_id": "28",
        "values": "35.0, 135.0",
        "target_value": 55
      },
      "optionB": {
        "trial_id": "19",
        "task_id": "28",
        "values": "20.0, 120.0",
        "target_value": 35
      },
      "choice": {
        "button": "F",
        "selected_option": "OptionA"
      }
    },
    {
      "question": 42,
      "target": "User satisfaction",
      "target_value": 13,
      "options": [
        "Screen size (inches)",
        "RAM (GB)"
      ],
      "optionA": {
        "trial_id": "14",
        "task_id": "119",
        "values": "24.0, 9.0",
        "target_value": 13
      },
      "optionB": {
        "trial_id": "8",
        "task_id": "119",
        "values": "18.0, 6.0",
        "target_value": 10
      },
      "choice": {
        "button": "F",
        "selected_option": "OptionA"
      }
    },
    {
      "question": 43,
      "target": "Home Comfort (1-10)",
      "target_value": 5,
      "options": [
        "Number of Bedrooms",
        "Square Feet"
      ],
      "optionA": {
        "trial_id": "11",
        "task_id": "9",
        "values": "2.0, 1200.0",
        "target_value": 5
      },
      "optionB": {
        "trial_id": "18",
        "task_id": "9",
        "values": "3.0, 1150.0",
        "target_value": 5
      },
      "choice": {
        "button": "J",
        "selected_option": "OptionB"
      }
    },
    {
      "question": 44,
      "target": "Doneness",
      "target_value": 88,
      "options": [
        "Cooking Time",
        "Size"
      ],
      "optionA": {
        "trial_id": "14",
        "task_id": "116",
        "values": "40.0, 280.0",
        "target_value": 88
      },
      "optionB": {
        "trial_id": "7",
        "task_id": "116",
        "values": "20.0, 160.0",
        "target_value": 60
      },
      "choice": {
        "button": "F",
        "selected_option": "OptionA"
      }
    },
    {
      "question": 45,
      "target": "Taste Rating (1-10)",
      "target_value": 8,
      "options": [
        "Time Spent Cooking (min)",
        "Number of Ingredients"
      ],
      "optionA": {
        "trial_id": "5",
        "task_id": "93",
        "values": "40.0, 6.0",
        "target_value": 8
      },
      "optionB": {
        "trial_id": "4",
        "task_id": "93",
        "values": "25.0, 5.0",
        "target_value": 7
      },
      "choice": {
        "button": "F",
        "selected_option": "OptionA"
      }
    },
    {
      "question": 46,
      "target": "Fuel Consumption (L/100km)",
      "target_value": 9,
      "options": [
        "Engine Size (cc)",
        "Weight (kg)"
      ],
      "optionA": {
        "trial_id": "2",
        "task_id": "11",
        "values": "2500.0, 1300.0",
        "target_value": 9
      },
      "optionB": {
        "trial_id": "1",
        "task_id": "11",
        "values": "2000.0, 1200.0",
        "target_value": 8
      },
      "choice": {
        "button": "F",
        "selected_option": "OptionA"
      }
    },
    {
      "question": 47,
      "target": "Fat Burn (in grams)",
      "target_value": 16,
      "options": [
        "Exercise Time (minutes)",
        "Heart Rate (bpm)"
      ],
      "optionA": {
        "trial_id": "8",
        "task_id": "20",
        "values": "45.0, 120.0",
        "target_value": 16
      },
      "optionB": {
        "trial_id": "12",
        "task_id": "20",
        "values": "40.0, 125.0",
        "target_value": 15
      },
      "choice": {
        "button": "F",
        "selected_option": "OptionA"
      }
    },
    {
      "question": 48,
      "target": "Top Speed",
      "target_value": 130,
      "options": [
        "Car Engine Size",
        "Horsepower"
      ],
      "optionA": {
        "trial_id": "20",
        "task_id": "36",
        "values": "1.8, 180.0",
        "target_value": 130
      },
      "optionB": {
        "trial_id": "15",
        "task_id": "61",
        "values": "2.0, 160.0",
        "target_value": 130
      },
      "choice": {
        "button": "F",
        "selected_option": "OptionA"
      }
    },
    {
      "question": 49,
      "target": "Performance",
      "target_value": 8.1,
      "options": [
        "Skill Level",
        "Practice Time"
      ],
      "optionA": {
        "trial_id": "12",
        "task_id": "100",
        "values": "5.0, 18.0",
        "target_value": 8.1
      },
      "optionB": {
        "trial_id": "15",
        "task_id": "100",
        "values": "5.0, 18.0",
        "target_value": 8.1
      },
      "choice": {
        "button": "J",
        "selected_option": "OptionB"
      }
    },
    {
      "question": 50,
      "target": "App Popularity",
      "target_value": 65,
      "options": [
        "App User Ratings (1-5)",
        "Number of Reviews"
      ],
      "optionA": {
        "trial_id": "8",
        "task_id": "42",
        "values": "5.0, 50.0",
        "target_value": 65
      },
      "optionB": {
        "trial_id": "20",
        "task_id": "42",
        "values": "4.0, 180.0",
        "target_value": 68
      },
      "choice": {
        "button": "J",
        "selected_option": "OptionB"
      }
    }
  ]
}