{
  "prolific_id": "UNKNOWN",
  "condition_group": "direction",
  "responses": [
    {
      "question": 1,
      "target": "Light amount",
      "target_value": 7,
      "options": [
        "Room size (m2)",
        "Number of windows"
      ],
      "optionA": {
        "trial_id": "19",
        "task_id": "85",
        "values": "15.0, 3.0",
        "target_value": 7
      },
      "optionB": {
        "trial_id": "11",
        "task_id": "85",
        "values": "18.0, 2.0",
        "target_value": 6
      },
      "choice": {
        "button": "F",
        "selected_option": "OptionA"
      }
    },
    {
      "question": 2,
      "target": "Home value",
      "target_value": 310000,
      "options": [
        "House size",
        "Neighborhood quality"
      ],
      "optionA": {
        "trial_id": "14",
        "task_id": "70",
        "values": "140.0, 9.0",
        "target_value": 310000
      },
      "optionB": {
        "trial_id": "8",
        "task_id": "70",
        "values": "110.0, 7.0",
        "target_value": 260000
      },
      "choice": {
        "button": "F",
        "selected_option": "OptionA"
      }
    },
    {
      "question": 3,
      "target": "Phone Performance",
      "target_value": 90,
      "options": [
        "Phone RAM",
        "Phone Storage"
      ],
      "optionA": {
        "trial_id": "4",
        "task_id": "86",
        "values": "8.0, 256.0",
        "target_value": 90
      },
      "optionB": {
        "trial_id": "6",
        "task_id": "86",
        "values": "12.0, 512.0",
        "target_value": 100
      },
      "choice": {
        "button": "J",
        "selected_option": "OptionB"
      }
    },
    {
      "question": 4,
      "target": "Customer Satisfaction",
      "target_value": 9.2,
      "options": [
        "Price ($)",
        "Quality Rating (1-10)"
      ],
      "optionA": {
        "trial_id": "7",
        "task_id": "49",
        "values": "200.0, 9.0",
        "target_value": 9.2
      },
      "optionB": {
        "trial_id": "18",
        "task_id": "49",
        "values": "100.0, 7.0",
        "target_value": 7.5
      },
      "choice": {
        "button": "F",
        "selected_option": "OptionA"
      }
    },
    {
      "question": 5,
      "target": "Restaurant Customer Satisfaction",
      "target_value": 8.3,
      "options": [
        "Restaurant Menu Size",
        "Restaurant Price Rating"
      ],
      "optionA": {
        "trial_id": "5",
        "task_id": "25",
        "values": "18.0, 4.5",
        "target_value": 8.3
      },
      "optionB": {
        "trial_id": "19",
        "task_id": "25",
        "values": "20.0, 4.5",
        "target_value": 8.3
      },
      "choice": {
        "button": "J",
        "selected_option": "OptionB"
      }
    },
    {
      "question": 6,
      "target": "Cooking Time (min)",
      "target_value": 25,
      "options": [
        "Number of Ingredients",
        "Prep Time (min)"
      ],
      "optionA": {
        "trial_id": "14",
        "task_id": "48",
        "values": "5.0, 10.0",
        "target_value": 25
      },
      "optionB": {
        "trial_id": "11",
        "task_id": "48",
        "values": "7.0, 14.0",
        "target_value": 35
      },
      "choice": {
        "button": "J",
        "selected_option": "OptionB"
      }
    },
    {
      "question": 7,
      "target": "Book Knowledge Content",
      "target_value": 4,
      "options": [
        "Book Page Count",
        "Book Reading Level"
      ],
      "optionA": {
        "trial_id": "19",
        "task_id": "1",
        "values": "270.0, 2.0",
        "target_value": 4
      },
      "optionB": {
        "trial_id": "11",
        "task_id": "1",
        "values": "280.0, 2.0",
        "target_value": 4
      },
      "choice": {
        "button": "J",
        "selected_option": "OptionB"
      }
    },
    {
      "question": 8,
      "target": "Battery life",
      "target_value": 12,
      "options": [
        "Phone battery",
        "Screen size"
      ],
      "optionA": {
        "trial_id": "18",
        "task_id": "69",
        "values": "3500.0, 5.0",
        "target_value": 12
      },
      "optionB": {
        "trial_id": "10",
        "task_id": "69",
        "values": "3500.0, 6.0",
        "target_value": 13
      },
      "choice": {
        "button": "F",
        "selected_option": "OptionA"
      }
    },
    {
      "question": 9,
      "target": "Fuel Consumption (L/100km)",
      "target_value": 9,
      "options": [
        "Speed (km/h)",
        "Weight (kg)"
      ],
      "optionA": {
        "trial_id": "1",
        "task_id": "43",
        "values": "120.0, 1500.0",
        "target_value": 9
      },
      "optionB": {
        "trial_id": "10",
        "task_id": "43",
        "values": "120.0, 1800.0",
        "target_value": 11
      },
      "choice": {
        "button": "J",
        "selected_option": "OptionB"
      }
    },
    {
      "question": "attention_check_9",
      "choice": "J",
      "passed": true,
      "timestamp": 1756720493515
    },
    {
      "question": 10,
      "target": "Performance Rating",
      "target_value": 7.5,
      "options": [
        "Computer Weight (kg)",
        "RAM (GB)"
      ],
      "optionA": {
        "trial_id": "9",
        "task_id": "34",
        "values": "1.6, 10.0",
        "target_value": 7.5
      },
      "optionB": {
        "trial_id": "19",
        "task_id": "34",
        "values": "1.6, 12.0",
        "target_value": 8
      },
      "choice": {
        "button": "J",
        "selected_option": "OptionB"
      }
    },
    {
      "question": 11,
      "target": "Plant Growth Rate (cm/week)",
      "target_value": 8,
      "options": [
        "Plant Soil Quality (1-10)",
        "Plant Water Frequency (times/week)"
      ],
      "optionA": {
        "trial_id": "8",
        "task_id": "81",
        "values": "10.0, 6.0",
        "target_value": 8
      },
      "optionB": {
        "trial_id": "9",
        "task_id": "81",
        "values": "7.0, 3.0",
        "target_value": 5
      },
      "choice": {
        "button": "F",
        "selected_option": "OptionA"
      }
    },
    {
      "question": 12,
      "target": "Performance Quality (on scale 1-10)",
      "target_value": 8,
      "options": [
        "Hours of Practice",
        "Musical Experience (years)"
      ],
      "optionA": {
        "trial_id": "8",
        "task_id": "17",
        "values": "60.0, 4.0",
        "target_value": 8
      },
      "optionB": {
        "trial_id": "7",
        "task_id": "17",
        "values": "70.0, 5.0",
        "target_value": 9
      },
      "choice": {
        "button": "J",
        "selected_option": "OptionB"
      }
    },
    {
      "question": 13,
      "target": "Time to destination (hours)",
      "target_value": 0.42,
      "options": [
        "Distance (miles)",
        "Speed (mph)"
      ],
      "optionA": {
        "trial_id": "19",
        "task_id": "118",
        "values": "28.0, 75.0",
        "target_value": 0.42
      },
      "optionB": {
        "trial_id": "17",
        "task_id": "118",
        "values": "26.0, 70.0",
        "target_value": 0.41
      },
      "choice": {
        "button": "F",
        "selected_option": "OptionA"
      }
    },
    {
      "question": 14,
      "target": "Performance Score",
      "target_value": 90,
      "options": [
        "Phone RAM (GB)",
        "Battery Capacity (mAh)"
      ],
      "optionA": {
        "trial_id": "9",
        "task_id": "39",
        "values": "12.0, 4500.0",
        "target_value": 90
      },
      "optionB": {
        "trial_id": "14",
        "task_id": "39",
        "values": "4.0, 3000.0",
        "target_value": 68
      },
      "choice": {
        "button": "F",
        "selected_option": "OptionA"
      }
    },
    {
      "question": 15,
      "target": "Speed (km/h)",
      "target_value": 175,
      "options": [
        "Engine Horsepower",
        "Weight (kg)"
      ],
      "optionA": {
        "trial_id": "9",
        "task_id": "47",
        "values": "160.0, 1250.0",
        "target_value": 175
      },
      "optionB": {
        "trial_id": "12",
        "task_id": "47",
        "values": "240.0, 1600.0",
        "target_value": 200
      },
      "choice": {
        "button": "J",
        "selected_option": "OptionB"
      }
    },
    {
      "question": 16,
      "target": "Energy Level",
      "target_value": 5,
      "options": [
        "Hours of Sleep",
        "Caffeine Intake (mg)"
      ],
      "optionA": {
        "trial_id": "7",
        "task_id": "45",
        "values": "6.0, 30.0",
        "target_value": 5
      },
      "optionB": {
        "trial_id": "15",
        "task_id": "45",
        "values": "9.0, 80.0",
        "target_value": 9
      },
      "choice": {
        "button": "J",
        "selected_option": "OptionB"
      }
    },
    {
      "question": 17,
      "target": "Home value",
      "target_value": 290000,
      "options": [
        "House size",
        "Neighborhood quality"
      ],
      "optionA": {
        "trial_id": "12",
        "task_id": "70",
        "values": "120.0, 8.0",
        "target_value": 290000
      },
      "optionB": {
        "trial_id": "19",
        "task_id": "70",
        "values": "100.0, 6.0",
        "target_value": 250000
      },
      "choice": {
        "button": "F",
        "selected_option": "OptionA"
      }
    },
    {
      "question": 18,
      "target": "Battery Duration",
      "target_value": 10,
      "options": [
        "Phone Battery Capacity",
        "Screen Brightness"
      ],
      "optionA": {
        "trial_id": "10",
        "task_id": "63",
        "values": "2500.0, 300.0",
        "target_value": 10
      },
      "optionB": {
        "trial_id": "5",
        "task_id": "63",
        "values": "4000.0, 500.0",
        "target_value": 16
      },
      "choice": {
        "button": "J",
        "selected_option": "OptionB"
      }
    },
    {
      "question": 19,
      "target": "App Popularity",
      "target_value": 65,
      "options": [
        "App User Ratings (1-5)",
        "Number of Reviews"
      ],
      "optionA": {
        "trial_id": "8",
        "task_id": "42",
        "values": "5.0, 50.0",
        "target_value": 65
      },
      "optionB": {
        "trial_id": "9",
        "task_id": "42",
        "values": "2.0, 200.0",
        "target_value": 55
      },
      "choice": {
        "button": "F",
        "selected_option": "OptionA"
      }
    },
    {
      "question": "attention_check_19",
      "choice": "F",
      "passed": true,
      "timestamp": 1756720546443
    },
    {
      "question": 20,
      "target": "User Satisfaction",
      "target_value": 5,
      "options": [
        "Screen Size",
        "Battery Life"
      ],
      "optionA": {
        "trial_id": "16",
        "task_id": "52",
        "values": "9.0, 20.0",
        "target_value": 5
      },
      "optionB": {
        "trial_id": "2",
        "task_id": "52",
        "values": "7.0, 25.0",
        "target_value": 6
      },
      "choice": {
        "button": "J",
        "selected_option": "OptionB"
      }
    },
    {
      "question": 21,
      "target": "Taste score",
      "target_value": 8,
      "options": [
        "Coffee strength",
        "Bean quality"
      ],
      "optionA": {
        "trial_id": "17",
        "task_id": "68",
        "values": "4.0, 7.0",
        "target_value": 8
      },
      "optionB": {
        "trial_id": "1",
        "task_id": "68",
        "values": "4.0, 7.0",
        "target_value": 8
      },
      "choice": {
        "button": "F",
        "selected_option": "OptionA"
      }
    },
    {
      "question": 22,
      "target": "Knowledge Content",
      "target_value": 6,
      "options": [
        "Book Thickness",
        "Book Reading Level"
      ],
      "optionA": {
        "trial_id": "10",
        "task_id": "6",
        "values": "27.0, 4.0",
        "target_value": 6
      },
      "optionB": {
        "trial_id": "2",
        "task_id": "6",
        "values": "28.0, 4.0",
        "target_value": 7
      },
      "choice": {
        "button": "J",
        "selected_option": "OptionB"
      }
    },
    {
      "question": 23,
      "target": "Room Size",
      "target_value": 12,
      "options": [
        "Room Width",
        "Room Length"
      ],
      "optionA": {
        "trial_id": "16",
        "task_id": "109",
        "values": "3.0, 4.0",
        "target_value": 12
      },
      "optionB": {
        "trial_id": "4",
        "task_id": "109",
        "values": "5.0, 6.0",
        "target_value": 30
      },
      "choice": {
        "button": "J",
        "selected_option": "OptionB"
      }
    },
    {
      "question": 24,
      "target": "Growth speed",
      "target_value": 4.2,
      "options": [
        "Plant height cm",
        "Plant leaf count"
      ],
      "optionA": {
        "trial_id": "12",
        "task_id": "74",
        "values": "30.0, 11.0",
        "target_value": 4.2
      },
      "optionB": {
        "trial_id": "1",
        "task_id": "74",
        "values": "30.0, 10.0",
        "target_value": 4
      },
      "choice": {
        "button": "F",
        "selected_option": "OptionA"
      }
    },
    {
      "question": 25,
      "target": "Energy Level",
      "target_value": 8,
      "options": [
        "Hours of Sleep",
        "Caffeine Intake (mg)"
      ],
      "optionA": {
        "trial_id": "16",
        "task_id": "45",
        "values": "8.0, 70.0",
        "target_value": 8
      },
      "optionB": {
        "trial_id": "18",
        "task_id": "45",
        "values": "9.0, 70.0",
        "target_value": 8
      },
      "choice": {
        "button": "J",
        "selected_option": "OptionB"
      }
    },
    {
      "question": 26,
      "target": "Bike Speed",
      "target_value": 120,
      "options": [
        "Bike Weight",
        "Bike Power"
      ],
      "optionA": {
        "trial_id": "19",
        "task_id": "87",
        "values": "28.0, 600.0",
        "target_value": 120
      },
      "optionB": {
        "trial_id": "12",
        "task_id": "87",
        "values": "22.0, 450.0",
        "target_value": 90
      },
      "choice": {
        "button": "F",
        "selected_option": "OptionA"
      }
    },
    {
      "question": 27,
      "target": "User Satisfaction",
      "target_value": 5,
      "options": [
        "Screen Size",
        "Battery Life"
      ],
      "optionA": {
        "trial_id": "19",
        "task_id": "52",
        "values": "5.0, 20.0",
        "target_value": 5
      },
      "optionB": {
        "trial_id": "5",
        "task_id": "52",
        "values": "5.0, 25.0",
        "target_value": 6
      },
      "choice": {
        "button": "J",
        "selected_option": "OptionB"
      }
    },
    {
      "question": 28,
      "target": "Comfort Score",
      "target_value": 8,
      "options": [
        "Price ($)",
        "Size (sqft)"
      ],
      "optionA": {
        "trial_id": "1",
        "task_id": "44",
        "values": "300000.0, 150.0",
        "target_value": 8
      },
      "optionB": {
        "trial_id": "17",
        "task_id": "44",
        "values": "310000.0, 150.0",
        "target_value": 8
      },
      "choice": {
        "button": "J",
        "selected_option": "OptionB"
      }
    },
    {
      "question": 29,
      "target": "Battery Life (hours)",
      "target_value": 11.8,
      "options": [
        "Phone Weight (g)",
        "Battery Capacity (mAh)"
      ],
      "optionA": {
        "trial_id": "16",
        "task_id": "30",
        "values": "175.0, 4700.0",
        "target_value": 11.8
      },
      "optionB": {
        "trial_id": "18",
        "task_id": "30",
        "values": "145.0, 3700.0",
        "target_value": 9.9
      },
      "choice": {
        "button": "F",
        "selected_option": "OptionA"
      }
    },
    {
      "question": "attention_check_29",
      "choice": "J",
      "passed": true,
      "timestamp": 1756720602828
    },
    {
      "question": 30,
      "target": "Durability Perception (1-10)",
      "target_value": 7,
      "options": [
        "Price ($)",
        "Warranty (years)"
      ],
      "optionA": {
        "trial_id": "13",
        "task_id": "8",
        "values": "230.0, 4.0",
        "target_value": 7
      },
      "optionB": {
        "trial_id": "12",
        "task_id": "8",
        "values": "210.0, 1.0",
        "target_value": 5
      },
      "choice": {
        "button": "F",
        "selected_option": "OptionA"
      }
    },
    {
      "question": 31,
      "target": "Restaurant Popularity (on scale 1-10)",
      "target_value": 9,
      "options": [
        "Number of Reviews",
        "Average Rating (out of 5)"
      ],
      "optionA": {
        "trial_id": "5",
        "task_id": "19",
        "values": "200.0, 4.7",
        "target_value": 9
      },
      "optionB": {
        "trial_id": "7",
        "task_id": "19",
        "values": "150.0, 4.3",
        "target_value": 7
      },
      "choice": {
        "button": "F",
        "selected_option": "OptionA"
      }
    },
    {
      "question": 32,
      "target": "Exam score",
      "target_value": 86,
      "options": [
        "Study time (hours)",
        "Class attendance (%)"
      ],
      "optionA": {
        "trial_id": "10",
        "task_id": "91",
        "values": "4.0, 90.0",
        "target_value": 86
      },
      "optionB": {
        "trial_id": "7",
        "task_id": "91",
        "values": "3.0, 70.0",
        "target_value": 65
      },
      "choice": {
        "button": "F",
        "selected_option": "OptionA"
      }
    },
    {
      "question": 33,
      "target": "Speed",
      "target_value": 125,
      "options": [
        "Car Engine Size",
        "Horsepower"
      ],
      "optionA": {
        "trial_id": "10",
        "task_id": "61",
        "values": "2.0, 160.0",
        "target_value": 125
      },
      "optionB": {
        "trial_id": "7",
        "task_id": "36",
        "values": "1.6, 160.0",
        "target_value": 120
      },
      "choice": {
        "button": "F",
        "selected_option": "OptionA"
      }
    },
    {
      "question": 34,
      "target": "Photo Quality",
      "target_value": 10,
      "options": [
        "Phone Price",
        "Phone Camera Megapixels"
      ],
      "optionA": {
        "trial_id": "18",
        "task_id": "5",
        "values": "580.0, 18.0",
        "target_value": 10
      },
      "optionB": {
        "trial_id": "19",
        "task_id": "5",
        "values": "420.0, 9.0",
        "target_value": 6
      },
      "choice": {
        "button": "F",
        "selected_option": "OptionA"
      }
    },
    {
      "question": 35,
      "target": "Training Difficulty (1-10)",
      "target_value": 3,
      "options": [
        "Dog Size",
        "Dog Energy Level"
      ],
      "optionA": {
        "trial_id": "6",
        "task_id": "82",
        "values": "35.0, 4.0",
        "target_value": 3
      },
      "optionB": {
        "trial_id": "16",
        "task_id": "82",
        "values": "70.0, 9.0",
        "target_value": 8
      },
      "choice": {
        "button": "J",
        "selected_option": "OptionB"
      }
    },
    {
      "question": 36,
      "target": "Age (years)",
      "target_value": 50,
      "options": [
        "Tree Height (m)",
        "Trunk Diameter (cm)"
      ],
      "optionA": {
        "trial_id": "20",
        "task_id": "32",
        "values": "10.0, 29.0",
        "target_value": 50
      },
      "optionB": {
        "trial_id": "12",
        "task_id": "32",
        "values": "9.0, 27.0",
        "target_value": 45
      },
      "choice": {
        "button": "F",
        "selected_option": "OptionA"
      }
    },
    {
      "question": 37,
      "target": "Room Area (m\u00b2)",
      "target_value": 20,
      "options": [
        "Room Length (m)",
        "Room Width (m)"
      ],
      "optionA": {
        "trial_id": "15",
        "task_id": "89",
        "values": "5.0, 4.0",
        "target_value": 20
      },
      "optionB": {
        "trial_id": "5",
        "task_id": "89",
        "values": "5.0, 5.0",
        "target_value": 25
      },
      "choice": {
        "button": "J",
        "selected_option": "OptionB"
      }
    },
    {
      "question": 38,
      "target": "Speed",
      "target_value": 120,
      "options": [
        "Car Engine Size",
        "Horsepower"
      ],
      "optionA": {
        "trial_id": "1",
        "task_id": "61",
        "values": "2.0, 150.0",
        "target_value": 120
      },
      "optionB": {
        "trial_id": "2",
        "task_id": "61",
        "values": "2.5, 180.0",
        "target_value": 140
      },
      "choice": {
        "button": "J",
        "selected_option": "OptionB"
      }
    },
    {
      "question": 39,
      "target": "Book Knowledge Content",
      "target_value": 5,
      "options": [
        "Book Page Count",
        "Book Reading Level"
      ],
      "optionA": {
        "trial_id": "5",
        "task_id": "1",
        "values": "200.0, 2.0",
        "target_value": 5
      },
      "optionB": {
        "trial_id": "9",
        "task_id": "1",
        "values": "350.0, 3.0",
        "target_value": 6
      },
      "choice": {
        "button": "J",
        "selected_option": "OptionB"
      }
    },
    {
      "question": "attention_check_39",
      "choice": "F",
      "passed": true,
      "timestamp": 1756720652699
    },
    {
      "question": 40,
      "target": "Taste Rating",
      "target_value": 6,
      "options": [
        "Number of Ingredients",
        "Cooking Time (minutes)"
      ],
      "optionA": {
        "trial_id": "14",
        "task_id": "14",
        "values": "5.0, 27.0",
        "target_value": 6
      },
      "optionB": {
        "trial_id": "3",
        "task_id": "14",
        "values": "4.0, 20.0",
        "target_value": 6
      },
      "choice": {
        "button": "F",
        "selected_option": "OptionA"
      }
    },
    {
      "question": 41,
      "target": "Popularity Score",
      "target_value": 62,
      "options": [
        "Price ($)",
        "Rating (1-10)"
      ],
      "optionA": {
        "trial_id": "20",
        "task_id": "97",
        "values": "70.0, 6.0",
        "target_value": 62
      },
      "optionB": {
        "trial_id": "16",
        "task_id": "97",
        "values": "50.0, 8.0",
        "target_value": 65
      },
      "choice": {
        "button": "J",
        "selected_option": "OptionB"
      }
    },
    {
      "question": 42,
      "target": "Reading time",
      "target_value": 5,
      "options": [
        "Book pages",
        "Book chapters"
      ],
      "optionA": {
        "trial_id": "19",
        "task_id": "72",
        "values": "260.0, 13.0",
        "target_value": 5
      },
      "optionB": {
        "trial_id": "10",
        "task_id": "72",
        "values": "280.0, 12.0",
        "target_value": 5
      },
      "choice": {
        "button": "J",
        "selected_option": "OptionB"
      }
    },
    {
      "question": 43,
      "target": "Satiety (on scale 1-10)",
      "target_value": 9,
      "options": [
        "Number of Calories",
        "Protein (g)"
      ],
      "optionA": {
        "trial_id": "6",
        "task_id": "16",
        "values": "500.0, 20.0",
        "target_value": 9
      },
      "optionB": {
        "trial_id": "13",
        "task_id": "16",
        "values": "400.0, 14.0",
        "target_value": 8
      },
      "choice": {
        "button": "F",
        "selected_option": "OptionA"
      }
    },
    {
      "question": 44,
      "target": "Value Score",
      "target_value": 80,
      "options": [
        "Price ($)",
        "Size (GB)"
      ],
      "optionA": {
        "trial_id": "17",
        "task_id": "99",
        "values": "60.0, 256.0",
        "target_value": 80
      },
      "optionB": {
        "trial_id": "14",
        "task_id": "99",
        "values": "90.0, 512.0",
        "target_value": 70
      },
      "choice": {
        "button": "J",
        "selected_option": "OptionB"
      }
    },
    {
      "question": 45,
      "target": "Taste Rating (1-10)",
      "target_value": 9,
      "options": [
        "Minutes of Cooking",
        "Number of Ingredients"
      ],
      "optionA": {
        "trial_id": "9",
        "task_id": "56",
        "values": "45.0, 8.0",
        "target_value": 9
      },
      "optionB": {
        "trial_id": "2",
        "task_id": "56",
        "values": "20.0, 5.0",
        "target_value": 8
      },
      "choice": {
        "button": "F",
        "selected_option": "OptionA"
      }
    },
    {
      "question": 46,
      "target": "Restaurant Customer Satisfaction",
      "target_value": 8.3,
      "options": [
        "Restaurant Menu Size",
        "Restaurant Price Rating"
      ],
      "optionA": {
        "trial_id": "5",
        "task_id": "25",
        "values": "18.0, 4.5",
        "target_value": 8.3
      },
      "optionB": {
        "trial_id": "9",
        "task_id": "25",
        "values": "20.0, 4.7",
        "target_value": 8.6
      },
      "choice": {
        "button": "J",
        "selected_option": "OptionB"
      }
    },
    {
      "question": 47,
      "target": "Home Comfort (1-10)",
      "target_value": 6,
      "options": [
        "Number of Bedrooms",
        "Square Feet"
      ],
      "optionA": {
        "trial_id": "4",
        "task_id": "9",
        "values": "3.0, 1500.0",
        "target_value": 6
      },
      "optionB": {
        "trial_id": "13",
        "task_id": "9",
        "values": "3.0, 1550.0",
        "target_value": 7
      },
      "choice": {
        "button": "J",
        "selected_option": "OptionB"
      }
    },
    {
      "question": 48,
      "target": "Tea Strength (1-10)",
      "target_value": 6,
      "options": [
        "Tea Leaf Quality (1-10)",
        "Tea Steeping Time (minutes)"
      ],
      "optionA": {
        "trial_id": "1",
        "task_id": "80",
        "values": "7.0, 3.0",
        "target_value": 6
      },
      "optionB": {
        "trial_id": "11",
        "task_id": "80",
        "values": "6.0, 2.0",
        "target_value": 5
      },
      "choice": {
        "button": "F",
        "selected_option": "OptionA"
      }
    },
    {
      "question": 49,
      "target": "Room Area (m\u00b2)",
      "target_value": 25,
      "options": [
        "Room Length (m)",
        "Room Width (m)"
      ],
      "optionA": {
        "trial_id": "12",
        "task_id": "89",
        "values": "5.0, 5.0",
        "target_value": 25
      },
      "optionB": {
        "trial_id": "6",
        "task_id": "89",
        "values": "4.0, 6.0",
        "target_value": 24
      },
      "choice": {
        "button": "F",
        "selected_option": "OptionA"
      }
    },
    {
      "question": 50,
      "target": "Dog Energy Level",
      "target_value": 7,
      "options": [
        "Dog Weight",
        "Dog Activity Level"
      ],
      "optionA": {
        "trial_id": "15",
        "task_id": "105",
        "values": "22.0, 4.0",
        "target_value": 7
      },
      "optionB": {
        "trial_id": "11",
        "task_id": "105",
        "values": "32.0, 6.0",
        "target_value": 9
      },
      "choice": {
        "button": "J",
        "selected_option": "OptionB"
      }
    }
  ]
}