{
  "prolific_id": "UNKNOWN",
  "condition_group": "direction",
  "responses": [
    {
      "question": 1,
      "target": "Phone Performance",
      "target_value": 110,
      "options": [
        "Phone RAM",
        "Phone Storage"
      ],
      "optionA": {
        "trial_id": "8",
        "task_id": "86",
        "values": "16.0, 1024.0",
        "target_value": 110
      },
      "optionB": {
        "trial_id": "19",
        "task_id": "86",
        "values": "256.0, 32768.0",
        "target_value": 160
      },
      "choice": {
        "button": "J",
        "selected_option": "OptionB"
      }
    },
    {
      "question": 2,
      "target": "Book Knowledge Content",
      "target_value": 5,
      "options": [
        "Book Page Count",
        "Book Reading Level"
      ],
      "optionA": {
        "trial_id": "15",
        "task_id": "1",
        "values": "220.0, 3.0",
        "target_value": 5
      },
      "optionB": {
        "trial_id": "13",
        "task_id": "1",
        "values": "450.0, 5.0",
        "target_value": 10
      },
      "choice": {
        "button": "J",
        "selected_option": "OptionB"
      }
    },
    {
      "question": 3,
      "target": "Reading time",
      "target_value": 8,
      "options": [
        "Book pages",
        "Book chapters"
      ],
      "optionA": {
        "trial_id": "17",
        "task_id": "72",
        "values": "380.0, 19.0",
        "target_value": 8
      },
      "optionB": {
        "trial_id": "12",
        "task_id": "72",
        "values": "300.0, 14.0",
        "target_value": 6
      },
      "choice": {
        "button": "F",
        "selected_option": "OptionA"
      }
    },
    {
      "question": 4,
      "target": "Performance Score",
      "target_value": 85,
      "options": [
        "Hours of Practice",
        "Natural Talent (1-10)"
      ],
      "optionA": {
        "trial_id": "6",
        "task_id": "78",
        "values": "10.0, 7.0",
        "target_value": 85
      },
      "optionB": {
        "trial_id": "6",
        "task_id": "78",
        "values": "10.0, 7.0",
        "target_value": 85
      },
      "choice": {
        "button": "F",
        "selected_option": "OptionA"
      }
    },
    {
      "question": 5,
      "target": "Battery Life",
      "target_value": 25,
      "options": [
        "Phone Weight",
        "Battery Capacity"
      ],
      "optionA": {
        "trial_id": "20",
        "task_id": "54",
        "values": "160.0, 2900.0",
        "target_value": 25
      },
      "optionB": {
        "trial_id": "15",
        "task_id": "54",
        "values": "170.0, 3300.0",
        "target_value": 27
      },
      "choice": {
        "button": "J",
        "selected_option": "OptionB"
      }
    },
    {
      "question": 6,
      "target": "Phone Battery Life",
      "target_value": 33,
      "options": [
        "Phone Battery Capacity",
        "Phone Weight"
      ],
      "optionA": {
        "trial_id": "6",
        "task_id": "108",
        "values": "4500.0, 210.0",
        "target_value": 33
      },
      "optionB": {
        "trial_id": "16",
        "task_id": "108",
        "values": "3000.0, 185.0",
        "target_value": 26
      },
      "choice": {
        "button": "F",
        "selected_option": "OptionA"
      }
    },
    {
      "question": 7,
      "target": "Market value ($)",
      "target_value": 300000,
      "options": [
        "Number of bedrooms",
        "House size (sq ft)"
      ],
      "optionA": {
        "trial_id": "3",
        "task_id": "90",
        "values": "4.0, 1500.0",
        "target_value": 300000
      },
      "optionB": {
        "trial_id": "20",
        "task_id": "90",
        "values": "5.0, 1300.0",
        "target_value": 280000
      },
      "choice": {
        "button": "F",
        "selected_option": "OptionA"
      }
    },
    {
      "question": 8,
      "target": "Customer Satisfaction",
      "target_value": 7.5,
      "options": [
        "Price ($)",
        "Quality Rating (1-10)"
      ],
      "optionA": {
        "trial_id": "18",
        "task_id": "49",
        "values": "100.0, 7.0",
        "target_value": 7.5
      },
      "optionB": {
        "trial_id": "3",
        "task_id": "49",
        "values": "150.0, 8.0",
        "target_value": 8.5
      },
      "choice": {
        "button": "J",
        "selected_option": "OptionB"
      }
    },
    {
      "question": 9,
      "target": "Enjoyment",
      "target_value": 7,
      "options": [
        "Taste rating",
        "Price"
      ],
      "optionA": {
        "trial_id": "8",
        "task_id": "26",
        "values": "5.0, 3.0",
        "target_value": 7
      },
      "optionB": {
        "trial_id": "10",
        "task_id": "26",
        "values": "7.0, 6.0",
        "target_value": 12
      },
      "choice": {
        "button": "J",
        "selected_option": "OptionB"
      }
    },
    {
      "question": "attention_check_9",
      "choice": "J",
      "passed": true,
      "timestamp": 1756720774847
    },
    {
      "question": 10,
      "target": "Deliciousness",
      "target_value": 70,
      "options": [
        "Cooking time",
        "Ingredients count"
      ],
      "optionA": {
        "trial_id": "12",
        "task_id": "27",
        "values": "40.0, 7.0",
        "target_value": 70
      },
      "optionB": {
        "trial_id": "6",
        "task_id": "27",
        "values": "40.0, 6.0",
        "target_value": 75
      },
      "choice": {
        "button": "F",
        "selected_option": "OptionA"
      }
    },
    {
      "question": 11,
      "target": "Top Speed",
      "target_value": 140,
      "options": [
        "Engine Size",
        "Horsepower"
      ],
      "optionA": {
        "trial_id": "16",
        "task_id": "113",
        "values": "1.8, 110.0",
        "target_value": 140
      },
      "optionB": {
        "trial_id": "5",
        "task_id": "113",
        "values": "3.0, 160.0",
        "target_value": 180
      },
      "choice": {
        "button": "J",
        "selected_option": "OptionB"
      }
    },
    {
      "question": 12,
      "target": "Fuel Consumption (L/100km)",
      "target_value": 10,
      "options": [
        "Engine Size (cc)",
        "Weight (kg)"
      ],
      "optionA": {
        "trial_id": "12",
        "task_id": "11",
        "values": "2400.0, 1500.0",
        "target_value": 10
      },
      "optionB": {
        "trial_id": "10",
        "task_id": "11",
        "values": "1900.0, 1200.0",
        "target_value": 7
      },
      "choice": {
        "button": "F",
        "selected_option": "OptionA"
      }
    },
    {
      "question": 13,
      "target": "Natural Light (on scale 1-10)",
      "target_value": 8,
      "options": [
        "Room Area (m2)",
        "Number of Windows"
      ],
      "optionA": {
        "trial_id": "12",
        "task_id": "15",
        "values": "30.0, 4.0",
        "target_value": 8
      },
      "optionB": {
        "trial_id": "6",
        "task_id": "15",
        "values": "30.0, 3.0",
        "target_value": 7
      },
      "choice": {
        "button": "F",
        "selected_option": "OptionA"
      }
    },
    {
      "question": 14,
      "target": "Photo Quality",
      "target_value": 8,
      "options": [
        "Phone Price",
        "Phone Camera Megapixels"
      ],
      "optionA": {
        "trial_id": "4",
        "task_id": "5",
        "values": "480.0, 12.0",
        "target_value": 8
      },
      "optionB": {
        "trial_id": "1",
        "task_id": "5",
        "values": "600.0, 12.0",
        "target_value": 8
      },
      "choice": {
        "button": "F",
        "selected_option": "OptionA"
      }
    },
    {
      "question": 15,
      "target": "Customer Satisfaction",
      "target_value": 7.5,
      "options": [
        "Price ($)",
        "Quality Rating (1-10)"
      ],
      "optionA": {
        "trial_id": "6",
        "task_id": "49",
        "values": "100.0, 7.0",
        "target_value": 7.5
      },
      "optionB": {
        "trial_id": "10",
        "task_id": "49",
        "values": "110.0, 8.0",
        "target_value": 8
      },
      "choice": {
        "button": "J",
        "selected_option": "OptionB"
      }
    },
    {
      "question": 16,
      "target": "Brightness",
      "target_value": 610,
      "options": [
        "Phone Battery Capacity",
        "Screen Size"
      ],
      "optionA": {
        "trial_id": "16",
        "task_id": "37",
        "values": "4500.0, 3.0",
        "target_value": 610
      },
      "optionB": {
        "trial_id": "14",
        "task_id": "37",
        "values": "3500.0, 5.0",
        "target_value": 640
      },
      "choice": {
        "button": "F",
        "selected_option": "OptionA"
      }
    },
    {
      "question": 17,
      "target": "Satiety (on scale 1-10)",
      "target_value": 9,
      "options": [
        "Number of Calories",
        "Protein (g)"
      ],
      "optionA": {
        "trial_id": "4",
        "task_id": "16",
        "values": "400.0, 18.0",
        "target_value": 9
      },
      "optionB": {
        "trial_id": "16",
        "task_id": "16",
        "values": "400.0, 16.0",
        "target_value": 8
      },
      "choice": {
        "button": "F",
        "selected_option": "OptionA"
      }
    },
    {
      "question": 18,
      "target": "Growth Rate",
      "target_value": 1,
      "options": [
        "Plant Leaf Size",
        "Plant Height"
      ],
      "optionA": {
        "trial_id": "7",
        "task_id": "65",
        "values": "6.0, 30.0",
        "target_value": 1
      },
      "optionB": {
        "trial_id": "7",
        "task_id": "65",
        "values": "6.0, 30.0",
        "target_value": 1
      },
      "choice": {
        "button": "F",
        "selected_option": "OptionA"
      }
    },
    {
      "question": 19,
      "target": "Muscle gain",
      "target_value": 1.2,
      "options": [
        "Minutes of exercise",
        "Protein intake"
      ],
      "optionA": {
        "trial_id": "15",
        "task_id": "59",
        "values": "30.0, 20.0",
        "target_value": 1.2
      },
      "optionB": {
        "trial_id": "15",
        "task_id": "59",
        "values": "30.0, 20.0",
        "target_value": 1.2
      },
      "choice": {
        "button": "F",
        "selected_option": "OptionA"
      }
    },
    {
      "question": "attention_check_19",
      "choice": "F",
      "passed": true,
      "timestamp": 1756720848586
    },
    {
      "question": 20,
      "target": "Quality",
      "target_value": 80,
      "options": [
        "Price",
        "Size"
      ],
      "optionA": {
        "trial_id": "10",
        "task_id": "110",
        "values": "130.0, 14.0",
        "target_value": 80
      },
      "optionB": {
        "trial_id": "2",
        "task_id": "110",
        "values": "150.0, 8.0",
        "target_value": 80
      },
      "choice": {
        "button": "J",
        "selected_option": "OptionB"
      }
    },
    {
      "question": 21,
      "target": "User satisfaction",
      "target_value": 12,
      "options": [
        "Screen size (inches)",
        "RAM (GB)"
      ],
      "optionA": {
        "trial_id": "13",
        "task_id": "119",
        "values": "22.0, 8.0",
        "target_value": 12
      },
      "optionB": {
        "trial_id": "7",
        "task_id": "119",
        "values": "16.0, 5.0",
        "target_value": 9
      },
      "choice": {
        "button": "F",
        "selected_option": "OptionA"
      }
    },
    {
      "question": 22,
      "target": "Training Difficulty (1-10)",
      "target_value": 4,
      "options": [
        "Dog Size",
        "Dog Energy Level"
      ],
      "optionA": {
        "trial_id": "10",
        "task_id": "82",
        "values": "50.0, 5.0",
        "target_value": 4
      },
      "optionB": {
        "trial_id": "9",
        "task_id": "82",
        "values": "55.0, 6.0",
        "target_value": 5
      },
      "choice": {
        "button": "J",
        "selected_option": "OptionB"
      }
    },
    {
      "question": 23,
      "target": "Value Score",
      "target_value": 75,
      "options": [
        "Price ($)",
        "Size (GB)"
      ],
      "optionA": {
        "trial_id": "9",
        "task_id": "99",
        "values": "60.0, 128.0",
        "target_value": 75
      },
      "optionB": {
        "trial_id": "14",
        "task_id": "99",
        "values": "90.0, 512.0",
        "target_value": 70
      },
      "choice": {
        "button": "J",
        "selected_option": "OptionB"
      }
    },
    {
      "question": 24,
      "target": "Taste Rating (1-10)",
      "target_value": 7,
      "options": [
        "Time Spent Cooking (min)",
        "Number of Ingredients"
      ],
      "optionA": {
        "trial_id": "1",
        "task_id": "93",
        "values": "30.0, 5.0",
        "target_value": 7
      },
      "optionB": {
        "trial_id": "13",
        "task_id": "93",
        "values": "20.0, 5.0",
        "target_value": 6
      },
      "choice": {
        "button": "F",
        "selected_option": "OptionA"
      }
    },
    {
      "question": 25,
      "target": "Engagement rate (%)",
      "target_value": 5,
      "options": [
        "Number of followers",
        "Post quality score"
      ],
      "optionA": {
        "trial_id": "3",
        "task_id": "71",
        "values": "12000.0, 6.0",
        "target_value": 5
      },
      "optionB": {
        "trial_id": "2",
        "task_id": "71",
        "values": "15000.0, 5.0",
        "target_value": 6
      },
      "choice": {
        "button": "J",
        "selected_option": "OptionB"
      }
    },
    {
      "question": 26,
      "target": "Jump Height",
      "target_value": 70,
      "options": [
        "Height",
        "Arm Length"
      ],
      "optionA": {
        "trial_id": "7",
        "task_id": "115",
        "values": "160.0, 60.0",
        "target_value": 70
      },
      "optionB": {
        "trial_id": "14",
        "task_id": "115",
        "values": "200.0, 77.0",
        "target_value": 93
      },
      "choice": {
        "button": "J",
        "selected_option": "OptionB"
      }
    },
    {
      "question": 27,
      "target": "Speed (km/h)",
      "target_value": 195,
      "options": [
        "Engine Horsepower",
        "Weight (kg)"
      ],
      "optionA": {
        "trial_id": "11",
        "task_id": "47",
        "values": "220.0, 1500.0",
        "target_value": 195
      },
      "optionB": {
        "trial_id": "1",
        "task_id": "47",
        "values": "150.0, 1200.0",
        "target_value": 180
      },
      "choice": {
        "button": "J",
        "selected_option": "OptionB"
      }
    },
    {
      "question": 28,
      "target": "Exam Score (out of 100)",
      "target_value": 70,
      "options": [
        "Study Time (hours)",
        "Previous GPA"
      ],
      "optionA": {
        "trial_id": "4",
        "task_id": "18",
        "values": "5.0, 3.2",
        "target_value": 70
      },
      "optionB": {
        "trial_id": "15",
        "task_id": "18",
        "values": "7.0, 3.2",
        "target_value": 75
      },
      "choice": {
        "button": "J",
        "selected_option": "OptionB"
      }
    },
    {
      "question": 29,
      "target": "Exam Score (out of 100)",
      "target_value": 70,
      "options": [
        "Time Spent Studying (hours)",
        "Number of Chapters Covered"
      ],
      "optionA": {
        "trial_id": "12",
        "task_id": "94",
        "values": "4.0, 4.0",
        "target_value": 70
      },
      "optionB": {
        "trial_id": "14",
        "task_id": "94",
        "values": "3.0, 5.0",
        "target_value": 70
      },
      "choice": {
        "button": "F",
        "selected_option": "OptionA"
      }
    },
    {
      "question": "attention_check_29",
      "choice": "J",
      "passed": true,
      "timestamp": 1756720926558
    },
    {
      "question": 30,
      "target": "Top Speed",
      "target_value": 220,
      "options": [
        "Engine Size",
        "Horsepower"
      ],
      "optionA": {
        "trial_id": "18",
        "task_id": "113",
        "values": "4.5, 240.0",
        "target_value": 220
      },
      "optionB": {
        "trial_id": "6",
        "task_id": "113",
        "values": "3.5, 180.0",
        "target_value": 190
      },
      "choice": {
        "button": "F",
        "selected_option": "OptionA"
      }
    },
    {
      "question": 31,
      "target": "Top Speed",
      "target_value": 160,
      "options": [
        "Car Engine Size",
        "Horsepower"
      ],
      "optionA": {
        "trial_id": "5",
        "task_id": "36",
        "values": "3.0, 250.0",
        "target_value": 160
      },
      "optionB": {
        "trial_id": "12",
        "task_id": "36",
        "values": "2.5, 220.0",
        "target_value": 140
      },
      "choice": {
        "button": "F",
        "selected_option": "OptionA"
      }
    },
    {
      "question": 32,
      "target": "Exam Score (out of 100)",
      "target_value": 70,
      "options": [
        "Time Spent Studying (hours)",
        "Number of Chapters Covered"
      ],
      "optionA": {
        "trial_id": "14",
        "task_id": "94",
        "values": "3.0, 5.0",
        "target_value": 70
      },
      "optionB": {
        "trial_id": "4",
        "task_id": "94",
        "values": "3.0, 4.0",
        "target_value": 65
      },
      "choice": {
        "button": "F",
        "selected_option": "OptionA"
      }
    },
    {
      "question": 33,
      "target": "Book Knowledge Content",
      "target_value": 9,
      "options": [
        "Book Page Count",
        "Book Reading Level"
      ],
      "optionA": {
        "trial_id": "3",
        "task_id": "1",
        "values": "400.0, 5.0",
        "target_value": 9
      },
      "optionB": {
        "trial_id": "18",
        "task_id": "1",
        "values": "360.0, 5.0",
        "target_value": 9
      },
      "choice": {
        "button": "F",
        "selected_option": "OptionA"
      }
    },
    {
      "question": 34,
      "target": "Fuel Consumption (L/100km)",
      "target_value": 10,
      "options": [
        "Speed (km/h)",
        "Weight (kg)"
      ],
      "optionA": {
        "trial_id": "3",
        "task_id": "43",
        "values": "130.0, 1600.0",
        "target_value": 10
      },
      "optionB": {
        "trial_id": "11",
        "task_id": "43",
        "values": "100.0, 1300.0",
        "target_value": 6
      },
      "choice": {
        "button": "F",
        "selected_option": "OptionA"
      }
    },
    {
      "question": 35,
      "target": "Doneness",
      "target_value": 65,
      "options": [
        "Cooking Time",
        "Size"
      ],
      "optionA": {
        "trial_id": "15",
        "task_id": "116",
        "values": "25.0, 180.0",
        "target_value": 65
      },
      "optionB": {
        "trial_id": "1",
        "task_id": "116",
        "values": "30.0, 200.0",
        "target_value": 70
      },
      "choice": {
        "button": "J",
        "selected_option": "OptionB"
      }
    },
    {
      "question": 36,
      "target": "Room Size",
      "target_value": 30,
      "options": [
        "Room Width",
        "Room Length"
      ],
      "optionA": {
        "trial_id": "1",
        "task_id": "109",
        "values": "5.0, 6.0",
        "target_value": 30
      },
      "optionB": {
        "trial_id": "1",
        "task_id": "109",
        "values": "5.0, 6.0",
        "target_value": 30
      },
      "choice": {
        "button": "F",
        "selected_option": "OptionA"
      }
    },
    {
      "question": 37,
      "target": "Brightness",
      "target_value": 670,
      "options": [
        "Phone Battery Capacity",
        "Screen Size"
      ],
      "optionA": {
        "trial_id": "9",
        "task_id": "37",
        "values": "3200.0, 6.0",
        "target_value": 670
      },
      "optionB": {
        "trial_id": "18",
        "task_id": "37",
        "values": "4000.0, 4.0",
        "target_value": 630
      },
      "choice": {
        "button": "J",
        "selected_option": "OptionB"
      }
    },
    {
      "question": 38,
      "target": "Energy Boost",
      "target_value": 6,
      "options": [
        "Coffee Caffeine Content",
        "Coffee Richness"
      ],
      "optionA": {
        "trial_id": "2",
        "task_id": "4",
        "values": "90.0, 4.0",
        "target_value": 6
      },
      "optionB": {
        "trial_id": "1",
        "task_id": "4",
        "values": "100.0, 3.0",
        "target_value": 7
      },
      "choice": {
        "button": "J",
        "selected_option": "OptionB"
      }
    },
    {
      "question": 39,
      "target": "Growth Rate (cm/week)",
      "target_value": 2,
      "options": [
        "Plant Leaf Size",
        "Plant Water Usage"
      ],
      "optionA": {
        "trial_id": "6",
        "task_id": "83",
        "values": "6.0, 3.0",
        "target_value": 2
      },
      "optionB": {
        "trial_id": "10",
        "task_id": "83",
        "values": "7.0, 4.0",
        "target_value": 2.4
      },
      "choice": {
        "button": "J",
        "selected_option": "OptionB"
      }
    },
    {
      "question": "attention_check_39",
      "choice": "F",
      "passed": true,
      "timestamp": 1756720994500
    },
    {
      "question": 40,
      "target": "Distance Traveled",
      "target_value": 290,
      "options": [
        "Speed",
        "Weight"
      ],
      "optionA": {
        "trial_id": "12",
        "task_id": "111",
        "values": "50.0, 900.0",
        "target_value": 290
      },
      "optionB": {
        "trial_id": "17",
        "task_id": "111",
        "values": "50.0, 900.0",
        "target_value": 290
      },
      "choice": {
        "button": "F",
        "selected_option": "OptionA"
      }
    },
    {
      "question": 41,
      "target": "Enjoyment Rating (1-10)",
      "target_value": 6,
      "options": [
        "Number of Pages",
        "Reading Time (minutes)"
      ],
      "optionA": {
        "trial_id": "20",
        "task_id": "10",
        "values": "410.0, 155.0",
        "target_value": 6
      },
      "optionB": {
        "trial_id": "4",
        "task_id": "10",
        "values": "350.0, 130.0",
        "target_value": 6
      },
      "choice": {
        "button": "J",
        "selected_option": "OptionB"
      }
    },
    {
      "question": 42,
      "target": "Enjoyment Rating (1-10)",
      "target_value": 6,
      "options": [
        "Number of Pages",
        "Reading Time (minutes)"
      ],
      "optionA": {
        "trial_id": "16",
        "task_id": "10",
        "values": "370.0, 135.0",
        "target_value": 6
      },
      "optionB": {
        "trial_id": "10",
        "task_id": "10",
        "values": "380.0, 140.0",
        "target_value": 6
      },
      "choice": {
        "button": "F",
        "selected_option": "OptionA"
      }
    },
    {
      "question": 43,
      "target": "Book Rating",
      "target_value": 4.4,
      "options": [
        "Book Page Count",
        "Author Rating"
      ],
      "optionA": {
        "trial_id": "19",
        "task_id": "22",
        "values": "250.0, 4.5",
        "target_value": 4.4
      },
      "optionB": {
        "trial_id": "3",
        "task_id": "22",
        "values": "300.0, 4.9",
        "target_value": 4.8
      },
      "choice": {
        "button": "J",
        "selected_option": "OptionB"
      }
    },
    {
      "question": 44,
      "target": "Natural light",
      "target_value": 8,
      "options": [
        "Room size",
        "Window count"
      ],
      "optionA": {
        "trial_id": "14",
        "task_id": "66",
        "values": "150.0, 4.0",
        "target_value": 8
      },
      "optionB": {
        "trial_id": "3",
        "task_id": "66",
        "values": "80.0, 2.0",
        "target_value": 6
      },
      "choice": {
        "button": "F",
        "selected_option": "OptionA"
      }
    },
    {
      "question": 45,
      "target": "Exam Score (out of 100)",
      "target_value": 76,
      "options": [
        "Study Time (hours)",
        "Previous GPA"
      ],
      "optionA": {
        "trial_id": "7",
        "task_id": "18",
        "values": "8.0, 3.2",
        "target_value": 76
      },
      "optionB": {
        "trial_id": "5",
        "task_id": "18",
        "values": "7.0, 2.5",
        "target_value": 65
      },
      "choice": {
        "button": "F",
        "selected_option": "OptionA"
      }
    },
    {
      "question": 46,
      "target": "Battery life",
      "target_value": 10,
      "options": [
        "Phone battery",
        "Screen size"
      ],
      "optionA": {
        "trial_id": "15",
        "task_id": "69",
        "values": "2500.0, 4.0",
        "target_value": 10
      },
      "optionB": {
        "trial_id": "12",
        "task_id": "69",
        "values": "4000.0, 6.0",
        "target_value": 13
      },
      "choice": {
        "button": "J",
        "selected_option": "OptionB"
      }
    },
    {
      "question": 47,
      "target": "Exam Score (%)",
      "target_value": 75,
      "options": [
        "Study Time (hours)",
        "Previous Score (%)"
      ],
      "optionA": {
        "trial_id": "6",
        "task_id": "76",
        "values": "5.0, 70.0",
        "target_value": 75
      },
      "optionB": {
        "trial_id": "10",
        "task_id": "76",
        "values": "5.0, 70.0",
        "target_value": 75
      },
      "choice": {
        "button": "F",
        "selected_option": "OptionA"
      }
    },
    {
      "question": 48,
      "target": "Performance",
      "target_value": 7.9,
      "options": [
        "Skill Level",
        "Practice Time"
      ],
      "optionA": {
        "trial_id": "7",
        "task_id": "100",
        "values": "5.0, 16.0",
        "target_value": 7.9
      },
      "optionB": {
        "trial_id": "3",
        "task_id": "100",
        "values": "6.0, 12.0",
        "target_value": 7.8
      },
      "choice": {
        "button": "F",
        "selected_option": "OptionA"
      }
    },
    {
      "question": 49,
      "target": "Fun Level",
      "target_value": 7,
      "options": [
        "Number of Players",
        "Game Duration (minutes)"
      ],
      "optionA": {
        "trial_id": "3",
        "task_id": "13",
        "values": "3.0, 50.0",
        "target_value": 7
      },
      "optionB": {
        "trial_id": "8",
        "task_id": "13",
        "values": "4.0, 50.0",
        "target_value": 7
      },
      "choice": {
        "button": "J",
        "selected_option": "OptionB"
      }
    },
    {
      "question": 50,
      "target": "Reading time",
      "target_value": 5,
      "options": [
        "Book pages",
        "Book chapters"
      ],
      "optionA": {
        "trial_id": "19",
        "task_id": "72",
        "values": "260.0, 13.0",
        "target_value": 5
      },
      "optionB": {
        "trial_id": "19",
        "task_id": "72",
        "values": "260.0, 13.0",
        "target_value": 5
      },
      "choice": {
        "button": "F",
        "selected_option": "OptionA"
      }
    }
  ]
}