{
  "prolific_id": "UNKNOWN",
  "condition_group": "direction",
  "responses": [
    {
      "question": 1,
      "target": "Enjoyment",
      "target_value": 7,
      "options": [
        "Coffee price",
        "Coffee acidity"
      ],
      "optionA": {
        "trial_id": "3",
        "task_id": "101",
        "values": "4.0, 5.0",
        "target_value": 7
      },
      "optionB": {
        "trial_id": "4",
        "task_id": "101",
        "values": "5.0, 6.0",
        "target_value": 8
      },
      "choice": {
        "button": "F",
        "selected_option": "OptionA"
      }
    },
    {
      "question": 2,
      "target": "Enjoyment",
      "target_value": 7,
      "options": [
        "Coffee price",
        "Coffee acidity"
      ],
      "optionA": {
        "trial_id": "2",
        "task_id": "101",
        "values": "4.0, 5.0",
        "target_value": 7
      },
      "optionB": {
        "trial_id": "17",
        "task_id": "101",
        "values": "0.5, 1.0",
        "target_value": 3
      },
      "choice": {
        "button": "J",
        "selected_option": "OptionB"
      }
    },
    {
      "question": 3,
      "target": "Physical strength",
      "target_value": 55,
      "options": [
        "Height (cm)",
        "Weight (kg)"
      ],
      "optionA": {
        "trial_id": "8",
        "task_id": "84",
        "values": "165.0, 50.0",
        "target_value": 55
      },
      "optionB": {
        "trial_id": "13",
        "task_id": "84",
        "values": "155.0, 60.0",
        "target_value": 58
      },
      "choice": {
        "button": "J",
        "selected_option": "OptionB"
      }
    },
    {
      "question": 4,
      "target": "House Price",
      "target_value": 350,
      "options": [
        "House Size",
        "Neighborhood Rating"
      ],
      "optionA": {
        "trial_id": "14",
        "task_id": "38",
        "values": "2000.0, 6.0",
        "target_value": 350
      },
      "optionB": {
        "trial_id": "5",
        "task_id": "38",
        "values": "1800.0, 6.0",
        "target_value": 320
      },
      "choice": {
        "button": "F",
        "selected_option": "OptionA"
      }
    },
    {
      "question": 5,
      "target": "Job Success",
      "target_value": 70,
      "options": [
        "Age",
        "Experience"
      ],
      "optionA": {
        "trial_id": "20",
        "task_id": "117",
        "values": "32.0, 5.0",
        "target_value": 70
      },
      "optionB": {
        "trial_id": "19",
        "task_id": "117",
        "values": "28.0, 4.0",
        "target_value": 65
      },
      "choice": {
        "button": "F",
        "selected_option": "OptionA"
      }
    },
    {
      "question": 6,
      "target": "Natural Light (on scale 1-10)",
      "target_value": 8,
      "options": [
        "Room Area (m2)",
        "Number of Windows"
      ],
      "optionA": {
        "trial_id": "20",
        "task_id": "15",
        "values": "30.0, 4.0",
        "target_value": 8
      },
      "optionB": {
        "trial_id": "4",
        "task_id": "15",
        "values": "18.0, 3.0",
        "target_value": 7
      },
      "choice": {
        "button": "F",
        "selected_option": "OptionA"
      }
    },
    {
      "question": 7,
      "target": "Light amount",
      "target_value": 7,
      "options": [
        "Room size (m2)",
        "Number of windows"
      ],
      "optionA": {
        "trial_id": "8",
        "task_id": "85",
        "values": "35.0, 2.0",
        "target_value": 7
      },
      "optionB": {
        "trial_id": "1",
        "task_id": "85",
        "values": "20.0, 3.0",
        "target_value": 8
      },
      "choice": {
        "button": "J",
        "selected_option": "OptionB"
      }
    },
    {
      "question": 8,
      "target": "Enjoyment Score",
      "target_value": 9.5,
      "options": [
        "Book Length (pages)",
        "Author Fame (1-10)"
      ],
      "optionA": {
        "trial_id": "15",
        "task_id": "29",
        "values": "400.0, 10.0",
        "target_value": 9.5
      },
      "optionB": {
        "trial_id": "20",
        "task_id": "29",
        "values": "350.0, 7.0",
        "target_value": 8
      },
      "choice": {
        "button": "F",
        "selected_option": "OptionA"
      }
    },
    {
      "question": 9,
      "target": "Post reach",
      "target_value": 18000,
      "options": [
        "Number of followers",
        "Engagement rate (%)"
      ],
      "optionA": {
        "trial_id": "18",
        "task_id": "92",
        "values": "2000.0, 5.0",
        "target_value": 18000
      },
      "optionB": {
        "trial_id": "2",
        "task_id": "92",
        "values": "2000.0, 3.0",
        "target_value": 16000
      },
      "choice": {
        "button": "F",
        "selected_option": "OptionA"
      }
    },
    {
      "question": "attention_check_9",
      "choice": "J",
      "passed": true,
      "timestamp": 1756720469458
    },
    {
      "question": 10,
      "target": "User satisfaction",
      "target_value": 12,
      "options": [
        "Screen size (inches)",
        "RAM (GB)"
      ],
      "optionA": {
        "trial_id": "12",
        "task_id": "119",
        "values": "22.0, 8.0",
        "target_value": 12
      },
      "optionB": {
        "trial_id": "13",
        "task_id": "119",
        "values": "22.0, 8.0",
        "target_value": 12
      },
      "choice": {
        "button": "F",
        "selected_option": "OptionA"
      }
    },
    {
      "question": 11,
      "target": "Age (years)",
      "target_value": 55,
      "options": [
        "Tree Height (m)",
        "Trunk Diameter (cm)"
      ],
      "optionA": {
        "trial_id": "16",
        "task_id": "32",
        "values": "11.0, 33.0",
        "target_value": 55
      },
      "optionB": {
        "trial_id": "10",
        "task_id": "32",
        "values": "7.0, 20.0",
        "target_value": 30
      },
      "choice": {
        "button": "F",
        "selected_option": "OptionA"
      }
    },
    {
      "question": 12,
      "target": "Deliciousness",
      "target_value": 60,
      "options": [
        "Cooking time",
        "Ingredients count"
      ],
      "optionA": {
        "trial_id": "11",
        "task_id": "27",
        "values": "50.0, 5.0",
        "target_value": 60
      },
      "optionB": {
        "trial_id": "11",
        "task_id": "27",
        "values": "50.0, 5.0",
        "target_value": 60
      },
      "choice": {
        "button": "F",
        "selected_option": "OptionA"
      }
    },
    {
      "question": 13,
      "target": "Phone Performance",
      "target_value": 90,
      "options": [
        "Phone RAM",
        "Phone Storage"
      ],
      "optionA": {
        "trial_id": "5",
        "task_id": "86",
        "values": "8.0, 256.0",
        "target_value": 90
      },
      "optionB": {
        "trial_id": "2",
        "task_id": "86",
        "values": "6.0, 128.0",
        "target_value": 80
      },
      "choice": {
        "button": "F",
        "selected_option": "OptionA"
      }
    },
    {
      "question": 14,
      "target": "Energy Boost",
      "target_value": 7,
      "options": [
        "Coffee Caffeine Content",
        "Coffee Richness"
      ],
      "optionA": {
        "trial_id": "18",
        "task_id": "4",
        "values": "90.0, 4.0",
        "target_value": 7
      },
      "optionB": {
        "trial_id": "10",
        "task_id": "4",
        "values": "100.0, 4.0",
        "target_value": 7
      },
      "choice": {
        "button": "J",
        "selected_option": "OptionB"
      }
    },
    {
      "question": 15,
      "target": "Battery life hours",
      "target_value": 15,
      "options": [
        "Phone battery capacity",
        "Phone weight"
      ],
      "optionA": {
        "trial_id": "20",
        "task_id": "73",
        "values": "4000.0, 200.0",
        "target_value": 15
      },
      "optionB": {
        "trial_id": "15",
        "task_id": "73",
        "values": "3200.0, 180.0",
        "target_value": 11
      },
      "choice": {
        "button": "F",
        "selected_option": "OptionA"
      }
    },
    {
      "question": 16,
      "target": "Performance Quality (on scale 1-10)",
      "target_value": 7,
      "options": [
        "Hours of Practice",
        "Musical Experience (years)"
      ],
      "optionA": {
        "trial_id": "1",
        "task_id": "17",
        "values": "50.0, 3.0",
        "target_value": 7
      },
      "optionB": {
        "trial_id": "8",
        "task_id": "17",
        "values": "60.0, 4.0",
        "target_value": 8
      },
      "choice": {
        "button": "J",
        "selected_option": "OptionB"
      }
    },
    {
      "question": 17,
      "target": "Top Speed",
      "target_value": 190,
      "options": [
        "Engine Size",
        "Horsepower"
      ],
      "optionA": {
        "trial_id": "6",
        "task_id": "113",
        "values": "3.5, 180.0",
        "target_value": 190
      },
      "optionB": {
        "trial_id": "14",
        "task_id": "113",
        "values": "3.2, 170.0",
        "target_value": 185
      },
      "choice": {
        "button": "F",
        "selected_option": "OptionA"
      }
    },
    {
      "question": 18,
      "target": "Exam Score (out of 100)",
      "target_value": 65,
      "options": [
        "Time Spent Studying (hours)",
        "Number of Chapters Covered"
      ],
      "optionA": {
        "trial_id": "11",
        "task_id": "94",
        "values": "3.0, 3.0",
        "target_value": 65
      },
      "optionB": {
        "trial_id": "7",
        "task_id": "94",
        "values": "3.0, 2.0",
        "target_value": 55
      },
      "choice": {
        "button": "F",
        "selected_option": "OptionA"
      }
    },
    {
      "question": 19,
      "target": "Enjoyment",
      "target_value": 7.6,
      "options": [
        "Tea Strength",
        "Flavor Variety"
      ],
      "optionA": {
        "trial_id": "13",
        "task_id": "55",
        "values": "4.0, 5.0",
        "target_value": 7.6
      },
      "optionB": {
        "trial_id": "4",
        "task_id": "55",
        "values": "5.0, 3.0",
        "target_value": 7.4
      },
      "choice": {
        "button": "F",
        "selected_option": "OptionA"
      }
    },
    {
      "question": "attention_check_19",
      "choice": "F",
      "passed": true,
      "timestamp": 1756720538818
    },
    {
      "question": 20,
      "target": "Battery life",
      "target_value": 13,
      "options": [
        "Phone battery",
        "Screen size"
      ],
      "optionA": {
        "trial_id": "17",
        "task_id": "69",
        "values": "4000.0, 6.0",
        "target_value": 13
      },
      "optionB": {
        "trial_id": "1",
        "task_id": "69",
        "values": "3000.0, 5.0",
        "target_value": 12
      },
      "choice": {
        "button": "F",
        "selected_option": "OptionA"
      }
    },
    {
      "question": 21,
      "target": "Battery Duration",
      "target_value": 17,
      "options": [
        "Phone Battery Capacity",
        "Screen Brightness"
      ],
      "optionA": {
        "trial_id": "17",
        "task_id": "63",
        "values": "3500.0, 500.0",
        "target_value": 17
      },
      "optionB": {
        "trial_id": "20",
        "task_id": "63",
        "values": "2500.0, 350.0",
        "target_value": 11
      },
      "choice": {
        "button": "F",
        "selected_option": "OptionA"
      }
    },
    {
      "question": 22,
      "target": "Phone Performance",
      "target_value": 130,
      "options": [
        "Phone RAM",
        "Phone Storage"
      ],
      "optionA": {
        "trial_id": "12",
        "task_id": "86",
        "values": "32.0, 4096.0",
        "target_value": 130
      },
      "optionB": {
        "trial_id": "14",
        "task_id": "86",
        "values": "64.0, 8192.0",
        "target_value": 140
      },
      "choice": {
        "button": "J",
        "selected_option": "OptionB"
      }
    },
    {
      "question": 23,
      "target": "Enjoyment Rating (1-10)",
      "target_value": 5,
      "options": [
        "Number of Pages",
        "Reading Time (minutes)"
      ],
      "optionA": {
        "trial_id": "5",
        "task_id": "10",
        "values": "200.0, 80.0",
        "target_value": 5
      },
      "optionB": {
        "trial_id": "16",
        "task_id": "10",
        "values": "370.0, 135.0",
        "target_value": 6
      },
      "choice": {
        "button": "J",
        "selected_option": "OptionB"
      }
    },
    {
      "question": 24,
      "target": "Social Engagement (on scale 1-10)",
      "target_value": 7,
      "options": [
        "Number of Friends",
        "Average Message Frequency"
      ],
      "optionA": {
        "trial_id": "12",
        "task_id": "21",
        "values": "120.0, 3.0",
        "target_value": 7
      },
      "optionB": {
        "trial_id": "3",
        "task_id": "21",
        "values": "120.0, 4.0",
        "target_value": 8
      },
      "choice": {
        "button": "J",
        "selected_option": "OptionB"
      }
    },
    {
      "question": 25,
      "target": "Performance Score",
      "target_value": 92,
      "options": [
        "Hours of Practice",
        "Natural Talent (1-10)"
      ],
      "optionA": {
        "trial_id": "7",
        "task_id": "78",
        "values": "9.0, 9.0",
        "target_value": 92
      },
      "optionB": {
        "trial_id": "15",
        "task_id": "78",
        "values": "6.0, 6.0",
        "target_value": 75
      },
      "choice": {
        "button": "F",
        "selected_option": "OptionA"
      }
    },
    {
      "question": 26,
      "target": "Engagement rate (%)",
      "target_value": 5.5,
      "options": [
        "Number of followers",
        "Post quality score"
      ],
      "optionA": {
        "trial_id": "18",
        "task_id": "71",
        "values": "11000.0, 4.0",
        "target_value": 5.5
      },
      "optionB": {
        "trial_id": "12",
        "task_id": "71",
        "values": "16000.0, 4.0",
        "target_value": 5.8
      },
      "choice": {
        "button": "J",
        "selected_option": "OptionB"
      }
    },
    {
      "question": 27,
      "target": "Restaurant Popularity (on scale 1-10)",
      "target_value": 7,
      "options": [
        "Number of Reviews",
        "Average Rating (out of 5)"
      ],
      "optionA": {
        "trial_id": "12",
        "task_id": "19",
        "values": "150.0, 4.2",
        "target_value": 7
      },
      "optionB": {
        "trial_id": "8",
        "task_id": "19",
        "values": "200.0, 4.4",
        "target_value": 8
      },
      "choice": {
        "button": "J",
        "selected_option": "OptionB"
      }
    },
    {
      "question": 28,
      "target": "Growth speed",
      "target_value": 4.2,
      "options": [
        "Plant height cm",
        "Plant leaf count"
      ],
      "optionA": {
        "trial_id": "12",
        "task_id": "74",
        "values": "30.0, 11.0",
        "target_value": 4.2
      },
      "optionB": {
        "trial_id": "14",
        "task_id": "74",
        "values": "42.0, 16.0",
        "target_value": 6.2
      },
      "choice": {
        "button": "F",
        "selected_option": "OptionA"
      }
    },
    {
      "question": 29,
      "target": "Apartment price",
      "target_value": 1700,
      "options": [
        "Distance from city center",
        "Room size"
      ],
      "optionA": {
        "trial_id": "9",
        "task_id": "58",
        "values": "5.0, 70.0",
        "target_value": 1700
      },
      "optionB": {
        "trial_id": "14",
        "task_id": "58",
        "values": "5.0, 70.0",
        "target_value": 1700
      },
      "choice": {
        "button": "F",
        "selected_option": "OptionA"
      }
    },
    {
      "question": "attention_check_29",
      "choice": "J",
      "passed": true,
      "timestamp": 1756720613779
    },
    {
      "question": 30,
      "target": "Comfort",
      "target_value": 85,
      "options": [
        "Shoe Weight",
        "Brand Reputation"
      ],
      "optionA": {
        "trial_id": "10",
        "task_id": "62",
        "values": "250.0, 7.0",
        "target_value": 85
      },
      "optionB": {
        "trial_id": "12",
        "task_id": "62",
        "values": "210.0, 5.0",
        "target_value": 75
      },
      "choice": {
        "button": "F",
        "selected_option": "OptionA"
      }
    },
    {
      "question": 31,
      "target": "Taste Rating",
      "target_value": 5,
      "options": [
        "Number of Ingredients",
        "Cooking Time (minutes)"
      ],
      "optionA": {
        "trial_id": "8",
        "task_id": "14",
        "values": "4.0, 20.0",
        "target_value": 5
      },
      "optionB": {
        "trial_id": "4",
        "task_id": "14",
        "values": "5.0, 25.0",
        "target_value": 6
      },
      "choice": {
        "button": "J",
        "selected_option": "OptionB"
      }
    },
    {
      "question": 32,
      "target": "Strength",
      "target_value": 13,
      "options": [
        "Coffee Beans",
        "Water"
      ],
      "optionA": {
        "trial_id": "3",
        "task_id": "112",
        "values": "8.0, 180.0",
        "target_value": 13
      },
      "optionB": {
        "trial_id": "10",
        "task_id": "112",
        "values": "16.0, 300.0",
        "target_value": 20
      },
      "choice": {
        "button": "F",
        "selected_option": "OptionA"
      }
    },
    {
      "question": 33,
      "target": "Weight Loss",
      "target_value": 1.5,
      "options": [
        "Calories",
        "Exercise Time"
      ],
      "optionA": {
        "trial_id": "10",
        "task_id": "51",
        "values": "600.0, 20.0",
        "target_value": 1.5
      },
      "optionB": {
        "trial_id": "14",
        "task_id": "51",
        "values": "500.0, 30.0",
        "target_value": 1.5
      },
      "choice": {
        "button": "J",
        "selected_option": "OptionB"
      }
    },
    {
      "question": 34,
      "target": "Recipe difficulty",
      "target_value": 8,
      "options": [
        "Number of ingredients",
        "Prep time (minutes)"
      ],
      "optionA": {
        "trial_id": "8",
        "task_id": "60",
        "values": "7.0, 25.0",
        "target_value": 8
      },
      "optionB": {
        "trial_id": "16",
        "task_id": "60",
        "values": "5.0, 16.0",
        "target_value": 6
      },
      "choice": {
        "button": "F",
        "selected_option": "OptionA"
      }
    },
    {
      "question": 35,
      "target": "Apartment price",
      "target_value": 1500,
      "options": [
        "Distance from city center",
        "Room size"
      ],
      "optionA": {
        "trial_id": "3",
        "task_id": "58",
        "values": "4.0, 60.0",
        "target_value": 1500
      },
      "optionB": {
        "trial_id": "17",
        "task_id": "58",
        "values": "2.0, 40.0",
        "target_value": 1300
      },
      "choice": {
        "button": "J",
        "selected_option": "OptionB"
      }
    },
    {
      "question": 36,
      "target": "Energy Level",
      "target_value": 8,
      "options": [
        "Dog Size",
        "Exercise Needs"
      ],
      "optionA": {
        "trial_id": "16",
        "task_id": "88",
        "values": "40.0, 8.0",
        "target_value": 8
      },
      "optionB": {
        "trial_id": "1",
        "task_id": "88",
        "values": "50.0, 8.0",
        "target_value": 9
      },
      "choice": {
        "button": "J",
        "selected_option": "OptionB"
      }
    },
    {
      "question": 37,
      "target": "Popularity Score",
      "target_value": 71,
      "options": [
        "Price ($)",
        "Rating (1-10)"
      ],
      "optionA": {
        "trial_id": "10",
        "task_id": "97",
        "values": "90.0, 5.0",
        "target_value": 71
      },
      "optionB": {
        "trial_id": "11",
        "task_id": "97",
        "values": "50.0, 6.0",
        "target_value": 62
      },
      "choice": {
        "button": "J",
        "selected_option": "OptionB"
      }
    },
    {
      "question": 38,
      "target": "Book Reading Time",
      "target_value": 125,
      "options": [
        "Book Thickness",
        "Book Length"
      ],
      "optionA": {
        "trial_id": "18",
        "task_id": "102",
        "values": "400.0, 180.0",
        "target_value": 125
      },
      "optionB": {
        "trial_id": "4",
        "task_id": "102",
        "values": "500.0, 200.0",
        "target_value": 150
      },
      "choice": {
        "button": "J",
        "selected_option": "OptionB"
      }
    },
    {
      "question": 39,
      "target": "Enjoyment",
      "target_value": 6.8,
      "options": [
        "Tea Strength",
        "Flavor Variety"
      ],
      "optionA": {
        "trial_id": "16",
        "task_id": "55",
        "values": "2.0, 5.0",
        "target_value": 6.8
      },
      "optionB": {
        "trial_id": "17",
        "task_id": "55",
        "values": "6.0, 2.0",
        "target_value": 7.1
      },
      "choice": {
        "button": "F",
        "selected_option": "OptionA"
      }
    },
    {
      "question": "attention_check_39",
      "choice": "F",
      "passed": true,
      "timestamp": 1756720675521
    },
    {
      "question": 40,
      "target": "Enjoyment Rating (1-10)",
      "target_value": 6,
      "options": [
        "Number of Pages",
        "Reading Time (minutes)"
      ],
      "optionA": {
        "trial_id": "16",
        "task_id": "10",
        "values": "370.0, 135.0",
        "target_value": 6
      },
      "optionB": {
        "trial_id": "5",
        "task_id": "10",
        "values": "200.0, 80.0",
        "target_value": 5
      },
      "choice": {
        "button": "F",
        "selected_option": "OptionA"
      }
    },
    {
      "question": 41,
      "target": "Popularity Score",
      "target_value": 240,
      "options": [
        "Number of Likes",
        "Number of Comments"
      ],
      "optionA": {
        "trial_id": "7",
        "task_id": "50",
        "values": "200.0, 40.0",
        "target_value": 240
      },
      "optionB": {
        "trial_id": "17",
        "task_id": "50",
        "values": "130.0, 26.0",
        "target_value": 156
      },
      "choice": {
        "button": "F",
        "selected_option": "OptionA"
      }
    },
    {
      "question": 42,
      "target": "Age (years)",
      "target_value": 50,
      "options": [
        "Tree Height (m)",
        "Trunk Diameter (cm)"
      ],
      "optionA": {
        "trial_id": "1",
        "task_id": "32",
        "values": "10.0, 30.0",
        "target_value": 50
      },
      "optionB": {
        "trial_id": "5",
        "task_id": "32",
        "values": "8.0, 20.0",
        "target_value": 30
      },
      "choice": {
        "button": "F",
        "selected_option": "OptionA"
      }
    },
    {
      "question": 43,
      "target": "Flavor Strength",
      "target_value": 6,
      "options": [
        "Coffee Bean Size",
        "Bean Roast"
      ],
      "optionA": {
        "trial_id": "12",
        "task_id": "64",
        "values": "6.0, 1.0",
        "target_value": 6
      },
      "optionB": {
        "trial_id": "12",
        "task_id": "64",
        "values": "6.0, 1.0",
        "target_value": 6
      },
      "choice": {
        "button": "F",
        "selected_option": "OptionA"
      }
    },
    {
      "question": 44,
      "target": "Bike Speed",
      "target_value": 40,
      "options": [
        "Bike Weight",
        "Bike Power"
      ],
      "optionA": {
        "trial_id": "2",
        "task_id": "87",
        "values": "12.0, 200.0",
        "target_value": 40
      },
      "optionB": {
        "trial_id": "18",
        "task_id": "87",
        "values": "28.0, 600.0",
        "target_value": 120
      },
      "choice": {
        "button": "J",
        "selected_option": "OptionB"
      }
    },
    {
      "question": 45,
      "target": "Plant Sunlight Needs",
      "target_value": 5,
      "options": [
        "Plant Height",
        "Plant Leaf Size"
      ],
      "optionA": {
        "trial_id": "1",
        "task_id": "2",
        "values": "150.0, 10.0",
        "target_value": 5
      },
      "optionB": {
        "trial_id": "12",
        "task_id": "2",
        "values": "210.0, 12.0",
        "target_value": 6
      },
      "choice": {
        "button": "J",
        "selected_option": "OptionB"
      }
    },
    {
      "question": 46,
      "target": "Movie enjoyment",
      "target_value": 9.5,
      "options": [
        "Movie runtime",
        "Movie rating"
      ],
      "optionA": {
        "trial_id": "15",
        "task_id": "75",
        "values": "160.0, 9.0",
        "target_value": 9.5
      },
      "optionB": {
        "trial_id": "16",
        "task_id": "75",
        "values": "150.0, 8.5",
        "target_value": 9
      },
      "choice": {
        "button": "F",
        "selected_option": "OptionA"
      }
    },
    {
      "question": 47,
      "target": "Bike Speed",
      "target_value": 100,
      "options": [
        "Bike Weight",
        "Bike Power"
      ],
      "optionA": {
        "trial_id": "14",
        "task_id": "87",
        "values": "24.0, 500.0",
        "target_value": 100
      },
      "optionB": {
        "trial_id": "1",
        "task_id": "87",
        "values": "10.0, 150.0",
        "target_value": 30
      },
      "choice": {
        "button": "F",
        "selected_option": "OptionA"
      }
    },
    {
      "question": 48,
      "target": "Performance Score",
      "target_value": 93,
      "options": [
        "Hours of Practice",
        "Natural Talent (1-10)"
      ],
      "optionA": {
        "trial_id": "8",
        "task_id": "78",
        "values": "7.0, 10.0",
        "target_value": 93
      },
      "optionB": {
        "trial_id": "7",
        "task_id": "78",
        "values": "9.0, 9.0",
        "target_value": 92
      },
      "choice": {
        "button": "J",
        "selected_option": "OptionB"
      }
    },
    {
      "question": 49,
      "target": "Customer Satisfaction",
      "target_value": 8.5,
      "options": [
        "Price ($)",
        "Quality Rating (1-10)"
      ],
      "optionA": {
        "trial_id": "3",
        "task_id": "49",
        "values": "150.0, 8.0",
        "target_value": 8.5
      },
      "optionB": {
        "trial_id": "9",
        "task_id": "49",
        "values": "90.0, 7.0",
        "target_value": 7.5
      },
      "choice": {
        "button": "F",
        "selected_option": "OptionA"
      }
    },
    {
      "question": 50,
      "target": "Book Rating",
      "target_value": 4.7,
      "options": [
        "Book Page Count",
        "Author Rating"
      ],
      "optionA": {
        "trial_id": "11",
        "task_id": "22",
        "values": "400.0, 4.8",
        "target_value": 4.7
      },
      "optionB": {
        "trial_id": "3",
        "task_id": "22",
        "values": "300.0, 4.9",
        "target_value": 4.8
      },
      "choice": {
        "button": "J",
        "selected_option": "OptionB"
      }
    }
  ]
}