{
  "prolific_id": "UNKNOWN",
  "condition_group": "direction",
  "responses": [
    {
      "question": 1,
      "target": "Time to destination (hours)",
      "target_value": 0.36,
      "options": [
        "Distance (miles)",
        "Speed (mph)"
      ],
      "optionA": {
        "trial_id": "6",
        "task_id": "118",
        "values": "16.0, 45.0",
        "target_value": 0.36
      },
      "optionB": {
        "trial_id": "16",
        "task_id": "118",
        "values": "26.0, 70.0",
        "target_value": 0.41
      },
      "choice": {
        "button": "J",
        "selected_option": "OptionB"
      }
    },
    {
      "question": 2,
      "target": "Natural Light",
      "target_value": 7,
      "options": [
        "Room Size",
        "Number of Windows"
      ],
      "optionA": {
        "trial_id": "5",
        "task_id": "53",
        "values": "220.0, 3.0",
        "target_value": 7
      },
      "optionB": {
        "trial_id": "11",
        "task_id": "53",
        "values": "170.0, 2.0",
        "target_value": 5
      },
      "choice": {
        "button": "J",
        "selected_option": "OptionB"
      }
    },
    {
      "question": 3,
      "target": "Natural light",
      "target_value": 6,
      "options": [
        "Room size",
        "Window count"
      ],
      "optionA": {
        "trial_id": "3",
        "task_id": "66",
        "values": "80.0, 2.0",
        "target_value": 6
      },
      "optionB": {
        "trial_id": "12",
        "task_id": "66",
        "values": "100.0, 3.0",
        "target_value": 7
      },
      "choice": {
        "button": "J",
        "selected_option": "OptionB"
      }
    },
    {
      "question": 4,
      "target": "Taste Rating (1-10)",
      "target_value": 6,
      "options": [
        "Time Spent Cooking (min)",
        "Number of Ingredients"
      ],
      "optionA": {
        "trial_id": "3",
        "task_id": "93",
        "values": "20.0, 4.0",
        "target_value": 6
      },
      "optionB": {
        "trial_id": "17",
        "task_id": "93",
        "values": "35.0, 4.0",
        "target_value": 6
      },
      "choice": {
        "button": "J",
        "selected_option": "OptionB"
      }
    },
    {
      "question": 5,
      "target": "Fitness Level",
      "target_value": 7,
      "options": [
        "Exercise Time (min/day)",
        "Healthy Diet (%)"
      ],
      "optionA": {
        "trial_id": "7",
        "task_id": "46",
        "values": "35.0, 75.0",
        "target_value": 7
      },
      "optionB": {
        "trial_id": "20",
        "task_id": "46",
        "values": "35.0, 80.0",
        "target_value": 7
      },
      "choice": {
        "button": "J",
        "selected_option": "OptionB"
      }
    },
    {
      "question": 6,
      "target": "Exam Score (out of 100)",
      "target_value": 70,
      "options": [
        "Study Time (hours)",
        "Previous GPA"
      ],
      "optionA": {
        "trial_id": "9",
        "task_id": "18",
        "values": "6.0, 3.0",
        "target_value": 70
      },
      "optionB": {
        "trial_id": "15",
        "task_id": "18",
        "values": "7.0, 3.2",
        "target_value": 75
      },
      "choice": {
        "button": "J",
        "selected_option": "OptionB"
      }
    },
    {
      "question": 7,
      "target": "Energy Level",
      "target_value": 6,
      "options": [
        "Hours of Sleep",
        "Caffeine Intake (mg)"
      ],
      "optionA": {
        "trial_id": "11",
        "task_id": "45",
        "values": "7.0, 50.0",
        "target_value": 6
      },
      "optionB": {
        "trial_id": "16",
        "task_id": "45",
        "values": "8.0, 70.0",
        "target_value": 8
      },
      "choice": {
        "button": "J",
        "selected_option": "OptionB"
      }
    },
    {
      "question": 8,
      "target": "Dog Activity Level",
      "target_value": 6,
      "options": [
        "Dog Size",
        "Dog Exercise Needs"
      ],
      "optionA": {
        "trial_id": "15",
        "task_id": "3",
        "values": "35.0, 2.0",
        "target_value": 6
      },
      "optionB": {
        "trial_id": "16",
        "task_id": "3",
        "values": "38.0, 3.0",
        "target_value": 7
      },
      "choice": {
        "button": "J",
        "selected_option": "OptionB"
      }
    },
    {
      "question": 9,
      "target": "Taste Rating",
      "target_value": 7,
      "options": [
        "Number of Ingredients",
        "Cooking Time (minutes)"
      ],
      "optionA": {
        "trial_id": "9",
        "task_id": "14",
        "values": "5.0, 30.0",
        "target_value": 7
      },
      "optionB": {
        "trial_id": "16",
        "task_id": "14",
        "values": "8.0, 25.0",
        "target_value": 7
      },
      "choice": {
        "button": "J",
        "selected_option": "OptionB"
      }
    },
    {
      "question": "attention_check_9",
      "choice": "J",
      "passed": true,
      "timestamp": 1756154521185
    },
    {
      "question": 10,
      "target": "Photo Quality",
      "target_value": 10,
      "options": [
        "Phone Price",
        "Phone Camera Megapixels"
      ],
      "optionA": {
        "trial_id": "18",
        "task_id": "5",
        "values": "580.0, 18.0",
        "target_value": 10
      },
      "optionB": {
        "trial_id": "8",
        "task_id": "5",
        "values": "420.0, 10.0",
        "target_value": 7
      },
      "choice": {
        "button": "F",
        "selected_option": "OptionA"
      }
    },
    {
      "question": 11,
      "target": "Exercise Intensity",
      "target_value": 6.5,
      "options": [
        "Time to Walk (min)",
        "Number of Steps"
      ],
      "optionA": {
        "trial_id": "10",
        "task_id": "95",
        "values": "12.0, 1300.0",
        "target_value": 6.5
      },
      "optionB": {
        "trial_id": "18",
        "task_id": "95",
        "values": "15.0, 1500.0",
        "target_value": 7.5
      },
      "choice": {
        "button": "F",
        "selected_option": "OptionA"
      }
    },
    {
      "question": 12,
      "target": "Room Area (m\u00b2)",
      "target_value": 24,
      "options": [
        "Room Length (m)",
        "Room Width (m)"
      ],
      "optionA": {
        "trial_id": "13",
        "task_id": "89",
        "values": "4.0, 6.0",
        "target_value": 24
      },
      "optionB": {
        "trial_id": "12",
        "task_id": "89",
        "values": "5.0, 5.0",
        "target_value": 25
      },
      "choice": {
        "button": "J",
        "selected_option": "OptionB"
      }
    },
    {
      "question": 13,
      "target": "Fuel Consumption (L)",
      "target_value": 750,
      "options": [
        "Flight Duration (hours)",
        "Distance (km)"
      ],
      "optionA": {
        "trial_id": "5",
        "task_id": "33",
        "values": "3.0, 750.0",
        "target_value": 750
      },
      "optionB": {
        "trial_id": "16",
        "task_id": "33",
        "values": "5.0, 1250.0",
        "target_value": 1250
      },
      "choice": {
        "button": "J",
        "selected_option": "OptionB"
      }
    },
    {
      "question": 14,
      "target": "Battery life",
      "target_value": 13,
      "options": [
        "Phone battery",
        "Screen size"
      ],
      "optionA": {
        "trial_id": "5",
        "task_id": "69",
        "values": "4000.0, 6.0",
        "target_value": 13
      },
      "optionB": {
        "trial_id": "10",
        "task_id": "69",
        "values": "3500.0, 6.0",
        "target_value": 13
      },
      "choice": {
        "button": "F",
        "selected_option": "OptionA"
      }
    },
    {
      "question": 15,
      "target": "Fun Score",
      "target_value": 5,
      "options": [
        "Number of Players",
        "Game Length (min)"
      ],
      "optionA": {
        "trial_id": "20",
        "task_id": "98",
        "values": "4.0, 40.0",
        "target_value": 5
      },
      "optionB": {
        "trial_id": "16",
        "task_id": "98",
        "values": "5.0, 55.0",
        "target_value": 7
      },
      "choice": {
        "button": "J",
        "selected_option": "OptionB"
      }
    },
    {
      "question": 16,
      "target": "Battery Life",
      "target_value": 13,
      "options": [
        "Battery Capacity",
        "Weight"
      ],
      "optionA": {
        "trial_id": "12",
        "task_id": "114",
        "values": "3500.0, 220.0",
        "target_value": 13
      },
      "optionB": {
        "trial_id": "1",
        "task_id": "114",
        "values": "3000.0, 200.0",
        "target_value": 12
      },
      "choice": {
        "button": "F",
        "selected_option": "OptionA"
      }
    },
    {
      "question": 17,
      "target": "Taste Rating",
      "target_value": 8,
      "options": [
        "Number of Ingredients",
        "Cooking Time (minutes)"
      ],
      "optionA": {
        "trial_id": "5",
        "task_id": "14",
        "values": "6.0, 35.0",
        "target_value": 8
      },
      "optionB": {
        "trial_id": "15",
        "task_id": "14",
        "values": "6.0, 30.0",
        "target_value": 7
      },
      "choice": {
        "button": "F",
        "selected_option": "OptionA"
      }
    },
    {
      "question": 18,
      "target": "Growth speed",
      "target_value": 5.5,
      "options": [
        "Plant height cm",
        "Plant leaf count"
      ],
      "optionA": {
        "trial_id": "11",
        "task_id": "74",
        "values": "40.0, 14.0",
        "target_value": 5.5
      },
      "optionB": {
        "trial_id": "8",
        "task_id": "74",
        "values": "38.0, 13.0",
        "target_value": 5
      },
      "choice": {
        "button": "F",
        "selected_option": "OptionA"
      }
    },
    {
      "question": 19,
      "target": "Plant Growth Rate (cm/week)",
      "target_value": 7,
      "options": [
        "Plant Soil Quality (1-10)",
        "Plant Water Frequency (times/week)"
      ],
      "optionA": {
        "trial_id": "4",
        "task_id": "81",
        "values": "9.0, 5.0",
        "target_value": 7
      },
      "optionB": {
        "trial_id": "11",
        "task_id": "81",
        "values": "6.0, 2.0",
        "target_value": 4
      },
      "choice": {
        "button": "F",
        "selected_option": "OptionA"
      }
    },
    {
      "question": "attention_check_19",
      "choice": "F",
      "passed": true,
      "timestamp": 1756154587199
    },
    {
      "question": 20,
      "target": "Distance Traveled",
      "target_value": 330,
      "options": [
        "Speed",
        "Weight"
      ],
      "optionA": {
        "trial_id": "9",
        "task_id": "111",
        "values": "80.0, 1400.0",
        "target_value": 330
      },
      "optionB": {
        "trial_id": "9",
        "task_id": "111",
        "values": "80.0, 1400.0",
        "target_value": 330
      },
      "choice": {
        "button": "F",
        "selected_option": "OptionA"
      }
    },
    {
      "question": 21,
      "target": "Tea Strength (1-10)",
      "target_value": 6,
      "options": [
        "Tea Leaf Quality (1-10)",
        "Tea Steeping Time (minutes)"
      ],
      "optionA": {
        "trial_id": "6",
        "task_id": "80",
        "values": "7.0, 3.0",
        "target_value": 6
      },
      "optionB": {
        "trial_id": "16",
        "task_id": "80",
        "values": "10.0, 6.0",
        "target_value": 9
      },
      "choice": {
        "button": "J",
        "selected_option": "OptionB"
      }
    },
    {
      "question": 22,
      "target": "User satisfaction",
      "target_value": 11,
      "options": [
        "Screen size (inches)",
        "RAM (GB)"
      ],
      "optionA": {
        "trial_id": "10",
        "task_id": "119",
        "values": "20.0, 7.0",
        "target_value": 11
      },
      "optionB": {
        "trial_id": "9",
        "task_id": "119",
        "values": "18.0, 6.0",
        "target_value": 10
      },
      "choice": {
        "button": "F",
        "selected_option": "OptionA"
      }
    },
    {
      "question": 23,
      "target": "Time to destination (hours)",
      "target_value": 0.42,
      "options": [
        "Distance (miles)",
        "Speed (mph)"
      ],
      "optionA": {
        "trial_id": "19",
        "task_id": "118",
        "values": "28.0, 75.0",
        "target_value": 0.42
      },
      "optionB": {
        "trial_id": "14",
        "task_id": "118",
        "values": "24.0, 65.0",
        "target_value": 0.4
      },
      "choice": {
        "button": "F",
        "selected_option": "OptionA"
      }
    },
    {
      "question": 24,
      "target": "Plant Sunlight Needs",
      "target_value": 4,
      "options": [
        "Plant Height",
        "Plant Leaf Size"
      ],
      "optionA": {
        "trial_id": "3",
        "task_id": "2",
        "values": "200.0, 8.0",
        "target_value": 4
      },
      "optionB": {
        "trial_id": "13",
        "task_id": "2",
        "values": "110.0, 5.0",
        "target_value": 3
      },
      "choice": {
        "button": "F",
        "selected_option": "OptionA"
      }
    },
    {
      "question": 25,
      "target": "Fun Level",
      "target_value": 7,
      "options": [
        "Number of Players",
        "Game Duration (minutes)"
      ],
      "optionA": {
        "trial_id": "17",
        "task_id": "13",
        "values": "5.0, 55.0",
        "target_value": 7
      },
      "optionB": {
        "trial_id": "4",
        "task_id": "13",
        "values": "5.0, 45.0",
        "target_value": 7
      },
      "choice": {
        "button": "F",
        "selected_option": "OptionA"
      }
    },
    {
      "question": 26,
      "target": "Book Rating",
      "target_value": 4.6,
      "options": [
        "Book Page Count",
        "Author Rating"
      ],
      "optionA": {
        "trial_id": "9",
        "task_id": "22",
        "values": "500.0, 4.5",
        "target_value": 4.6
      },
      "optionB": {
        "trial_id": "4",
        "task_id": "22",
        "values": "450.0, 4.6",
        "target_value": 4.7
      },
      "choice": {
        "button": "J",
        "selected_option": "OptionB"
      }
    },
    {
      "question": 27,
      "target": "Apartment price",
      "target_value": 1400,
      "options": [
        "Distance from city center",
        "Room size"
      ],
      "optionA": {
        "trial_id": "12",
        "task_id": "58",
        "values": "1.0, 50.0",
        "target_value": 1400
      },
      "optionB": {
        "trial_id": "1",
        "task_id": "58",
        "values": "2.0, 40.0",
        "target_value": 1200
      },
      "choice": {
        "button": "F",
        "selected_option": "OptionA"
      }
    },
    {
      "question": 28,
      "target": "Fuel Consumption (L/100km)",
      "target_value": 9,
      "options": [
        "Engine Size (cc)",
        "Weight (kg)"
      ],
      "optionA": {
        "trial_id": "3",
        "task_id": "11",
        "values": "2200.0, 1400.0",
        "target_value": 9
      },
      "optionB": {
        "trial_id": "18",
        "task_id": "11",
        "values": "2000.0, 1100.0",
        "target_value": 7
      },
      "choice": {
        "button": "F",
        "selected_option": "OptionA"
      }
    },
    {
      "question": 29,
      "target": "Flavor Strength",
      "target_value": 6,
      "options": [
        "Coffee Bean Size",
        "Bean Roast"
      ],
      "optionA": {
        "trial_id": "8",
        "task_id": "64",
        "values": "4.0, 2.0",
        "target_value": 6
      },
      "optionB": {
        "trial_id": "7",
        "task_id": "64",
        "values": "3.0, 1.0",
        "target_value": 5
      },
      "choice": {
        "button": "F",
        "selected_option": "OptionA"
      }
    },
    {
      "question": "attention_check_29",
      "choice": "J",
      "passed": true,
      "timestamp": 1756154653243
    },
    {
      "question": 30,
      "target": "Light amount",
      "target_value": 9,
      "options": [
        "Room size (m2)",
        "Number of windows"
      ],
      "optionA": {
        "trial_id": "9",
        "task_id": "85",
        "values": "20.0, 4.0",
        "target_value": 9
      },
      "optionB": {
        "trial_id": "18",
        "task_id": "85",
        "values": "25.0, 4.0",
        "target_value": 9
      },
      "choice": {
        "button": "F",
        "selected_option": "OptionA"
      }
    },
    {
      "question": 31,
      "target": "Muscle gain",
      "target_value": 1.6,
      "options": [
        "Minutes of exercise",
        "Protein intake"
      ],
      "optionA": {
        "trial_id": "13",
        "task_id": "59",
        "values": "40.0, 25.0",
        "target_value": 1.6
      },
      "optionB": {
        "trial_id": "3",
        "task_id": "59",
        "values": "45.0, 25.0",
        "target_value": 1.5
      },
      "choice": {
        "button": "J",
        "selected_option": "OptionB"
      }
    },
    {
      "question": 32,
      "target": "Fitness Level",
      "target_value": 6,
      "options": [
        "Exercise Time (min/day)",
        "Healthy Diet (%)"
      ],
      "optionA": {
        "trial_id": "10",
        "task_id": "46",
        "values": "25.0, 70.0",
        "target_value": 6
      },
      "optionB": {
        "trial_id": "18",
        "task_id": "46",
        "values": "40.0, 70.0",
        "target_value": 6
      },
      "choice": {
        "button": "J",
        "selected_option": "OptionB"
      }
    },
    {
      "question": 33,
      "target": "Bike Speed",
      "target_value": 60,
      "options": [
        "Bike Weight",
        "Bike Power"
      ],
      "optionA": {
        "trial_id": "7",
        "task_id": "87",
        "values": "16.0, 300.0",
        "target_value": 60
      },
      "optionB": {
        "trial_id": "16",
        "task_id": "87",
        "values": "26.0, 550.0",
        "target_value": 110
      },
      "choice": {
        "button": "F",
        "selected_option": "OptionA"
      }
    },
    {
      "question": 34,
      "target": "Recipe Complexity",
      "target_value": 7,
      "options": [
        "Recipe Servings",
        "Recipe Ingredients"
      ],
      "optionA": {
        "trial_id": "15",
        "task_id": "106",
        "values": "4.0, 10.0",
        "target_value": 7
      },
      "optionB": {
        "trial_id": "6",
        "task_id": "106",
        "values": "7.0, 12.0",
        "target_value": 8
      },
      "choice": {
        "button": "J",
        "selected_option": "OptionB"
      }
    },
    {
      "question": 35,
      "target": "Battery Life (hours)",
      "target_value": 10,
      "options": [
        "Phone Weight (g)",
        "Battery Capacity (mAh)"
      ],
      "optionA": {
        "trial_id": "1",
        "task_id": "30",
        "values": "150.0, 4000.0",
        "target_value": 10
      },
      "optionB": {
        "trial_id": "13",
        "task_id": "30",
        "values": "130.0, 3300.0",
        "target_value": 8
      },
      "choice": {
        "button": "F",
        "selected_option": "OptionA"
      }
    },
    {
      "question": 36,
      "target": "Taste Rating (1-10)",
      "target_value": 5,
      "options": [
        "Minutes of Cooking",
        "Number of Ingredients"
      ],
      "optionA": {
        "trial_id": "11",
        "task_id": "56",
        "values": "12.0, 2.0",
        "target_value": 5
      },
      "optionB": {
        "trial_id": "6",
        "task_id": "56",
        "values": "12.0, 4.0",
        "target_value": 7
      },
      "choice": {
        "button": "J",
        "selected_option": "OptionB"
      }
    },
    {
      "question": 37,
      "target": "Fitness Level",
      "target_value": 8,
      "options": [
        "Exercise Time (min/day)",
        "Healthy Diet (%)"
      ],
      "optionA": {
        "trial_id": "19",
        "task_id": "46",
        "values": "40.0, 85.0",
        "target_value": 8
      },
      "optionB": {
        "trial_id": "11",
        "task_id": "46",
        "values": "45.0, 80.0",
        "target_value": 8
      },
      "choice": {
        "button": "J",
        "selected_option": "OptionB"
      }
    },
    {
      "question": 38,
      "target": "Physical strength",
      "target_value": 68,
      "options": [
        "Height (cm)",
        "Weight (kg)"
      ],
      "optionA": {
        "trial_id": "18",
        "task_id": "84",
        "values": "170.0, 65.0",
        "target_value": 68
      },
      "optionB": {
        "trial_id": "7",
        "task_id": "84",
        "values": "150.0, 55.0",
        "target_value": 50
      },
      "choice": {
        "button": "F",
        "selected_option": "OptionA"
      }
    },
    {
      "question": 39,
      "target": "Performance Score (1-100)",
      "target_value": 75,
      "options": [
        "Hours of Practice",
        "Number of Lessons"
      ],
      "optionA": {
        "trial_id": "14",
        "task_id": "57",
        "values": "18.0, 7.0",
        "target_value": 75
      },
      "optionB": {
        "trial_id": "6",
        "task_id": "57",
        "values": "8.0, 4.0",
        "target_value": 55
      },
      "choice": {
        "button": "F",
        "selected_option": "OptionA"
      }
    },
    {
      "question": "attention_check_39",
      "choice": "F",
      "passed": true,
      "timestamp": 1756154712801
    },
    {
      "question": 40,
      "target": "Energy Level",
      "target_value": 9,
      "options": [
        "Dog Size",
        "Exercise Needs"
      ],
      "optionA": {
        "trial_id": "1",
        "task_id": "88",
        "values": "50.0, 8.0",
        "target_value": 9
      },
      "optionB": {
        "trial_id": "11",
        "task_id": "88",
        "values": "45.0, 9.0",
        "target_value": 10
      },
      "choice": {
        "button": "J",
        "selected_option": "OptionB"
      }
    },
    {
      "question": 41,
      "target": "Phone Battery Life",
      "target_value": 26,
      "options": [
        "Phone Battery Capacity",
        "Phone Weight"
      ],
      "optionA": {
        "trial_id": "16",
        "task_id": "108",
        "values": "3000.0, 185.0",
        "target_value": 26
      },
      "optionB": {
        "trial_id": "3",
        "task_id": "108",
        "values": "4500.0, 210.0",
        "target_value": 33
      },
      "choice": {
        "button": "J",
        "selected_option": "OptionB"
      }
    },
    {
      "question": 42,
      "target": "Performance Quality (on scale 1-10)",
      "target_value": 9,
      "options": [
        "Hours of Practice",
        "Musical Experience (years)"
      ],
      "optionA": {
        "trial_id": "10",
        "task_id": "17",
        "values": "100.0, 4.0",
        "target_value": 9
      },
      "optionB": {
        "trial_id": "4",
        "task_id": "17",
        "values": "50.0, 5.0",
        "target_value": 9
      },
      "choice": {
        "button": "F",
        "selected_option": "OptionA"
      }
    },
    {
      "question": 43,
      "target": "Battery life",
      "target_value": 13,
      "options": [
        "Phone battery",
        "Screen size"
      ],
      "optionA": {
        "trial_id": "2",
        "task_id": "69",
        "values": "4000.0, 6.0",
        "target_value": 13
      },
      "optionB": {
        "trial_id": "13",
        "task_id": "69",
        "values": "3500.0, 6.0",
        "target_value": 12
      },
      "choice": {
        "button": "F",
        "selected_option": "OptionA"
      }
    },
    {
      "question": 44,
      "target": "Battery life",
      "target_value": 13,
      "options": [
        "Phone battery",
        "Screen size"
      ],
      "optionA": {
        "trial_id": "10",
        "task_id": "69",
        "values": "3500.0, 6.0",
        "target_value": 13
      },
      "optionB": {
        "trial_id": "1",
        "task_id": "69",
        "values": "3000.0, 5.0",
        "target_value": 12
      },
      "choice": {
        "button": "F",
        "selected_option": "OptionA"
      }
    },
    {
      "question": 45,
      "target": "Growth Rate (cm/week)",
      "target_value": 2.8,
      "options": [
        "Plant Leaf Size",
        "Plant Water Usage"
      ],
      "optionA": {
        "trial_id": "9",
        "task_id": "83",
        "values": "9.0, 5.0",
        "target_value": 2.8
      },
      "optionB": {
        "trial_id": "4",
        "task_id": "83",
        "values": "10.0, 5.0",
        "target_value": 3
      },
      "choice": {
        "button": "J",
        "selected_option": "OptionB"
      }
    },
    {
      "question": 46,
      "target": "Plant Sunlight Needs",
      "target_value": 5,
      "options": [
        "Plant Height",
        "Plant Leaf Size"
      ],
      "optionA": {
        "trial_id": "7",
        "task_id": "2",
        "values": "180.0, 9.0",
        "target_value": 5
      },
      "optionB": {
        "trial_id": "13",
        "task_id": "2",
        "values": "110.0, 5.0",
        "target_value": 3
      },
      "choice": {
        "button": "F",
        "selected_option": "OptionA"
      }
    },
    {
      "question": 47,
      "target": "Enjoyment",
      "target_value": 13,
      "options": [
        "Taste rating",
        "Price"
      ],
      "optionA": {
        "trial_id": "17",
        "task_id": "26",
        "values": "8.0, 6.0",
        "target_value": 13
      },
      "optionB": {
        "trial_id": "1",
        "task_id": "26",
        "values": "8.0, 5.0",
        "target_value": 12
      },
      "choice": {
        "button": "J",
        "selected_option": "OptionB"
      }
    },
    {
      "question": 48,
      "target": "House Price (thousands)",
      "target_value": 380,
      "options": [
        "House Size (m\u00b2)",
        "House Distance to City (km)"
      ],
      "optionA": {
        "trial_id": "18",
        "task_id": "79",
        "values": "160.0, 15.0",
        "target_value": 380
      },
      "optionB": {
        "trial_id": "20",
        "task_id": "79",
        "values": "120.0, 7.0",
        "target_value": 310
      },
      "choice": {
        "button": "J",
        "selected_option": "OptionB"
      }
    },
    {
      "question": 49,
      "target": "Growth Rate",
      "target_value": 6,
      "options": [
        "Plant Leaf Size",
        "Plant Height"
      ],
      "optionA": {
        "trial_id": "18",
        "task_id": "65",
        "values": "16.0, 80.0",
        "target_value": 6
      },
      "optionB": {
        "trial_id": "14",
        "task_id": "65",
        "values": "18.0, 90.0",
        "target_value": 7
      },
      "choice": {
        "button": "F",
        "selected_option": "OptionA"
      }
    },
    {
      "question": 50,
      "target": "Training Difficulty (1-10)",
      "target_value": 5,
      "options": [
        "Dog Size",
        "Dog Energy Level"
      ],
      "optionA": {
        "trial_id": "18",
        "task_id": "82",
        "values": "45.0, 6.0",
        "target_value": 5
      },
      "optionB": {
        "trial_id": "2",
        "task_id": "82",
        "values": "45.0, 6.0",
        "target_value": 5
      },
      "choice": {
        "button": "F",
        "selected_option": "OptionA"
      }
    }
  ]
}