{
  "prolific_id": "UNKNOWN",
  "condition_group": "ranking",
  "responses": [
    {
      "question": 1,
      "target": "Fatigue (1-10)",
      "target_value": 6,
      "options": [
        "Exercise Duration (min)",
        "Rest Time (min)"
      ],
      "optionA": {
        "trial_id": "13",
        "task_id": "2",
        "values": "45.0, 10",
        "target_value": 6
      },
      "optionB": {
        "trial_id": "14",
        "task_id": "2",
        "values": "55.0, 15",
        "target_value": 7
      },
      "choice": {
        "button": "J",
        "selected_option": "OptionB"
      }
    },
    {
      "question": 2,
      "target": "Race Finish Time (minutes)",
      "target_value": 15.5,
      "options": [
        "Runner Speed (mph)",
        "Runner Weight (lbs)"
      ],
      "optionA": {
        "trial_id": "18",
        "task_id": "37",
        "values": "8.5, 135.0",
        "target_value": 15.5
      },
      "optionB": {
        "trial_id": "2",
        "task_id": "37",
        "values": "5.0, 160.0",
        "target_value": 22
      },
      "choice": {
        "button": "J",
        "selected_option": "OptionB"
      }
    },
    {
      "question": 3,
      "target": "Battery Life (hours)",
      "target_value": 9,
      "options": [
        "Phone Battery (mAh)",
        "Screen Brightness (%)"
      ],
      "optionA": {
        "trial_id": "18",
        "task_id": "5",
        "values": "4000.0, 70",
        "target_value": 9
      },
      "optionB": {
        "trial_id": "11",
        "task_id": "5",
        "values": "2000.0, 70",
        "target_value": 5
      },
      "choice": {
        "button": "F",
        "selected_option": "OptionA"
      }
    },
    {
      "question": 4,
      "target": "BMI",
      "target_value": 24.9,
      "options": [
        "Height",
        "Weight"
      ],
      "optionA": {
        "trial_id": "17",
        "task_id": "17",
        "values": "175.0, 75",
        "target_value": 24.9
      },
      "optionB": {
        "trial_id": "9",
        "task_id": "17",
        "values": "165.0, 68",
        "target_value": 24.9
      },
      "choice": {
        "button": "F",
        "selected_option": "OptionA"
      }
    },
    {
      "question": 5,
      "target": "Flower Size (inches)",
      "target_value": 4,
      "options": [
        "Plant Height (inches)",
        "Plant Width (inches)"
      ],
      "optionA": {
        "trial_id": "4",
        "task_id": "152",
        "values": "12.0, 6.0",
        "target_value": 4
      },
      "optionB": {
        "trial_id": "5",
        "task_id": "152",
        "values": "10.0, 8.0",
        "target_value": 3
      },
      "choice": {
        "button": "J",
        "selected_option": "OptionB"
      }
    },
    {
      "question": 6,
      "target": "Portability",
      "target_value": 7,
      "options": [
        "Battery Life",
        "Weight"
      ],
      "optionA": {
        "trial_id": "9",
        "task_id": "68",
        "values": "24.0, 550",
        "target_value": 7
      },
      "optionB": {
        "trial_id": "7",
        "task_id": "68",
        "values": "20.0, 500",
        "target_value": 8
      },
      "choice": {
        "button": "F",
        "selected_option": "OptionA"
      }
    },
    {
      "question": 7,
      "target": "Tastiness",
      "target_value": 4,
      "options": [
        "Pizza size (inches)",
        "Cheese amount (g)"
      ],
      "optionA": {
        "trial_id": "16",
        "task_id": "121",
        "values": "20.0, 130",
        "target_value": 4
      },
      "optionB": {
        "trial_id": "14",
        "task_id": "121",
        "values": "12.0, 190",
        "target_value": 5
      },
      "choice": {
        "button": "J",
        "selected_option": "OptionB"
      }
    },
    {
      "question": 8,
      "target": "Fatigue (1-10)",
      "target_value": 5,
      "options": [
        "Exercise Duration (min)",
        "Rest Time (min)"
      ],
      "optionA": {
        "trial_id": "9",
        "task_id": "2",
        "values": "35.0, 15",
        "target_value": 5
      },
      "optionB": {
        "trial_id": "3",
        "task_id": "2",
        "values": "40.0, 5",
        "target_value": 6
      },
      "choice": {
        "button": "J",
        "selected_option": "OptionB"
      }
    },
    {
      "question": 9,
      "target": "Customer Rating (1-10)",
      "target_value": 8,
      "options": [
        "Price ($)",
        "Weight (oz)"
      ],
      "optionA": {
        "trial_id": "1",
        "task_id": "108",
        "values": "10.0, 8",
        "target_value": 8
      },
      "optionB": {
        "trial_id": "13",
        "task_id": "108",
        "values": "10.0, 12",
        "target_value": 8
      },
      "choice": {
        "button": "J",
        "selected_option": "OptionB"
      }
    },
    {
      "question": "attention_check_9",
      "choice": "J",
      "passed": true,
      "timestamp": 1756154573806
    },
    {
      "question": 10,
      "target": "Quality",
      "target_value": 65,
      "options": [
        "Price",
        "Size"
      ],
      "optionA": {
        "trial_id": "14",
        "task_id": "21",
        "values": "130.0, 9.0",
        "target_value": 65
      },
      "optionB": {
        "trial_id": "19",
        "task_id": "67",
        "values": "120.0, 50",
        "target_value": 7
      },
      "choice": {
        "button": "F",
        "selected_option": "OptionA"
      }
    },
    {
      "question": 11,
      "target": "Maximum heart rate (bpm)",
      "target_value": 160,
      "options": [
        "Age (years)",
        "Height (cm)"
      ],
      "optionA": {
        "trial_id": "2",
        "task_id": "52",
        "values": "40.0, 180",
        "target_value": 160
      },
      "optionB": {
        "trial_id": "19",
        "task_id": "52",
        "values": "45.0, 180",
        "target_value": 155
      },
      "choice": {
        "button": "F",
        "selected_option": "OptionA"
      }
    },
    {
      "question": 12,
      "target": "Time to Destination (hours)",
      "target_value": 3,
      "options": [
        "Car Speed (mph)",
        "Fuel Efficiency (mpg)"
      ],
      "optionA": {
        "trial_id": "2",
        "task_id": "32",
        "values": "40.0, 35.0",
        "target_value": 3
      },
      "optionB": {
        "trial_id": "9",
        "task_id": "32",
        "values": "100.0, 10.0",
        "target_value": 0.6
      },
      "choice": {
        "button": "J",
        "selected_option": "OptionB"
      }
    },
    {
      "question": 13,
      "target": "Price",
      "target_value": 370000,
      "options": [
        "House Size",
        "Bedrooms"
      ],
      "optionA": {
        "trial_id": "19",
        "task_id": "15",
        "values": "2100.0, 5",
        "target_value": 370000
      },
      "optionB": {
        "trial_id": "10",
        "task_id": "15",
        "values": "1900.0, 3",
        "target_value": 400000
      },
      "choice": {
        "button": "F",
        "selected_option": "OptionA"
      }
    },
    {
      "question": 14,
      "target": "Ease of Use (1-10)",
      "target_value": 5,
      "options": [
        "Bag Weight (kg)",
        "Number of Compartments"
      ],
      "optionA": {
        "trial_id": "9",
        "task_id": "6",
        "values": "4.0, 6",
        "target_value": 5
      },
      "optionB": {
        "trial_id": "19",
        "task_id": "6",
        "values": "2.5, 3",
        "target_value": 8
      },
      "choice": {
        "button": "J",
        "selected_option": "OptionB"
      }
    },
    {
      "question": 15,
      "target": "Popularity",
      "target_value": 72,
      "options": [
        "Book age",
        "Page count"
      ],
      "optionA": {
        "trial_id": "14",
        "task_id": "134",
        "values": "9.0, 460",
        "target_value": 72
      },
      "optionB": {
        "trial_id": "6",
        "task_id": "134",
        "values": "5.0, 420",
        "target_value": 80
      },
      "choice": {
        "button": "J",
        "selected_option": "OptionB"
      }
    },
    {
      "question": 16,
      "target": "Energy Boost (1-10)",
      "target_value": 5,
      "options": [
        "Number of Calories",
        "Sugar (g)"
      ],
      "optionA": {
        "trial_id": "15",
        "task_id": "111",
        "values": "120.0, 10",
        "target_value": 5
      },
      "optionB": {
        "trial_id": "1",
        "task_id": "111",
        "values": "100.0, 10",
        "target_value": 7
      },
      "choice": {
        "button": "J",
        "selected_option": "OptionB"
      }
    },
    {
      "question": 17,
      "target": "Freshness",
      "target_value": 5,
      "options": [
        "Cooking Time",
        "Ingredients"
      ],
      "optionA": {
        "trial_id": "5",
        "task_id": "19",
        "values": "45.0, 3.0",
        "target_value": 5
      },
      "optionB": {
        "trial_id": "2",
        "task_id": "65",
        "values": "45.0, 4",
        "target_value": 6
      },
      "choice": {
        "button": "J",
        "selected_option": "OptionB"
      }
    },
    {
      "question": 18,
      "target": "Market value",
      "target_value": 310,
      "options": [
        "House size",
        "House floors"
      ],
      "optionA": {
        "trial_id": "15",
        "task_id": "64",
        "values": "210.0, 2.0",
        "target_value": 310
      },
      "optionB": {
        "trial_id": "2",
        "task_id": "64",
        "values": "180.0, 3.0",
        "target_value": 280
      },
      "choice": {
        "button": "J",
        "selected_option": "OptionB"
      }
    },
    {
      "question": 19,
      "target": "Speed (km/h)",
      "target_value": 18,
      "options": [
        "Bike wheel size (inches)",
        "Frame weight (kg)"
      ],
      "optionA": {
        "trial_id": "11",
        "task_id": "164",
        "values": "25.0, 2.8",
        "target_value": 18
      },
      "optionB": {
        "trial_id": "5",
        "task_id": "164",
        "values": "28.0, 2.4",
        "target_value": 21
      },
      "choice": {
        "button": "J",
        "selected_option": "OptionB"
      }
    },
    {
      "question": "attention_check_19",
      "choice": "F",
      "passed": true,
      "timestamp": 1756154673507
    },
    {
      "question": 20,
      "target": "Car speed (mph)",
      "target_value": 98,
      "options": [
        "Engine power (hp)",
        "Weight (kg)"
      ],
      "optionA": {
        "trial_id": "16",
        "task_id": "90",
        "values": "170.0, 1500",
        "target_value": 98
      },
      "optionB": {
        "trial_id": "17",
        "task_id": "90",
        "values": "260.0, 1600",
        "target_value": 125
      },
      "choice": {
        "button": "J",
        "selected_option": "OptionB"
      }
    },
    {
      "question": 21,
      "target": "Health index",
      "target_value": 70,
      "options": [
        "Age",
        "Exercise hours"
      ],
      "optionA": {
        "trial_id": "3",
        "task_id": "82",
        "values": "50.0, 1",
        "target_value": 70
      },
      "optionB": {
        "trial_id": "10",
        "task_id": "82",
        "values": "30.0, 4",
        "target_value": 93
      },
      "choice": {
        "button": "J",
        "selected_option": "OptionB"
      }
    },
    {
      "question": 22,
      "target": "House Price",
      "target_value": 420000,
      "options": [
        "House Square Feet",
        "House Age"
      ],
      "optionA": {
        "trial_id": "15",
        "task_id": "9",
        "values": "2600.0, 3",
        "target_value": 420000
      },
      "optionB": {
        "trial_id": "10",
        "task_id": "9",
        "values": "1200.0, 30",
        "target_value": 220000
      },
      "choice": {
        "button": "F",
        "selected_option": "OptionA"
      }
    },
    {
      "question": 23,
      "target": "Energy Level (scale 1-10)",
      "target_value": 4,
      "options": [
        "Age (years)",
        "Number of Pets"
      ],
      "optionA": {
        "trial_id": "17",
        "task_id": "165",
        "values": "6.0, 1",
        "target_value": 4
      },
      "optionB": {
        "trial_id": "17",
        "task_id": "165",
        "values": "6.0, 1",
        "target_value": 4
      },
      "choice": {
        "button": "J",
        "selected_option": "OptionB"
      }
    },
    {
      "question": 24,
      "target": "Calories burned",
      "target_value": 340,
      "options": [
        "Exercise time (min)",
        "Heart rate (bpm)"
      ],
      "optionA": {
        "trial_id": "11",
        "task_id": "116",
        "values": "45.0, 105",
        "target_value": 340
      },
      "optionB": {
        "trial_id": "5",
        "task_id": "116",
        "values": "50.0, 100",
        "target_value": 350
      },
      "choice": {
        "button": "F",
        "selected_option": "OptionA"
      }
    },
    {
      "question": 25,
      "target": "Engagement rate (%)",
      "target_value": 5,
      "options": [
        "Number of followers (count)",
        "Time posted (hours ago)"
      ],
      "optionA": {
        "trial_id": "6",
        "task_id": "98",
        "values": "1100.0, 2",
        "target_value": 5
      },
      "optionB": {
        "trial_id": "13",
        "task_id": "98",
        "values": "1000.0, 6",
        "target_value": 4
      },
      "choice": {
        "button": "J",
        "selected_option": "OptionB"
      }
    },
    {
      "question": 26,
      "target": "Exercise Burned Calories",
      "target_value": 380,
      "options": [
        "Exercise Intensity",
        "Exercise Duration"
      ],
      "optionA": {
        "trial_id": "20",
        "task_id": "13",
        "values": "11.0, 5",
        "target_value": 380
      },
      "optionB": {
        "trial_id": "18",
        "task_id": "13",
        "values": "10.0, 10",
        "target_value": 360
      },
      "choice": {
        "button": "J",
        "selected_option": "OptionB"
      }
    },
    {
      "question": 27,
      "target": "House Price",
      "target_value": 350,
      "options": [
        "House Size",
        "Housing Age"
      ],
      "optionA": {
        "trial_id": "3",
        "task_id": "99",
        "values": "200.0, 8",
        "target_value": 350
      },
      "optionB": {
        "trial_id": "16",
        "task_id": "99",
        "values": "320.0, 14",
        "target_value": 480
      },
      "choice": {
        "button": "J",
        "selected_option": "OptionB"
      }
    },
    {
      "question": 28,
      "target": "House price ($)",
      "target_value": 275000,
      "options": [
        "House size (sq ft)",
        "House age (years)"
      ],
      "optionA": {
        "trial_id": "20",
        "task_id": "155",
        "values": "2550.0, 21.0",
        "target_value": 275000
      },
      "optionB": {
        "trial_id": "18",
        "task_id": "155",
        "values": "2450.0, 19.0",
        "target_value": 260000
      },
      "choice": {
        "button": "J",
        "selected_option": "OptionB"
      }
    },
    {
      "question": 29,
      "target": "Resale value (in $)",
      "target_value": 18000,
      "options": [
        "Age of car (years)",
        "Mileage (km)"
      ],
      "optionA": {
        "trial_id": "20",
        "task_id": "55",
        "values": "4.0, 40000",
        "target_value": 18000
      },
      "optionB": {
        "trial_id": "2",
        "task_id": "55",
        "values": "3.0, 30000",
        "target_value": 20000
      },
      "choice": {
        "button": "J",
        "selected_option": "OptionB"
      }
    },
    {
      "question": "attention_check_29",
      "choice": "J",
      "passed": true,
      "timestamp": 1756154756904
    },
    {
      "question": 30,
      "target": "Fuel consumption (liters per 100km)",
      "target_value": 7,
      "options": [
        "Car engine size (liters)",
        "Car weight (kg)"
      ],
      "optionA": {
        "trial_id": "1",
        "task_id": "113",
        "values": "2.0, 1400",
        "target_value": 7
      },
      "optionB": {
        "trial_id": "10",
        "task_id": "113",
        "values": "1.9, 1450",
        "target_value": 7.4
      },
      "choice": {
        "button": "J",
        "selected_option": "OptionB"
      }
    },
    {
      "question": 31,
      "target": "Favorability",
      "target_value": 5,
      "options": [
        "Coffee strength",
        "Coffee cream"
      ],
      "optionA": {
        "trial_id": "2",
        "task_id": "57",
        "values": "6.0, 0.6",
        "target_value": 5
      },
      "optionB": {
        "trial_id": "17",
        "task_id": "57",
        "values": "6.0, 0.5",
        "target_value": 5
      },
      "choice": {
        "button": "J",
        "selected_option": "OptionB"
      }
    },
    {
      "question": 32,
      "target": "Fuel efficiency (km/l)",
      "target_value": 9.5,
      "options": [
        "Car weight (kg)",
        "Engine size (cc)"
      ],
      "optionA": {
        "trial_id": "18",
        "task_id": "153",
        "values": "1750.0, 1550.0",
        "target_value": 9.5
      },
      "optionB": {
        "trial_id": "15",
        "task_id": "153",
        "values": "1350.0, 1450.0",
        "target_value": 13.5
      },
      "choice": {
        "button": "J",
        "selected_option": "OptionB"
      }
    },
    {
      "question": 33,
      "target": "Exam Score (points)",
      "target_value": 65,
      "options": [
        "Study Time (hours)",
        "Distractions (number)"
      ],
      "optionA": {
        "trial_id": "11",
        "task_id": "23",
        "values": "4.0, 4",
        "target_value": 65
      },
      "optionB": {
        "trial_id": "1",
        "task_id": "23",
        "values": "5.0, 2",
        "target_value": 80
      },
      "choice": {
        "button": "J",
        "selected_option": "OptionB"
      }
    },
    {
      "question": 34,
      "target": "Customer satisfaction (1-10)",
      "target_value": 9,
      "options": [
        "Number of reviews",
        "Price (in $)"
      ],
      "optionA": {
        "trial_id": "2",
        "task_id": "56",
        "values": "200.0, 40",
        "target_value": 9
      },
      "optionB": {
        "trial_id": "19",
        "task_id": "56",
        "values": "150.0, 55",
        "target_value": 8
      },
      "choice": {
        "button": "F",
        "selected_option": "OptionA"
      }
    },
    {
      "question": 35,
      "target": "Comfort",
      "target_value": 8,
      "options": [
        "Age",
        "Size"
      ],
      "optionA": {
        "trial_id": "8",
        "task_id": "66",
        "values": "4.0, 25",
        "target_value": 8
      },
      "optionB": {
        "trial_id": "13",
        "task_id": "66",
        "values": "4.0, 30",
        "target_value": 8
      },
      "choice": {
        "button": "J",
        "selected_option": "OptionB"
      }
    },
    {
      "question": 36,
      "target": "Car Value",
      "target_value": 33000,
      "options": [
        "Age (years)",
        "Mileage (km)"
      ],
      "optionA": {
        "trial_id": "20",
        "task_id": "127",
        "values": "6.0, 25000",
        "target_value": 33000
      },
      "optionB": {
        "trial_id": "7",
        "task_id": "127",
        "values": "3.0, 10000",
        "target_value": 45000
      },
      "choice": {
        "button": "J",
        "selected_option": "OptionB"
      }
    },
    {
      "question": 37,
      "target": "Favorability",
      "target_value": 5,
      "options": [
        "Coffee strength",
        "Coffee cream"
      ],
      "optionA": {
        "trial_id": "13",
        "task_id": "57",
        "values": "7.0, 0.8",
        "target_value": 5
      },
      "optionB": {
        "trial_id": "16",
        "task_id": "57",
        "values": "6.0, 0.4",
        "target_value": 5
      },
      "choice": {
        "button": "J",
        "selected_option": "OptionB"
      }
    },
    {
      "question": 38,
      "target": "Comfort Rating",
      "target_value": 7.5,
      "options": [
        "Shoe Weight",
        "Brand Popularity"
      ],
      "optionA": {
        "trial_id": "2",
        "task_id": "29",
        "values": "250.0, 9.0",
        "target_value": 7.5
      },
      "optionB": {
        "trial_id": "13",
        "task_id": "29",
        "values": "200.0, 7.0",
        "target_value": 8
      },
      "choice": {
        "button": "F",
        "selected_option": "OptionA"
      }
    },
    {
      "question": 39,
      "target": "100m sprint time (s)",
      "target_value": 11.5,
      "options": [
        "Runner stride length (cm)",
        "Runner age (years)"
      ],
      "optionA": {
        "trial_id": "19",
        "task_id": "145",
        "values": "79.0, 24",
        "target_value": 11.5
      },
      "optionB": {
        "trial_id": "11",
        "task_id": "145",
        "values": "78.0, 27",
        "target_value": 11.6
      },
      "choice": {
        "button": "F",
        "selected_option": "OptionA"
      }
    },
    {
      "question": "attention_check_39",
      "choice": "F",
      "passed": true,
      "timestamp": 1756154843227
    },
    {
      "question": 40,
      "target": "Exam Score (points)",
      "target_value": 70,
      "options": [
        "Study Time (hours)",
        "Distractions (number)"
      ],
      "optionA": {
        "trial_id": "12",
        "task_id": "23",
        "values": "5.0, 2",
        "target_value": 70
      },
      "optionB": {
        "trial_id": "20",
        "task_id": "23",
        "values": "5.0, 1",
        "target_value": 75
      },
      "choice": {
        "button": "J",
        "selected_option": "OptionB"
      }
    },
    {
      "question": 41,
      "target": "Fuel Cost",
      "target_value": 6,
      "options": [
        "Distance (km)",
        "Fuel Efficiency (km/L)"
      ],
      "optionA": {
        "trial_id": "5",
        "task_id": "70",
        "values": "60.0, 10",
        "target_value": 6
      },
      "optionB": {
        "trial_id": "17",
        "task_id": "70",
        "values": "65.0, 14",
        "target_value": 4.64
      },
      "choice": {
        "button": "J",
        "selected_option": "OptionB"
      }
    },
    {
      "question": 42,
      "target": "Reliability",
      "target_value": 80,
      "options": [
        "Car age",
        "Maintenance cost"
      ],
      "optionA": {
        "trial_id": "13",
        "task_id": "83",
        "values": "4.0, 1400",
        "target_value": 80
      },
      "optionB": {
        "trial_id": "5",
        "task_id": "83",
        "values": "10.0, 500",
        "target_value": 50
      },
      "choice": {
        "button": "J",
        "selected_option": "OptionB"
      }
    },
    {
      "question": 43,
      "target": "Heart rate",
      "target_value": 65,
      "options": [
        "Age",
        "Exercise hours"
      ],
      "optionA": {
        "trial_id": "1",
        "task_id": "77",
        "values": "30.0, 5",
        "target_value": 65
      },
      "optionB": {
        "trial_id": "2",
        "task_id": "77",
        "values": "40.0, 3",
        "target_value": 70
      },
      "choice": {
        "button": "J",
        "selected_option": "OptionB"
      }
    },
    {
      "question": 44,
      "target": "Amount of natural light (lux)",
      "target_value": 1550,
      "options": [
        "Room size (sq ft)",
        "Number of windows"
      ],
      "optionA": {
        "trial_id": "20",
        "task_id": "94",
        "values": "230.0, 4",
        "target_value": 1550
      },
      "optionB": {
        "trial_id": "3",
        "task_id": "94",
        "values": "250.0, 2",
        "target_value": 1600
      },
      "choice": {
        "button": "F",
        "selected_option": "OptionA"
      }
    },
    {
      "question": 45,
      "target": "Car speed (mph)",
      "target_value": 130,
      "options": [
        "Engine power (hp)",
        "Weight (kg)"
      ],
      "optionA": {
        "trial_id": "19",
        "task_id": "90",
        "values": "280.0, 1500",
        "target_value": 130
      },
      "optionB": {
        "trial_id": "7",
        "task_id": "90",
        "values": "180.0, 1300",
        "target_value": 105
      },
      "choice": {
        "button": "F",
        "selected_option": "OptionA"
      }
    },
    {
      "question": 46,
      "target": "Comfort Rating",
      "target_value": 7.9,
      "options": [
        "Shoe Weight",
        "Brand Popularity"
      ],
      "optionA": {
        "trial_id": "18",
        "task_id": "29",
        "values": "210.0, 9.0",
        "target_value": 7.9
      },
      "optionB": {
        "trial_id": "17",
        "task_id": "29",
        "values": "220.0, 8.0",
        "target_value": 8.1
      },
      "choice": {
        "button": "F",
        "selected_option": "OptionA"
      }
    },
    {
      "question": 47,
      "target": "Battery Life",
      "target_value": 18,
      "options": [
        "Phone Battery Capacity",
        "Number of Apps Installed"
      ],
      "optionA": {
        "trial_id": "19",
        "task_id": "78",
        "values": "3200.0, 50",
        "target_value": 18
      },
      "optionB": {
        "trial_id": "20",
        "task_id": "78",
        "values": "3400.0, 40",
        "target_value": 20
      },
      "choice": {
        "button": "J",
        "selected_option": "OptionB"
      }
    },
    {
      "question": 48,
      "target": "Freshness",
      "target_value": 8,
      "options": [
        "Cooking Time",
        "Ingredients"
      ],
      "optionA": {
        "trial_id": "12",
        "task_id": "19",
        "values": "25.0, 6.0",
        "target_value": 8
      },
      "optionB": {
        "trial_id": "18",
        "task_id": "65",
        "values": "30.0, 3",
        "target_value": 7
      },
      "choice": {
        "button": "F",
        "selected_option": "OptionA"
      }
    },
    {
      "question": 49,
      "target": "Plant Health",
      "target_value": 11,
      "options": [
        "Plant Height",
        "Water Amount"
      ],
      "optionA": {
        "trial_id": "9",
        "task_id": "169",
        "values": "70.0, 1",
        "target_value": 11
      },
      "optionB": {
        "trial_id": "11",
        "task_id": "169",
        "values": "80.0, 1",
        "target_value": 12
      },
      "choice": {
        "button": "J",
        "selected_option": "OptionB"
      }
    },
    {
      "question": 50,
      "target": "100m sprint time (s)",
      "target_value": 11.5,
      "options": [
        "Runner stride length (cm)",
        "Runner age (years)"
      ],
      "optionA": {
        "trial_id": "1",
        "task_id": "145",
        "values": "80.0, 25",
        "target_value": 11.5
      },
      "optionB": {
        "trial_id": "4",
        "task_id": "145",
        "values": "65.0, 32",
        "target_value": 12.5
      },
      "choice": {
        "button": "F",
        "selected_option": "OptionA"
      }
    }
  ]
}