{
  "prolific_id": "UNKNOWN",
  "condition_group": "direction",
  "responses": [
    {
      "question": 1,
      "target": "Doneness",
      "target_value": 85,
      "options": [
        "Cooking Time",
        "Size"
      ],
      "optionA": {
        "trial_id": "13",
        "task_id": "116",
        "values": "35.0, 260.0",
        "target_value": 85
      },
      "optionB": {
        "trial_id": "17",
        "task_id": "116",
        "values": "45.0, 320.0",
        "target_value": 92
      },
      "choice": {
        "button": "J",
        "selected_option": "OptionB"
      }
    },
    {
      "question": 2,
      "target": "Fun Score",
      "target_value": 6,
      "options": [
        "Number of Players",
        "Game Length (min)"
      ],
      "optionA": {
        "trial_id": "2",
        "task_id": "98",
        "values": "5.0, 50.0",
        "target_value": 6
      },
      "optionB": {
        "trial_id": "9",
        "task_id": "98",
        "values": "6.0, 65.0",
        "target_value": 9
      },
      "choice": {
        "button": "J",
        "selected_option": "OptionB"
      }
    },
    {
      "question": 3,
      "target": "Dog Energy Level",
      "target_value": 7,
      "options": [
        "Dog Weight",
        "Dog Activity Level"
      ],
      "optionA": {
        "trial_id": "7",
        "task_id": "105",
        "values": "20.0, 4.0",
        "target_value": 7
      },
      "optionB": {
        "trial_id": "2",
        "task_id": "105",
        "values": "20.0, 4.0",
        "target_value": 7
      },
      "choice": {
        "button": "F",
        "selected_option": "OptionA"
      }
    },
    {
      "question": 4,
      "target": "Weight loss",
      "target_value": 1.8,
      "options": [
        "Exercise duration",
        "Intensity level"
      ],
      "optionA": {
        "trial_id": "3",
        "task_id": "67",
        "values": "40.0, 6.0",
        "target_value": 1.8
      },
      "optionB": {
        "trial_id": "18",
        "task_id": "67",
        "values": "30.0, 4.0",
        "target_value": 1.2
      },
      "choice": {
        "button": "F",
        "selected_option": "OptionA"
      }
    },
    {
      "question": 5,
      "target": "Engagement rate (%)",
      "target_value": 5.2,
      "options": [
        "Number of followers",
        "Post quality score"
      ],
      "optionA": {
        "trial_id": "15",
        "task_id": "71",
        "values": "12000.0, 5.0",
        "target_value": 5.2
      },
      "optionB": {
        "trial_id": "4",
        "task_id": "71",
        "values": "14000.0, 4.0",
        "target_value": 5.2
      },
      "choice": {
        "button": "J",
        "selected_option": "OptionB"
      }
    },
    {
      "question": 6,
      "target": "Durability Perception (1-10)",
      "target_value": 5,
      "options": [
        "Price ($)",
        "Warranty (years)"
      ],
      "optionA": {
        "trial_id": "6",
        "task_id": "8",
        "values": "220.0, 1.0",
        "target_value": 5
      },
      "optionB": {
        "trial_id": "10",
        "task_id": "8",
        "values": "300.0, 4.0",
        "target_value": 7
      },
      "choice": {
        "button": "J",
        "selected_option": "OptionB"
      }
    },
    {
      "question": 7,
      "target": "Plant Sunlight Needs",
      "target_value": 6,
      "options": [
        "Plant Height",
        "Plant Leaf Size"
      ],
      "optionA": {
        "trial_id": "2",
        "task_id": "2",
        "values": "140.0, 12.0",
        "target_value": 6
      },
      "optionB": {
        "trial_id": "20",
        "task_id": "2",
        "values": "130.0, 8.0",
        "target_value": 4
      },
      "choice": {
        "button": "F",
        "selected_option": "OptionA"
      }
    },
    {
      "question": 8,
      "target": "Growth Rate (cm/week)",
      "target_value": 4,
      "options": [
        "Plant Leaf Size",
        "Plant Water Usage"
      ],
      "optionA": {
        "trial_id": "7",
        "task_id": "83",
        "values": "14.0, 7.0",
        "target_value": 4
      },
      "optionB": {
        "trial_id": "4",
        "task_id": "83",
        "values": "10.0, 5.0",
        "target_value": 3
      },
      "choice": {
        "button": "F",
        "selected_option": "OptionA"
      }
    },
    {
      "question": 9,
      "target": "Taste score",
      "target_value": 7,
      "options": [
        "Coffee strength",
        "Bean quality"
      ],
      "optionA": {
        "trial_id": "11",
        "task_id": "68",
        "values": "3.0, 7.0",
        "target_value": 7
      },
      "optionB": {
        "trial_id": "5",
        "task_id": "68",
        "values": "5.0, 5.0",
        "target_value": 6
      },
      "choice": {
        "button": "J",
        "selected_option": "OptionB"
      }
    },
    {
      "question": "attention_check_9",
      "choice": "J",
      "passed": true,
      "timestamp": 1756154665582
    },
    {
      "question": 10,
      "target": "Room Area (m\u00b2)",
      "target_value": 20,
      "options": [
        "Room Length (m)",
        "Room Width (m)"
      ],
      "optionA": {
        "trial_id": "1",
        "task_id": "89",
        "values": "4.0, 5.0",
        "target_value": 20
      },
      "optionB": {
        "trial_id": "13",
        "task_id": "89",
        "values": "4.0, 6.0",
        "target_value": 24
      },
      "choice": {
        "button": "J",
        "selected_option": "OptionB"
      }
    },
    {
      "question": 11,
      "target": "Energy Level",
      "target_value": 7,
      "options": [
        "Hours of Sleep",
        "Caffeine Intake (mg)"
      ],
      "optionA": {
        "trial_id": "2",
        "task_id": "45",
        "values": "7.0, 60.0",
        "target_value": 7
      },
      "optionB": {
        "trial_id": "12",
        "task_id": "45",
        "values": "8.0, 60.0",
        "target_value": 7
      },
      "choice": {
        "button": "J",
        "selected_option": "OptionB"
      }
    },
    {
      "question": 12,
      "target": "Brightness",
      "target_value": 580,
      "options": [
        "Phone Battery Capacity",
        "Screen Size"
      ],
      "optionA": {
        "trial_id": "8",
        "task_id": "37",
        "values": "3000.0, 3.0",
        "target_value": 580
      },
      "optionB": {
        "trial_id": "13",
        "task_id": "37",
        "values": "3000.0, 6.0",
        "target_value": 660
      },
      "choice": {
        "button": "J",
        "selected_option": "OptionB"
      }
    },
    {
      "question": 13,
      "target": "Battery Life (hours)",
      "target_value": 10,
      "options": [
        "Phone Weight (g)",
        "Battery Capacity (mAh)"
      ],
      "optionA": {
        "trial_id": "4",
        "task_id": "30",
        "values": "160.0, 4000.0",
        "target_value": 10
      },
      "optionB": {
        "trial_id": "8",
        "task_id": "30",
        "values": "180.0, 4500.0",
        "target_value": 11.5
      },
      "choice": {
        "button": "J",
        "selected_option": "OptionB"
      }
    },
    {
      "question": 14,
      "target": "Energy Level",
      "target_value": 9,
      "options": [
        "Dog Size",
        "Exercise Needs"
      ],
      "optionA": {
        "trial_id": "14",
        "task_id": "88",
        "values": "45.0, 9.0",
        "target_value": 9
      },
      "optionB": {
        "trial_id": "10",
        "task_id": "88",
        "values": "40.0, 7.0",
        "target_value": 8
      },
      "choice": {
        "button": "F",
        "selected_option": "OptionA"
      }
    },
    {
      "question": 15,
      "target": "Exam Score (out of 100)",
      "target_value": 78,
      "options": [
        "Study Time (hours)",
        "Previous GPA"
      ],
      "optionA": {
        "trial_id": "10",
        "task_id": "18",
        "values": "8.0, 3.5",
        "target_value": 78
      },
      "optionB": {
        "trial_id": "6",
        "task_id": "18",
        "values": "9.0, 3.0",
        "target_value": 72
      },
      "choice": {
        "button": "F",
        "selected_option": "OptionA"
      }
    },
    {
      "question": 16,
      "target": "Dog Activity Level",
      "target_value": 9,
      "options": [
        "Dog Size",
        "Dog Exercise Needs"
      ],
      "optionA": {
        "trial_id": "17",
        "task_id": "3",
        "values": "65.0, 4.0",
        "target_value": 9
      },
      "optionB": {
        "trial_id": "8",
        "task_id": "3",
        "values": "42.0, 3.0",
        "target_value": 7
      },
      "choice": {
        "button": "F",
        "selected_option": "OptionA"
      }
    },
    {
      "question": 17,
      "target": "Post reach",
      "target_value": 20000,
      "options": [
        "Number of followers",
        "Engagement rate (%)"
      ],
      "optionA": {
        "trial_id": "16",
        "task_id": "92",
        "values": "3000.0, 5.0",
        "target_value": 20000
      },
      "optionB": {
        "trial_id": "17",
        "task_id": "92",
        "values": "1600.0, 7.0",
        "target_value": 21000
      },
      "choice": {
        "button": "J",
        "selected_option": "OptionB"
      }
    },
    {
      "question": 18,
      "target": "Exercise Intensity",
      "target_value": 5,
      "options": [
        "Time to Walk (min)",
        "Number of Steps"
      ],
      "optionA": {
        "trial_id": "1",
        "task_id": "95",
        "values": "10.0, 1000.0",
        "target_value": 5
      },
      "optionB": {
        "trial_id": "13",
        "task_id": "95",
        "values": "11.0, 1000.0",
        "target_value": 5
      },
      "choice": {
        "button": "F",
        "selected_option": "OptionA"
      }
    },
    {
      "question": 19,
      "target": "Job Success",
      "target_value": 60,
      "options": [
        "Age",
        "Experience"
      ],
      "optionA": {
        "trial_id": "3",
        "task_id": "117",
        "values": "25.0, 3.0",
        "target_value": 60
      },
      "optionB": {
        "trial_id": "5",
        "task_id": "117",
        "values": "35.0, 8.0",
        "target_value": 80
      },
      "choice": {
        "button": "J",
        "selected_option": "OptionB"
      }
    },
    {
      "question": "attention_check_19",
      "choice": "F",
      "passed": true,
      "timestamp": 1756154810586
    },
    {
      "question": 20,
      "target": "House Price",
      "target_value": 410,
      "options": [
        "House Size",
        "Neighborhood Rating"
      ],
      "optionA": {
        "trial_id": "12",
        "task_id": "38",
        "values": "2200.0, 7.0",
        "target_value": 410
      },
      "optionB": {
        "trial_id": "3",
        "task_id": "38",
        "values": "2000.0, 7.0",
        "target_value": 400
      },
      "choice": {
        "button": "F",
        "selected_option": "OptionA"
      }
    },
    {
      "question": 21,
      "target": "Restaurant Popularity (on scale 1-10)",
      "target_value": 7,
      "options": [
        "Number of Reviews",
        "Average Rating (out of 5)"
      ],
      "optionA": {
        "trial_id": "2",
        "task_id": "19",
        "values": "150.0, 4.0",
        "target_value": 7
      },
      "optionB": {
        "trial_id": "9",
        "task_id": "19",
        "values": "180.0, 4.6",
        "target_value": 8
      },
      "choice": {
        "button": "J",
        "selected_option": "OptionB"
      }
    },
    {
      "question": 22,
      "target": "Exercise Intensity",
      "target_value": 6,
      "options": [
        "Time to Walk (min)",
        "Number of Steps"
      ],
      "optionA": {
        "trial_id": "14",
        "task_id": "95",
        "values": "13.0, 1200.0",
        "target_value": 6
      },
      "optionB": {
        "trial_id": "20",
        "task_id": "95",
        "values": "12.0, 1100.0",
        "target_value": 5.5
      },
      "choice": {
        "button": "J",
        "selected_option": "OptionB"
      }
    },
    {
      "question": 23,
      "target": "Physical strength",
      "target_value": 58,
      "options": [
        "Height (cm)",
        "Weight (kg)"
      ],
      "optionA": {
        "trial_id": "13",
        "task_id": "84",
        "values": "155.0, 60.0",
        "target_value": 58
      },
      "optionB": {
        "trial_id": "20",
        "task_id": "84",
        "values": "175.0, 85.0",
        "target_value": 82
      },
      "choice": {
        "button": "F",
        "selected_option": "OptionA"
      }
    },
    {
      "question": 24,
      "target": "Popularity Score",
      "target_value": 156,
      "options": [
        "Number of Likes",
        "Number of Comments"
      ],
      "optionA": {
        "trial_id": "17",
        "task_id": "50",
        "values": "130.0, 26.0",
        "target_value": 156
      },
      "optionB": {
        "trial_id": "14",
        "task_id": "50",
        "values": "170.0, 34.0",
        "target_value": 204
      },
      "choice": {
        "button": "F",
        "selected_option": "OptionA"
      }
    },
    {
      "question": 25,
      "target": "Battery life",
      "target_value": 10,
      "options": [
        "Phone battery",
        "Screen size"
      ],
      "optionA": {
        "trial_id": "15",
        "task_id": "69",
        "values": "2500.0, 4.0",
        "target_value": 10
      },
      "optionB": {
        "trial_id": "19",
        "task_id": "69",
        "values": "3500.0, 5.0",
        "target_value": 11
      },
      "choice": {
        "button": "J",
        "selected_option": "OptionB"
      }
    },
    {
      "question": 26,
      "target": "Photo Quality",
      "target_value": 6,
      "options": [
        "Phone Price",
        "Phone Camera Megapixels"
      ],
      "optionA": {
        "trial_id": "7",
        "task_id": "5",
        "values": "400.0, 8.0",
        "target_value": 6
      },
      "optionB": {
        "trial_id": "8",
        "task_id": "5",
        "values": "420.0, 10.0",
        "target_value": 7
      },
      "choice": {
        "button": "J",
        "selected_option": "OptionB"
      }
    },
    {
      "question": 27,
      "target": "Restaurant Customer Satisfaction",
      "target_value": 8.5,
      "options": [
        "Restaurant Menu Size",
        "Restaurant Online Rating"
      ],
      "optionA": {
        "trial_id": "5",
        "task_id": "24",
        "values": "15.0, 4.7",
        "target_value": 8.5
      },
      "optionB": {
        "trial_id": "9",
        "task_id": "24",
        "values": "18.0, 4.6",
        "target_value": 8.7
      },
      "choice": {
        "button": "F",
        "selected_option": "OptionA"
      }
    },
    {
      "question": 28,
      "target": "Distance Traveled",
      "target_value": 280,
      "options": [
        "Speed",
        "Weight"
      ],
      "optionA": {
        "trial_id": "3",
        "task_id": "111",
        "values": "50.0, 800.0",
        "target_value": 280
      },
      "optionB": {
        "trial_id": "4",
        "task_id": "111",
        "values": "60.0, 1000.0",
        "target_value": 300
      },
      "choice": {
        "button": "J",
        "selected_option": "OptionB"
      }
    },
    {
      "question": 29,
      "target": "Home Comfort (1-10)",
      "target_value": 6,
      "options": [
        "Number of Bedrooms",
        "Square Feet"
      ],
      "optionA": {
        "trial_id": "16",
        "task_id": "9",
        "values": "3.0, 1550.0",
        "target_value": 6
      },
      "optionB": {
        "trial_id": "8",
        "task_id": "9",
        "values": "4.0, 1300.0",
        "target_value": 6
      },
      "choice": {
        "button": "F",
        "selected_option": "OptionA"
      }
    },
    {
      "question": "attention_check_29",
      "choice": "J",
      "passed": true,
      "timestamp": 1756154950545
    },
    {
      "question": 30,
      "target": "Growth speed",
      "target_value": 4,
      "options": [
        "Plant height cm",
        "Plant leaf count"
      ],
      "optionA": {
        "trial_id": "1",
        "task_id": "74",
        "values": "30.0, 10.0",
        "target_value": 4
      },
      "optionB": {
        "trial_id": "4",
        "task_id": "74",
        "values": "35.0, 11.0",
        "target_value": 4.5
      },
      "choice": {
        "button": "F",
        "selected_option": "OptionA"
      }
    },
    {
      "question": 31,
      "target": "Engagement rate (%)",
      "target_value": 5.8,
      "options": [
        "Number of followers",
        "Post quality score"
      ],
      "optionA": {
        "trial_id": "5",
        "task_id": "71",
        "values": "8000.0, 8.0",
        "target_value": 5.8
      },
      "optionB": {
        "trial_id": "10",
        "task_id": "71",
        "values": "12000.0, 5.0",
        "target_value": 5.6
      },
      "choice": {
        "button": "F",
        "selected_option": "OptionA"
      }
    },
    {
      "question": 32,
      "target": "Exam Score (%)",
      "target_value": 80,
      "options": [
        "Study Time (hours)",
        "Previous Score (%)"
      ],
      "optionA": {
        "trial_id": "4",
        "task_id": "76",
        "values": "6.0, 75.0",
        "target_value": 80
      },
      "optionB": {
        "trial_id": "13",
        "task_id": "76",
        "values": "4.0, 70.0",
        "target_value": 75
      },
      "choice": {
        "button": "J",
        "selected_option": "OptionB"
      }
    },
    {
      "question": 33,
      "target": "Value Score",
      "target_value": 70,
      "options": [
        "Price ($)",
        "Size (GB)"
      ],
      "optionA": {
        "trial_id": "19",
        "task_id": "99",
        "values": "50.0, 128.0",
        "target_value": 70
      },
      "optionB": {
        "trial_id": "16",
        "task_id": "99",
        "values": "50.0, 256.0",
        "target_value": 75
      },
      "choice": {
        "button": "J",
        "selected_option": "OptionB"
      }
    },
    {
      "question": 34,
      "target": "Exam Score",
      "target_value": 65,
      "options": [
        "Hours of Study",
        "Difficulty Level"
      ],
      "optionA": {
        "trial_id": "3",
        "task_id": "12",
        "values": "4.0, 2.0",
        "target_value": 65
      },
      "optionB": {
        "trial_id": "3",
        "task_id": "12",
        "values": "4.0, 2.0",
        "target_value": 65
      },
      "choice": {
        "button": "J",
        "selected_option": "OptionB"
      }
    },
    {
      "question": 35,
      "target": "Home value",
      "target_value": 250000,
      "options": [
        "House size",
        "Neighborhood quality"
      ],
      "optionA": {
        "trial_id": "19",
        "task_id": "70",
        "values": "100.0, 6.0",
        "target_value": 250000
      },
      "optionB": {
        "trial_id": "2",
        "task_id": "70",
        "values": "150.0, 7.0",
        "target_value": 290000
      },
      "choice": {
        "button": "F",
        "selected_option": "OptionA"
      }
    },
    {
      "question": 36,
      "target": "Restaurant Customer Satisfaction",
      "target_value": 8.5,
      "options": [
        "Restaurant Menu Size",
        "Restaurant Price Rating"
      ],
      "optionA": {
        "trial_id": "16",
        "task_id": "25",
        "values": "20.0, 4.6",
        "target_value": 8.5
      },
      "optionB": {
        "trial_id": "11",
        "task_id": "25",
        "values": "24.0, 4.5",
        "target_value": 8.4
      },
      "choice": {
        "button": "F",
        "selected_option": "OptionA"
      }
    },
    {
      "question": 37,
      "target": "Battery Duration",
      "target_value": 17,
      "options": [
        "Phone Battery Capacity",
        "Screen Brightness"
      ],
      "optionA": {
        "trial_id": "17",
        "task_id": "63",
        "values": "3500.0, 500.0",
        "target_value": 17
      },
      "optionB": {
        "trial_id": "13",
        "task_id": "63",
        "values": "3000.0, 400.0",
        "target_value": 13
      },
      "choice": {
        "button": "F",
        "selected_option": "OptionA"
      }
    },
    {
      "question": 38,
      "target": "Growth Rate",
      "target_value": 3,
      "options": [
        "Plant Leaf Size",
        "Plant Height"
      ],
      "optionA": {
        "trial_id": "4",
        "task_id": "65",
        "values": "10.0, 50.0",
        "target_value": 3
      },
      "optionB": {
        "trial_id": "9",
        "task_id": "65",
        "values": "12.0, 60.0",
        "target_value": 4
      },
      "choice": {
        "button": "F",
        "selected_option": "OptionA"
      }
    },
    {
      "question": 39,
      "target": "Enjoyment",
      "target_value": 7,
      "options": [
        "Coffee price",
        "Coffee acidity"
      ],
      "optionA": {
        "trial_id": "2",
        "task_id": "101",
        "values": "4.0, 5.0",
        "target_value": 7
      },
      "optionB": {
        "trial_id": "19",
        "task_id": "101",
        "values": "0.3, 0.5",
        "target_value": 2
      },
      "choice": {
        "button": "J",
        "selected_option": "OptionB"
      }
    },
    {
      "question": "attention_check_39",
      "choice": "F",
      "passed": true,
      "timestamp": 1756155136419
    },
    {
      "question": 40,
      "target": "Bike Speed",
      "target_value": 60,
      "options": [
        "Bike Weight",
        "Bike Power"
      ],
      "optionA": {
        "trial_id": "7",
        "task_id": "87",
        "values": "16.0, 300.0",
        "target_value": 60
      },
      "optionB": {
        "trial_id": "8",
        "task_id": "87",
        "values": "18.0, 350.0",
        "target_value": 70
      },
      "choice": {
        "button": "J",
        "selected_option": "OptionB"
      }
    },
    {
      "question": 41,
      "target": "Taste Rating (1-10)",
      "target_value": 9,
      "options": [
        "Minutes of Cooking",
        "Number of Ingredients"
      ],
      "optionA": {
        "trial_id": "9",
        "task_id": "56",
        "values": "45.0, 8.0",
        "target_value": 9
      },
      "optionB": {
        "trial_id": "13",
        "task_id": "56",
        "values": "20.0, 4.0",
        "target_value": 7
      },
      "choice": {
        "button": "J",
        "selected_option": "OptionB"
      }
    },
    {
      "question": 42,
      "target": "Exam Score (out of 100)",
      "target_value": 70,
      "options": [
        "Study Time (hours)",
        "Previous GPA"
      ],
      "optionA": {
        "trial_id": "9",
        "task_id": "18",
        "values": "6.0, 3.0",
        "target_value": 70
      },
      "optionB": {
        "trial_id": "12",
        "task_id": "18",
        "values": "7.0, 3.0",
        "target_value": 70
      },
      "choice": {
        "button": "F",
        "selected_option": "OptionA"
      }
    },
    {
      "question": 43,
      "target": "Reading time",
      "target_value": 7,
      "options": [
        "Book pages",
        "Book chapters"
      ],
      "optionA": {
        "trial_id": "15",
        "task_id": "72",
        "values": "320.0, 16.0",
        "target_value": 7
      },
      "optionB": {
        "trial_id": "12",
        "task_id": "72",
        "values": "300.0, 14.0",
        "target_value": 6
      },
      "choice": {
        "button": "J",
        "selected_option": "OptionB"
      }
    },
    {
      "question": 44,
      "target": "Exam score",
      "target_value": 72,
      "options": [
        "Study time (hours)",
        "Class attendance (%)"
      ],
      "optionA": {
        "trial_id": "13",
        "task_id": "91",
        "values": "6.0, 70.0",
        "target_value": 72
      },
      "optionB": {
        "trial_id": "9",
        "task_id": "91",
        "values": "7.0, 75.0",
        "target_value": 80
      },
      "choice": {
        "button": "J",
        "selected_option": "OptionB"
      }
    },
    {
      "question": 45,
      "target": "Performance Quality (on scale 1-10)",
      "target_value": 9,
      "options": [
        "Hours of Practice",
        "Musical Experience (years)"
      ],
      "optionA": {
        "trial_id": "17",
        "task_id": "17",
        "values": "80.0, 5.0",
        "target_value": 9
      },
      "optionB": {
        "trial_id": "5",
        "task_id": "17",
        "values": "80.0, 2.0",
        "target_value": 7
      },
      "choice": {
        "button": "F",
        "selected_option": "OptionA"
      }
    },
    {
      "question": 46,
      "target": "Taste score",
      "target_value": 7,
      "options": [
        "Coffee strength",
        "Bean quality"
      ],
      "optionA": {
        "trial_id": "6",
        "task_id": "68",
        "values": "3.0, 7.0",
        "target_value": 7
      },
      "optionB": {
        "trial_id": "10",
        "task_id": "68",
        "values": "3.0, 7.0",
        "target_value": 7
      },
      "choice": {
        "button": "F",
        "selected_option": "OptionA"
      }
    },
    {
      "question": 47,
      "target": "Taste Rating (1-10)",
      "target_value": 6,
      "options": [
        "Time Spent Cooking (min)",
        "Number of Ingredients"
      ],
      "optionA": {
        "trial_id": "8",
        "task_id": "93",
        "values": "30.0, 4.0",
        "target_value": 6
      },
      "optionB": {
        "trial_id": "6",
        "task_id": "93",
        "values": "50.0, 7.0",
        "target_value": 9
      },
      "choice": {
        "button": "J",
        "selected_option": "OptionB"
      }
    },
    {
      "question": 48,
      "target": "Plant Sunlight Needs",
      "target_value": 4,
      "options": [
        "Plant Height",
        "Plant Leaf Size"
      ],
      "optionA": {
        "trial_id": "14",
        "task_id": "2",
        "values": "120.0, 7.0",
        "target_value": 4
      },
      "optionB": {
        "trial_id": "20",
        "task_id": "2",
        "values": "130.0, 8.0",
        "target_value": 4
      },
      "choice": {
        "button": "J",
        "selected_option": "OptionB"
      }
    },
    {
      "question": 49,
      "target": "Movie enjoyment",
      "target_value": 7.5,
      "options": [
        "Movie runtime",
        "Movie rating"
      ],
      "optionA": {
        "trial_id": "9",
        "task_id": "75",
        "values": "110.0, 7.0",
        "target_value": 7.5
      },
      "optionB": {
        "trial_id": "18",
        "task_id": "75",
        "values": "130.0, 7.5",
        "target_value": 8
      },
      "choice": {
        "button": "J",
        "selected_option": "OptionB"
      }
    },
    {
      "question": 50,
      "target": "Value Score",
      "target_value": 75,
      "options": [
        "Price ($)",
        "Size (GB)"
      ],
      "optionA": {
        "trial_id": "16",
        "task_id": "99",
        "values": "50.0, 256.0",
        "target_value": 75
      },
      "optionB": {
        "trial_id": "20",
        "task_id": "99",
        "values": "70.0, 256.0",
        "target_value": 65
      },
      "choice": {
        "button": "J",
        "selected_option": "OptionB"
      }
    }
  ]
}