{
  "prolific_id": "UNKNOWN",
  "condition_group": "ranking",
  "responses": [
    {
      "question": 1,
      "target": "How many people buy it",
      "target_value": 30,
      "options": [
        "Shoe price (in USD)",
        "Comfort rating (1-10)"
      ],
      "optionA": {
        "trial_id": "9",
        "task_id": "126",
        "values": "120.0, 10.0",
        "target_value": 30
      },
      "optionB": {
        "trial_id": "15",
        "task_id": "126",
        "values": "130.0, 10.0",
        "target_value": 25
      },
      "choice": {
        "button": "F",
        "selected_option": "OptionA"
      }
    },
    {
      "question": 2,
      "target": "Flower size (cm)",
      "target_value": 5.3,
      "options": [
        "Plant height (cm)",
        "Plant age (months)"
      ],
      "optionA": {
        "trial_id": "17",
        "task_id": "146",
        "values": "33.0, 5",
        "target_value": 5.3
      },
      "optionB": {
        "trial_id": "18",
        "task_id": "146",
        "values": "43.0, 8",
        "target_value": 3.3
      },
      "choice": {
        "button": "J",
        "selected_option": "OptionB"
      }
    },
    {
      "question": 3,
      "target": "Customer Satisfaction",
      "target_value": 8,
      "options": [
        "Restaurant Wait Time (in mins)",
        "Restaurant Rating (1-5)"
      ],
      "optionA": {
        "trial_id": "9",
        "task_id": "174",
        "values": "12.0, 4",
        "target_value": 8
      },
      "optionB": {
        "trial_id": "2",
        "task_id": "174",
        "values": "20.0, 3",
        "target_value": 6
      },
      "choice": {
        "button": "F",
        "selected_option": "OptionA"
      }
    },
    {
      "question": 4,
      "target": "Retention Rate (%)",
      "target_value": 70,
      "options": [
        "Study Time (hours)",
        "Number of Distractions"
      ],
      "optionA": {
        "trial_id": "1",
        "task_id": "161",
        "values": "3.0, 2",
        "target_value": 70
      },
      "optionB": {
        "trial_id": "4",
        "task_id": "161",
        "values": "3.0, 2",
        "target_value": 75
      },
      "choice": {
        "button": "J",
        "selected_option": "OptionB"
      }
    },
    {
      "question": 5,
      "target": "Exam Score",
      "target_value": 79,
      "options": [
        "Study Time",
        "Coffee Consumption"
      ],
      "optionA": {
        "trial_id": "14",
        "task_id": "14",
        "values": "6.0, 5",
        "target_value": 79
      },
      "optionB": {
        "trial_id": "13",
        "task_id": "14",
        "values": "5.0, 3",
        "target_value": 83
      },
      "choice": {
        "button": "F",
        "selected_option": "OptionA"
      }
    },
    {
      "question": 6,
      "target": "Morning alertness (1-10)",
      "target_value": 9,
      "options": [
        "Amount of sleep (hours)",
        "Time to bed (minutes past 10pm)"
      ],
      "optionA": {
        "trial_id": "4",
        "task_id": "96",
        "values": "9.0, 15",
        "target_value": 9
      },
      "optionB": {
        "trial_id": "11",
        "task_id": "96",
        "values": "7.0, 30",
        "target_value": 6
      },
      "choice": {
        "button": "F",
        "selected_option": "OptionA"
      }
    },
    {
      "question": 7,
      "target": "Favorability",
      "target_value": 3,
      "options": [
        "Coffee strength",
        "Coffee cream"
      ],
      "optionA": {
        "trial_id": "18",
        "task_id": "57",
        "values": "4.0, 0.6",
        "target_value": 3
      },
      "optionB": {
        "trial_id": "1",
        "task_id": "57",
        "values": "8.0, 0.5",
        "target_value": 7
      },
      "choice": {
        "button": "F",
        "selected_option": "OptionA"
      }
    },
    {
      "question": 8,
      "target": "Calories burned",
      "target_value": 250,
      "options": [
        "Exercise time (min)",
        "Heart rate (bpm)"
      ],
      "optionA": {
        "trial_id": "1",
        "task_id": "116",
        "values": "30.0, 100",
        "target_value": 250
      },
      "optionB": {
        "trial_id": "18",
        "task_id": "116",
        "values": "35.0, 120",
        "target_value": 350
      },
      "choice": {
        "button": "J",
        "selected_option": "OptionB"
      }
    },
    {
      "question": 9,
      "target": "Enjoyment Score",
      "target_value": 4.6,
      "options": [
        "Book Thickness",
        "Number of Reviews"
      ],
      "optionA": {
        "trial_id": "2",
        "task_id": "27",
        "values": "300.0, 200.0",
        "target_value": 4.6
      },
      "optionB": {
        "trial_id": "5",
        "task_id": "27",
        "values": "300.0, 120.0",
        "target_value": 4.5
      },
      "choice": {
        "button": "F",
        "selected_option": "OptionA"
      }
    },
    {
      "question": "attention_check_9",
      "choice": "J",
      "passed": true,
      "timestamp": 1756154715852
    },
    {
      "question": 10,
      "target": "Heart Health Score",
      "target_value": 83,
      "options": [
        "Age (years)",
        "Exercise Frequency"
      ],
      "optionA": {
        "trial_id": "16",
        "task_id": "149",
        "values": "44.0, 6.0",
        "target_value": 83
      },
      "optionB": {
        "trial_id": "20",
        "task_id": "149",
        "values": "46.0, 4.0",
        "target_value": 79
      },
      "choice": {
        "button": "F",
        "selected_option": "OptionA"
      }
    },
    {
      "question": 11,
      "target": "Deliciousness",
      "target_value": 8,
      "options": [
        "Cooking Time",
        "Ingredients"
      ],
      "optionA": {
        "trial_id": "16",
        "task_id": "65",
        "values": "25.0, 5",
        "target_value": 8
      },
      "optionB": {
        "trial_id": "20",
        "task_id": "19",
        "values": "30.0, 6.0",
        "target_value": 7
      },
      "choice": {
        "button": "J",
        "selected_option": "OptionB"
      }
    },
    {
      "question": 12,
      "target": "Favorability",
      "target_value": 6,
      "options": [
        "Coffee strength",
        "Coffee cream"
      ],
      "optionA": {
        "trial_id": "3",
        "task_id": "57",
        "values": "7.0, 0.7",
        "target_value": 6
      },
      "optionB": {
        "trial_id": "18",
        "task_id": "57",
        "values": "4.0, 0.6",
        "target_value": 3
      },
      "choice": {
        "button": "J",
        "selected_option": "OptionB"
      }
    },
    {
      "question": 13,
      "target": "Mood Score (1-10)",
      "target_value": 6,
      "options": [
        "Hours of Sleep",
        "Screen Time (hours)"
      ],
      "optionA": {
        "trial_id": "9",
        "task_id": "109",
        "values": "5.0, 4",
        "target_value": 6
      },
      "optionB": {
        "trial_id": "13",
        "task_id": "109",
        "values": "8.0, 3",
        "target_value": 8
      },
      "choice": {
        "button": "J",
        "selected_option": "OptionB"
      }
    },
    {
      "question": 14,
      "target": "Muscle gain",
      "target_value": 60,
      "options": [
        "Exercise intensity",
        "Water intake"
      ],
      "optionA": {
        "trial_id": "20",
        "task_id": "86",
        "values": "5.0, 6",
        "target_value": 60
      },
      "optionB": {
        "trial_id": "13",
        "task_id": "86",
        "values": "6.0, 2",
        "target_value": 80
      },
      "choice": {
        "button": "F",
        "selected_option": "OptionA"
      }
    },
    {
      "question": 15,
      "target": "Fuel consumption (liters per 100km)",
      "target_value": 8.2,
      "options": [
        "Car engine size (liters)",
        "Car weight (kg)"
      ],
      "optionA": {
        "trial_id": "3",
        "task_id": "113",
        "values": "2.4, 1300",
        "target_value": 8.2
      },
      "optionB": {
        "trial_id": "20",
        "task_id": "113",
        "values": "1.4, 1750",
        "target_value": 6.3
      },
      "choice": {
        "button": "F",
        "selected_option": "OptionA"
      }
    },
    {
      "question": 16,
      "target": "Cooking Time (minutes)",
      "target_value": 13,
      "options": [
        "Number of Ingredients",
        "Prep Time (minutes)"
      ],
      "optionA": {
        "trial_id": "13",
        "task_id": "26",
        "values": "6.0, 10.0",
        "target_value": 13
      },
      "optionB": {
        "trial_id": "11",
        "task_id": "26",
        "values": "4.0, 8.0",
        "target_value": 14
      },
      "choice": {
        "button": "F",
        "selected_option": "OptionA"
      }
    },
    {
      "question": 17,
      "target": "Shadow coverage",
      "target_value": 70,
      "options": [
        "Tree height",
        "Tree thickness"
      ],
      "optionA": {
        "trial_id": "9",
        "task_id": "58",
        "values": "9.0, 3.0",
        "target_value": 70
      },
      "optionB": {
        "trial_id": "2",
        "task_id": "58",
        "values": "8.0, 3.0",
        "target_value": 60
      },
      "choice": {
        "button": "F",
        "selected_option": "OptionA"
      }
    },
    {
      "question": 18,
      "target": "Calories Burned",
      "target_value": 180,
      "options": [
        "Exercise Duration",
        "Exercise Intensity"
      ],
      "optionA": {
        "trial_id": "3",
        "task_id": "71",
        "values": "25.0, 6.0",
        "target_value": 180
      },
      "optionB": {
        "trial_id": "19",
        "task_id": "71",
        "values": "25.0, 5.0",
        "target_value": 180
      },
      "choice": {
        "button": "F",
        "selected_option": "OptionA"
      }
    },
    {
      "question": 19,
      "target": "Morning Alertness",
      "target_value": 6,
      "options": [
        "Hours of Sleep",
        "Number of Alarms"
      ],
      "optionA": {
        "trial_id": "11",
        "task_id": "160",
        "values": "7.0, 2",
        "target_value": 6
      },
      "optionB": {
        "trial_id": "7",
        "task_id": "160",
        "values": "9.0, 0",
        "target_value": 10
      },
      "choice": {
        "button": "J",
        "selected_option": "OptionB"
      }
    },
    {
      "question": "attention_check_19",
      "choice": "F",
      "passed": true,
      "timestamp": 1756154799017
    },
    {
      "question": 20,
      "target": "Fuel Efficiency",
      "target_value": 22,
      "options": [
        "Car Engine Size",
        "Car Weight"
      ],
      "optionA": {
        "trial_id": "2",
        "task_id": "168",
        "values": "3.5, 3500",
        "target_value": 22
      },
      "optionB": {
        "trial_id": "19",
        "task_id": "168",
        "values": "2.0, 3500",
        "target_value": 30
      },
      "choice": {
        "button": "J",
        "selected_option": "OptionB"
      }
    },
    {
      "question": 21,
      "target": "Garden yield (lbs)",
      "target_value": 22,
      "options": [
        "Amount of rainfall (inches)",
        "Soil type (1=clay, 2=sandy)"
      ],
      "optionA": {
        "trial_id": "12",
        "task_id": "142",
        "values": "4.0, 2",
        "target_value": 22
      },
      "optionB": {
        "trial_id": "2",
        "task_id": "142",
        "values": "4.0, 2",
        "target_value": 20
      },
      "choice": {
        "button": "F",
        "selected_option": "OptionA"
      }
    },
    {
      "question": 22,
      "target": "Ease of Use (1-10)",
      "target_value": 6,
      "options": [
        "Bag Weight (kg)",
        "Number of Compartments"
      ],
      "optionA": {
        "trial_id": "10",
        "task_id": "6",
        "values": "3.0, 5",
        "target_value": 6
      },
      "optionB": {
        "trial_id": "2",
        "task_id": "6",
        "values": "3.0, 5",
        "target_value": 7
      },
      "choice": {
        "button": "F",
        "selected_option": "OptionA"
      }
    },
    {
      "question": 23,
      "target": "Playfulness score (1-10)",
      "target_value": 6,
      "options": [
        "Dog weight (kg)",
        "Dog age (years)"
      ],
      "optionA": {
        "trial_id": "5",
        "task_id": "147",
        "values": "14.0, 4",
        "target_value": 6
      },
      "optionB": {
        "trial_id": "5",
        "task_id": "147",
        "values": "14.0, 4",
        "target_value": 6
      },
      "choice": {
        "button": "J",
        "selected_option": "OptionB"
      }
    },
    {
      "question": 24,
      "target": "Comfort",
      "target_value": 6,
      "options": [
        "Age",
        "Size"
      ],
      "optionA": {
        "trial_id": "14",
        "task_id": "66",
        "values": "8.0, 20",
        "target_value": 6
      },
      "optionB": {
        "trial_id": "13",
        "task_id": "66",
        "values": "4.0, 30",
        "target_value": 8
      },
      "choice": {
        "button": "J",
        "selected_option": "OptionB"
      }
    },
    {
      "question": 25,
      "target": "Car Value",
      "target_value": 25000,
      "options": [
        "Age (years)",
        "Mileage (km)"
      ],
      "optionA": {
        "trial_id": "6",
        "task_id": "127",
        "values": "8.0, 45000",
        "target_value": 25000
      },
      "optionB": {
        "trial_id": "16",
        "task_id": "127",
        "values": "7.0, 35000",
        "target_value": 30000
      },
      "choice": {
        "button": "F",
        "selected_option": "OptionA"
      }
    },
    {
      "question": 26,
      "target": "Shade Area (sq ft)",
      "target_value": 150,
      "options": [
        "Tree Height (ft)",
        "Tree Diameter (in)"
      ],
      "optionA": {
        "trial_id": "3",
        "task_id": "33",
        "values": "50.0, 8.0",
        "target_value": 150
      },
      "optionB": {
        "trial_id": "1",
        "task_id": "33",
        "values": "40.0, 10.0",
        "target_value": 120
      },
      "choice": {
        "button": "F",
        "selected_option": "OptionA"
      }
    },
    {
      "question": 27,
      "target": "Customer Rating (1-10)",
      "target_value": 6,
      "options": [
        "Price ($)",
        "Weight (oz)"
      ],
      "optionA": {
        "trial_id": "6",
        "task_id": "108",
        "values": "18.0, 12",
        "target_value": 6
      },
      "optionB": {
        "trial_id": "1",
        "task_id": "108",
        "values": "10.0, 8",
        "target_value": 8
      },
      "choice": {
        "button": "J",
        "selected_option": "OptionB"
      }
    },
    {
      "question": 28,
      "target": "Fuel Consumption (mpg)",
      "target_value": 30,
      "options": [
        "Speed (mph)",
        "Engine Size (L)"
      ],
      "optionA": {
        "trial_id": "1",
        "task_id": "156",
        "values": "60.0, 2.0",
        "target_value": 30
      },
      "optionB": {
        "trial_id": "8",
        "task_id": "156",
        "values": "70.0, 3.5",
        "target_value": 22
      },
      "choice": {
        "button": "J",
        "selected_option": "OptionB"
      }
    },
    {
      "question": 29,
      "target": "Energy Level (1-10)",
      "target_value": 1,
      "options": [
        "Dog Weight (lbs)",
        "Dog Age (years)"
      ],
      "optionA": {
        "trial_id": "10",
        "task_id": "36",
        "values": "50.0, 5.0",
        "target_value": 1
      },
      "optionB": {
        "trial_id": "10",
        "task_id": "36",
        "values": "50.0, 5.0",
        "target_value": 1
      },
      "choice": {
        "button": "F",
        "selected_option": "OptionA"
      }
    },
    {
      "question": "attention_check_29",
      "choice": "J",
      "passed": true,
      "timestamp": 1756154863077
    },
    {
      "question": 30,
      "target": "Cooking time (minutes)",
      "target_value": 21,
      "options": [
        "Number of ingredients",
        "Prep time (minutes)"
      ],
      "optionA": {
        "trial_id": "18",
        "task_id": "140",
        "values": "4.0, 13",
        "target_value": 21
      },
      "optionB": {
        "trial_id": "9",
        "task_id": "140",
        "values": "6.0, 10",
        "target_value": 24
      },
      "choice": {
        "button": "J",
        "selected_option": "OptionB"
      }
    },
    {
      "question": 31,
      "target": "Cooking Time (minutes)",
      "target_value": 10,
      "options": [
        "Number of Ingredients",
        "Prep Time (minutes)"
      ],
      "optionA": {
        "trial_id": "6",
        "task_id": "26",
        "values": "6.0, 10.0",
        "target_value": 10
      },
      "optionB": {
        "trial_id": "19",
        "task_id": "26",
        "values": "12.0, 25.0",
        "target_value": 10
      },
      "choice": {
        "button": "J",
        "selected_option": "OptionB"
      }
    },
    {
      "question": 32,
      "target": "Ease of Use (1-10)",
      "target_value": 7,
      "options": [
        "Bag Weight (kg)",
        "Number of Compartments"
      ],
      "optionA": {
        "trial_id": "15",
        "task_id": "6",
        "values": "3.0, 4",
        "target_value": 7
      },
      "optionB": {
        "trial_id": "18",
        "task_id": "6",
        "values": "2.5, 3",
        "target_value": 8
      },
      "choice": {
        "button": "F",
        "selected_option": "OptionA"
      }
    },
    {
      "question": 33,
      "target": "Nutritional Value",
      "target_value": 70,
      "options": [
        "Weight",
        "Calories"
      ],
      "optionA": {
        "trial_id": "1",
        "task_id": "136",
        "values": "100.0, 150.0",
        "target_value": 70
      },
      "optionB": {
        "trial_id": "19",
        "task_id": "136",
        "values": "90.0, 100.0",
        "target_value": 75
      },
      "choice": {
        "button": "F",
        "selected_option": "OptionA"
      }
    },
    {
      "question": 34,
      "target": "Usage Time",
      "target_value": 14,
      "options": [
        "Battery Capacity",
        "Weight"
      ],
      "optionA": {
        "trial_id": "3",
        "task_id": "22",
        "values": "5000.0, 180.0",
        "target_value": 14
      },
      "optionB": {
        "trial_id": "12",
        "task_id": "22",
        "values": "5000.0, 190.0",
        "target_value": 14
      },
      "choice": {
        "button": "J",
        "selected_option": "OptionB"
      }
    },
    {
      "question": 35,
      "target": "Exam score (points)",
      "target_value": 65,
      "options": [
        "Time spent studying (hours)",
        "Number of breaks (times)"
      ],
      "optionA": {
        "trial_id": "8",
        "task_id": "89",
        "values": "1.0, 2",
        "target_value": 65
      },
      "optionB": {
        "trial_id": "18",
        "task_id": "139",
        "values": "4.0, 4",
        "target_value": 65
      },
      "choice": {
        "button": "J",
        "selected_option": "OptionB"
      }
    },
    {
      "question": 36,
      "target": "Fuel Efficiency (km/L)",
      "target_value": 10,
      "options": [
        "Car Engine Size (L)",
        "Weight (kg)"
      ],
      "optionA": {
        "trial_id": "2",
        "task_id": "107",
        "values": "3.0, 1300",
        "target_value": 10
      },
      "optionB": {
        "trial_id": "5",
        "task_id": "107",
        "values": "3.0, 1400",
        "target_value": 10
      },
      "choice": {
        "button": "F",
        "selected_option": "OptionA"
      }
    },
    {
      "question": 37,
      "target": "Freshness",
      "target_value": 7,
      "options": [
        "Cooking Time",
        "Ingredients"
      ],
      "optionA": {
        "trial_id": "14",
        "task_id": "19",
        "values": "32.0, 3.0",
        "target_value": 7
      },
      "optionB": {
        "trial_id": "16",
        "task_id": "65",
        "values": "25.0, 5",
        "target_value": 8
      },
      "choice": {
        "button": "F",
        "selected_option": "OptionA"
      }
    },
    {
      "question": 38,
      "target": "Enjoyment (1-10)",
      "target_value": 6,
      "options": [
        "Book Thickness (cm)",
        "Author Fame (1-10)"
      ],
      "optionA": {
        "trial_id": "20",
        "task_id": "1",
        "values": "6.0, 5",
        "target_value": 6
      },
      "optionB": {
        "trial_id": "16",
        "task_id": "1",
        "values": "4.0, 4",
        "target_value": 6
      },
      "choice": {
        "button": "F",
        "selected_option": "OptionA"
      }
    },
    {
      "question": 39,
      "target": "Strength",
      "target_value": 7,
      "options": [
        "Tea leaves (g)",
        "Water temperature (\u00b0C)"
      ],
      "optionA": {
        "trial_id": "10",
        "task_id": "120",
        "values": "6.0, 97",
        "target_value": 7
      },
      "optionB": {
        "trial_id": "11",
        "task_id": "120",
        "values": "6.0, 88",
        "target_value": 7
      },
      "choice": {
        "button": "F",
        "selected_option": "OptionA"
      }
    },
    {
      "question": "attention_check_39",
      "choice": "F",
      "passed": true,
      "timestamp": 1756154925465
    },
    {
      "question": 40,
      "target": "Comfort Level",
      "target_value": 3,
      "options": [
        "Room Size",
        "Lighting"
      ],
      "optionA": {
        "trial_id": "19",
        "task_id": "132",
        "values": "65.0, 0.2",
        "target_value": 3
      },
      "optionB": {
        "trial_id": "1",
        "task_id": "132",
        "values": "20.0, 5.0",
        "target_value": 8
      },
      "choice": {
        "button": "F",
        "selected_option": "OptionA"
      }
    },
    {
      "question": 41,
      "target": "Heart Health Score",
      "target_value": 87,
      "options": [
        "Age (years)",
        "Exercise Frequency"
      ],
      "optionA": {
        "trial_id": "17",
        "task_id": "149",
        "values": "29.0, 4.0",
        "target_value": 87
      },
      "optionB": {
        "trial_id": "9",
        "task_id": "149",
        "values": "28.0, 5.0",
        "target_value": 89
      },
      "choice": {
        "button": "J",
        "selected_option": "OptionB"
      }
    },
    {
      "question": 42,
      "target": "Battery Life (hours)",
      "target_value": 8.5,
      "options": [
        "Phone Battery Capacity (mAh)",
        "Phone Weight (g)"
      ],
      "optionA": {
        "trial_id": "11",
        "task_id": "34",
        "values": "3500.0, 155.0",
        "target_value": 8.5
      },
      "optionB": {
        "trial_id": "8",
        "task_id": "34",
        "values": "5500.0, 130.0",
        "target_value": 13
      },
      "choice": {
        "button": "J",
        "selected_option": "OptionB"
      }
    },
    {
      "question": 43,
      "target": "Customer Satisfaction",
      "target_value": 7,
      "options": [
        "Restaurant Wait Time (in mins)",
        "Restaurant Rating (1-5)"
      ],
      "optionA": {
        "trial_id": "8",
        "task_id": "174",
        "values": "10.0, 3",
        "target_value": 7
      },
      "optionB": {
        "trial_id": "20",
        "task_id": "174",
        "values": "14.0, 3",
        "target_value": 7
      },
      "choice": {
        "button": "F",
        "selected_option": "OptionA"
      }
    },
    {
      "question": 44,
      "target": "Battery Life (hours)",
      "target_value": 14.5,
      "options": [
        "Phone Battery Capacity (mAh)",
        "Phone Weight (g)"
      ],
      "optionA": {
        "trial_id": "17",
        "task_id": "34",
        "values": "6500.0, 125.0",
        "target_value": 14.5
      },
      "optionB": {
        "trial_id": "12",
        "task_id": "34",
        "values": "3000.0, 165.0",
        "target_value": 8
      },
      "choice": {
        "button": "F",
        "selected_option": "OptionA"
      }
    },
    {
      "question": 45,
      "target": "Customer Rating (1-10)",
      "target_value": 6,
      "options": [
        "Price ($)",
        "Weight (oz)"
      ],
      "optionA": {
        "trial_id": "6",
        "task_id": "108",
        "values": "18.0, 12",
        "target_value": 6
      },
      "optionB": {
        "trial_id": "17",
        "task_id": "108",
        "values": "20.0, 16",
        "target_value": 5
      },
      "choice": {
        "button": "F",
        "selected_option": "OptionA"
      }
    },
    {
      "question": 46,
      "target": "Exam score (%)",
      "target_value": 50,
      "options": [
        "Time spent studying (hours)",
        "Number of breaks (times)"
      ],
      "optionA": {
        "trial_id": "14",
        "task_id": "139",
        "values": "2.0, 3",
        "target_value": 50
      },
      "optionB": {
        "trial_id": "19",
        "task_id": "89",
        "values": "4.0, 0",
        "target_value": 90
      },
      "choice": {
        "button": "J",
        "selected_option": "OptionB"
      }
    },
    {
      "question": 47,
      "target": "BMI",
      "target_value": 27,
      "options": [
        "Height (inches)",
        "Weight (lbs)"
      ],
      "optionA": {
        "trial_id": "11",
        "task_id": "158",
        "values": "71.0, 190.0",
        "target_value": 27
      },
      "optionB": {
        "trial_id": "19",
        "task_id": "158",
        "values": "72.0, 210.0",
        "target_value": 28.7
      },
      "choice": {
        "button": "J",
        "selected_option": "OptionB"
      }
    },
    {
      "question": 48,
      "target": "Exam score",
      "target_value": 70,
      "options": [
        "Study time",
        "Hours slept"
      ],
      "optionA": {
        "trial_id": "14",
        "task_id": "102",
        "values": "2.0, 9",
        "target_value": 70
      },
      "optionB": {
        "trial_id": "10",
        "task_id": "102",
        "values": "2.0, 9",
        "target_value": 70
      },
      "choice": {
        "button": "F",
        "selected_option": "OptionA"
      }
    },
    {
      "question": 49,
      "target": "Value",
      "target_value": 7,
      "options": [
        "Price",
        "Size"
      ],
      "optionA": {
        "trial_id": "16",
        "task_id": "67",
        "values": "90.0, 30",
        "target_value": 7
      },
      "optionB": {
        "trial_id": "4",
        "task_id": "67",
        "values": "100.0, 50",
        "target_value": 8
      },
      "choice": {
        "button": "J",
        "selected_option": "OptionB"
      }
    },
    {
      "question": 50,
      "target": "Physical Endurance",
      "target_value": 7.5,
      "options": [
        "Age",
        "Height"
      ],
      "optionA": {
        "trial_id": "17",
        "task_id": "135",
        "values": "30.0, 170.0",
        "target_value": 7.5
      },
      "optionB": {
        "trial_id": "9",
        "task_id": "123",
        "values": "50.0, 150.0",
        "target_value": 65
      },
      "choice": {
        "button": "F",
        "selected_option": "OptionA"
      }
    }
  ]
}