{
  "prolific_id": "UNKNOWN",
  "condition_group": "ranking",
  "responses": [
    {
      "question": 1,
      "target": "Exam Score (points)",
      "target_value": 85,
      "options": [
        "Study Time (hours)",
        "Distractions (number)"
      ],
      "optionA": {
        "trial_id": "8",
        "task_id": "23",
        "values": "6.0, 1",
        "target_value": 85
      },
      "optionB": {
        "trial_id": "4",
        "task_id": "23",
        "values": "5.0, 2",
        "target_value": 80
      },
      "choice": {
        "button": "F",
        "selected_option": "OptionA"
      }
    },
    {
      "question": 2,
      "target": "Exam score",
      "target_value": 90,
      "options": [
        "Time spent studying",
        "Time spent watching TV"
      ],
      "optionA": {
        "trial_id": "2",
        "task_id": "100",
        "values": "6.0, 1.0",
        "target_value": 90
      },
      "optionB": {
        "trial_id": "6",
        "task_id": "100",
        "values": "8.0, 0.0",
        "target_value": 100
      },
      "choice": {
        "button": "J",
        "selected_option": "OptionB"
      }
    },
    {
      "question": 3,
      "target": "Reading time (hours)",
      "target_value": 5,
      "options": [
        "Book pages",
        "Book weight (g)"
      ],
      "optionA": {
        "trial_id": "14",
        "task_id": "114",
        "values": "400.0, 390",
        "target_value": 5
      },
      "optionB": {
        "trial_id": "10",
        "task_id": "114",
        "values": "500.0, 370",
        "target_value": 5.9
      },
      "choice": {
        "button": "J",
        "selected_option": "OptionB"
      }
    },
    {
      "question": 4,
      "target": "Tastiness",
      "target_value": 7,
      "options": [
        "Pizza size (inches)",
        "Cheese amount (g)"
      ],
      "optionA": {
        "trial_id": "9",
        "task_id": "121",
        "values": "12.0, 170",
        "target_value": 7
      },
      "optionB": {
        "trial_id": "3",
        "task_id": "121",
        "values": "14.0, 140",
        "target_value": 7
      },
      "choice": {
        "button": "F",
        "selected_option": "OptionA"
      }
    },
    {
      "question": 5,
      "target": "Calories Burned",
      "target_value": 210,
      "options": [
        "Exercise Duration",
        "Exercise Intensity"
      ],
      "optionA": {
        "trial_id": "2",
        "task_id": "71",
        "values": "45.0, 4.0",
        "target_value": 210
      },
      "optionB": {
        "trial_id": "4",
        "task_id": "71",
        "values": "40.0, 5.0",
        "target_value": 200
      },
      "choice": {
        "button": "J",
        "selected_option": "OptionB"
      }
    },
    {
      "question": 6,
      "target": "Test Score",
      "target_value": 70,
      "options": [
        "Student Study Time",
        "Student Distractions"
      ],
      "optionA": {
        "trial_id": "20",
        "task_id": "72",
        "values": "3.0, 7.0",
        "target_value": 70
      },
      "optionB": {
        "trial_id": "15",
        "task_id": "72",
        "values": "1.0, 4.0",
        "target_value": 70
      },
      "choice": {
        "button": "F",
        "selected_option": "OptionA"
      }
    },
    {
      "question": 7,
      "target": "Mobile Phone Performance",
      "target_value": 110,
      "options": [
        "Mobile Phone RAM",
        "Mobile Phone Battery Size"
      ],
      "optionA": {
        "trial_id": "17",
        "task_id": "40",
        "values": "20.0, 2400",
        "target_value": 110
      },
      "optionB": {
        "trial_id": "6",
        "task_id": "40",
        "values": "10.0, 3300",
        "target_value": 75
      },
      "choice": {
        "button": "F",
        "selected_option": "OptionA"
      }
    },
    {
      "question": 8,
      "target": "Fuel efficiency (km/L)",
      "target_value": 11,
      "options": [
        "Car engine size (L)",
        "Car weight (kg)"
      ],
      "optionA": {
        "trial_id": "13",
        "task_id": "150",
        "values": "2.5, 1500.0",
        "target_value": 11
      },
      "optionB": {
        "trial_id": "5",
        "task_id": "150",
        "values": "3.0, 1600.0",
        "target_value": 10
      },
      "choice": {
        "button": "J",
        "selected_option": "OptionB"
      }
    },
    {
      "question": 9,
      "target": "How many people buy it",
      "target_value": 50,
      "options": [
        "Shoe price (in USD)",
        "Comfort rating (1-10)"
      ],
      "optionA": {
        "trial_id": "1",
        "task_id": "126",
        "values": "100.0, 8.0",
        "target_value": 50
      },
      "optionB": {
        "trial_id": "5",
        "task_id": "126",
        "values": "110.0, 9.0",
        "target_value": 40
      },
      "choice": {
        "button": "F",
        "selected_option": "OptionA"
      }
    },
    {
      "question": "attention_check_9",
      "choice": "J",
      "passed": true,
      "timestamp": 1756154519721
    },
    {
      "question": 10,
      "target": "Reaction Time (ms)",
      "target_value": 300,
      "options": [
        "Age (years)",
        "Driving Experience (years)"
      ],
      "optionA": {
        "trial_id": "6",
        "task_id": "25",
        "values": "22.0, 3.0",
        "target_value": 300
      },
      "optionB": {
        "trial_id": "2",
        "task_id": "25",
        "values": "30.0, 10.0",
        "target_value": 250
      },
      "choice": {
        "button": "J",
        "selected_option": "OptionB"
      }
    },
    {
      "question": 11,
      "target": "Exam Score",
      "target_value": 75,
      "options": [
        "Study Time",
        "Coffee Consumption"
      ],
      "optionA": {
        "trial_id": "2",
        "task_id": "14",
        "values": "4.0, 5",
        "target_value": 75
      },
      "optionB": {
        "trial_id": "15",
        "task_id": "14",
        "values": "6.0, 4",
        "target_value": 86
      },
      "choice": {
        "button": "J",
        "selected_option": "OptionB"
      }
    },
    {
      "question": 12,
      "target": "Reaction Time (ms)",
      "target_value": 270,
      "options": [
        "Age (years)",
        "Driving Experience (years)"
      ],
      "optionA": {
        "trial_id": "10",
        "task_id": "25",
        "values": "28.0, 8.0",
        "target_value": 270
      },
      "optionB": {
        "trial_id": "2",
        "task_id": "25",
        "values": "30.0, 10.0",
        "target_value": 250
      },
      "choice": {
        "button": "J",
        "selected_option": "OptionB"
      }
    },
    {
      "question": 13,
      "target": "Battery Life",
      "target_value": 20,
      "options": [
        "Phone Battery Capacity",
        "Number of Apps Installed"
      ],
      "optionA": {
        "trial_id": "2",
        "task_id": "78",
        "values": "3000.0, 40",
        "target_value": 20
      },
      "optionB": {
        "trial_id": "18",
        "task_id": "78",
        "values": "4000.0, 30",
        "target_value": 22
      },
      "choice": {
        "button": "J",
        "selected_option": "OptionB"
      }
    },
    {
      "question": 14,
      "target": "Reading Enjoyment",
      "target_value": 10,
      "options": [
        "Book Length",
        "Author Fame"
      ],
      "optionA": {
        "trial_id": "7",
        "task_id": "131",
        "values": "600.0, 5.0",
        "target_value": 10
      },
      "optionB": {
        "trial_id": "9",
        "task_id": "131",
        "values": "700.0, 4.0",
        "target_value": 11
      },
      "choice": {
        "button": "J",
        "selected_option": "OptionB"
      }
    },
    {
      "question": 15,
      "target": "User Satisfaction",
      "target_value": 8.6,
      "options": [
        "Smartphone Price",
        "Battery Capacity"
      ],
      "optionA": {
        "trial_id": "3",
        "task_id": "31",
        "values": "550.0, 4500.0",
        "target_value": 8.6
      },
      "optionB": {
        "trial_id": "8",
        "task_id": "31",
        "values": "550.0, 4600.0",
        "target_value": 8.6
      },
      "choice": {
        "button": "J",
        "selected_option": "OptionB"
      }
    },
    {
      "question": 16,
      "target": "Retention Rate (%)",
      "target_value": 88,
      "options": [
        "Study Time (hours)",
        "Number of Distractions"
      ],
      "optionA": {
        "trial_id": "15",
        "task_id": "161",
        "values": "5.0, 1",
        "target_value": 88
      },
      "optionB": {
        "trial_id": "12",
        "task_id": "161",
        "values": "3.0, 3",
        "target_value": 75
      },
      "choice": {
        "button": "F",
        "selected_option": "OptionA"
      }
    },
    {
      "question": 17,
      "target": "Warmth Rating (1-10)",
      "target_value": 7.5,
      "options": [
        "Shirt Thickness (mm)",
        "Shirt Weight (g)"
      ],
      "optionA": {
        "trial_id": "11",
        "task_id": "35",
        "values": "2.5, 155.0",
        "target_value": 7.5
      },
      "optionB": {
        "trial_id": "13",
        "task_id": "35",
        "values": "3.5, 145.0",
        "target_value": 8.5
      },
      "choice": {
        "button": "J",
        "selected_option": "OptionB"
      }
    },
    {
      "question": 18,
      "target": "Warmth Rating (1-10)",
      "target_value": 9.5,
      "options": [
        "Shirt Thickness (mm)",
        "Shirt Weight (g)"
      ],
      "optionA": {
        "trial_id": "15",
        "task_id": "35",
        "values": "4.5, 135.0",
        "target_value": 9.5
      },
      "optionB": {
        "trial_id": "13",
        "task_id": "35",
        "values": "3.5, 145.0",
        "target_value": 8.5
      },
      "choice": {
        "button": "F",
        "selected_option": "OptionA"
      }
    },
    {
      "question": 19,
      "target": "Market value",
      "target_value": 300,
      "options": [
        "House size",
        "House floors"
      ],
      "optionA": {
        "trial_id": "1",
        "task_id": "64",
        "values": "200.0, 2.0",
        "target_value": 300
      },
      "optionB": {
        "trial_id": "11",
        "task_id": "64",
        "values": "240.0, 1.0",
        "target_value": 340
      },
      "choice": {
        "button": "J",
        "selected_option": "OptionB"
      }
    },
    {
      "question": "attention_check_19",
      "choice": "F",
      "passed": true,
      "timestamp": 1756154543936
    },
    {
      "question": 20,
      "target": "Battery Life",
      "target_value": 19,
      "options": [
        "Phone Battery Capacity",
        "Screen Size"
      ],
      "optionA": {
        "trial_id": "15",
        "task_id": "28",
        "values": "3800.0, 5.7",
        "target_value": 19
      },
      "optionB": {
        "trial_id": "10",
        "task_id": "28",
        "values": "4000.0, 6.6",
        "target_value": 19
      },
      "choice": {
        "button": "J",
        "selected_option": "OptionB"
      }
    },
    {
      "question": 21,
      "target": "Student Exam Score",
      "target_value": 75,
      "options": [
        "Student Study Hours",
        "Student Distractions"
      ],
      "optionA": {
        "trial_id": "9",
        "task_id": "8",
        "values": "6.0, 5",
        "target_value": 75
      },
      "optionB": {
        "trial_id": "9",
        "task_id": "8",
        "values": "6.0, 5",
        "target_value": 75
      },
      "choice": {
        "button": "F",
        "selected_option": "OptionA"
      }
    },
    {
      "question": 22,
      "target": "Walking speed (km/h)",
      "target_value": 4.4,
      "options": [
        "Person height (cm)",
        "Age (years)"
      ],
      "optionA": {
        "trial_id": "14",
        "task_id": "163",
        "values": "165.0, 39.0",
        "target_value": 4.4
      },
      "optionB": {
        "trial_id": "10",
        "task_id": "163",
        "values": "180.0, 37.0",
        "target_value": 5
      },
      "choice": {
        "button": "J",
        "selected_option": "OptionB"
      }
    },
    {
      "question": 23,
      "target": "Comfort",
      "target_value": 8,
      "options": [
        "Age",
        "Size"
      ],
      "optionA": {
        "trial_id": "3",
        "task_id": "66",
        "values": "3.0, 25",
        "target_value": 8
      },
      "optionB": {
        "trial_id": "19",
        "task_id": "66",
        "values": "7.0, 25",
        "target_value": 6
      },
      "choice": {
        "button": "J",
        "selected_option": "OptionB"
      }
    },
    {
      "question": 24,
      "target": "Shade Area (sq ft)",
      "target_value": 210,
      "options": [
        "Tree Height (ft)",
        "Tree Diameter (in)"
      ],
      "optionA": {
        "trial_id": "10",
        "task_id": "33",
        "values": "70.0, 5.0",
        "target_value": 210
      },
      "optionB": {
        "trial_id": "2",
        "task_id": "33",
        "values": "30.0, 12.0",
        "target_value": 90
      },
      "choice": {
        "button": "F",
        "selected_option": "OptionA"
      }
    },
    {
      "question": 25,
      "target": "Battery Life",
      "target_value": 38,
      "options": [
        "Phone Battery Capacity",
        "Phone Weight"
      ],
      "optionA": {
        "trial_id": "16",
        "task_id": "171",
        "values": "10000.0, 200",
        "target_value": 38
      },
      "optionB": {
        "trial_id": "7",
        "task_id": "171",
        "values": "6000.0, 180",
        "target_value": 24
      },
      "choice": {
        "button": "F",
        "selected_option": "OptionA"
      }
    },
    {
      "question": 26,
      "target": "Tastiness",
      "target_value": 7,
      "options": [
        "Pizza size (inches)",
        "Cheese amount (g)"
      ],
      "optionA": {
        "trial_id": "17",
        "task_id": "121",
        "values": "12.0, 190",
        "target_value": 7
      },
      "optionB": {
        "trial_id": "1",
        "task_id": "121",
        "values": "12.0, 150",
        "target_value": 8
      },
      "choice": {
        "button": "J",
        "selected_option": "OptionB"
      }
    },
    {
      "question": 27,
      "target": "Fuel efficiency (km/L)",
      "target_value": 18,
      "options": [
        "Car engine size (L)",
        "Car weight (kg)"
      ],
      "optionA": {
        "trial_id": "3",
        "task_id": "150",
        "values": "1.6, 1100.0",
        "target_value": 18
      },
      "optionB": {
        "trial_id": "1",
        "task_id": "150",
        "values": "2.0, 1200.0",
        "target_value": 15
      },
      "choice": {
        "button": "J",
        "selected_option": "OptionB"
      }
    },
    {
      "question": 28,
      "target": "Battery Life (hours)",
      "target_value": 14,
      "options": [
        "Phone RAM (GB)",
        "Screen Size (inches)"
      ],
      "optionA": {
        "trial_id": "20",
        "task_id": "104",
        "values": "6.0, 7.3",
        "target_value": 14
      },
      "optionB": {
        "trial_id": "6",
        "task_id": "104",
        "values": "5.0, 6.8",
        "target_value": 14
      },
      "choice": {
        "button": "F",
        "selected_option": "OptionA"
      }
    },
    {
      "question": 29,
      "target": "Car Value",
      "target_value": 47000,
      "options": [
        "Age (years)",
        "Mileage (km)"
      ],
      "optionA": {
        "trial_id": "14",
        "task_id": "127",
        "values": "3.0, 10000",
        "target_value": 47000
      },
      "optionB": {
        "trial_id": "1",
        "task_id": "127",
        "values": "5.0, 20000",
        "target_value": 30000
      },
      "choice": {
        "button": "J",
        "selected_option": "OptionB"
      }
    },
    {
      "question": "attention_check_29",
      "choice": "J",
      "passed": true,
      "timestamp": 1756154564667
    },
    {
      "question": 30,
      "target": "Exam score",
      "target_value": 60,
      "options": [
        "Study time",
        "Hours slept"
      ],
      "optionA": {
        "trial_id": "3",
        "task_id": "102",
        "values": "1.0, 9",
        "target_value": 60
      },
      "optionB": {
        "trial_id": "5",
        "task_id": "102",
        "values": "4.0, 6",
        "target_value": 85
      },
      "choice": {
        "button": "J",
        "selected_option": "OptionB"
      }
    },
    {
      "question": 31,
      "target": "Tree trunk volume (m\u00b3)",
      "target_value": 5,
      "options": [
        "Height (cm)",
        "Width (cm)"
      ],
      "optionA": {
        "trial_id": "3",
        "task_id": "162",
        "values": "190.0, 25",
        "target_value": 5
      },
      "optionB": {
        "trial_id": "19",
        "task_id": "162",
        "values": "150.0, 45",
        "target_value": 3
      },
      "choice": {
        "button": "F",
        "selected_option": "OptionA"
      }
    },
    {
      "question": 32,
      "target": "Battery life",
      "target_value": 12,
      "options": [
        "Battery capacity",
        "Weight"
      ],
      "optionA": {
        "trial_id": "4",
        "task_id": "75",
        "values": "5000.0, 270",
        "target_value": 12
      },
      "optionB": {
        "trial_id": "20",
        "task_id": "75",
        "values": "5000.0, 320",
        "target_value": 12
      },
      "choice": {
        "button": "F",
        "selected_option": "OptionA"
      }
    },
    {
      "question": 33,
      "target": "Fuel efficiency (km/l)",
      "target_value": 16,
      "options": [
        "Car weight (kg)",
        "Engine size (cc)"
      ],
      "optionA": {
        "trial_id": "5",
        "task_id": "153",
        "values": "1100.0, 1700.0",
        "target_value": 16
      },
      "optionB": {
        "trial_id": "3",
        "task_id": "153",
        "values": "1300.0, 1500.0",
        "target_value": 14
      },
      "choice": {
        "button": "J",
        "selected_option": "OptionB"
      }
    },
    {
      "question": 34,
      "target": "Portability",
      "target_value": 7,
      "options": [
        "Battery Life",
        "Weight"
      ],
      "optionA": {
        "trial_id": "18",
        "task_id": "68",
        "values": "30.0, 600",
        "target_value": 7
      },
      "optionB": {
        "trial_id": "16",
        "task_id": "68",
        "values": "24.0, 550",
        "target_value": 7
      },
      "choice": {
        "button": "F",
        "selected_option": "OptionA"
      }
    },
    {
      "question": 35,
      "target": "Battery Life (hours)",
      "target_value": 8,
      "options": [
        "Phone Battery Capacity (mAh)",
        "Phone Weight (g)"
      ],
      "optionA": {
        "trial_id": "1",
        "task_id": "34",
        "values": "3000.0, 150.0",
        "target_value": 8
      },
      "optionB": {
        "trial_id": "3",
        "task_id": "34",
        "values": "4000.0, 140.0",
        "target_value": 10
      },
      "choice": {
        "button": "J",
        "selected_option": "OptionB"
      }
    },
    {
      "question": 36,
      "target": "Battery life (hours)",
      "target_value": 6.4,
      "options": [
        "Laptop weight (kg)",
        "Screen size (inches)"
      ],
      "optionA": {
        "trial_id": "12",
        "task_id": "118",
        "values": "1.7, 12",
        "target_value": 6.4
      },
      "optionB": {
        "trial_id": "7",
        "task_id": "118",
        "values": "1.4, 14",
        "target_value": 7.6
      },
      "choice": {
        "button": "F",
        "selected_option": "OptionA"
      }
    },
    {
      "question": 37,
      "target": "BMI",
      "target_value": 28.7,
      "options": [
        "Height (inches)",
        "Weight (lbs)"
      ],
      "optionA": {
        "trial_id": "4",
        "task_id": "158",
        "values": "63.0, 140.0",
        "target_value": 28.7
      },
      "optionB": {
        "trial_id": "7",
        "task_id": "158",
        "values": "66.0, 140.0",
        "target_value": 24.9
      },
      "choice": {
        "button": "J",
        "selected_option": "OptionB"
      }
    },
    {
      "question": 38,
      "target": "Speed (km/h)",
      "target_value": 21,
      "options": [
        "Bike wheel size (inches)",
        "Frame weight (kg)"
      ],
      "optionA": {
        "trial_id": "17",
        "task_id": "164",
        "values": "29.0, 2.4",
        "target_value": 21
      },
      "optionB": {
        "trial_id": "2",
        "task_id": "164",
        "values": "26.0, 3.0",
        "target_value": 18
      },
      "choice": {
        "button": "F",
        "selected_option": "OptionA"
      }
    },
    {
      "question": 39,
      "target": "Battery Life (hours)",
      "target_value": 16,
      "options": [
        "Phone Battery Capacity (mAh)",
        "Phone Brand (1=Premium, 2=Budget)"
      ],
      "optionA": {
        "trial_id": "7",
        "task_id": "175",
        "values": "3000.0, 1",
        "target_value": 16
      },
      "optionB": {
        "trial_id": "11",
        "task_id": "175",
        "values": "3800.0, 1",
        "target_value": 19
      },
      "choice": {
        "button": "J",
        "selected_option": "OptionB"
      }
    },
    {
      "question": "attention_check_39",
      "choice": "F",
      "passed": true,
      "timestamp": 1756154583681
    },
    {
      "question": 40,
      "target": "Daily travel cost ($)",
      "target_value": 15,
      "options": [
        "Distance to work (miles)",
        "Commute time (minutes)"
      ],
      "optionA": {
        "trial_id": "5",
        "task_id": "138",
        "values": "3.0, 10",
        "target_value": 15
      },
      "optionB": {
        "trial_id": "19",
        "task_id": "138",
        "values": "5.0, 12",
        "target_value": 30
      },
      "choice": {
        "button": "J",
        "selected_option": "OptionB"
      }
    },
    {
      "question": 41,
      "target": "House Price",
      "target_value": 280,
      "options": [
        "House Size",
        "Housing Age"
      ],
      "optionA": {
        "trial_id": "13",
        "task_id": "99",
        "values": "160.0, 14",
        "target_value": 280
      },
      "optionB": {
        "trial_id": "6",
        "task_id": "99",
        "values": "180.0, 12",
        "target_value": 300
      },
      "choice": {
        "button": "J",
        "selected_option": "OptionB"
      }
    },
    {
      "question": 42,
      "target": "Energy Level (scale 1-10)",
      "target_value": 2,
      "options": [
        "Age (years)",
        "Number of Pets"
      ],
      "optionA": {
        "trial_id": "18",
        "task_id": "165",
        "values": "8.0, 3",
        "target_value": 2
      },
      "optionB": {
        "trial_id": "7",
        "task_id": "165",
        "values": "8.0, 2",
        "target_value": 3
      },
      "choice": {
        "button": "F",
        "selected_option": "OptionA"
      }
    },
    {
      "question": 43,
      "target": "Quality",
      "target_value": 75,
      "options": [
        "Price",
        "Size"
      ],
      "optionA": {
        "trial_id": "11",
        "task_id": "21",
        "values": "110.0, 6.0",
        "target_value": 75
      },
      "optionB": {
        "trial_id": "5",
        "task_id": "21",
        "values": "130.0, 7.0",
        "target_value": 70
      },
      "choice": {
        "button": "J",
        "selected_option": "OptionB"
      }
    },
    {
      "question": 44,
      "target": "Mood Score (1-10)",
      "target_value": 5,
      "options": [
        "Hours of Sleep",
        "Screen Time (hours)"
      ],
      "optionA": {
        "trial_id": "10",
        "task_id": "109",
        "values": "4.0, 5",
        "target_value": 5
      },
      "optionB": {
        "trial_id": "17",
        "task_id": "109",
        "values": "6.0, 1",
        "target_value": 7
      },
      "choice": {
        "button": "J",
        "selected_option": "OptionB"
      }
    },
    {
      "question": 45,
      "target": "Battery Life",
      "target_value": 28,
      "options": [
        "Phone Battery Capacity",
        "Phone Weight"
      ],
      "optionA": {
        "trial_id": "9",
        "task_id": "171",
        "values": "7000.0, 180",
        "target_value": 28
      },
      "optionB": {
        "trial_id": "10",
        "task_id": "171",
        "values": "7000.0, 200",
        "target_value": 26
      },
      "choice": {
        "button": "J",
        "selected_option": "OptionB"
      }
    },
    {
      "question": 46,
      "target": "Fuel Cost",
      "target_value": 5,
      "options": [
        "Distance (km)",
        "Fuel Efficiency (km/L)"
      ],
      "optionA": {
        "trial_id": "7",
        "task_id": "70",
        "values": "70.0, 14",
        "target_value": 5
      },
      "optionB": {
        "trial_id": "11",
        "task_id": "70",
        "values": "45.0, 12",
        "target_value": 3.75
      },
      "choice": {
        "button": "F",
        "selected_option": "OptionA"
      }
    },
    {
      "question": 47,
      "target": "Exam score (points)",
      "target_value": 92,
      "options": [
        "Time spent studying (hours)",
        "Number of breaks (times)"
      ],
      "optionA": {
        "trial_id": "13",
        "task_id": "89",
        "values": "5.0, 2",
        "target_value": 92
      },
      "optionB": {
        "trial_id": "14",
        "task_id": "89",
        "values": "2.0, 5",
        "target_value": 72
      },
      "choice": {
        "button": "F",
        "selected_option": "OptionA"
      }
    },
    {
      "question": 48,
      "target": "Exam Score",
      "target_value": 82,
      "options": [
        "Study Time",
        "Coffee Consumption"
      ],
      "optionA": {
        "trial_id": "4",
        "task_id": "14",
        "values": "5.0, 4",
        "target_value": 82
      },
      "optionB": {
        "trial_id": "8",
        "task_id": "14",
        "values": "6.0, 3",
        "target_value": 88
      },
      "choice": {
        "button": "J",
        "selected_option": "OptionB"
      }
    },
    {
      "question": 49,
      "target": "Exercise Burned Calories",
      "target_value": 400,
      "options": [
        "Exercise Intensity",
        "Exercise Duration"
      ],
      "optionA": {
        "trial_id": "19",
        "task_id": "13",
        "values": "12.0, 0",
        "target_value": 400
      },
      "optionB": {
        "trial_id": "19",
        "task_id": "13",
        "values": "12.0, 0",
        "target_value": 400
      },
      "choice": {
        "button": "J",
        "selected_option": "OptionB"
      }
    },
    {
      "question": 50,
      "target": "House Price",
      "target_value": 340,
      "options": [
        "House Size",
        "Housing Age"
      ],
      "optionA": {
        "trial_id": "11",
        "task_id": "99",
        "values": "220.0, 10",
        "target_value": 340
      },
      "optionB": {
        "trial_id": "17",
        "task_id": "99",
        "values": "190.0, 11",
        "target_value": 320
      },
      "choice": {
        "button": "F",
        "selected_option": "OptionA"
      }
    }
  ]
}