{
  "prolific_id": "UNKNOWN",
  "condition_group": "direction",
  "responses": [
    {
      "question": 1,
      "target": "House Price (thousands)",
      "target_value": 380,
      "options": [
        "House Size (m\u00b2)",
        "House Distance to City (km)"
      ],
      "optionA": {
        "trial_id": "6",
        "task_id": "79",
        "values": "160.0, 15.0",
        "target_value": 380
      },
      "optionB": {
        "trial_id": "5",
        "task_id": "79",
        "values": "140.0, 10.0",
        "target_value": 340
      },
      "choice": {
        "button": "J",
        "selected_option": "OptionB"
      }
    },
    {
      "question": 2,
      "target": "Growth Rate",
      "target_value": 4,
      "options": [
        "Plant Leaf Size",
        "Plant Height"
      ],
      "optionA": {
        "trial_id": "2",
        "task_id": "65",
        "values": "12.0, 60.0",
        "target_value": 4
      },
      "optionB": {
        "trial_id": "4",
        "task_id": "65",
        "values": "10.0, 50.0",
        "target_value": 3
      },
      "choice": {
        "button": "F",
        "selected_option": "OptionA"
      }
    },
    {
      "question": 3,
      "target": "Fat Burn (in grams)",
      "target_value": 13,
      "options": [
        "Exercise Time (minutes)",
        "Heart Rate (bpm)"
      ],
      "optionA": {
        "trial_id": "11",
        "task_id": "20",
        "values": "30.0, 115.0",
        "target_value": 13
      },
      "optionB": {
        "trial_id": "8",
        "task_id": "20",
        "values": "45.0, 120.0",
        "target_value": 16
      },
      "choice": {
        "button": "J",
        "selected_option": "OptionB"
      }
    },
    {
      "question": 4,
      "target": "Quality",
      "target_value": 65,
      "options": [
        "Price",
        "Size"
      ],
      "optionA": {
        "trial_id": "11",
        "task_id": "110",
        "values": "90.0, 7.0",
        "target_value": 65
      },
      "optionB": {
        "trial_id": "2",
        "task_id": "110",
        "values": "150.0, 8.0",
        "target_value": 80
      },
      "choice": {
        "button": "J",
        "selected_option": "OptionB"
      }
    },
    {
      "question": 5,
      "target": "Growth speed",
      "target_value": 3.4,
      "options": [
        "Plant height cm",
        "Plant leaf count"
      ],
      "optionA": {
        "trial_id": "16",
        "task_id": "74",
        "values": "24.0, 8.0",
        "target_value": 3.4
      },
      "optionB": {
        "trial_id": "15",
        "task_id": "74",
        "values": "32.0, 11.0",
        "target_value": 4.6
      },
      "choice": {
        "button": "J",
        "selected_option": "OptionB"
      }
    },
    {
      "question": 6,
      "target": "Phone Performance",
      "target_value": 170,
      "options": [
        "Phone RAM",
        "Phone Storage"
      ],
      "optionA": {
        "trial_id": "20",
        "task_id": "86",
        "values": "512.0, 65536.0",
        "target_value": 170
      },
      "optionB": {
        "trial_id": "15",
        "task_id": "86",
        "values": "64.0, 8192.0",
        "target_value": 140
      },
      "choice": {
        "button": "F",
        "selected_option": "OptionA"
      }
    },
    {
      "question": 7,
      "target": "Book Knowledge Content",
      "target_value": 7,
      "options": [
        "Book Page Count",
        "Book Reading Level"
      ],
      "optionA": {
        "trial_id": "10",
        "task_id": "1",
        "values": "330.0, 4.0",
        "target_value": 7
      },
      "optionB": {
        "trial_id": "13",
        "task_id": "1",
        "values": "450.0, 5.0",
        "target_value": 10
      },
      "choice": {
        "button": "J",
        "selected_option": "OptionB"
      }
    },
    {
      "question": 8,
      "target": "Durability Perception (1-10)",
      "target_value": 8,
      "options": [
        "Price ($)",
        "Warranty (years)"
      ],
      "optionA": {
        "trial_id": "3",
        "task_id": "8",
        "values": "250.0, 4.0",
        "target_value": 8
      },
      "optionB": {
        "trial_id": "17",
        "task_id": "8",
        "values": "240.0, 4.0",
        "target_value": 7
      },
      "choice": {
        "button": "F",
        "selected_option": "OptionA"
      }
    },
    {
      "question": 9,
      "target": "Fuel Consumption (L/100km)",
      "target_value": 14,
      "options": [
        "Speed (km/h)",
        "Weight (kg)"
      ],
      "optionA": {
        "trial_id": "9",
        "task_id": "43",
        "values": "150.0, 2000.0",
        "target_value": 14
      },
      "optionB": {
        "trial_id": "14",
        "task_id": "43",
        "values": "125.0, 1550.0",
        "target_value": 9
      },
      "choice": {
        "button": "F",
        "selected_option": "OptionA"
      }
    },
    {
      "question": "attention_check_9",
      "choice": "J",
      "passed": true,
      "timestamp": 1756154861792
    },
    {
      "question": 10,
      "target": "Muscle gain",
      "target_value": 1,
      "options": [
        "Minutes of exercise",
        "Protein intake"
      ],
      "optionA": {
        "trial_id": "16",
        "task_id": "59",
        "values": "40.0, 15.0",
        "target_value": 1
      },
      "optionB": {
        "trial_id": "20",
        "task_id": "59",
        "values": "55.0, 30.0",
        "target_value": 1.6
      },
      "choice": {
        "button": "J",
        "selected_option": "OptionB"
      }
    },
    {
      "question": 11,
      "target": "Book Rating",
      "target_value": 4.7,
      "options": [
        "Book Page Count",
        "Author Rating"
      ],
      "optionA": {
        "trial_id": "4",
        "task_id": "22",
        "values": "450.0, 4.6",
        "target_value": 4.7
      },
      "optionB": {
        "trial_id": "6",
        "task_id": "22",
        "values": "400.0, 4.8",
        "target_value": 4.7
      },
      "choice": {
        "button": "J",
        "selected_option": "OptionB"
      }
    },
    {
      "question": 12,
      "target": "Brightness",
      "target_value": 660,
      "options": [
        "Phone Battery Capacity",
        "Screen Size"
      ],
      "optionA": {
        "trial_id": "13",
        "task_id": "37",
        "values": "3000.0, 6.0",
        "target_value": 660
      },
      "optionB": {
        "trial_id": "12",
        "task_id": "37",
        "values": "5000.0, 4.0",
        "target_value": 670
      },
      "choice": {
        "button": "F",
        "selected_option": "OptionA"
      }
    },
    {
      "question": 13,
      "target": "Room Area (m\u00b2)",
      "target_value": 25,
      "options": [
        "Room Length (m)",
        "Room Width (m)"
      ],
      "optionA": {
        "trial_id": "5",
        "task_id": "89",
        "values": "5.0, 5.0",
        "target_value": 25
      },
      "optionB": {
        "trial_id": "8",
        "task_id": "89",
        "values": "10.0, 2.0",
        "target_value": 20
      },
      "choice": {
        "button": "F",
        "selected_option": "OptionA"
      }
    },
    {
      "question": 14,
      "target": "Plant Growth Rate (cm/week)",
      "target_value": 5,
      "options": [
        "Plant Soil Quality (1-10)",
        "Plant Water Frequency (times/week)"
      ],
      "optionA": {
        "trial_id": "9",
        "task_id": "81",
        "values": "7.0, 3.0",
        "target_value": 5
      },
      "optionB": {
        "trial_id": "4",
        "task_id": "81",
        "values": "9.0, 5.0",
        "target_value": 7
      },
      "choice": {
        "button": "J",
        "selected_option": "OptionB"
      }
    },
    {
      "question": 15,
      "target": "Energy Level",
      "target_value": 4,
      "options": [
        "Hours of Sleep",
        "Caffeine Intake (mg)"
      ],
      "optionA": {
        "trial_id": "13",
        "task_id": "45",
        "values": "6.0, 20.0",
        "target_value": 4
      },
      "optionB": {
        "trial_id": "16",
        "task_id": "45",
        "values": "8.0, 70.0",
        "target_value": 8
      },
      "choice": {
        "button": "J",
        "selected_option": "OptionB"
      }
    },
    {
      "question": 16,
      "target": "Fat Burn (g)",
      "target_value": 35,
      "options": [
        "Exercise Time (min)",
        "Heart Rate (bpm)"
      ],
      "optionA": {
        "trial_id": "19",
        "task_id": "28",
        "values": "20.0, 120.0",
        "target_value": 35
      },
      "optionB": {
        "trial_id": "8",
        "task_id": "28",
        "values": "60.0, 140.0",
        "target_value": 70
      },
      "choice": {
        "button": "J",
        "selected_option": "OptionB"
      }
    },
    {
      "question": 17,
      "target": "Exam Score",
      "target_value": 75,
      "options": [
        "Student Study Time (hours)",
        "Class Attendance (%)"
      ],
      "optionA": {
        "trial_id": "14",
        "task_id": "40",
        "values": "9.0, 75.0",
        "target_value": 75
      },
      "optionB": {
        "trial_id": "16",
        "task_id": "40",
        "values": "5.0, 90.0",
        "target_value": 79
      },
      "choice": {
        "button": "F",
        "selected_option": "OptionA"
      }
    },
    {
      "question": 18,
      "target": "Enjoyment",
      "target_value": 8,
      "options": [
        "Coffee price",
        "Coffee acidity"
      ],
      "optionA": {
        "trial_id": "4",
        "task_id": "101",
        "values": "5.0, 6.0",
        "target_value": 8
      },
      "optionB": {
        "trial_id": "5",
        "task_id": "101",
        "values": "5.0, 6.0",
        "target_value": 8
      },
      "choice": {
        "button": "F",
        "selected_option": "OptionA"
      }
    },
    {
      "question": 19,
      "target": "Taste Rating (1-10)",
      "target_value": 7,
      "options": [
        "Time Spent Cooking (min)",
        "Number of Ingredients"
      ],
      "optionA": {
        "trial_id": "14",
        "task_id": "93",
        "values": "30.0, 6.0",
        "target_value": 7
      },
      "optionB": {
        "trial_id": "15",
        "task_id": "93",
        "values": "45.0, 6.0",
        "target_value": 8
      },
      "choice": {
        "button": "J",
        "selected_option": "OptionB"
      }
    },
    {
      "question": "attention_check_19",
      "choice": "F",
      "passed": true,
      "timestamp": 1756154951523
    },
    {
      "question": 20,
      "target": "Durability Perception (1-10)",
      "target_value": 6,
      "options": [
        "Price ($)",
        "Warranty (years)"
      ],
      "optionA": {
        "trial_id": "2",
        "task_id": "8",
        "values": "250.0, 2.0",
        "target_value": 6
      },
      "optionB": {
        "trial_id": "5",
        "task_id": "8",
        "values": "180.0, 2.0",
        "target_value": 6
      },
      "choice": {
        "button": "F",
        "selected_option": "OptionA"
      }
    },
    {
      "question": 21,
      "target": "Warmth Rating",
      "target_value": 4.3,
      "options": [
        "Shirt Weight (g)",
        "Fabric Thickness (mm)"
      ],
      "optionA": {
        "trial_id": "20",
        "task_id": "31",
        "values": "185.0, 1.6",
        "target_value": 4.3
      },
      "optionB": {
        "trial_id": "20",
        "task_id": "31",
        "values": "185.0, 1.6",
        "target_value": 4.3
      },
      "choice": {
        "button": "F",
        "selected_option": "OptionA"
      }
    },
    {
      "question": 22,
      "target": "Battery Life (hours)",
      "target_value": 11.8,
      "options": [
        "Phone Weight (g)",
        "Battery Capacity (mAh)"
      ],
      "optionA": {
        "trial_id": "11",
        "task_id": "30",
        "values": "170.0, 4800.0",
        "target_value": 11.8
      },
      "optionB": {
        "trial_id": "5",
        "task_id": "30",
        "values": "140.0, 3500.0",
        "target_value": 8.5
      },
      "choice": {
        "button": "F",
        "selected_option": "OptionA"
      }
    },
    {
      "question": 23,
      "target": "Exam Score",
      "target_value": 75,
      "options": [
        "Hours of Study",
        "Difficulty Level"
      ],
      "optionA": {
        "trial_id": "16",
        "task_id": "12",
        "values": "7.0, 4.0",
        "target_value": 75
      },
      "optionB": {
        "trial_id": "4",
        "task_id": "12",
        "values": "5.0, 3.0",
        "target_value": 68
      },
      "choice": {
        "button": "J",
        "selected_option": "OptionB"
      }
    },
    {
      "question": 24,
      "target": "Plant Growth Rate",
      "target_value": 2.2,
      "options": [
        "Plant Height",
        "Plant Width"
      ],
      "optionA": {
        "trial_id": "7",
        "task_id": "104",
        "values": "1.2, 0.4",
        "target_value": 2.2
      },
      "optionB": {
        "trial_id": "5",
        "task_id": "104",
        "values": "2.0, 0.7",
        "target_value": 3.5
      },
      "choice": {
        "button": "J",
        "selected_option": "OptionB"
      }
    },
    {
      "question": 25,
      "target": "Restaurant Popularity (on scale 1-10)",
      "target_value": 8,
      "options": [
        "Number of Reviews",
        "Average Rating (out of 5)"
      ],
      "optionA": {
        "trial_id": "10",
        "task_id": "19",
        "values": "220.0, 4.5",
        "target_value": 8
      },
      "optionB": {
        "trial_id": "19",
        "task_id": "19",
        "values": "220.0, 4.7",
        "target_value": 9
      },
      "choice": {
        "button": "J",
        "selected_option": "OptionB"
      }
    },
    {
      "question": 26,
      "target": "Taste score",
      "target_value": 6,
      "options": [
        "Coffee strength",
        "Bean quality"
      ],
      "optionA": {
        "trial_id": "5",
        "task_id": "68",
        "values": "5.0, 5.0",
        "target_value": 6
      },
      "optionB": {
        "trial_id": "15",
        "task_id": "68",
        "values": "2.0, 6.0",
        "target_value": 6
      },
      "choice": {
        "button": "J",
        "selected_option": "OptionB"
      }
    },
    {
      "question": 27,
      "target": "Battery life",
      "target_value": 13,
      "options": [
        "Phone battery",
        "Screen size"
      ],
      "optionA": {
        "trial_id": "2",
        "task_id": "69",
        "values": "4000.0, 6.0",
        "target_value": 13
      },
      "optionB": {
        "trial_id": "2",
        "task_id": "69",
        "values": "4000.0, 6.0",
        "target_value": 13
      },
      "choice": {
        "button": "F",
        "selected_option": "OptionA"
      }
    },
    {
      "question": 28,
      "target": "Natural Light",
      "target_value": 9,
      "options": [
        "Room Size",
        "Number of Windows"
      ],
      "optionA": {
        "trial_id": "10",
        "task_id": "53",
        "values": "300.0, 5.0",
        "target_value": 9
      },
      "optionB": {
        "trial_id": "10",
        "task_id": "53",
        "values": "300.0, 5.0",
        "target_value": 9
      },
      "choice": {
        "button": "F",
        "selected_option": "OptionA"
      }
    },
    {
      "question": 29,
      "target": "Deliciousness",
      "target_value": 60,
      "options": [
        "Cooking time",
        "Ingredients count"
      ],
      "optionA": {
        "trial_id": "17",
        "task_id": "27",
        "values": "40.0, 3.0",
        "target_value": 60
      },
      "optionB": {
        "trial_id": "6",
        "task_id": "27",
        "values": "40.0, 6.0",
        "target_value": 75
      },
      "choice": {
        "button": "J",
        "selected_option": "OptionB"
      }
    },
    {
      "question": "attention_check_29",
      "choice": "J",
      "passed": true,
      "timestamp": 1756155019197
    },
    {
      "question": 30,
      "target": "Light Level",
      "target_value": 8,
      "options": [
        "Room Size (sq ft)",
        "Number of Windows"
      ],
      "optionA": {
        "trial_id": "10",
        "task_id": "35",
        "values": "210.0, 4.0",
        "target_value": 8
      },
      "optionB": {
        "trial_id": "11",
        "task_id": "35",
        "values": "210.0, 2.0",
        "target_value": 6
      },
      "choice": {
        "button": "F",
        "selected_option": "OptionA"
      }
    },
    {
      "question": 31,
      "target": "Value Score",
      "target_value": 75,
      "options": [
        "Price ($)",
        "Size (GB)"
      ],
      "optionA": {
        "trial_id": "18",
        "task_id": "99",
        "values": "80.0, 512.0",
        "target_value": 75
      },
      "optionB": {
        "trial_id": "3",
        "task_id": "99",
        "values": "60.0, 256.0",
        "target_value": 80
      },
      "choice": {
        "button": "F",
        "selected_option": "OptionA"
      }
    },
    {
      "question": 32,
      "target": "Apartment price",
      "target_value": 1700,
      "options": [
        "Distance from city center",
        "Room size"
      ],
      "optionA": {
        "trial_id": "9",
        "task_id": "58",
        "values": "5.0, 70.0",
        "target_value": 1700
      },
      "optionB": {
        "trial_id": "7",
        "task_id": "58",
        "values": "3.0, 50.0",
        "target_value": 1400
      },
      "choice": {
        "button": "J",
        "selected_option": "OptionB"
      }
    },
    {
      "question": 33,
      "target": "Exam Score (%)",
      "target_value": 75,
      "options": [
        "Study Time (hours)",
        "Previous Score (%)"
      ],
      "optionA": {
        "trial_id": "1",
        "task_id": "76",
        "values": "5.0, 70.0",
        "target_value": 75
      },
      "optionB": {
        "trial_id": "2",
        "task_id": "76",
        "values": "3.0, 80.0",
        "target_value": 80
      },
      "choice": {
        "button": "J",
        "selected_option": "OptionB"
      }
    },
    {
      "question": 34,
      "target": "Flavor Strength",
      "target_value": 6,
      "options": [
        "Coffee Bean Size",
        "Bean Roast"
      ],
      "optionA": {
        "trial_id": "16",
        "task_id": "64",
        "values": "5.0, 2.0",
        "target_value": 6
      },
      "optionB": {
        "trial_id": "1",
        "task_id": "64",
        "values": "5.0, 2.0",
        "target_value": 7
      },
      "choice": {
        "button": "F",
        "selected_option": "OptionA"
      }
    },
    {
      "question": 35,
      "target": "Engagement rate (%)",
      "target_value": 6,
      "options": [
        "Number of followers",
        "Post quality score"
      ],
      "optionA": {
        "trial_id": "2",
        "task_id": "71",
        "values": "15000.0, 5.0",
        "target_value": 6
      },
      "optionB": {
        "trial_id": "5",
        "task_id": "71",
        "values": "8000.0, 8.0",
        "target_value": 5.8
      },
      "choice": {
        "button": "J",
        "selected_option": "OptionB"
      }
    },
    {
      "question": 36,
      "target": "Battery Duration",
      "target_value": 13,
      "options": [
        "Phone Battery Capacity",
        "Screen Brightness"
      ],
      "optionA": {
        "trial_id": "16",
        "task_id": "63",
        "values": "3000.0, 400.0",
        "target_value": 13
      },
      "optionB": {
        "trial_id": "5",
        "task_id": "63",
        "values": "4000.0, 500.0",
        "target_value": 16
      },
      "choice": {
        "button": "F",
        "selected_option": "OptionA"
      }
    },
    {
      "question": 37,
      "target": "Performance Quality (on scale 1-10)",
      "target_value": 8,
      "options": [
        "Hours of Practice",
        "Musical Experience (years)"
      ],
      "optionA": {
        "trial_id": "9",
        "task_id": "17",
        "values": "90.0, 3.0",
        "target_value": 8
      },
      "optionB": {
        "trial_id": "20",
        "task_id": "17",
        "values": "110.0, 4.0",
        "target_value": 9
      },
      "choice": {
        "button": "J",
        "selected_option": "OptionB"
      }
    },
    {
      "question": 38,
      "target": "Age (years)",
      "target_value": 55,
      "options": [
        "Tree Height (m)",
        "Trunk Diameter (cm)"
      ],
      "optionA": {
        "trial_id": "16",
        "task_id": "32",
        "values": "11.0, 33.0",
        "target_value": 55
      },
      "optionB": {
        "trial_id": "19",
        "task_id": "32",
        "values": "12.0, 34.0",
        "target_value": 60
      },
      "choice": {
        "button": "J",
        "selected_option": "OptionB"
      }
    },
    {
      "question": 39,
      "target": "Fat Burn (in grams)",
      "target_value": 18,
      "options": [
        "Exercise Time (minutes)",
        "Heart Rate (bpm)"
      ],
      "optionA": {
        "trial_id": "10",
        "task_id": "20",
        "values": "55.0, 125.0",
        "target_value": 18
      },
      "optionB": {
        "trial_id": "18",
        "task_id": "20",
        "values": "60.0, 130.0",
        "target_value": 19
      },
      "choice": {
        "button": "J",
        "selected_option": "OptionB"
      }
    },
    {
      "question": "attention_check_39",
      "choice": "F",
      "passed": true,
      "timestamp": 1756155079827
    },
    {
      "question": 40,
      "target": "Fuel Consumption (L/100km)",
      "target_value": 8,
      "options": [
        "Speed (km/h)",
        "Weight (kg)"
      ],
      "optionA": {
        "trial_id": "2",
        "task_id": "43",
        "values": "100.0, 1400.0",
        "target_value": 8
      },
      "optionB": {
        "trial_id": "3",
        "task_id": "43",
        "values": "130.0, 1600.0",
        "target_value": 10
      },
      "choice": {
        "button": "J",
        "selected_option": "OptionB"
      }
    },
    {
      "question": 41,
      "target": "Phone Performance",
      "target_value": 93,
      "options": [
        "Phone RAM",
        "Phone Screen Size"
      ],
      "optionA": {
        "trial_id": "20",
        "task_id": "103",
        "values": "10.0, 6.7",
        "target_value": 93
      },
      "optionB": {
        "trial_id": "7",
        "task_id": "103",
        "values": "4.0, 5.5",
        "target_value": 72
      },
      "choice": {
        "button": "F",
        "selected_option": "OptionA"
      }
    },
    {
      "question": 42,
      "target": "Phone Performance",
      "target_value": 120,
      "options": [
        "Phone RAM",
        "Phone Storage"
      ],
      "optionA": {
        "trial_id": "10",
        "task_id": "86",
        "values": "24.0, 2048.0",
        "target_value": 120
      },
      "optionB": {
        "trial_id": "11",
        "task_id": "86",
        "values": "24.0, 2048.0",
        "target_value": 120
      },
      "choice": {
        "button": "F",
        "selected_option": "OptionA"
      }
    },
    {
      "question": 43,
      "target": "Popularity Score",
      "target_value": 180,
      "options": [
        "Number of Likes",
        "Number of Comments"
      ],
      "optionA": {
        "trial_id": "3",
        "task_id": "50",
        "values": "150.0, 30.0",
        "target_value": 180
      },
      "optionB": {
        "trial_id": "10",
        "task_id": "50",
        "values": "140.0, 28.0",
        "target_value": 168
      },
      "choice": {
        "button": "F",
        "selected_option": "OptionA"
      }
    },
    {
      "question": 44,
      "target": "Performance Score",
      "target_value": 69,
      "options": [
        "Phone RAM (GB)",
        "Battery Capacity (mAh)"
      ],
      "optionA": {
        "trial_id": "17",
        "task_id": "39",
        "values": "5.0, 2700.0",
        "target_value": 69
      },
      "optionB": {
        "trial_id": "3",
        "task_id": "39",
        "values": "6.0, 2500.0",
        "target_value": 72
      },
      "choice": {
        "button": "J",
        "selected_option": "OptionB"
      }
    },
    {
      "question": 45,
      "target": "Phone Performance",
      "target_value": 140,
      "options": [
        "Phone RAM",
        "Phone Storage"
      ],
      "optionA": {
        "trial_id": "14",
        "task_id": "86",
        "values": "64.0, 8192.0",
        "target_value": 140
      },
      "optionB": {
        "trial_id": "1",
        "task_id": "86",
        "values": "4.0, 64.0",
        "target_value": 70
      },
      "choice": {
        "button": "F",
        "selected_option": "OptionA"
      }
    },
    {
      "question": 46,
      "target": "Fat Burn (g)",
      "target_value": 40,
      "options": [
        "Exercise Time (min)",
        "Heart Rate (bpm)"
      ],
      "optionA": {
        "trial_id": "11",
        "task_id": "28",
        "values": "25.0, 125.0",
        "target_value": 40
      },
      "optionB": {
        "trial_id": "19",
        "task_id": "28",
        "values": "20.0, 120.0",
        "target_value": 35
      },
      "choice": {
        "button": "F",
        "selected_option": "OptionA"
      }
    },
    {
      "question": 47,
      "target": "Dog Energy Level",
      "target_value": 8,
      "options": [
        "Dog Weight",
        "Dog Activity Level"
      ],
      "optionA": {
        "trial_id": "1",
        "task_id": "105",
        "values": "25.0, 5.0",
        "target_value": 8
      },
      "optionB": {
        "trial_id": "2",
        "task_id": "105",
        "values": "20.0, 4.0",
        "target_value": 7
      },
      "choice": {
        "button": "F",
        "selected_option": "OptionA"
      }
    },
    {
      "question": 48,
      "target": "Battery Life",
      "target_value": 9,
      "options": [
        "Battery Capacity",
        "Weight"
      ],
      "optionA": {
        "trial_id": "7",
        "task_id": "114",
        "values": "2000.0, 160.0",
        "target_value": 9
      },
      "optionB": {
        "trial_id": "11",
        "task_id": "114",
        "values": "3000.0, 200.0",
        "target_value": 12
      },
      "choice": {
        "button": "J",
        "selected_option": "OptionB"
      }
    },
    {
      "question": 49,
      "target": "Growth Rate (cm/week)",
      "target_value": 2.6,
      "options": [
        "Plant Leaf Size",
        "Plant Water Usage"
      ],
      "optionA": {
        "trial_id": "18",
        "task_id": "83",
        "values": "8.0, 4.0",
        "target_value": 2.6
      },
      "optionB": {
        "trial_id": "8",
        "task_id": "83",
        "values": "12.0, 6.0",
        "target_value": 3.5
      },
      "choice": {
        "button": "J",
        "selected_option": "OptionB"
      }
    },
    {
      "question": 50,
      "target": "Taste Rating",
      "target_value": 6,
      "options": [
        "Number of Ingredients",
        "Cooking Time (minutes)"
      ],
      "optionA": {
        "trial_id": "3",
        "task_id": "14",
        "values": "4.0, 20.0",
        "target_value": 6
      },
      "optionB": {
        "trial_id": "8",
        "task_id": "14",
        "values": "4.0, 20.0",
        "target_value": 5
      },
      "choice": {
        "button": "F",
        "selected_option": "OptionA"
      }
    }
  ]
}