{
  "prolific_id": "UNKNOWN",
  "condition_group": "direction",
  "responses": [
    {
      "question": 1,
      "target": "Home value",
      "target_value": 290000,
      "options": [
        "House size",
        "Neighborhood quality"
      ],
      "optionA": {
        "trial_id": "12",
        "task_id": "70",
        "values": "120.0, 8.0",
        "target_value": 290000
      },
      "optionB": {
        "trial_id": "18",
        "task_id": "70",
        "values": "140.0, 9.0",
        "target_value": 310000
      },
      "choice": {
        "button": "J",
        "selected_option": "OptionB"
      }
    },
    {
      "question": 2,
      "target": "Reading time",
      "target_value": 7,
      "options": [
        "Book pages",
        "Book chapters"
      ],
      "optionA": {
        "trial_id": "4",
        "task_id": "72",
        "values": "350.0, 18.0",
        "target_value": 7
      },
      "optionB": {
        "trial_id": "16",
        "task_id": "72",
        "values": "250.0, 10.0",
        "target_value": 4
      },
      "choice": {
        "button": "F",
        "selected_option": "OptionA"
      }
    },
    {
      "question": 3,
      "target": "Taste Rating (1-10)",
      "target_value": 8,
      "options": [
        "Time Spent Cooking (min)",
        "Number of Ingredients"
      ],
      "optionA": {
        "trial_id": "15",
        "task_id": "93",
        "values": "45.0, 6.0",
        "target_value": 8
      },
      "optionB": {
        "trial_id": "13",
        "task_id": "93",
        "values": "20.0, 5.0",
        "target_value": 6
      },
      "choice": {
        "button": "F",
        "selected_option": "OptionA"
      }
    },
    {
      "question": 4,
      "target": "Popularity Score",
      "target_value": 64,
      "options": [
        "Price ($)",
        "Rating (1-10)"
      ],
      "optionA": {
        "trial_id": "12",
        "task_id": "97",
        "values": "60.0, 7.0",
        "target_value": 64
      },
      "optionB": {
        "trial_id": "14",
        "task_id": "97",
        "values": "70.0, 8.0",
        "target_value": 75
      },
      "choice": {
        "button": "J",
        "selected_option": "OptionB"
      }
    },
    {
      "question": 5,
      "target": "Durability Perception (1-10)",
      "target_value": 6,
      "options": [
        "Price ($)",
        "Warranty (years)"
      ],
      "optionA": {
        "trial_id": "18",
        "task_id": "8",
        "values": "270.0, 3.0",
        "target_value": 6
      },
      "optionB": {
        "trial_id": "20",
        "task_id": "8",
        "values": "300.0, 4.0",
        "target_value": 7
      },
      "choice": {
        "button": "J",
        "selected_option": "OptionB"
      }
    },
    {
      "question": 6,
      "target": "Natural Light (on scale 1-10)",
      "target_value": 8,
      "options": [
        "Room Area (m2)",
        "Number of Windows"
      ],
      "optionA": {
        "trial_id": "12",
        "task_id": "15",
        "values": "30.0, 4.0",
        "target_value": 8
      },
      "optionB": {
        "trial_id": "10",
        "task_id": "15",
        "values": "22.0, 5.0",
        "target_value": 9
      },
      "choice": {
        "button": "J",
        "selected_option": "OptionB"
      }
    },
    {
      "question": 7,
      "target": "Enjoyment Rating (1-10)",
      "target_value": 5,
      "options": [
        "Number of Pages",
        "Reading Time (minutes)"
      ],
      "optionA": {
        "trial_id": "5",
        "task_id": "10",
        "values": "200.0, 80.0",
        "target_value": 5
      },
      "optionB": {
        "trial_id": "15",
        "task_id": "10",
        "values": "270.0, 105.0",
        "target_value": 6
      },
      "choice": {
        "button": "F",
        "selected_option": "OptionA"
      }
    },
    {
      "question": 8,
      "target": "Exam Score (out of 100)",
      "target_value": 70,
      "options": [
        "Study Time (hours)",
        "Previous GPA"
      ],
      "optionA": {
        "trial_id": "9",
        "task_id": "18",
        "values": "6.0, 3.0",
        "target_value": 70
      },
      "optionB": {
        "trial_id": "5",
        "task_id": "18",
        "values": "7.0, 2.5",
        "target_value": 65
      },
      "choice": {
        "button": "F",
        "selected_option": "OptionA"
      }
    },
    {
      "question": 9,
      "target": "Recipe difficulty",
      "target_value": 8,
      "options": [
        "Number of ingredients",
        "Prep time (minutes)"
      ],
      "optionA": {
        "trial_id": "5",
        "task_id": "60",
        "values": "7.0, 25.0",
        "target_value": 8
      },
      "optionB": {
        "trial_id": "1",
        "task_id": "60",
        "values": "5.0, 15.0",
        "target_value": 6
      },
      "choice": {
        "button": "F",
        "selected_option": "OptionA"
      }
    },
    {
      "question": "attention_check_9",
      "choice": "J",
      "passed": true,
      "timestamp": 1756154614454
    },
    {
      "question": 10,
      "target": "Restaurant Popularity (on scale 1-10)",
      "target_value": 7,
      "options": [
        "Number of Reviews",
        "Average Rating (out of 5)"
      ],
      "optionA": {
        "trial_id": "4",
        "task_id": "19",
        "values": "180.0, 4.1",
        "target_value": 7
      },
      "optionB": {
        "trial_id": "9",
        "task_id": "19",
        "values": "180.0, 4.6",
        "target_value": 8
      },
      "choice": {
        "button": "J",
        "selected_option": "OptionB"
      }
    },
    {
      "question": 11,
      "target": "House Price (thousands)",
      "target_value": 380,
      "options": [
        "House Size (m\u00b2)",
        "House Distance to City (km)"
      ],
      "optionA": {
        "trial_id": "18",
        "task_id": "79",
        "values": "160.0, 15.0",
        "target_value": 380
      },
      "optionB": {
        "trial_id": "6",
        "task_id": "79",
        "values": "160.0, 15.0",
        "target_value": 380
      },
      "choice": {
        "button": "J",
        "selected_option": "OptionB"
      }
    },
    {
      "question": 12,
      "target": "Speed",
      "target_value": 125,
      "options": [
        "Car Engine Size",
        "Horsepower"
      ],
      "optionA": {
        "trial_id": "10",
        "task_id": "61",
        "values": "2.0, 160.0",
        "target_value": 125
      },
      "optionB": {
        "trial_id": "4",
        "task_id": "61",
        "values": "1.8, 140.0",
        "target_value": 115
      },
      "choice": {
        "button": "F",
        "selected_option": "OptionA"
      }
    },
    {
      "question": 13,
      "target": "Dog Activity Level",
      "target_value": 5,
      "options": [
        "Dog Size",
        "Dog Exercise Needs"
      ],
      "optionA": {
        "trial_id": "10",
        "task_id": "3",
        "values": "28.0, 2.0",
        "target_value": 5
      },
      "optionB": {
        "trial_id": "13",
        "task_id": "3",
        "values": "55.0, 3.0",
        "target_value": 8
      },
      "choice": {
        "button": "J",
        "selected_option": "OptionB"
      }
    },
    {
      "question": 14,
      "target": "Fitness Level",
      "target_value": 7,
      "options": [
        "Exercise Time (min/day)",
        "Healthy Diet (%)"
      ],
      "optionA": {
        "trial_id": "16",
        "task_id": "46",
        "values": "30.0, 80.0",
        "target_value": 7
      },
      "optionB": {
        "trial_id": "7",
        "task_id": "46",
        "values": "35.0, 75.0",
        "target_value": 7
      },
      "choice": {
        "button": "F",
        "selected_option": "OptionA"
      }
    },
    {
      "question": 15,
      "target": "Weight loss",
      "target_value": 0.8,
      "options": [
        "Exercise duration",
        "Intensity level"
      ],
      "optionA": {
        "trial_id": "7",
        "task_id": "67",
        "values": "20.0, 3.0",
        "target_value": 0.8
      },
      "optionB": {
        "trial_id": "5",
        "task_id": "67",
        "values": "60.0, 7.0",
        "target_value": 2.2
      },
      "choice": {
        "button": "J",
        "selected_option": "OptionB"
      }
    },
    {
      "question": 16,
      "target": "Comfort Score",
      "target_value": 8,
      "options": [
        "Price ($)",
        "Size (sqft)"
      ],
      "optionA": {
        "trial_id": "13",
        "task_id": "44",
        "values": "300000.0, 160.0",
        "target_value": 8
      },
      "optionB": {
        "trial_id": "15",
        "task_id": "44",
        "values": "270000.0, 130.0",
        "target_value": 6
      },
      "choice": {
        "button": "F",
        "selected_option": "OptionA"
      }
    },
    {
      "question": 17,
      "target": "Social Engagement (on scale 1-10)",
      "target_value": 8,
      "options": [
        "Number of Friends",
        "Average Message Frequency"
      ],
      "optionA": {
        "trial_id": "13",
        "task_id": "21",
        "values": "160.0, 4.0",
        "target_value": 8
      },
      "optionB": {
        "trial_id": "20",
        "task_id": "21",
        "values": "170.0, 4.0",
        "target_value": 8
      },
      "choice": {
        "button": "J",
        "selected_option": "OptionB"
      }
    },
    {
      "question": 18,
      "target": "Satiety (on scale 1-10)",
      "target_value": 6,
      "options": [
        "Number of Calories",
        "Protein (g)"
      ],
      "optionA": {
        "trial_id": "1",
        "task_id": "16",
        "values": "200.0, 10.0",
        "target_value": 6
      },
      "optionB": {
        "trial_id": "7",
        "task_id": "16",
        "values": "250.0, 14.0",
        "target_value": 7
      },
      "choice": {
        "button": "J",
        "selected_option": "OptionB"
      }
    },
    {
      "question": 19,
      "target": "User Satisfaction",
      "target_value": 5,
      "options": [
        "Screen Size",
        "Battery Life"
      ],
      "optionA": {
        "trial_id": "16",
        "task_id": "52",
        "values": "9.0, 20.0",
        "target_value": 5
      },
      "optionB": {
        "trial_id": "12",
        "task_id": "52",
        "values": "8.0, 25.0",
        "target_value": 6
      },
      "choice": {
        "button": "J",
        "selected_option": "OptionB"
      }
    },
    {
      "question": "attention_check_19",
      "choice": "F",
      "passed": true,
      "timestamp": 1756154795086
    },
    {
      "question": 20,
      "target": "Growth Rate (cm/week)",
      "target_value": 2.9,
      "options": [
        "Plant Leaf Size",
        "Plant Water Usage"
      ],
      "optionA": {
        "trial_id": "12",
        "task_id": "83",
        "values": "9.0, 5.0",
        "target_value": 2.9
      },
      "optionB": {
        "trial_id": "18",
        "task_id": "83",
        "values": "8.0, 4.0",
        "target_value": 2.6
      },
      "choice": {
        "button": "F",
        "selected_option": "OptionA"
      }
    },
    {
      "question": 21,
      "target": "Performance Score",
      "target_value": 88,
      "options": [
        "Hours of Practice",
        "Natural Talent (1-10)"
      ],
      "optionA": {
        "trial_id": "12",
        "task_id": "78",
        "values": "10.0, 7.0",
        "target_value": 88
      },
      "optionB": {
        "trial_id": "3",
        "task_id": "78",
        "values": "12.0, 6.0",
        "target_value": 90
      },
      "choice": {
        "button": "F",
        "selected_option": "OptionA"
      }
    },
    {
      "question": 22,
      "target": "Energy Boost",
      "target_value": 5,
      "options": [
        "Coffee Caffeine Content",
        "Coffee Richness"
      ],
      "optionA": {
        "trial_id": "13",
        "task_id": "4",
        "values": "75.0, 2.0",
        "target_value": 5
      },
      "optionB": {
        "trial_id": "7",
        "task_id": "4",
        "values": "95.0, 4.0",
        "target_value": 7
      },
      "choice": {
        "button": "J",
        "selected_option": "OptionB"
      }
    },
    {
      "question": 23,
      "target": "Knowledge Content",
      "target_value": 7,
      "options": [
        "Book Thickness",
        "Book Reading Level"
      ],
      "optionA": {
        "trial_id": "2",
        "task_id": "6",
        "values": "28.0, 4.0",
        "target_value": 7
      },
      "optionB": {
        "trial_id": "18",
        "task_id": "6",
        "values": "36.0, 6.0",
        "target_value": 9
      },
      "choice": {
        "button": "J",
        "selected_option": "OptionB"
      }
    },
    {
      "question": 24,
      "target": "Exam Score",
      "target_value": 79,
      "options": [
        "Student Study Time (hours)",
        "Class Attendance (%)"
      ],
      "optionA": {
        "trial_id": "16",
        "task_id": "40",
        "values": "5.0, 90.0",
        "target_value": 79
      },
      "optionB": {
        "trial_id": "13",
        "task_id": "40",
        "values": "8.0, 80.0",
        "target_value": 76
      },
      "choice": {
        "button": "J",
        "selected_option": "OptionB"
      }
    },
    {
      "question": 25,
      "target": "Distance Traveled",
      "target_value": 340,
      "options": [
        "Speed",
        "Weight"
      ],
      "optionA": {
        "trial_id": "10",
        "task_id": "111",
        "values": "90.0, 1500.0",
        "target_value": 340
      },
      "optionB": {
        "trial_id": "5",
        "task_id": "111",
        "values": "70.0, 1100.0",
        "target_value": 315
      },
      "choice": {
        "button": "F",
        "selected_option": "OptionA"
      }
    },
    {
      "question": 26,
      "target": "Satiety (on scale 1-10)",
      "target_value": 6,
      "options": [
        "Number of Calories",
        "Protein (g)"
      ],
      "optionA": {
        "trial_id": "15",
        "task_id": "16",
        "values": "300.0, 10.0",
        "target_value": 6
      },
      "optionB": {
        "trial_id": "8",
        "task_id": "16",
        "values": "350.0, 17.0",
        "target_value": 8
      },
      "choice": {
        "button": "J",
        "selected_option": "OptionB"
      }
    },
    {
      "question": 27,
      "target": "Cooking Time (min)",
      "target_value": 25,
      "options": [
        "Number of Ingredients",
        "Prep Time (min)"
      ],
      "optionA": {
        "trial_id": "1",
        "task_id": "48",
        "values": "5.0, 10.0",
        "target_value": 25
      },
      "optionB": {
        "trial_id": "10",
        "task_id": "48",
        "values": "6.0, 12.0",
        "target_value": 30
      },
      "choice": {
        "button": "J",
        "selected_option": "OptionB"
      }
    },
    {
      "question": 28,
      "target": "Performance Rating",
      "target_value": 7,
      "options": [
        "Computer Weight (kg)",
        "RAM (GB)"
      ],
      "optionA": {
        "trial_id": "4",
        "task_id": "34",
        "values": "1.5, 10.0",
        "target_value": 7
      },
      "optionB": {
        "trial_id": "15",
        "task_id": "34",
        "values": "1.9, 18.0",
        "target_value": 9.5
      },
      "choice": {
        "button": "J",
        "selected_option": "OptionB"
      }
    },
    {
      "question": 29,
      "target": "Fun Score",
      "target_value": 7,
      "options": [
        "Number of Players",
        "Game Length (min)"
      ],
      "optionA": {
        "trial_id": "1",
        "task_id": "98",
        "values": "4.0, 60.0",
        "target_value": 7
      },
      "optionB": {
        "trial_id": "18",
        "task_id": "98",
        "values": "7.0, 65.0",
        "target_value": 8
      },
      "choice": {
        "button": "J",
        "selected_option": "OptionB"
      }
    },
    {
      "question": "attention_check_29",
      "choice": "J",
      "passed": true,
      "timestamp": 1756154905741
    },
    {
      "question": 30,
      "target": "Plant Sunlight Needs",
      "target_value": 4,
      "options": [
        "Plant Height",
        "Plant Leaf Size"
      ],
      "optionA": {
        "trial_id": "6",
        "task_id": "2",
        "values": "110.0, 8.0",
        "target_value": 4
      },
      "optionB": {
        "trial_id": "13",
        "task_id": "2",
        "values": "110.0, 5.0",
        "target_value": 3
      },
      "choice": {
        "button": "F",
        "selected_option": "OptionA"
      }
    },
    {
      "question": 31,
      "target": "Exercise Intensity",
      "target_value": 4,
      "options": [
        "Time to Walk (min)",
        "Number of Steps"
      ],
      "optionA": {
        "trial_id": "8",
        "task_id": "95",
        "values": "8.0, 800.0",
        "target_value": 4
      },
      "optionB": {
        "trial_id": "11",
        "task_id": "95",
        "values": "9.0, 900.0",
        "target_value": 4.5
      },
      "choice": {
        "button": "J",
        "selected_option": "OptionB"
      }
    },
    {
      "question": 32,
      "target": "Speed",
      "target_value": 145,
      "options": [
        "Car Engine Size",
        "Horsepower"
      ],
      "optionA": {
        "trial_id": "13",
        "task_id": "61",
        "values": "2.4, 190.0",
        "target_value": 145
      },
      "optionB": {
        "trial_id": "4",
        "task_id": "61",
        "values": "1.8, 140.0",
        "target_value": 115
      },
      "choice": {
        "button": "F",
        "selected_option": "OptionA"
      }
    },
    {
      "question": 33,
      "target": "Home Value (thousands)",
      "target_value": 280,
      "options": [
        "House Size (sqm)",
        "Neighborhood Safety (1-10)"
      ],
      "optionA": {
        "trial_id": "9",
        "task_id": "41",
        "values": "140.0, 6.0",
        "target_value": 280
      },
      "optionB": {
        "trial_id": "2",
        "task_id": "41",
        "values": "130.0, 7.0",
        "target_value": 290
      },
      "choice": {
        "button": "J",
        "selected_option": "OptionB"
      }
    },
    {
      "question": 34,
      "target": "Bike Speed",
      "target_value": 60,
      "options": [
        "Bike Weight",
        "Bike Power"
      ],
      "optionA": {
        "trial_id": "6",
        "task_id": "87",
        "values": "16.0, 300.0",
        "target_value": 60
      },
      "optionB": {
        "trial_id": "13",
        "task_id": "87",
        "values": "22.0, 450.0",
        "target_value": 90
      },
      "choice": {
        "button": "J",
        "selected_option": "OptionB"
      }
    },
    {
      "question": 35,
      "target": "Bike Speed",
      "target_value": 26,
      "options": [
        "Bike Weight",
        "Bike Wheel Size"
      ],
      "optionA": {
        "trial_id": "6",
        "task_id": "107",
        "values": "16.0, 28.0",
        "target_value": 26
      },
      "optionB": {
        "trial_id": "9",
        "task_id": "107",
        "values": "10.0, 27.0",
        "target_value": 24
      },
      "choice": {
        "button": "J",
        "selected_option": "OptionB"
      }
    },
    {
      "question": 36,
      "target": "Training Difficulty (1-10)",
      "target_value": 4,
      "options": [
        "Dog Size",
        "Dog Energy Level"
      ],
      "optionA": {
        "trial_id": "10",
        "task_id": "82",
        "values": "50.0, 5.0",
        "target_value": 4
      },
      "optionB": {
        "trial_id": "4",
        "task_id": "82",
        "values": "55.0, 7.0",
        "target_value": 6
      },
      "choice": {
        "button": "J",
        "selected_option": "OptionB"
      }
    },
    {
      "question": 37,
      "target": "Muscle gain",
      "target_value": 1.5,
      "options": [
        "Minutes of exercise",
        "Protein intake"
      ],
      "optionA": {
        "trial_id": "19",
        "task_id": "59",
        "values": "45.0, 25.0",
        "target_value": 1.5
      },
      "optionB": {
        "trial_id": "7",
        "task_id": "59",
        "values": "50.0, 30.0",
        "target_value": 1.7
      },
      "choice": {
        "button": "J",
        "selected_option": "OptionB"
      }
    },
    {
      "question": 38,
      "target": "Bike Speed",
      "target_value": 50,
      "options": [
        "Bike Weight",
        "Bike Power"
      ],
      "optionA": {
        "trial_id": "4",
        "task_id": "87",
        "values": "14.0, 250.0",
        "target_value": 50
      },
      "optionB": {
        "trial_id": "15",
        "task_id": "87",
        "values": "24.0, 500.0",
        "target_value": 100
      },
      "choice": {
        "button": "J",
        "selected_option": "OptionB"
      }
    },
    {
      "question": 39,
      "target": "Jump Height",
      "target_value": 93,
      "options": [
        "Height",
        "Arm Length"
      ],
      "optionA": {
        "trial_id": "14",
        "task_id": "115",
        "values": "200.0, 77.0",
        "target_value": 93
      },
      "optionB": {
        "trial_id": "17",
        "task_id": "115",
        "values": "210.0, 85.0",
        "target_value": 100
      },
      "choice": {
        "button": "J",
        "selected_option": "OptionB"
      }
    },
    {
      "question": "attention_check_39",
      "choice": "F",
      "passed": true,
      "timestamp": 1756155027381
    },
    {
      "question": 40,
      "target": "Plant Growth Rate",
      "target_value": 3,
      "options": [
        "Plant Height",
        "Plant Width"
      ],
      "optionA": {
        "trial_id": "6",
        "task_id": "104",
        "values": "1.8, 0.6",
        "target_value": 3
      },
      "optionB": {
        "trial_id": "3",
        "task_id": "104",
        "values": "1.8, 0.6",
        "target_value": 3
      },
      "choice": {
        "button": "J",
        "selected_option": "OptionB"
      }
    },
    {
      "question": 41,
      "target": "Market value ($)",
      "target_value": 260000,
      "options": [
        "Number of bedrooms",
        "House size (sq ft)"
      ],
      "optionA": {
        "trial_id": "6",
        "task_id": "90",
        "values": "3.0, 1300.0",
        "target_value": 260000
      },
      "optionB": {
        "trial_id": "15",
        "task_id": "90",
        "values": "5.0, 1500.0",
        "target_value": 310000
      },
      "choice": {
        "button": "J",
        "selected_option": "OptionB"
      }
    },
    {
      "question": 42,
      "target": "Natural Light",
      "target_value": 5,
      "options": [
        "Room Size",
        "Number of Windows"
      ],
      "optionA": {
        "trial_id": "8",
        "task_id": "53",
        "values": "190.0, 2.0",
        "target_value": 5
      },
      "optionB": {
        "trial_id": "11",
        "task_id": "53",
        "values": "170.0, 2.0",
        "target_value": 5
      },
      "choice": {
        "button": "J",
        "selected_option": "OptionB"
      }
    },
    {
      "question": 43,
      "target": "Engagement rate (%)",
      "target_value": 5.2,
      "options": [
        "Number of followers",
        "Post quality score"
      ],
      "optionA": {
        "trial_id": "4",
        "task_id": "71",
        "values": "14000.0, 4.0",
        "target_value": 5.2
      },
      "optionB": {
        "trial_id": "14",
        "task_id": "71",
        "values": "14000.0, 6.0",
        "target_value": 6.1
      },
      "choice": {
        "button": "J",
        "selected_option": "OptionB"
      }
    },
    {
      "question": 44,
      "target": "Natural Light (on scale 1-10)",
      "target_value": 7,
      "options": [
        "Room Area (m2)",
        "Number of Windows"
      ],
      "optionA": {
        "trial_id": "11",
        "task_id": "15",
        "values": "28.0, 3.0",
        "target_value": 7
      },
      "optionB": {
        "trial_id": "5",
        "task_id": "15",
        "values": "25.0, 5.0",
        "target_value": 9
      },
      "choice": {
        "button": "J",
        "selected_option": "OptionB"
      }
    },
    {
      "question": 45,
      "target": "Restaurant Customer Satisfaction",
      "target_value": 8.9,
      "options": [
        "Restaurant Menu Size",
        "Restaurant Online Rating"
      ],
      "optionA": {
        "trial_id": "17",
        "task_id": "24",
        "values": "23.0, 4.8",
        "target_value": 8.9
      },
      "optionB": {
        "trial_id": "5",
        "task_id": "24",
        "values": "15.0, 4.7",
        "target_value": 8.5
      },
      "choice": {
        "button": "F",
        "selected_option": "OptionA"
      }
    },
    {
      "question": 46,
      "target": "Phone Battery Life",
      "target_value": 36,
      "options": [
        "Phone Battery Capacity",
        "Phone Weight"
      ],
      "optionA": {
        "trial_id": "5",
        "task_id": "108",
        "values": "5000.0, 220.0",
        "target_value": 36
      },
      "optionB": {
        "trial_id": "9",
        "task_id": "108",
        "values": "4000.0, 205.0",
        "target_value": 31
      },
      "choice": {
        "button": "F",
        "selected_option": "OptionA"
      }
    },
    {
      "question": 47,
      "target": "Fuel Consumption (L/100km)",
      "target_value": 10,
      "options": [
        "Engine Size (cc)",
        "Weight (kg)"
      ],
      "optionA": {
        "trial_id": "7",
        "task_id": "11",
        "values": "2400.0, 1500.0",
        "target_value": 10
      },
      "optionB": {
        "trial_id": "3",
        "task_id": "11",
        "values": "2200.0, 1400.0",
        "target_value": 9
      },
      "choice": {
        "button": "F",
        "selected_option": "OptionA"
      }
    },
    {
      "question": 48,
      "target": "Distance Traveled",
      "target_value": 310,
      "options": [
        "Speed",
        "Weight"
      ],
      "optionA": {
        "trial_id": "13",
        "task_id": "111",
        "values": "70.0, 1200.0",
        "target_value": 310
      },
      "optionB": {
        "trial_id": "8",
        "task_id": "111",
        "values": "50.0, 800.0",
        "target_value": 280
      },
      "choice": {
        "button": "F",
        "selected_option": "OptionA"
      }
    },
    {
      "question": 49,
      "target": "Flavor Strength",
      "target_value": 7,
      "options": [
        "Coffee Bean Size",
        "Bean Roast"
      ],
      "optionA": {
        "trial_id": "11",
        "task_id": "64",
        "values": "5.0, 2.0",
        "target_value": 7
      },
      "optionB": {
        "trial_id": "7",
        "task_id": "64",
        "values": "3.0, 1.0",
        "target_value": 5
      },
      "choice": {
        "button": "F",
        "selected_option": "OptionA"
      }
    },
    {
      "question": 50,
      "target": "Brightness",
      "target_value": 660,
      "options": [
        "Phone Battery Capacity",
        "Screen Size"
      ],
      "optionA": {
        "trial_id": "13",
        "task_id": "37",
        "values": "3000.0, 6.0",
        "target_value": 660
      },
      "optionB": {
        "trial_id": "3",
        "task_id": "37",
        "values": "4000.0, 6.0",
        "target_value": 700
      },
      "choice": {
        "button": "J",
        "selected_option": "OptionB"
      }
    }
  ]
}