{
  "prolific_id": "UNKNOWN",
  "condition_group": "direction",
  "responses": [
    {
      "question": 1,
      "target": "Home Value (thousands)",
      "target_value": 320,
      "options": [
        "House Size (sqm)",
        "Neighborhood Safety (1-10)"
      ],
      "optionA": {
        "trial_id": "5",
        "task_id": "41",
        "values": "150.0, 7.0",
        "target_value": 320
      },
      "optionB": {
        "trial_id": "15",
        "task_id": "41",
        "values": "160.0, 9.0",
        "target_value": 350
      },
      "choice": {
        "button": "J",
        "selected_option": "OptionB"
      }
    },
    {
      "question": 2,
      "target": "Deliciousness",
      "target_value": 60,
      "options": [
        "Cooking time",
        "Ingredients count"
      ],
      "optionA": {
        "trial_id": "17",
        "task_id": "27",
        "values": "40.0, 3.0",
        "target_value": 60
      },
      "optionB": {
        "trial_id": "16",
        "task_id": "27",
        "values": "45.0, 5.0",
        "target_value": 65
      },
      "choice": {
        "button": "F",
        "selected_option": "OptionA"
      }
    },
    {
      "question": 3,
      "target": "Fuel Consumption (L/100km)",
      "target_value": 7,
      "options": [
        "Engine Size (cc)",
        "Weight (kg)"
      ],
      "optionA": {
        "trial_id": "18",
        "task_id": "11",
        "values": "2000.0, 1100.0",
        "target_value": 7
      },
      "optionB": {
        "trial_id": "8",
        "task_id": "11",
        "values": "2300.0, 1400.0",
        "target_value": 9
      },
      "choice": {
        "button": "J",
        "selected_option": "OptionB"
      }
    },
    {
      "question": 4,
      "target": "Battery life",
      "target_value": 14,
      "options": [
        "Phone battery",
        "Screen size"
      ],
      "optionA": {
        "trial_id": "14",
        "task_id": "69",
        "values": "4500.0, 7.0",
        "target_value": 14
      },
      "optionB": {
        "trial_id": "19",
        "task_id": "69",
        "values": "3500.0, 5.0",
        "target_value": 11
      },
      "choice": {
        "button": "F",
        "selected_option": "OptionA"
      }
    },
    {
      "question": 5,
      "target": "Exam Score",
      "target_value": 72,
      "options": [
        "Student Study Time (hours)",
        "Class Attendance (%)"
      ],
      "optionA": {
        "trial_id": "2",
        "task_id": "40",
        "values": "6.0, 75.0",
        "target_value": 72
      },
      "optionB": {
        "trial_id": "7",
        "task_id": "40",
        "values": "3.0, 85.0",
        "target_value": 68
      },
      "choice": {
        "button": "F",
        "selected_option": "OptionA"
      }
    },
    {
      "question": 6,
      "target": "Book Rating",
      "target_value": 4.6,
      "options": [
        "Book Page Count",
        "Author Rating"
      ],
      "optionA": {
        "trial_id": "12",
        "task_id": "22",
        "values": "350.0, 4.7",
        "target_value": 4.6
      },
      "optionB": {
        "trial_id": "18",
        "task_id": "22",
        "values": "400.0, 4.7",
        "target_value": 4.6
      },
      "choice": {
        "button": "J",
        "selected_option": "OptionB"
      }
    },
    {
      "question": 7,
      "target": "Performance Score",
      "target_value": 68,
      "options": [
        "Phone RAM (GB)",
        "Battery Capacity (mAh)"
      ],
      "optionA": {
        "trial_id": "14",
        "task_id": "39",
        "values": "4.0, 3000.0",
        "target_value": 68
      },
      "optionB": {
        "trial_id": "8",
        "task_id": "39",
        "values": "5.0, 2800.0",
        "target_value": 70
      },
      "choice": {
        "button": "J",
        "selected_option": "OptionB"
      }
    },
    {
      "question": 8,
      "target": "Natural Light (on scale 1-10)",
      "target_value": 7,
      "options": [
        "Room Area (m2)",
        "Number of Windows"
      ],
      "optionA": {
        "trial_id": "18",
        "task_id": "15",
        "values": "24.0, 3.0",
        "target_value": 7
      },
      "optionB": {
        "trial_id": "10",
        "task_id": "15",
        "values": "22.0, 5.0",
        "target_value": 9
      },
      "choice": {
        "button": "J",
        "selected_option": "OptionB"
      }
    },
    {
      "question": 9,
      "target": "Plant Growth Rate (cm/week)",
      "target_value": 7,
      "options": [
        "Plant Soil Quality (1-10)",
        "Plant Water Frequency (times/week)"
      ],
      "optionA": {
        "trial_id": "4",
        "task_id": "81",
        "values": "9.0, 5.0",
        "target_value": 7
      },
      "optionB": {
        "trial_id": "12",
        "task_id": "81",
        "values": "8.0, 4.0",
        "target_value": 6
      },
      "choice": {
        "button": "F",
        "selected_option": "OptionA"
      }
    },
    {
      "question": "attention_check_9",
      "choice": "J",
      "passed": true,
      "timestamp": 1756155328079
    },
    {
      "question": 10,
      "target": "Energy Level",
      "target_value": 6,
      "options": [
        "Hours of Sleep",
        "Caffeine Intake (mg)"
      ],
      "optionA": {
        "trial_id": "3",
        "task_id": "45",
        "values": "7.0, 40.0",
        "target_value": 6
      },
      "optionB": {
        "trial_id": "14",
        "task_id": "45",
        "values": "7.0, 30.0",
        "target_value": 5
      },
      "choice": {
        "button": "F",
        "selected_option": "OptionA"
      }
    },
    {
      "question": 11,
      "target": "Fun Level",
      "target_value": 7,
      "options": [
        "Number of Players",
        "Game Duration (minutes)"
      ],
      "optionA": {
        "trial_id": "17",
        "task_id": "13",
        "values": "5.0, 55.0",
        "target_value": 7
      },
      "optionB": {
        "trial_id": "4",
        "task_id": "13",
        "values": "5.0, 45.0",
        "target_value": 7
      },
      "choice": {
        "button": "F",
        "selected_option": "OptionA"
      }
    },
    {
      "question": 12,
      "target": "Plant Growth Rate",
      "target_value": 2.4,
      "options": [
        "Plant Height",
        "Plant Width"
      ],
      "optionA": {
        "trial_id": "2",
        "task_id": "104",
        "values": "1.2, 0.4",
        "target_value": 2.4
      },
      "optionB": {
        "trial_id": "13",
        "task_id": "104",
        "values": "2.2, 0.8",
        "target_value": 3.8
      },
      "choice": {
        "button": "J",
        "selected_option": "OptionB"
      }
    },
    {
      "question": 13,
      "target": "Durability Perception (1-10)",
      "target_value": 7,
      "options": [
        "Price ($)",
        "Warranty (years)"
      ],
      "optionA": {
        "trial_id": "20",
        "task_id": "8",
        "values": "300.0, 4.0",
        "target_value": 7
      },
      "optionB": {
        "trial_id": "10",
        "task_id": "8",
        "values": "300.0, 4.0",
        "target_value": 7
      },
      "choice": {
        "button": "J",
        "selected_option": "OptionB"
      }
    },
    {
      "question": 14,
      "target": "Battery Life (hours)",
      "target_value": 10.5,
      "options": [
        "Phone Weight (g)",
        "Battery Capacity (mAh)"
      ],
      "optionA": {
        "trial_id": "9",
        "task_id": "30",
        "values": "160.0, 4200.0",
        "target_value": 10.5
      },
      "optionB": {
        "trial_id": "1",
        "task_id": "30",
        "values": "150.0, 4000.0",
        "target_value": 10
      },
      "choice": {
        "button": "F",
        "selected_option": "OptionA"
      }
    },
    {
      "question": 15,
      "target": "Enjoyment",
      "target_value": 7,
      "options": [
        "Tea Strength",
        "Flavor Variety"
      ],
      "optionA": {
        "trial_id": "2",
        "task_id": "55",
        "values": "6.0, 2.0",
        "target_value": 7
      },
      "optionB": {
        "trial_id": "20",
        "task_id": "55",
        "values": "3.0, 1.0",
        "target_value": 6.1
      },
      "choice": {
        "button": "F",
        "selected_option": "OptionA"
      }
    },
    {
      "question": 16,
      "target": "Satiety (on scale 1-10)",
      "target_value": 8,
      "options": [
        "Number of Calories",
        "Protein (g)"
      ],
      "optionA": {
        "trial_id": "17",
        "task_id": "16",
        "values": "350.0, 16.0",
        "target_value": 8
      },
      "optionB": {
        "trial_id": "8",
        "task_id": "16",
        "values": "350.0, 17.0",
        "target_value": 8
      },
      "choice": {
        "button": "J",
        "selected_option": "OptionB"
      }
    },
    {
      "question": 17,
      "target": "Taste score",
      "target_value": 7,
      "options": [
        "Coffee strength",
        "Bean quality"
      ],
      "optionA": {
        "trial_id": "9",
        "task_id": "68",
        "values": "4.0, 6.0",
        "target_value": 7
      },
      "optionB": {
        "trial_id": "19",
        "task_id": "68",
        "values": "3.0, 6.0",
        "target_value": 6
      },
      "choice": {
        "button": "F",
        "selected_option": "OptionA"
      }
    },
    {
      "question": 18,
      "target": "Energy Level",
      "target_value": 6,
      "options": [
        "Hours of Sleep",
        "Caffeine Intake (mg)"
      ],
      "optionA": {
        "trial_id": "11",
        "task_id": "45",
        "values": "7.0, 50.0",
        "target_value": 6
      },
      "optionB": {
        "trial_id": "15",
        "task_id": "45",
        "values": "9.0, 80.0",
        "target_value": 9
      },
      "choice": {
        "button": "J",
        "selected_option": "OptionB"
      }
    },
    {
      "question": 19,
      "target": "Speed (km/h)",
      "target_value": 197,
      "options": [
        "Engine Horsepower",
        "Weight (kg)"
      ],
      "optionA": {
        "trial_id": "16",
        "task_id": "47",
        "values": "230.0, 1550.0",
        "target_value": 197
      },
      "optionB": {
        "trial_id": "6",
        "task_id": "47",
        "values": "190.0, 1400.0",
        "target_value": 190
      },
      "choice": {
        "button": "F",
        "selected_option": "OptionA"
      }
    },
    {
      "question": "attention_check_19",
      "choice": "F",
      "passed": true,
      "timestamp": 1756155514427
    },
    {
      "question": 20,
      "target": "Engagement rate (%)",
      "target_value": 5.8,
      "options": [
        "Number of followers",
        "Post quality score"
      ],
      "optionA": {
        "trial_id": "12",
        "task_id": "71",
        "values": "16000.0, 4.0",
        "target_value": 5.8
      },
      "optionB": {
        "trial_id": "12",
        "task_id": "71",
        "values": "16000.0, 4.0",
        "target_value": 5.8
      },
      "choice": {
        "button": "F",
        "selected_option": "OptionA"
      }
    },
    {
      "question": 21,
      "target": "Movie enjoyment",
      "target_value": 8,
      "options": [
        "Movie runtime",
        "Movie rating"
      ],
      "optionA": {
        "trial_id": "20",
        "task_id": "75",
        "values": "130.0, 7.5",
        "target_value": 8
      },
      "optionB": {
        "trial_id": "1",
        "task_id": "75",
        "values": "120.0, 7.5",
        "target_value": 8
      },
      "choice": {
        "button": "F",
        "selected_option": "OptionA"
      }
    },
    {
      "question": 22,
      "target": "Movie enjoyment",
      "target_value": 8.5,
      "options": [
        "Movie runtime",
        "Movie rating"
      ],
      "optionA": {
        "trial_id": "12",
        "task_id": "75",
        "values": "130.0, 8.0",
        "target_value": 8.5
      },
      "optionB": {
        "trial_id": "4",
        "task_id": "75",
        "values": "140.0, 8.0",
        "target_value": 8.5
      },
      "choice": {
        "button": "F",
        "selected_option": "OptionA"
      }
    },
    {
      "question": 23,
      "target": "App Popularity",
      "target_value": 55,
      "options": [
        "App User Ratings (1-5)",
        "Number of Reviews"
      ],
      "optionA": {
        "trial_id": "9",
        "task_id": "42",
        "values": "2.0, 200.0",
        "target_value": 55
      },
      "optionB": {
        "trial_id": "16",
        "task_id": "42",
        "values": "4.0, 400.0",
        "target_value": 96
      },
      "choice": {
        "button": "J",
        "selected_option": "OptionB"
      }
    },
    {
      "question": 24,
      "target": "Speed (km/h)",
      "target_value": 180,
      "options": [
        "Engine Horsepower",
        "Weight (kg)"
      ],
      "optionA": {
        "trial_id": "1",
        "task_id": "47",
        "values": "150.0, 1200.0",
        "target_value": 180
      },
      "optionB": {
        "trial_id": "1",
        "task_id": "47",
        "values": "150.0, 1200.0",
        "target_value": 180
      },
      "choice": {
        "button": "J",
        "selected_option": "OptionB"
      }
    },
    {
      "question": 25,
      "target": "Restaurant Customer Satisfaction",
      "target_value": 8.7,
      "options": [
        "Restaurant Menu Size",
        "Restaurant Online Rating"
      ],
      "optionA": {
        "trial_id": "9",
        "task_id": "24",
        "values": "18.0, 4.6",
        "target_value": 8.7
      },
      "optionB": {
        "trial_id": "13",
        "task_id": "24",
        "values": "16.0, 4.8",
        "target_value": 8.6
      },
      "choice": {
        "button": "J",
        "selected_option": "OptionB"
      }
    },
    {
      "question": 26,
      "target": "Taste Rating",
      "target_value": 8,
      "options": [
        "Number of Ingredients",
        "Cooking Time (minutes)"
      ],
      "optionA": {
        "trial_id": "6",
        "task_id": "14",
        "values": "7.0, 30.0",
        "target_value": 8
      },
      "optionB": {
        "trial_id": "10",
        "task_id": "14",
        "values": "6.0, 28.0",
        "target_value": 7
      },
      "choice": {
        "button": "F",
        "selected_option": "OptionA"
      }
    },
    {
      "question": 27,
      "target": "Social Engagement (on scale 1-10)",
      "target_value": 8,
      "options": [
        "Number of Friends",
        "Average Message Frequency"
      ],
      "optionA": {
        "trial_id": "20",
        "task_id": "21",
        "values": "170.0, 4.0",
        "target_value": 8
      },
      "optionB": {
        "trial_id": "7",
        "task_id": "21",
        "values": "110.0, 5.0",
        "target_value": 9
      },
      "choice": {
        "button": "F",
        "selected_option": "OptionA"
      }
    },
    {
      "question": 28,
      "target": "Battery Life",
      "target_value": 34,
      "options": [
        "Phone Weight",
        "Battery Capacity"
      ],
      "optionA": {
        "trial_id": "13",
        "task_id": "54",
        "values": "230.0, 4200.0",
        "target_value": 34
      },
      "optionB": {
        "trial_id": "12",
        "task_id": "54",
        "values": "210.0, 3600.0",
        "target_value": 29
      },
      "choice": {
        "button": "F",
        "selected_option": "OptionA"
      }
    },
    {
      "question": 29,
      "target": "Social Engagement (on scale 1-10)",
      "target_value": 7,
      "options": [
        "Number of Friends",
        "Average Message Frequency"
      ],
      "optionA": {
        "trial_id": "12",
        "task_id": "21",
        "values": "120.0, 3.0",
        "target_value": 7
      },
      "optionB": {
        "trial_id": "10",
        "task_id": "21",
        "values": "140.0, 4.0",
        "target_value": 8
      },
      "choice": {
        "button": "J",
        "selected_option": "OptionB"
      }
    },
    {
      "question": "attention_check_29",
      "choice": "J",
      "passed": true,
      "timestamp": 1756155668439
    },
    {
      "question": 30,
      "target": "Doneness",
      "target_value": 85,
      "options": [
        "Cooking Time",
        "Size"
      ],
      "optionA": {
        "trial_id": "9",
        "task_id": "116",
        "values": "40.0, 280.0",
        "target_value": 85
      },
      "optionB": {
        "trial_id": "20",
        "task_id": "116",
        "values": "25.0, 180.0",
        "target_value": 65
      },
      "choice": {
        "button": "F",
        "selected_option": "OptionA"
      }
    },
    {
      "question": 31,
      "target": "Popularity Score",
      "target_value": 65,
      "options": [
        "Price ($)",
        "Rating (1-10)"
      ],
      "optionA": {
        "trial_id": "16",
        "task_id": "97",
        "values": "50.0, 8.0",
        "target_value": 65
      },
      "optionB": {
        "trial_id": "5",
        "task_id": "97",
        "values": "40.0, 9.0",
        "target_value": 75
      },
      "choice": {
        "button": "J",
        "selected_option": "OptionB"
      }
    },
    {
      "question": 32,
      "target": "Weight Loss",
      "target_value": 1.5,
      "options": [
        "Calories",
        "Exercise Time"
      ],
      "optionA": {
        "trial_id": "20",
        "task_id": "51",
        "values": "500.0, 20.0",
        "target_value": 1.5
      },
      "optionB": {
        "trial_id": "11",
        "task_id": "51",
        "values": "600.0, 30.0",
        "target_value": 1.5
      },
      "choice": {
        "button": "J",
        "selected_option": "OptionB"
      }
    },
    {
      "question": 33,
      "target": "Bike Speed",
      "target_value": 80,
      "options": [
        "Bike Weight",
        "Bike Power"
      ],
      "optionA": {
        "trial_id": "11",
        "task_id": "87",
        "values": "20.0, 400.0",
        "target_value": 80
      },
      "optionB": {
        "trial_id": "20",
        "task_id": "87",
        "values": "30.0, 650.0",
        "target_value": 130
      },
      "choice": {
        "button": "J",
        "selected_option": "OptionB"
      }
    },
    {
      "question": 34,
      "target": "Muscle gain",
      "target_value": 1.3,
      "options": [
        "Minutes of exercise",
        "Protein intake"
      ],
      "optionA": {
        "trial_id": "18",
        "task_id": "59",
        "values": "35.0, 20.0",
        "target_value": 1.3
      },
      "optionB": {
        "trial_id": "1",
        "task_id": "59",
        "values": "30.0, 20.0",
        "target_value": 1.2
      },
      "choice": {
        "button": "F",
        "selected_option": "OptionA"
      }
    },
    {
      "question": 35,
      "target": "Photo Quality",
      "target_value": 7,
      "options": [
        "Phone Price",
        "Phone Camera Megapixels"
      ],
      "optionA": {
        "trial_id": "20",
        "task_id": "5",
        "values": "440.0, 11.0",
        "target_value": 7
      },
      "optionB": {
        "trial_id": "6",
        "task_id": "5",
        "values": "680.0, 18.0",
        "target_value": 10
      },
      "choice": {
        "button": "J",
        "selected_option": "OptionB"
      }
    },
    {
      "question": 36,
      "target": "Movie enjoyment",
      "target_value": 8,
      "options": [
        "Movie runtime",
        "Movie rating"
      ],
      "optionA": {
        "trial_id": "1",
        "task_id": "75",
        "values": "120.0, 7.5",
        "target_value": 8
      },
      "optionB": {
        "trial_id": "17",
        "task_id": "75",
        "values": "120.0, 7.5",
        "target_value": 8
      },
      "choice": {
        "button": "J",
        "selected_option": "OptionB"
      }
    },
    {
      "question": 37,
      "target": "Fuel Consumption (L/100km)",
      "target_value": 9,
      "options": [
        "Engine Size (cc)",
        "Weight (kg)"
      ],
      "optionA": {
        "trial_id": "8",
        "task_id": "11",
        "values": "2300.0, 1400.0",
        "target_value": 9
      },
      "optionB": {
        "trial_id": "18",
        "task_id": "11",
        "values": "2000.0, 1100.0",
        "target_value": 7
      },
      "choice": {
        "button": "F",
        "selected_option": "OptionA"
      }
    },
    {
      "question": 38,
      "target": "Muscle gain",
      "target_value": 1.6,
      "options": [
        "Minutes of exercise",
        "Protein intake"
      ],
      "optionA": {
        "trial_id": "8",
        "task_id": "59",
        "values": "40.0, 25.0",
        "target_value": 1.6
      },
      "optionB": {
        "trial_id": "20",
        "task_id": "59",
        "values": "55.0, 30.0",
        "target_value": 1.6
      },
      "choice": {
        "button": "J",
        "selected_option": "OptionB"
      }
    },
    {
      "question": 39,
      "target": "Satiety (on scale 1-10)",
      "target_value": 8,
      "options": [
        "Number of Calories",
        "Protein (g)"
      ],
      "optionA": {
        "trial_id": "16",
        "task_id": "16",
        "values": "400.0, 16.0",
        "target_value": 8
      },
      "optionB": {
        "trial_id": "5",
        "task_id": "16",
        "values": "400.0, 16.0",
        "target_value": 8
      },
      "choice": {
        "button": "J",
        "selected_option": "OptionB"
      }
    },
    {
      "question": "attention_check_39",
      "choice": "F",
      "passed": true,
      "timestamp": 1756155830362
    },
    {
      "question": 40,
      "target": "Restaurant Popularity (on scale 1-10)",
      "target_value": 8,
      "options": [
        "Number of Reviews",
        "Average Rating (out of 5)"
      ],
      "optionA": {
        "trial_id": "17",
        "task_id": "19",
        "values": "200.0, 4.5",
        "target_value": 8
      },
      "optionB": {
        "trial_id": "16",
        "task_id": "19",
        "values": "200.0, 4.5",
        "target_value": 8
      },
      "choice": {
        "button": "J",
        "selected_option": "OptionB"
      }
    },
    {
      "question": 41,
      "target": "Battery life",
      "target_value": 11,
      "options": [
        "Phone battery",
        "Screen size"
      ],
      "optionA": {
        "trial_id": "19",
        "task_id": "69",
        "values": "3500.0, 5.0",
        "target_value": 11
      },
      "optionB": {
        "trial_id": "8",
        "task_id": "69",
        "values": "2500.0, 4.0",
        "target_value": 10
      },
      "choice": {
        "button": "F",
        "selected_option": "OptionA"
      }
    },
    {
      "question": 42,
      "target": "Enjoyment",
      "target_value": 9,
      "options": [
        "Coffee price",
        "Coffee acidity"
      ],
      "optionA": {
        "trial_id": "7",
        "task_id": "101",
        "values": "6.0, 7.0",
        "target_value": 9
      },
      "optionB": {
        "trial_id": "7",
        "task_id": "101",
        "values": "6.0, 7.0",
        "target_value": 9
      },
      "choice": {
        "button": "J",
        "selected_option": "OptionB"
      }
    },
    {
      "question": 43,
      "target": "Battery Duration",
      "target_value": 12,
      "options": [
        "Phone Battery Capacity",
        "Screen Brightness"
      ],
      "optionA": {
        "trial_id": "1",
        "task_id": "63",
        "values": "3000.0, 400.0",
        "target_value": 12
      },
      "optionB": {
        "trial_id": "8",
        "task_id": "63",
        "values": "4000.0, 500.0",
        "target_value": 17
      },
      "choice": {
        "button": "J",
        "selected_option": "OptionB"
      }
    },
    {
      "question": 44,
      "target": "User satisfaction",
      "target_value": 15,
      "options": [
        "Screen size (inches)",
        "RAM (GB)"
      ],
      "optionA": {
        "trial_id": "19",
        "task_id": "119",
        "values": "28.0, 11.0",
        "target_value": 15
      },
      "optionB": {
        "trial_id": "14",
        "task_id": "119",
        "values": "24.0, 9.0",
        "target_value": 13
      },
      "choice": {
        "button": "F",
        "selected_option": "OptionA"
      }
    },
    {
      "question": 45,
      "target": "Fun Level",
      "target_value": 8,
      "options": [
        "Number of Players",
        "Game Duration (minutes)"
      ],
      "optionA": {
        "trial_id": "2",
        "task_id": "13",
        "values": "6.0, 50.0",
        "target_value": 8
      },
      "optionB": {
        "trial_id": "14",
        "task_id": "13",
        "values": "6.0, 50.0",
        "target_value": 7
      },
      "choice": {
        "button": "F",
        "selected_option": "OptionA"
      }
    },
    {
      "question": 46,
      "target": "Performance",
      "target_value": 8.5,
      "options": [
        "Skill Level",
        "Practice Time"
      ],
      "optionA": {
        "trial_id": "18",
        "task_id": "100",
        "values": "6.0, 18.0",
        "target_value": 8.5
      },
      "optionB": {
        "trial_id": "8",
        "task_id": "100",
        "values": "6.0, 20.0",
        "target_value": 8.4
      },
      "choice": {
        "button": "J",
        "selected_option": "OptionB"
      }
    },
    {
      "question": 47,
      "target": "Restaurant Popularity (on scale 1-10)",
      "target_value": 8,
      "options": [
        "Number of Reviews",
        "Average Rating (out of 5)"
      ],
      "optionA": {
        "trial_id": "9",
        "task_id": "19",
        "values": "180.0, 4.6",
        "target_value": 8
      },
      "optionB": {
        "trial_id": "6",
        "task_id": "19",
        "values": "250.0, 4.5",
        "target_value": 8
      },
      "choice": {
        "button": "J",
        "selected_option": "OptionB"
      }
    },
    {
      "question": 48,
      "target": "Social Engagement (on scale 1-10)",
      "target_value": 6,
      "options": [
        "Number of Friends",
        "Average Message Frequency"
      ],
      "optionA": {
        "trial_id": "2",
        "task_id": "21",
        "values": "150.0, 2.0",
        "target_value": 6
      },
      "optionB": {
        "trial_id": "17",
        "task_id": "21",
        "values": "140.0, 3.0",
        "target_value": 7
      },
      "choice": {
        "button": "F",
        "selected_option": "OptionA"
      }
    },
    {
      "question": 49,
      "target": "Physical strength",
      "target_value": 85,
      "options": [
        "Height (cm)",
        "Weight (kg)"
      ],
      "optionA": {
        "trial_id": "19",
        "task_id": "84",
        "values": "180.0, 80.0",
        "target_value": 85
      },
      "optionB": {
        "trial_id": "11",
        "task_id": "84",
        "values": "185.0, 95.0",
        "target_value": 88
      },
      "choice": {
        "button": "J",
        "selected_option": "OptionB"
      }
    },
    {
      "question": 50,
      "target": "Market value ($)",
      "target_value": 250000,
      "options": [
        "Number of bedrooms",
        "House size (sq ft)"
      ],
      "optionA": {
        "trial_id": "18",
        "task_id": "90",
        "values": "4.0, 1200.0",
        "target_value": 250000
      },
      "optionB": {
        "trial_id": "17",
        "task_id": "90",
        "values": "3.0, 1300.0",
        "target_value": 260000
      },
      "choice": {
        "button": "J",
        "selected_option": "OptionB"
      }
    }
  ]
}