{
  "prolific_id": "UNKNOWN",
  "condition_group": "direction",
  "responses": [
    {
      "question": 1,
      "target": "App Popularity",
      "target_value": 60,
      "options": [
        "App User Ratings (1-5)",
        "Number of Reviews"
      ],
      "optionA": {
        "trial_id": "7",
        "task_id": "42",
        "values": "4.0, 50.0",
        "target_value": 60
      },
      "optionB": {
        "trial_id": "10",
        "task_id": "42",
        "values": "3.0, 200.0",
        "target_value": 60
      },
      "choice": {
        "button": "J",
        "selected_option": "OptionB"
      }
    },
    {
      "question": 2,
      "target": "Popularity Score",
      "target_value": 156,
      "options": [
        "Number of Likes",
        "Number of Comments"
      ],
      "optionA": {
        "trial_id": "17",
        "task_id": "50",
        "values": "130.0, 26.0",
        "target_value": 156
      },
      "optionB": {
        "trial_id": "11",
        "task_id": "50",
        "values": "100.0, 20.0",
        "target_value": 120
      },
      "choice": {
        "button": "F",
        "selected_option": "OptionA"
      }
    },
    {
      "question": 3,
      "target": "Taste Rating (1-10)",
      "target_value": 10,
      "options": [
        "Minutes of Cooking",
        "Number of Ingredients"
      ],
      "optionA": {
        "trial_id": "19",
        "task_id": "56",
        "values": "50.0, 10.0",
        "target_value": 10
      },
      "optionB": {
        "trial_id": "10",
        "task_id": "56",
        "values": "50.0, 9.0",
        "target_value": 10
      },
      "choice": {
        "button": "F",
        "selected_option": "OptionA"
      }
    },
    {
      "question": 4,
      "target": "Fun Level",
      "target_value": 8,
      "options": [
        "Number of Players",
        "Game Duration (minutes)"
      ],
      "optionA": {
        "trial_id": "12",
        "task_id": "13",
        "values": "5.0, 55.0",
        "target_value": 8
      },
      "optionB": {
        "trial_id": "7",
        "task_id": "13",
        "values": "2.0, 40.0",
        "target_value": 6
      },
      "choice": {
        "button": "F",
        "selected_option": "OptionA"
      }
    },
    {
      "question": 5,
      "target": "Enjoyment",
      "target_value": 3,
      "options": [
        "Coffee price",
        "Coffee acidity"
      ],
      "optionA": {
        "trial_id": "17",
        "task_id": "101",
        "values": "0.5, 1.0",
        "target_value": 3
      },
      "optionB": {
        "trial_id": "11",
        "task_id": "101",
        "values": "8.0, 9.0",
        "target_value": 11
      },
      "choice": {
        "button": "J",
        "selected_option": "OptionB"
      }
    },
    {
      "question": 6,
      "target": "House Price",
      "target_value": 430000,
      "options": [
        "House Size sqft",
        "House Location Rating"
      ],
      "optionA": {
        "trial_id": "13",
        "task_id": "23",
        "values": "2600.0, 7.0",
        "target_value": 430000
      },
      "optionB": {
        "trial_id": "14",
        "task_id": "23",
        "values": "2200.0, 9.0",
        "target_value": 450000
      },
      "choice": {
        "button": "J",
        "selected_option": "OptionB"
      }
    },
    {
      "question": 7,
      "target": "Enjoyment",
      "target_value": 5,
      "options": [
        "Coffee price",
        "Coffee acidity"
      ],
      "optionA": {
        "trial_id": "16",
        "task_id": "101",
        "values": "2.0, 3.0",
        "target_value": 5
      },
      "optionB": {
        "trial_id": "7",
        "task_id": "101",
        "values": "6.0, 7.0",
        "target_value": 9
      },
      "choice": {
        "button": "J",
        "selected_option": "OptionB"
      }
    },
    {
      "question": 8,
      "target": "Social Engagement (on scale 1-10)",
      "target_value": 6,
      "options": [
        "Number of Friends",
        "Average Message Frequency"
      ],
      "optionA": {
        "trial_id": "11",
        "task_id": "21",
        "values": "100.0, 2.0",
        "target_value": 6
      },
      "optionB": {
        "trial_id": "19",
        "task_id": "21",
        "values": "150.0, 5.0",
        "target_value": 9
      },
      "choice": {
        "button": "J",
        "selected_option": "OptionB"
      }
    },
    {
      "question": 9,
      "target": "Doneness",
      "target_value": 85,
      "options": [
        "Cooking Time",
        "Size"
      ],
      "optionA": {
        "trial_id": "6",
        "task_id": "116",
        "values": "40.0, 260.0",
        "target_value": 85
      },
      "optionB": {
        "trial_id": "4",
        "task_id": "116",
        "values": "30.0, 200.0",
        "target_value": 70
      },
      "choice": {
        "button": "J",
        "selected_option": "OptionB"
      }
    },
    {
      "question": "attention_check_9",
      "choice": "J",
      "passed": true,
      "timestamp": 1756154649016
    },
    {
      "question": 10,
      "target": "Reading time",
      "target_value": 9,
      "options": [
        "Book pages",
        "Book chapters"
      ],
      "optionA": {
        "trial_id": "14",
        "task_id": "72",
        "values": "420.0, 24.0",
        "target_value": 9
      },
      "optionB": {
        "trial_id": "6",
        "task_id": "72",
        "values": "300.0, 15.0",
        "target_value": 6
      },
      "choice": {
        "button": "F",
        "selected_option": "OptionA"
      }
    },
    {
      "question": 11,
      "target": "Durability Perception (1-10)",
      "target_value": 7,
      "options": [
        "Price ($)",
        "Warranty (years)"
      ],
      "optionA": {
        "trial_id": "7",
        "task_id": "8",
        "values": "220.0, 3.0",
        "target_value": 7
      },
      "optionB": {
        "trial_id": "4",
        "task_id": "8",
        "values": "300.0, 3.0",
        "target_value": 7
      },
      "choice": {
        "button": "J",
        "selected_option": "OptionB"
      }
    },
    {
      "question": 12,
      "target": "Plant Growth Rate (cm/week)",
      "target_value": 5,
      "options": [
        "Plant Soil Quality (1-10)",
        "Plant Water Frequency (times/week)"
      ],
      "optionA": {
        "trial_id": "17",
        "task_id": "81",
        "values": "7.0, 3.0",
        "target_value": 5
      },
      "optionB": {
        "trial_id": "17",
        "task_id": "81",
        "values": "7.0, 3.0",
        "target_value": 5
      },
      "choice": {
        "button": "F",
        "selected_option": "OptionA"
      }
    },
    {
      "question": 13,
      "target": "House Price",
      "target_value": 280,
      "options": [
        "House Size",
        "Neighborhood Rating"
      ],
      "optionA": {
        "trial_id": "9",
        "task_id": "38",
        "values": "1600.0, 5.0",
        "target_value": 280
      },
      "optionB": {
        "trial_id": "15",
        "task_id": "38",
        "values": "2300.0, 10.0",
        "target_value": 500
      },
      "choice": {
        "button": "J",
        "selected_option": "OptionB"
      }
    },
    {
      "question": 14,
      "target": "Post reach",
      "target_value": 20000,
      "options": [
        "Number of followers",
        "Engagement rate (%)"
      ],
      "optionA": {
        "trial_id": "11",
        "task_id": "92",
        "values": "1800.0, 6.0",
        "target_value": 20000
      },
      "optionB": {
        "trial_id": "15",
        "task_id": "92",
        "values": "2800.0, 3.0",
        "target_value": 15000
      },
      "choice": {
        "button": "F",
        "selected_option": "OptionA"
      }
    },
    {
      "question": 15,
      "target": "Photo Quality",
      "target_value": 7,
      "options": [
        "Phone Price",
        "Phone Camera Megapixels"
      ],
      "optionA": {
        "trial_id": "8",
        "task_id": "5",
        "values": "420.0, 10.0",
        "target_value": 7
      },
      "optionB": {
        "trial_id": "19",
        "task_id": "5",
        "values": "420.0, 9.0",
        "target_value": 6
      },
      "choice": {
        "button": "F",
        "selected_option": "OptionA"
      }
    },
    {
      "question": 16,
      "target": "Light amount",
      "target_value": 7,
      "options": [
        "Room size (m2)",
        "Number of windows"
      ],
      "optionA": {
        "trial_id": "12",
        "task_id": "85",
        "values": "20.0, 3.0",
        "target_value": 7
      },
      "optionB": {
        "trial_id": "17",
        "task_id": "85",
        "values": "20.0, 3.0",
        "target_value": 8
      },
      "choice": {
        "button": "F",
        "selected_option": "OptionA"
      }
    },
    {
      "question": 17,
      "target": "Comfort Score",
      "target_value": 8,
      "options": [
        "Price ($)",
        "Size (sqft)"
      ],
      "optionA": {
        "trial_id": "10",
        "task_id": "44",
        "values": "270000.0, 150.0",
        "target_value": 8
      },
      "optionB": {
        "trial_id": "14",
        "task_id": "44",
        "values": "310000.0, 170.0",
        "target_value": 9
      },
      "choice": {
        "button": "J",
        "selected_option": "OptionB"
      }
    },
    {
      "question": 18,
      "target": "Satiety (on scale 1-10)",
      "target_value": 9,
      "options": [
        "Number of Calories",
        "Protein (g)"
      ],
      "optionA": {
        "trial_id": "9",
        "task_id": "16",
        "values": "350.0, 18.0",
        "target_value": 9
      },
      "optionB": {
        "trial_id": "15",
        "task_id": "16",
        "values": "300.0, 10.0",
        "target_value": 6
      },
      "choice": {
        "button": "F",
        "selected_option": "OptionA"
      }
    },
    {
      "question": 19,
      "target": "Market value ($)",
      "target_value": 250000,
      "options": [
        "Number of bedrooms",
        "House size (sq ft)"
      ],
      "optionA": {
        "trial_id": "12",
        "task_id": "90",
        "values": "5.0, 1100.0",
        "target_value": 250000
      },
      "optionB": {
        "trial_id": "17",
        "task_id": "90",
        "values": "3.0, 1300.0",
        "target_value": 260000
      },
      "choice": {
        "button": "J",
        "selected_option": "OptionB"
      }
    },
    {
      "question": "attention_check_19",
      "choice": "F",
      "passed": true,
      "timestamp": 1756154737542
    },
    {
      "question": 20,
      "target": "Apartment price",
      "target_value": 1200,
      "options": [
        "Distance from city center",
        "Room size"
      ],
      "optionA": {
        "trial_id": "1",
        "task_id": "58",
        "values": "2.0, 40.0",
        "target_value": 1200
      },
      "optionB": {
        "trial_id": "11",
        "task_id": "58",
        "values": "2.0, 40.0",
        "target_value": 1300
      },
      "choice": {
        "button": "F",
        "selected_option": "OptionA"
      }
    },
    {
      "question": 21,
      "target": "Jump Height",
      "target_value": 73,
      "options": [
        "Height",
        "Arm Length"
      ],
      "optionA": {
        "trial_id": "8",
        "task_id": "115",
        "values": "170.0, 63.0",
        "target_value": 73
      },
      "optionB": {
        "trial_id": "4",
        "task_id": "115",
        "values": "180.0, 68.0",
        "target_value": 78
      },
      "choice": {
        "button": "J",
        "selected_option": "OptionB"
      }
    },
    {
      "question": 22,
      "target": "Battery Life",
      "target_value": 12,
      "options": [
        "Battery Capacity",
        "Weight"
      ],
      "optionA": {
        "trial_id": "4",
        "task_id": "114",
        "values": "3000.0, 200.0",
        "target_value": 12
      },
      "optionB": {
        "trial_id": "18",
        "task_id": "114",
        "values": "5500.0, 320.0",
        "target_value": 18
      },
      "choice": {
        "button": "J",
        "selected_option": "OptionB"
      }
    },
    {
      "question": 23,
      "target": "Battery Duration",
      "target_value": 15,
      "options": [
        "Phone Battery Capacity",
        "Screen Brightness"
      ],
      "optionA": {
        "trial_id": "14",
        "task_id": "63",
        "values": "3500.0, 450.0",
        "target_value": 15
      },
      "optionB": {
        "trial_id": "9",
        "task_id": "63",
        "values": "2000.0, 250.0",
        "target_value": 8
      },
      "choice": {
        "button": "F",
        "selected_option": "OptionA"
      }
    },
    {
      "question": 24,
      "target": "Energy Level",
      "target_value": 5,
      "options": [
        "Hours of Sleep",
        "Caffeine Intake (mg)"
      ],
      "optionA": {
        "trial_id": "7",
        "task_id": "45",
        "values": "6.0, 30.0",
        "target_value": 5
      },
      "optionB": {
        "trial_id": "7",
        "task_id": "45",
        "values": "6.0, 30.0",
        "target_value": 5
      },
      "choice": {
        "button": "F",
        "selected_option": "OptionA"
      }
    },
    {
      "question": 25,
      "target": "Weight loss",
      "target_value": 1.2,
      "options": [
        "Exercise duration",
        "Intensity level"
      ],
      "optionA": {
        "trial_id": "11",
        "task_id": "67",
        "values": "30.0, 4.0",
        "target_value": 1.2
      },
      "optionB": {
        "trial_id": "2",
        "task_id": "67",
        "values": "45.0, 4.0",
        "target_value": 1.2
      },
      "choice": {
        "button": "J",
        "selected_option": "OptionB"
      }
    },
    {
      "question": 26,
      "target": "Top Speed",
      "target_value": 150,
      "options": [
        "Engine Size",
        "Horsepower"
      ],
      "optionA": {
        "trial_id": "4",
        "task_id": "113",
        "values": "2.0, 120.0",
        "target_value": 150
      },
      "optionB": {
        "trial_id": "10",
        "task_id": "113",
        "values": "4.0, 210.0",
        "target_value": 205
      },
      "choice": {
        "button": "J",
        "selected_option": "OptionB"
      }
    },
    {
      "question": 27,
      "target": "Exam Score (%)",
      "target_value": 80,
      "options": [
        "Study Time (hours)",
        "Previous Score (%)"
      ],
      "optionA": {
        "trial_id": "20",
        "task_id": "76",
        "values": "4.0, 75.0",
        "target_value": 80
      },
      "optionB": {
        "trial_id": "8",
        "task_id": "76",
        "values": "4.0, 75.0",
        "target_value": 75
      },
      "choice": {
        "button": "J",
        "selected_option": "OptionB"
      }
    },
    {
      "question": 28,
      "target": "Muscle gain",
      "target_value": 1,
      "options": [
        "Minutes of exercise",
        "Protein intake"
      ],
      "optionA": {
        "trial_id": "11",
        "task_id": "59",
        "values": "25.0, 15.0",
        "target_value": 1
      },
      "optionB": {
        "trial_id": "16",
        "task_id": "59",
        "values": "40.0, 15.0",
        "target_value": 1
      },
      "choice": {
        "button": "J",
        "selected_option": "OptionB"
      }
    },
    {
      "question": 29,
      "target": "Doneness",
      "target_value": 85,
      "options": [
        "Cooking Time",
        "Size"
      ],
      "optionA": {
        "trial_id": "13",
        "task_id": "116",
        "values": "35.0, 260.0",
        "target_value": 85
      },
      "optionB": {
        "trial_id": "15",
        "task_id": "116",
        "values": "25.0, 180.0",
        "target_value": 65
      },
      "choice": {
        "button": "J",
        "selected_option": "OptionB"
      }
    },
    {
      "question": "attention_check_29",
      "choice": "J",
      "passed": true,
      "timestamp": 1756154806006
    },
    {
      "question": 30,
      "target": "Jump Height",
      "target_value": 98,
      "options": [
        "Height",
        "Arm Length"
      ],
      "optionA": {
        "trial_id": "10",
        "task_id": "115",
        "values": "210.0, 82.0",
        "target_value": 98
      },
      "optionB": {
        "trial_id": "3",
        "task_id": "115",
        "values": "170.0, 65.0",
        "target_value": 75
      },
      "choice": {
        "button": "F",
        "selected_option": "OptionA"
      }
    },
    {
      "question": 31,
      "target": "Enjoyment",
      "target_value": 5,
      "options": [
        "Taste rating",
        "Price"
      ],
      "optionA": {
        "trial_id": "7",
        "task_id": "26",
        "values": "4.0, 2.0",
        "target_value": 5
      },
      "optionB": {
        "trial_id": "14",
        "task_id": "26",
        "values": "8.0, 6.0",
        "target_value": 13
      },
      "choice": {
        "button": "J",
        "selected_option": "OptionB"
      }
    },
    {
      "question": 32,
      "target": "Battery Life (hours)",
      "target_value": 11,
      "options": [
        "Phone Weight (g)",
        "Battery Capacity (mAh)"
      ],
      "optionA": {
        "trial_id": "3",
        "task_id": "30",
        "values": "180.0, 4500.0",
        "target_value": 11
      },
      "optionB": {
        "trial_id": "3",
        "task_id": "30",
        "values": "180.0, 4500.0",
        "target_value": 11
      },
      "choice": {
        "button": "F",
        "selected_option": "OptionA"
      }
    },
    {
      "question": 33,
      "target": "Exam Score (out of 100)",
      "target_value": 76,
      "options": [
        "Study Time (hours)",
        "Previous GPA"
      ],
      "optionA": {
        "trial_id": "7",
        "task_id": "18",
        "values": "8.0, 3.2",
        "target_value": 76
      },
      "optionB": {
        "trial_id": "9",
        "task_id": "18",
        "values": "6.0, 3.0",
        "target_value": 70
      },
      "choice": {
        "button": "F",
        "selected_option": "OptionA"
      }
    },
    {
      "question": 34,
      "target": "User Satisfaction",
      "target_value": 8,
      "options": [
        "Screen Size",
        "Battery Life"
      ],
      "optionA": {
        "trial_id": "17",
        "task_id": "52",
        "values": "6.0, 40.0",
        "target_value": 8
      },
      "optionB": {
        "trial_id": "1",
        "task_id": "52",
        "values": "6.0, 30.0",
        "target_value": 7
      },
      "choice": {
        "button": "F",
        "selected_option": "OptionA"
      }
    },
    {
      "question": 35,
      "target": "Dog Energy Level",
      "target_value": 9,
      "options": [
        "Dog Weight",
        "Dog Activity Level"
      ],
      "optionA": {
        "trial_id": "3",
        "task_id": "105",
        "values": "30.0, 6.0",
        "target_value": 9
      },
      "optionB": {
        "trial_id": "19",
        "task_id": "105",
        "values": "34.0, 6.0",
        "target_value": 9
      },
      "choice": {
        "button": "F",
        "selected_option": "OptionA"
      }
    },
    {
      "question": 36,
      "target": "Warmth Rating",
      "target_value": 3.8,
      "options": [
        "Shirt Weight (g)",
        "Fabric Thickness (mm)"
      ],
      "optionA": {
        "trial_id": "5",
        "task_id": "31",
        "values": "180.0, 1.4",
        "target_value": 3.8
      },
      "optionB": {
        "trial_id": "19",
        "task_id": "31",
        "values": "205.0, 1.8",
        "target_value": 4.8
      },
      "choice": {
        "button": "J",
        "selected_option": "OptionB"
      }
    },
    {
      "question": 37,
      "target": "Growth Rate",
      "target_value": 5,
      "options": [
        "Plant Leaf Size",
        "Plant Height"
      ],
      "optionA": {
        "trial_id": "17",
        "task_id": "65",
        "values": "14.0, 70.0",
        "target_value": 5
      },
      "optionB": {
        "trial_id": "12",
        "task_id": "65",
        "values": "12.0, 60.0",
        "target_value": 4
      },
      "choice": {
        "button": "F",
        "selected_option": "OptionA"
      }
    },
    {
      "question": 38,
      "target": "Jump Height",
      "target_value": 85,
      "options": [
        "Height",
        "Arm Length"
      ],
      "optionA": {
        "trial_id": "12",
        "task_id": "115",
        "values": "190.0, 72.0",
        "target_value": 85
      },
      "optionB": {
        "trial_id": "4",
        "task_id": "115",
        "values": "180.0, 68.0",
        "target_value": 78
      },
      "choice": {
        "button": "F",
        "selected_option": "OptionA"
      }
    },
    {
      "question": 39,
      "target": "Fun Level",
      "target_value": 9,
      "options": [
        "Number of Players",
        "Game Duration (minutes)"
      ],
      "optionA": {
        "trial_id": "11",
        "task_id": "13",
        "values": "7.0, 65.0",
        "target_value": 9
      },
      "optionB": {
        "trial_id": "13",
        "task_id": "13",
        "values": "4.0, 55.0",
        "target_value": 7
      },
      "choice": {
        "button": "F",
        "selected_option": "OptionA"
      }
    },
    {
      "question": "attention_check_39",
      "choice": "F",
      "passed": true,
      "timestamp": 1756154869448
    },
    {
      "question": 40,
      "target": "Enjoyment Score",
      "target_value": 8.5,
      "options": [
        "Book Length (pages)",
        "Author Fame (1-10)"
      ],
      "optionA": {
        "trial_id": "11",
        "task_id": "29",
        "values": "300.0, 8.0",
        "target_value": 8.5
      },
      "optionB": {
        "trial_id": "17",
        "task_id": "29",
        "values": "200.0, 7.0",
        "target_value": 8
      },
      "choice": {
        "button": "F",
        "selected_option": "OptionA"
      }
    },
    {
      "question": 41,
      "target": "Taste Rating",
      "target_value": 8,
      "options": [
        "Number of Ingredients",
        "Cooking Time (minutes)"
      ],
      "optionA": {
        "trial_id": "6",
        "task_id": "14",
        "values": "7.0, 30.0",
        "target_value": 8
      },
      "optionB": {
        "trial_id": "17",
        "task_id": "14",
        "values": "5.0, 28.0",
        "target_value": 6
      },
      "choice": {
        "button": "F",
        "selected_option": "OptionA"
      }
    },
    {
      "question": 42,
      "target": "Room Size",
      "target_value": 30,
      "options": [
        "Room Width",
        "Room Length"
      ],
      "optionA": {
        "trial_id": "1",
        "task_id": "109",
        "values": "5.0, 6.0",
        "target_value": 30
      },
      "optionB": {
        "trial_id": "17",
        "task_id": "109",
        "values": "5.0, 6.0",
        "target_value": 30
      },
      "choice": {
        "button": "F",
        "selected_option": "OptionA"
      }
    },
    {
      "question": 43,
      "target": "Tea Strength (1-10)",
      "target_value": 8,
      "options": [
        "Tea Leaf Quality (1-10)",
        "Tea Steeping Time (minutes)"
      ],
      "optionA": {
        "trial_id": "10",
        "task_id": "80",
        "values": "9.0, 5.0",
        "target_value": 8
      },
      "optionB": {
        "trial_id": "17",
        "task_id": "80",
        "values": "7.0, 3.0",
        "target_value": 6
      },
      "choice": {
        "button": "F",
        "selected_option": "OptionA"
      }
    },
    {
      "question": 44,
      "target": "Top Speed",
      "target_value": 150,
      "options": [
        "Car Engine Size",
        "Horsepower"
      ],
      "optionA": {
        "trial_id": "3",
        "task_id": "36",
        "values": "2.5, 220.0",
        "target_value": 150
      },
      "optionB": {
        "trial_id": "10",
        "task_id": "36",
        "values": "2.1, 180.0",
        "target_value": 130
      },
      "choice": {
        "button": "F",
        "selected_option": "OptionA"
      }
    },
    {
      "question": 45,
      "target": "Light amount",
      "target_value": 9,
      "options": [
        "Room size (m2)",
        "Number of windows"
      ],
      "optionA": {
        "trial_id": "3",
        "task_id": "85",
        "values": "25.0, 4.0",
        "target_value": 9
      },
      "optionB": {
        "trial_id": "15",
        "task_id": "85",
        "values": "30.0, 2.0",
        "target_value": 7
      },
      "choice": {
        "button": "F",
        "selected_option": "OptionA"
      }
    },
    {
      "question": 46,
      "target": "Exam Score",
      "target_value": 80,
      "options": [
        "Hours of Study",
        "Difficulty Level"
      ],
      "optionA": {
        "trial_id": "11",
        "task_id": "12",
        "values": "7.0, 5.0",
        "target_value": 80
      },
      "optionB": {
        "trial_id": "4",
        "task_id": "12",
        "values": "5.0, 3.0",
        "target_value": 68
      },
      "choice": {
        "button": "F",
        "selected_option": "OptionA"
      }
    },
    {
      "question": 47,
      "target": "Fat Burn (g)",
      "target_value": 40,
      "options": [
        "Exercise Time (min)",
        "Heart Rate (bpm)"
      ],
      "optionA": {
        "trial_id": "11",
        "task_id": "28",
        "values": "25.0, 125.0",
        "target_value": 40
      },
      "optionB": {
        "trial_id": "9",
        "task_id": "28",
        "values": "35.0, 135.0",
        "target_value": 55
      },
      "choice": {
        "button": "J",
        "selected_option": "OptionB"
      }
    },
    {
      "question": 48,
      "target": "Plant Sunlight Needs",
      "target_value": 3,
      "options": [
        "Plant Height",
        "Plant Leaf Size"
      ],
      "optionA": {
        "trial_id": "13",
        "task_id": "2",
        "values": "110.0, 5.0",
        "target_value": 3
      },
      "optionB": {
        "trial_id": "8",
        "task_id": "2",
        "values": "170.0, 11.0",
        "target_value": 6
      },
      "choice": {
        "button": "J",
        "selected_option": "OptionB"
      }
    },
    {
      "question": 49,
      "target": "Natural light",
      "target_value": 7,
      "options": [
        "Room size",
        "Window count"
      ],
      "optionA": {
        "trial_id": "19",
        "task_id": "66",
        "values": "120.0, 3.0",
        "target_value": 7
      },
      "optionB": {
        "trial_id": "15",
        "task_id": "66",
        "values": "100.0, 3.0",
        "target_value": 7
      },
      "choice": {
        "button": "F",
        "selected_option": "OptionA"
      }
    },
    {
      "question": 50,
      "target": "Top Speed",
      "target_value": 150,
      "options": [
        "Engine Size",
        "Horsepower"
      ],
      "optionA": {
        "trial_id": "1",
        "task_id": "113",
        "values": "2.0, 120.0",
        "target_value": 150
      },
      "optionB": {
        "trial_id": "8",
        "task_id": "113",
        "values": "2.5, 140.0",
        "target_value": 160
      },
      "choice": {
        "button": "J",
        "selected_option": "OptionB"
      }
    }
  ]
}