{
  "prolific_id": "UNKNOWN",
  "condition_group": "ranking",
  "responses": [
    {
      "question": 1,
      "target": "Cooking time (minutes)",
      "target_value": 18,
      "options": [
        "Number of ingredients",
        "Prep time (minutes)"
      ],
      "optionA": {
        "trial_id": "14",
        "task_id": "140",
        "values": "3.0, 14",
        "target_value": 18
      },
      "optionB": {
        "trial_id": "11",
        "task_id": "140",
        "values": "4.0, 15",
        "target_value": 20
      },
      "choice": {
        "button": "J",
        "selected_option": "OptionB"
      }
    },
    {
      "question": 2,
      "target": "Enjoyment",
      "target_value": 70,
      "options": [
        "Book pages",
        "Author fame"
      ],
      "optionA": {
        "trial_id": "1",
        "task_id": "84",
        "values": "300.0, 8",
        "target_value": 70
      },
      "optionB": {
        "trial_id": "3",
        "task_id": "84",
        "values": "500.0, 6",
        "target_value": 85
      },
      "choice": {
        "button": "J",
        "selected_option": "OptionB"
      }
    },
    {
      "question": 3,
      "target": "Calories Burned",
      "target_value": 200,
      "options": [
        "Exercise Duration",
        "Exercise Intensity"
      ],
      "optionA": {
        "trial_id": "4",
        "task_id": "71",
        "values": "40.0, 5.0",
        "target_value": 200
      },
      "optionB": {
        "trial_id": "8",
        "task_id": "71",
        "values": "45.0, 4.0",
        "target_value": 200
      },
      "choice": {
        "button": "F",
        "selected_option": "OptionA"
      }
    },
    {
      "question": 4,
      "target": "Reading time (hours)",
      "target_value": 7,
      "options": [
        "Book pages",
        "Book weight (g)"
      ],
      "optionA": {
        "trial_id": "5",
        "task_id": "114",
        "values": "600.0, 310",
        "target_value": 7
      },
      "optionB": {
        "trial_id": "11",
        "task_id": "114",
        "values": "650.0, 320",
        "target_value": 7.5
      },
      "choice": {
        "button": "J",
        "selected_option": "OptionB"
      }
    },
    {
      "question": 5,
      "target": "How many people buy it",
      "target_value": 40,
      "options": [
        "Shoe price (in USD)",
        "Comfort rating (1-10)"
      ],
      "optionA": {
        "trial_id": "5",
        "task_id": "126",
        "values": "110.0, 9.0",
        "target_value": 40
      },
      "optionB": {
        "trial_id": "7",
        "task_id": "126",
        "values": "80.0, 6.0",
        "target_value": 70
      },
      "choice": {
        "button": "F",
        "selected_option": "OptionA"
      }
    },
    {
      "question": 6,
      "target": "Engagement rate (%)",
      "target_value": 5,
      "options": [
        "Number of followers (count)",
        "Time posted (hours ago)"
      ],
      "optionA": {
        "trial_id": "14",
        "task_id": "98",
        "values": "1200.0, 3",
        "target_value": 5
      },
      "optionB": {
        "trial_id": "10",
        "task_id": "98",
        "values": "1000.0, 3",
        "target_value": 4
      },
      "choice": {
        "button": "F",
        "selected_option": "OptionA"
      }
    },
    {
      "question": 7,
      "target": "Cooking time (minutes)",
      "target_value": 18,
      "options": [
        "Number of ingredients",
        "Prep time (minutes)"
      ],
      "optionA": {
        "trial_id": "14",
        "task_id": "140",
        "values": "3.0, 14",
        "target_value": 18
      },
      "optionB": {
        "trial_id": "6",
        "task_id": "140",
        "values": "6.0, 10",
        "target_value": 24
      },
      "choice": {
        "button": "F",
        "selected_option": "OptionA"
      }
    },
    {
      "question": 8,
      "target": "Weight loss",
      "target_value": 2,
      "options": [
        "Exercise intensity",
        "Exercise duration"
      ],
      "optionA": {
        "trial_id": "10",
        "task_id": "61",
        "values": "4.0, 70.0",
        "target_value": 2
      },
      "optionB": {
        "trial_id": "13",
        "task_id": "61",
        "values": "8.0, 40.0",
        "target_value": 5
      },
      "choice": {
        "button": "J",
        "selected_option": "OptionB"
      }
    },
    {
      "question": 9,
      "target": "Taste Rating (scale 1-10)",
      "target_value": 5,
      "options": [
        "Number of Ingredients",
        "Cooking Time (minutes)"
      ],
      "optionA": {
        "trial_id": "10",
        "task_id": "167",
        "values": "13.0, 50",
        "target_value": 5
      },
      "optionB": {
        "trial_id": "6",
        "task_id": "167",
        "values": "9.0, 30",
        "target_value": 8
      },
      "choice": {
        "button": "F",
        "selected_option": "OptionA"
      }
    },
    {
      "question": "attention_check_9",
      "choice": "J",
      "passed": true,
      "timestamp": 1756154529336
    },
    {
      "question": 10,
      "target": "Battery Life (hours)",
      "target_value": 14,
      "options": [
        "Phone Battery Capacity (mAh)",
        "Phone Brand (1=Premium, 2=Budget)"
      ],
      "optionA": {
        "trial_id": "6",
        "task_id": "175",
        "values": "3500.0, 2",
        "target_value": 14
      },
      "optionB": {
        "trial_id": "12",
        "task_id": "175",
        "values": "2800.0, 2",
        "target_value": 11
      },
      "choice": {
        "button": "F",
        "selected_option": "OptionA"
      }
    },
    {
      "question": 11,
      "target": "Playfulness score (1-10)",
      "target_value": 6.8,
      "options": [
        "Dog weight (kg)",
        "Dog age (years)"
      ],
      "optionA": {
        "trial_id": "17",
        "task_id": "147",
        "values": "12.0, 4",
        "target_value": 6.8
      },
      "optionB": {
        "trial_id": "8",
        "task_id": "147",
        "values": "14.0, 5",
        "target_value": 5.5
      },
      "choice": {
        "button": "F",
        "selected_option": "OptionA"
      }
    },
    {
      "question": 12,
      "target": "Fuel Efficiency (km/L)",
      "target_value": 14,
      "options": [
        "Car Weight (kg)",
        "Engine Power (hp)"
      ],
      "optionA": {
        "trial_id": "15",
        "task_id": "3",
        "values": "1300.0, 120",
        "target_value": 14
      },
      "optionB": {
        "trial_id": "17",
        "task_id": "3",
        "values": "1500.0, 140",
        "target_value": 12
      },
      "choice": {
        "button": "F",
        "selected_option": "OptionA"
      }
    },
    {
      "question": 13,
      "target": "Usage Time",
      "target_value": 12,
      "options": [
        "Battery Capacity",
        "Weight"
      ],
      "optionA": {
        "trial_id": "13",
        "task_id": "22",
        "values": "4200.0, 210.0",
        "target_value": 12
      },
      "optionB": {
        "trial_id": "4",
        "task_id": "22",
        "values": "4500.0, 200.0",
        "target_value": 13
      },
      "choice": {
        "button": "J",
        "selected_option": "OptionB"
      }
    },
    {
      "question": 14,
      "target": "Lighting (lux)",
      "target_value": 650,
      "options": [
        "Room size (m2)",
        "Number of windows"
      ],
      "optionA": {
        "trial_id": "6",
        "task_id": "115",
        "values": "28.0, 3",
        "target_value": 650
      },
      "optionB": {
        "trial_id": "7",
        "task_id": "115",
        "values": "18.0, 3",
        "target_value": 500
      },
      "choice": {
        "button": "J",
        "selected_option": "OptionB"
      }
    },
    {
      "question": 15,
      "target": "Popularity",
      "target_value": 70,
      "options": [
        "Book age",
        "Page count"
      ],
      "optionA": {
        "trial_id": "18",
        "task_id": "134",
        "values": "11.0, 480",
        "target_value": 70
      },
      "optionB": {
        "trial_id": "4",
        "task_id": "134",
        "values": "4.0, 350",
        "target_value": 82
      },
      "choice": {
        "button": "F",
        "selected_option": "OptionA"
      }
    },
    {
      "question": 16,
      "target": "Distance Traveled",
      "target_value": 675,
      "options": [
        "Speed",
        "Comfort"
      ],
      "optionA": {
        "trial_id": "18",
        "task_id": "129",
        "values": "135.0, 0.5",
        "target_value": 675
      },
      "optionB": {
        "trial_id": "11",
        "task_id": "129",
        "values": "110.0, 2.0",
        "target_value": 550
      },
      "choice": {
        "button": "J",
        "selected_option": "OptionB"
      }
    },
    {
      "question": 17,
      "target": "Taste Score",
      "target_value": 8,
      "options": [
        "Cooking Time",
        "Spice Level"
      ],
      "optionA": {
        "trial_id": "1",
        "task_id": "130",
        "values": "20.0, 5.0",
        "target_value": 8
      },
      "optionB": {
        "trial_id": "8",
        "task_id": "130",
        "values": "40.0, 7.0",
        "target_value": 7
      },
      "choice": {
        "button": "F",
        "selected_option": "OptionA"
      }
    },
    {
      "question": 18,
      "target": "Reading Enjoyment",
      "target_value": 12,
      "options": [
        "Book Length",
        "Author Fame"
      ],
      "optionA": {
        "trial_id": "11",
        "task_id": "131",
        "values": "800.0, 3.0",
        "target_value": 12
      },
      "optionB": {
        "trial_id": "14",
        "task_id": "131",
        "values": "1000.0, 1.0",
        "target_value": 14
      },
      "choice": {
        "button": "F",
        "selected_option": "OptionA"
      }
    },
    {
      "question": 19,
      "target": "Speed on Flat Ground",
      "target_value": 22,
      "options": [
        "Bike Weight",
        "Wheel Size"
      ],
      "optionA": {
        "trial_id": "2",
        "task_id": "30",
        "values": "12.0, 29.0",
        "target_value": 22
      },
      "optionB": {
        "trial_id": "12",
        "task_id": "30",
        "values": "12.0, 28.0",
        "target_value": 23
      },
      "choice": {
        "button": "J",
        "selected_option": "OptionB"
      }
    },
    {
      "question": "attention_check_19",
      "choice": "F",
      "passed": true,
      "timestamp": 1756154608009
    },
    {
      "question": 20,
      "target": "Physical Endurance",
      "target_value": 8,
      "options": [
        "Age",
        "Height"
      ],
      "optionA": {
        "trial_id": "18",
        "task_id": "135",
        "values": "25.0, 165.0",
        "target_value": 8
      },
      "optionB": {
        "trial_id": "11",
        "task_id": "123",
        "values": "35.0, 185.0",
        "target_value": 80
      },
      "choice": {
        "button": "F",
        "selected_option": "OptionA"
      }
    },
    {
      "question": 21,
      "target": "Fuel Cost",
      "target_value": 3.5,
      "options": [
        "Distance (km)",
        "Fuel Efficiency (km/L)"
      ],
      "optionA": {
        "trial_id": "15",
        "task_id": "70",
        "values": "35.0, 10",
        "target_value": 3.5
      },
      "optionB": {
        "trial_id": "5",
        "task_id": "70",
        "values": "60.0, 10",
        "target_value": 6
      },
      "choice": {
        "button": "F",
        "selected_option": "OptionA"
      }
    },
    {
      "question": 22,
      "target": "Weight Loss (lbs)",
      "target_value": 6,
      "options": [
        "Exercise Minutes",
        "Diet Score (1-10)"
      ],
      "optionA": {
        "trial_id": "8",
        "task_id": "112",
        "values": "70.0, 6",
        "target_value": 6
      },
      "optionB": {
        "trial_id": "9",
        "task_id": "112",
        "values": "70.0, 8",
        "target_value": 6
      },
      "choice": {
        "button": "J",
        "selected_option": "OptionB"
      }
    },
    {
      "question": 23,
      "target": "Distance",
      "target_value": 490,
      "options": [
        "Fuel Efficiency",
        "Weight"
      ],
      "optionA": {
        "trial_id": "9",
        "task_id": "69",
        "values": "35.0, 1400",
        "target_value": 490
      },
      "optionB": {
        "trial_id": "3",
        "task_id": "69",
        "values": "28.0, 1400",
        "target_value": 420
      },
      "choice": {
        "button": "F",
        "selected_option": "OptionA"
      }
    },
    {
      "question": 24,
      "target": "Weight loss",
      "target_value": 4,
      "options": [
        "Exercise intensity",
        "Exercise duration"
      ],
      "optionA": {
        "trial_id": "14",
        "task_id": "61",
        "values": "6.0, 50.0",
        "target_value": 4
      },
      "optionB": {
        "trial_id": "3",
        "task_id": "61",
        "values": "7.0, 45.0",
        "target_value": 4
      },
      "choice": {
        "button": "J",
        "selected_option": "OptionB"
      }
    },
    {
      "question": 25,
      "target": "Fuel Efficiency",
      "target_value": 21,
      "options": [
        "Car Engine Size",
        "Car Weight"
      ],
      "optionA": {
        "trial_id": "14",
        "task_id": "168",
        "values": "3.0, 3300",
        "target_value": 21
      },
      "optionB": {
        "trial_id": "12",
        "task_id": "168",
        "values": "1.6, 3900",
        "target_value": 30
      },
      "choice": {
        "button": "J",
        "selected_option": "OptionB"
      }
    },
    {
      "question": 26,
      "target": "Deliciousness",
      "target_value": 6,
      "options": [
        "Cooking time",
        "Ingredients"
      ],
      "optionA": {
        "trial_id": "8",
        "task_id": "125",
        "values": "45.0, 4.0",
        "target_value": 6
      },
      "optionB": {
        "trial_id": "20",
        "task_id": "125",
        "values": "85.0, 0.0",
        "target_value": 2
      },
      "choice": {
        "button": "F",
        "selected_option": "OptionA"
      }
    },
    {
      "question": 27,
      "target": "Phone Performance Score",
      "target_value": 9,
      "options": [
        "Phone Processor Speed",
        "Phone Battery Capacity"
      ],
      "optionA": {
        "trial_id": "3",
        "task_id": "10",
        "values": "4.0, 3500",
        "target_value": 9
      },
      "optionB": {
        "trial_id": "6",
        "task_id": "10",
        "values": "4.0, 3500",
        "target_value": 9
      },
      "choice": {
        "button": "F",
        "selected_option": "OptionA"
      }
    },
    {
      "question": 28,
      "target": "Mood Score (1-10)",
      "target_value": 5,
      "options": [
        "Hours of Sleep",
        "Screen Time (hours)"
      ],
      "optionA": {
        "trial_id": "10",
        "task_id": "109",
        "values": "4.0, 5",
        "target_value": 5
      },
      "optionB": {
        "trial_id": "18",
        "task_id": "109",
        "values": "5.0, 2",
        "target_value": 6
      },
      "choice": {
        "button": "J",
        "selected_option": "OptionB"
      }
    },
    {
      "question": 29,
      "target": "Fuel consumption (liters per 100km)",
      "target_value": 6.2,
      "options": [
        "Car engine size (liters)",
        "Car weight (kg)"
      ],
      "optionA": {
        "trial_id": "2",
        "task_id": "113",
        "values": "1.6, 1500",
        "target_value": 6.2
      },
      "optionB": {
        "trial_id": "9",
        "task_id": "113",
        "values": "2.6, 1350",
        "target_value": 8.7
      },
      "choice": {
        "button": "J",
        "selected_option": "OptionB"
      }
    },
    {
      "question": "attention_check_29",
      "choice": "J",
      "passed": true,
      "timestamp": 1756154717308
    },
    {
      "question": 30,
      "target": "Exam score (points)",
      "target_value": 92,
      "options": [
        "Time spent studying (hours)",
        "Number of breaks (times)"
      ],
      "optionA": {
        "trial_id": "13",
        "task_id": "89",
        "values": "5.0, 2",
        "target_value": 92
      },
      "optionB": {
        "trial_id": "15",
        "task_id": "139",
        "values": "5.0, 3",
        "target_value": 70
      },
      "choice": {
        "button": "F",
        "selected_option": "OptionA"
      }
    },
    {
      "question": 31,
      "target": "Enjoyment",
      "target_value": 95,
      "options": [
        "Book pages",
        "Author fame"
      ],
      "optionA": {
        "trial_id": "10",
        "task_id": "84",
        "values": "580.0, 5",
        "target_value": 95
      },
      "optionB": {
        "trial_id": "18",
        "task_id": "84",
        "values": "680.0, 4",
        "target_value": 100
      },
      "choice": {
        "button": "J",
        "selected_option": "OptionB"
      }
    },
    {
      "question": 32,
      "target": "Race Finish Time (minutes)",
      "target_value": 11.5,
      "options": [
        "Runner Speed (mph)",
        "Runner Weight (lbs)"
      ],
      "optionA": {
        "trial_id": "19",
        "task_id": "37",
        "values": "10.5, 115.0",
        "target_value": 11.5
      },
      "optionB": {
        "trial_id": "14",
        "task_id": "37",
        "values": "6.5, 155.0",
        "target_value": 19.5
      },
      "choice": {
        "button": "F",
        "selected_option": "OptionA"
      }
    },
    {
      "question": 33,
      "target": "Taste Rating",
      "target_value": 5,
      "options": [
        "Coffee Amount",
        "Sugar Amount"
      ],
      "optionA": {
        "trial_id": "17",
        "task_id": "18",
        "values": "3.0, 0",
        "target_value": 5
      },
      "optionB": {
        "trial_id": "6",
        "task_id": "18",
        "values": "5.0, 1",
        "target_value": 4.5
      },
      "choice": {
        "button": "J",
        "selected_option": "OptionB"
      }
    },
    {
      "question": 34,
      "target": "Water Usage (ml/day)",
      "target_value": 170,
      "options": [
        "Plant Height",
        "Plant Leaves"
      ],
      "optionA": {
        "trial_id": "18",
        "task_id": "73",
        "values": "44.0, 13.0",
        "target_value": 170
      },
      "optionB": {
        "trial_id": "8",
        "task_id": "73",
        "values": "38.0, 11.0",
        "target_value": 165
      },
      "choice": {
        "button": "F",
        "selected_option": "OptionA"
      }
    },
    {
      "question": 35,
      "target": "Customer Rating (1-10)",
      "target_value": 7,
      "options": [
        "Price ($)",
        "Weight (oz)"
      ],
      "optionA": {
        "trial_id": "4",
        "task_id": "108",
        "values": "13.0, 14",
        "target_value": 7
      },
      "optionB": {
        "trial_id": "20",
        "task_id": "108",
        "values": "10.0, 16",
        "target_value": 8
      },
      "choice": {
        "button": "J",
        "selected_option": "OptionB"
      }
    },
    {
      "question": 36,
      "target": "Quality",
      "target_value": 88,
      "options": [
        "Price",
        "Size"
      ],
      "optionA": {
        "trial_id": "10",
        "task_id": "21",
        "values": "80.0, 3.0",
        "target_value": 88
      },
      "optionB": {
        "trial_id": "7",
        "task_id": "21",
        "values": "90.0, 3.0",
        "target_value": 87
      },
      "choice": {
        "button": "J",
        "selected_option": "OptionB"
      }
    },
    {
      "question": 37,
      "target": "Cost to travel",
      "target_value": 95,
      "options": [
        "Distance",
        "Speed"
      ],
      "optionA": {
        "trial_id": "12",
        "task_id": "124",
        "values": "190.0, 40.0",
        "target_value": 95
      },
      "optionB": {
        "trial_id": "12",
        "task_id": "124",
        "values": "190.0, 40.0",
        "target_value": 95
      },
      "choice": {
        "button": "F",
        "selected_option": "OptionA"
      }
    },
    {
      "question": 38,
      "target": "Daily travel cost ($)",
      "target_value": 48,
      "options": [
        "Distance to work (miles)",
        "Commute time (minutes)"
      ],
      "optionA": {
        "trial_id": "3",
        "task_id": "138",
        "values": "8.0, 12",
        "target_value": 48
      },
      "optionB": {
        "trial_id": "15",
        "task_id": "138",
        "values": "2.0, 16",
        "target_value": 10
      },
      "choice": {
        "button": "F",
        "selected_option": "OptionA"
      }
    },
    {
      "question": 39,
      "target": "Fuel efficiency (km/l)",
      "target_value": 7,
      "options": [
        "Engine power (in horsepower)",
        "Weight (in kg)"
      ],
      "optionA": {
        "trial_id": "18",
        "task_id": "87",
        "values": "230.0, 1500",
        "target_value": 7
      },
      "optionB": {
        "trial_id": "15",
        "task_id": "87",
        "values": "170.0, 1300",
        "target_value": 10
      },
      "choice": {
        "button": "J",
        "selected_option": "OptionB"
      }
    },
    {
      "question": "attention_check_39",
      "choice": "F",
      "passed": true,
      "timestamp": 1756154787876
    },
    {
      "question": 40,
      "target": "Playfulness score (1-10)",
      "target_value": 8,
      "options": [
        "Dog weight (kg)",
        "Dog age (years)"
      ],
      "optionA": {
        "trial_id": "1",
        "task_id": "147",
        "values": "10.0, 2",
        "target_value": 8
      },
      "optionB": {
        "trial_id": "15",
        "task_id": "147",
        "values": "10.0, 3",
        "target_value": 7.8
      },
      "choice": {
        "button": "F",
        "selected_option": "OptionA"
      }
    },
    {
      "question": 41,
      "target": "Shade Area (sq ft)",
      "target_value": 240,
      "options": [
        "Tree Height (ft)",
        "Tree Diameter (in)"
      ],
      "optionA": {
        "trial_id": "9",
        "task_id": "33",
        "values": "80.0, 4.0",
        "target_value": 240
      },
      "optionB": {
        "trial_id": "8",
        "task_id": "33",
        "values": "60.0, 6.0",
        "target_value": 180
      },
      "choice": {
        "button": "J",
        "selected_option": "OptionB"
      }
    },
    {
      "question": 42,
      "target": "Distance Traveled",
      "target_value": 675,
      "options": [
        "Speed",
        "Comfort"
      ],
      "optionA": {
        "trial_id": "18",
        "task_id": "129",
        "values": "135.0, 0.5",
        "target_value": 675
      },
      "optionB": {
        "trial_id": "2",
        "task_id": "129",
        "values": "50.0, 8.0",
        "target_value": 250
      },
      "choice": {
        "button": "F",
        "selected_option": "OptionA"
      }
    },
    {
      "question": 43,
      "target": "House Price",
      "target_value": 420,
      "options": [
        "House Size",
        "Housing Age"
      ],
      "optionA": {
        "trial_id": "20",
        "task_id": "99",
        "values": "280.0, 11",
        "target_value": 420
      },
      "optionB": {
        "trial_id": "9",
        "task_id": "99",
        "values": "180.0, 12",
        "target_value": 300
      },
      "choice": {
        "button": "F",
        "selected_option": "OptionA"
      }
    },
    {
      "question": 44,
      "target": "Garden yield (kg)",
      "target_value": 48,
      "options": [
        "Amount of fertilizer (grams)",
        "Rainfall (mm/week)"
      ],
      "optionA": {
        "trial_id": "6",
        "task_id": "92",
        "values": "180.0, 130",
        "target_value": 48
      },
      "optionB": {
        "trial_id": "2",
        "task_id": "92",
        "values": "150.0, 150",
        "target_value": 45
      },
      "choice": {
        "button": "J",
        "selected_option": "OptionB"
      }
    },
    {
      "question": 45,
      "target": "Growth Rate (cm/week)",
      "target_value": 5,
      "options": [
        "Plant Height (cm)",
        "Sunlight (hours/day)"
      ],
      "optionA": {
        "trial_id": "9",
        "task_id": "4",
        "values": "30.0, 8",
        "target_value": 5
      },
      "optionB": {
        "trial_id": "8",
        "task_id": "4",
        "values": "40.0, 5",
        "target_value": 6
      },
      "choice": {
        "button": "J",
        "selected_option": "OptionB"
      }
    },
    {
      "question": 46,
      "target": "Usage Time",
      "target_value": 11,
      "options": [
        "Battery Capacity",
        "Weight"
      ],
      "optionA": {
        "trial_id": "17",
        "task_id": "22",
        "values": "4000.0, 220.0",
        "target_value": 11
      },
      "optionB": {
        "trial_id": "17",
        "task_id": "22",
        "values": "4000.0, 220.0",
        "target_value": 11
      },
      "choice": {
        "button": "J",
        "selected_option": "OptionB"
      }
    },
    {
      "question": 47,
      "target": "BMI",
      "target_value": 28.9,
      "options": [
        "Height",
        "Weight"
      ],
      "optionA": {
        "trial_id": "6",
        "task_id": "17",
        "values": "150.0, 65",
        "target_value": 28.9
      },
      "optionB": {
        "trial_id": "6",
        "task_id": "17",
        "values": "150.0, 65",
        "target_value": 28.9
      },
      "choice": {
        "button": "F",
        "selected_option": "OptionA"
      }
    },
    {
      "question": 48,
      "target": "Height (cm)",
      "target_value": 11,
      "options": [
        "Age of the plant (weeks)",
        "Water given (ml/day)"
      ],
      "optionA": {
        "trial_id": "12",
        "task_id": "91",
        "values": "3.0, 600",
        "target_value": 11
      },
      "optionB": {
        "trial_id": "18",
        "task_id": "91",
        "values": "4.0, 500",
        "target_value": 13
      },
      "choice": {
        "button": "F",
        "selected_option": "OptionA"
      }
    },
    {
      "question": 49,
      "target": "Restaurant Rating",
      "target_value": 3.4,
      "options": [
        "Restaurant Menu Variety",
        "Restaurant Wait Time"
      ],
      "optionA": {
        "trial_id": "10",
        "task_id": "11",
        "values": "20.0, 35",
        "target_value": 3.4
      },
      "optionB": {
        "trial_id": "10",
        "task_id": "11",
        "values": "20.0, 35",
        "target_value": 3.4
      },
      "choice": {
        "button": "F",
        "selected_option": "OptionA"
      }
    },
    {
      "question": 50,
      "target": "Taste rating (1-10)",
      "target_value": 6,
      "options": [
        "Number of ingredients (count)",
        "Prep time (minutes)"
      ],
      "optionA": {
        "trial_id": "2",
        "task_id": "97",
        "values": "15.0, 25",
        "target_value": 6
      },
      "optionB": {
        "trial_id": "9",
        "task_id": "97",
        "values": "18.0, 15",
        "target_value": 5
      },
      "choice": {
        "button": "J",
        "selected_option": "OptionB"
      }
    }
  ]
}