{
  "prolific_id": "UNKNOWN",
  "condition_group": "ranking",
  "responses": [
    {
      "question": 1,
      "target": "House Price",
      "target_value": 280,
      "options": [
        "House Size",
        "Housing Age"
      ],
      "optionA": {
        "trial_id": "13",
        "task_id": "99",
        "values": "160.0, 14",
        "target_value": 280
      },
      "optionB": {
        "trial_id": "6",
        "task_id": "99",
        "values": "180.0, 12",
        "target_value": 300
      },
      "choice": {
        "button": "J",
        "selected_option": "OptionB"
      }
    },
    {
      "question": 2,
      "target": "BMI",
      "target_value": 28.7,
      "options": [
        "Height (inches)",
        "Weight (lbs)"
      ],
      "optionA": {
        "trial_id": "4",
        "task_id": "158",
        "values": "63.0, 140.0",
        "target_value": 28.7
      },
      "optionB": {
        "trial_id": "9",
        "task_id": "158",
        "values": "69.0, 170.0",
        "target_value": 25.8
      },
      "choice": {
        "button": "J",
        "selected_option": "OptionB"
      }
    },
    {
      "question": 3,
      "target": "Exam score",
      "target_value": 93,
      "options": [
        "Study hours",
        "Intelligence score"
      ],
      "optionA": {
        "trial_id": "12",
        "task_id": "122",
        "values": "7.0, 65.0",
        "target_value": 93
      },
      "optionB": {
        "trial_id": "10",
        "task_id": "122",
        "values": "2.0, 100.0",
        "target_value": 69
      },
      "choice": {
        "button": "J",
        "selected_option": "OptionB"
      }
    },
    {
      "question": 4,
      "target": "Fuel Efficiency (km/l)",
      "target_value": 11,
      "options": [
        "Car Engine Size (liters)",
        "Weight (kg)"
      ],
      "optionA": {
        "trial_id": "9",
        "task_id": "103",
        "values": "2.2, 1350.0",
        "target_value": 11
      },
      "optionB": {
        "trial_id": "14",
        "task_id": "103",
        "values": "2.6, 1400.0",
        "target_value": 10
      },
      "choice": {
        "button": "J",
        "selected_option": "OptionB"
      }
    },
    {
      "question": 5,
      "target": "Exam score (points)",
      "target_value": 70,
      "options": [
        "Time spent studying (hours)",
        "Number of breaks (times)"
      ],
      "optionA": {
        "trial_id": "17",
        "task_id": "89",
        "values": "2.0, 4",
        "target_value": 70
      },
      "optionB": {
        "trial_id": "14",
        "task_id": "139",
        "values": "2.0, 3",
        "target_value": 50
      },
      "choice": {
        "button": "F",
        "selected_option": "OptionA"
      }
    },
    {
      "question": 6,
      "target": "Shadow coverage",
      "target_value": 70,
      "options": [
        "Tree height",
        "Tree thickness"
      ],
      "optionA": {
        "trial_id": "20",
        "task_id": "58",
        "values": "8.0, 5.0",
        "target_value": 70
      },
      "optionB": {
        "trial_id": "13",
        "task_id": "58",
        "values": "7.0, 5.0",
        "target_value": 60
      },
      "choice": {
        "button": "F",
        "selected_option": "OptionA"
      }
    },
    {
      "question": 7,
      "target": "Fuel efficiency (km/L)",
      "target_value": 16,
      "options": [
        "Car engine size (L)",
        "Car weight (kg)"
      ],
      "optionA": {
        "trial_id": "4",
        "task_id": "150",
        "values": "1.8, 1300.0",
        "target_value": 16
      },
      "optionB": {
        "trial_id": "16",
        "task_id": "150",
        "values": "1.5, 1100.0",
        "target_value": 21
      },
      "choice": {
        "button": "F",
        "selected_option": "OptionA"
      }
    },
    {
      "question": 8,
      "target": "Mood Score (1-10)",
      "target_value": 9,
      "options": [
        "Hours of Sleep",
        "Screen Time (hours)"
      ],
      "optionA": {
        "trial_id": "19",
        "task_id": "109",
        "values": "9.0, 2",
        "target_value": 9
      },
      "optionB": {
        "trial_id": "18",
        "task_id": "109",
        "values": "5.0, 2",
        "target_value": 6
      },
      "choice": {
        "button": "F",
        "selected_option": "OptionA"
      }
    },
    {
      "question": 9,
      "target": "Comfort Level",
      "target_value": 7,
      "options": [
        "Room Size",
        "Lighting"
      ],
      "optionA": {
        "trial_id": "3",
        "task_id": "132",
        "values": "25.0, 4.0",
        "target_value": 7
      },
      "optionB": {
        "trial_id": "11",
        "task_id": "132",
        "values": "45.0, 1.0",
        "target_value": 5
      },
      "choice": {
        "button": "J",
        "selected_option": "OptionB"
      }
    },
    {
      "question": "attention_check_9",
      "choice": "J",
      "passed": true,
      "timestamp": 1756720409954
    },
    {
      "question": 10,
      "target": "Battery Life",
      "target_value": 18,
      "options": [
        "Phone Battery Capacity",
        "Number of Apps Installed"
      ],
      "optionA": {
        "trial_id": "19",
        "task_id": "78",
        "values": "3200.0, 50",
        "target_value": 18
      },
      "optionB": {
        "trial_id": "7",
        "task_id": "78",
        "values": "4200.0, 40",
        "target_value": 22
      },
      "choice": {
        "button": "J",
        "selected_option": "OptionB"
      }
    },
    {
      "question": 11,
      "target": "Energy Boost (scale 1-10)",
      "target_value": 7,
      "options": [
        "Coffee Strength (scale 1-10)",
        "Caffeine Content (mg)"
      ],
      "optionA": {
        "trial_id": "1",
        "task_id": "24",
        "values": "8.0, 100",
        "target_value": 7
      },
      "optionB": {
        "trial_id": "8",
        "task_id": "24",
        "values": "10.0, 90",
        "target_value": 7
      },
      "choice": {
        "button": "F",
        "selected_option": "OptionA"
      }
    },
    {
      "question": 12,
      "target": "Shadow coverage",
      "target_value": 75,
      "options": [
        "Tree height",
        "Tree thickness"
      ],
      "optionA": {
        "trial_id": "15",
        "task_id": "58",
        "values": "11.0, 3.0",
        "target_value": 75
      },
      "optionB": {
        "trial_id": "16",
        "task_id": "58",
        "values": "9.0, 4.0",
        "target_value": 70
      },
      "choice": {
        "button": "F",
        "selected_option": "OptionA"
      }
    },
    {
      "question": 13,
      "target": "Fuel Efficiency (km/l)",
      "target_value": 8,
      "options": [
        "Car Engine Size (liters)",
        "Weight (kg)"
      ],
      "optionA": {
        "trial_id": "4",
        "task_id": "103",
        "values": "3.5, 1400.0",
        "target_value": 8
      },
      "optionB": {
        "trial_id": "3",
        "task_id": "103",
        "values": "2.5, 1300.0",
        "target_value": 10
      },
      "choice": {
        "button": "F",
        "selected_option": "OptionA"
      }
    },
    {
      "question": 14,
      "target": "Popularity",
      "target_value": 77,
      "options": [
        "Book age",
        "Page count"
      ],
      "optionA": {
        "trial_id": "19",
        "task_id": "134",
        "values": "10.0, 350",
        "target_value": 77
      },
      "optionB": {
        "trial_id": "13",
        "task_id": "134",
        "values": "7.0, 360",
        "target_value": 80
      },
      "choice": {
        "button": "J",
        "selected_option": "OptionB"
      }
    },
    {
      "question": 15,
      "target": "Flower production",
      "target_value": 12,
      "options": [
        "Plant height",
        "Plant width"
      ],
      "optionA": {
        "trial_id": "6",
        "task_id": "63",
        "values": "60.0, 8.0",
        "target_value": 12
      },
      "optionB": {
        "trial_id": "11",
        "task_id": "63",
        "values": "140.0, 4.0",
        "target_value": 28
      },
      "choice": {
        "button": "J",
        "selected_option": "OptionB"
      }
    },
    {
      "question": 16,
      "target": "Mobile Phone Performance",
      "target_value": 95,
      "options": [
        "Mobile Phone RAM",
        "Mobile Phone Battery Size"
      ],
      "optionA": {
        "trial_id": "11",
        "task_id": "40",
        "values": "14.0, 3000",
        "target_value": 95
      },
      "optionB": {
        "trial_id": "15",
        "task_id": "40",
        "values": "18.0, 2600",
        "target_value": 105
      },
      "choice": {
        "button": "F",
        "selected_option": "OptionA"
      }
    },
    {
      "question": 17,
      "target": "Heart Health",
      "target_value": 63,
      "options": [
        "Age",
        "Exercise Hours"
      ],
      "optionA": {
        "trial_id": "10",
        "task_id": "16",
        "values": "70.0, 0",
        "target_value": 63
      },
      "optionB": {
        "trial_id": "16",
        "task_id": "16",
        "values": "38.0, 4",
        "target_value": 88
      },
      "choice": {
        "button": "F",
        "selected_option": "OptionA"
      }
    },
    {
      "question": 18,
      "target": "Exercise Burned Calories",
      "target_value": 280,
      "options": [
        "Exercise Intensity",
        "Exercise Duration"
      ],
      "optionA": {
        "trial_id": "2",
        "task_id": "13",
        "values": "6.0, 40",
        "target_value": 280
      },
      "optionB": {
        "trial_id": "8",
        "task_id": "13",
        "values": "5.0, 60",
        "target_value": 250
      },
      "choice": {
        "button": "J",
        "selected_option": "OptionB"
      }
    },
    {
      "question": 19,
      "target": "Skill Level",
      "target_value": 8,
      "options": [
        "Experience",
        "Years of Education"
      ],
      "optionA": {
        "trial_id": "15",
        "task_id": "137",
        "values": "9.0, 10.0",
        "target_value": 8
      },
      "optionB": {
        "trial_id": "8",
        "task_id": "137",
        "values": "6.0, 13.0",
        "target_value": 9
      },
      "choice": {
        "button": "F",
        "selected_option": "OptionA"
      }
    },
    {
      "question": "attention_check_19",
      "choice": "F",
      "passed": true,
      "timestamp": 1756720452102
    },
    {
      "question": 20,
      "target": "How many people buy it",
      "target_value": 50,
      "options": [
        "Shoe price (in USD)",
        "Comfort rating (1-10)"
      ],
      "optionA": {
        "trial_id": "20",
        "task_id": "126",
        "values": "100.0, 8.0",
        "target_value": 50
      },
      "optionB": {
        "trial_id": "11",
        "task_id": "126",
        "values": "100.0, 8.0",
        "target_value": 50
      },
      "choice": {
        "button": "F",
        "selected_option": "OptionA"
      }
    },
    {
      "question": 21,
      "target": "Comfort Rating",
      "target_value": 7.8,
      "options": [
        "Shoe Weight",
        "Brand Popularity"
      ],
      "optionA": {
        "trial_id": "3",
        "task_id": "29",
        "values": "220.0, 7.0",
        "target_value": 7.8
      },
      "optionB": {
        "trial_id": "10",
        "task_id": "29",
        "values": "250.0, 7.0",
        "target_value": 7.4
      },
      "choice": {
        "button": "J",
        "selected_option": "OptionB"
      }
    },
    {
      "question": 22,
      "target": "Car Value",
      "target_value": 24000,
      "options": [
        "Age (years)",
        "Mileage (km)"
      ],
      "optionA": {
        "trial_id": "15",
        "task_id": "127",
        "values": "9.0, 45000",
        "target_value": 24000
      },
      "optionB": {
        "trial_id": "13",
        "task_id": "127",
        "values": "4.0, 15000",
        "target_value": 42000
      },
      "choice": {
        "button": "F",
        "selected_option": "OptionA"
      }
    },
    {
      "question": 23,
      "target": "Comfort level",
      "target_value": 4,
      "options": [
        "Room size",
        "Room furniture"
      ],
      "optionA": {
        "trial_id": "6",
        "task_id": "60",
        "values": "8.0, 4.0",
        "target_value": 4
      },
      "optionB": {
        "trial_id": "11",
        "task_id": "60",
        "values": "22.0, 1.0",
        "target_value": 11
      },
      "choice": {
        "button": "J",
        "selected_option": "OptionB"
      }
    },
    {
      "question": 24,
      "target": "Mood Score (1-10)",
      "target_value": 7,
      "options": [
        "Hours of Sleep",
        "Screen Time (hours)"
      ],
      "optionA": {
        "trial_id": "5",
        "task_id": "109",
        "values": "6.0, 3",
        "target_value": 7
      },
      "optionB": {
        "trial_id": "1",
        "task_id": "109",
        "values": "8.0, 2",
        "target_value": 9
      },
      "choice": {
        "button": "J",
        "selected_option": "OptionB"
      }
    },
    {
      "question": 25,
      "target": "House price (thousands)",
      "target_value": 360,
      "options": [
        "House size (m2)",
        "Number of bedrooms"
      ],
      "optionA": {
        "trial_id": "17",
        "task_id": "117",
        "values": "130.0, 4",
        "target_value": 360
      },
      "optionB": {
        "trial_id": "4",
        "task_id": "117",
        "values": "120.0, 3",
        "target_value": 350
      },
      "choice": {
        "button": "F",
        "selected_option": "OptionA"
      }
    },
    {
      "question": 26,
      "target": "Quality",
      "target_value": 74,
      "options": [
        "Price",
        "Size"
      ],
      "optionA": {
        "trial_id": "6",
        "task_id": "21",
        "values": "110.0, 8.0",
        "target_value": 74
      },
      "optionB": {
        "trial_id": "2",
        "task_id": "21",
        "values": "120.0, 6.0",
        "target_value": 75
      },
      "choice": {
        "button": "J",
        "selected_option": "OptionB"
      }
    },
    {
      "question": 27,
      "target": "Distance",
      "target_value": 400,
      "options": [
        "Fuel Efficiency",
        "Weight"
      ],
      "optionA": {
        "trial_id": "18",
        "task_id": "69",
        "values": "25.0, 1600",
        "target_value": 400
      },
      "optionB": {
        "trial_id": "1",
        "task_id": "69",
        "values": "30.0, 1500",
        "target_value": 450
      },
      "choice": {
        "button": "F",
        "selected_option": "OptionA"
      }
    },
    {
      "question": 28,
      "target": "Exam score (points)",
      "target_value": 68,
      "options": [
        "Time spent studying (hours)",
        "Number of breaks (times)"
      ],
      "optionA": {
        "trial_id": "15",
        "task_id": "89",
        "values": "1.0, 3",
        "target_value": 68
      },
      "optionB": {
        "trial_id": "14",
        "task_id": "139",
        "values": "2.0, 3",
        "target_value": 50
      },
      "choice": {
        "button": "J",
        "selected_option": "OptionB"
      }
    },
    {
      "question": 29,
      "target": "Morning alertness (1-10)",
      "target_value": 7,
      "options": [
        "Amount of sleep (hours)",
        "Time to bed (minutes past 10pm)"
      ],
      "optionA": {
        "trial_id": "17",
        "task_id": "96",
        "values": "8.0, 30",
        "target_value": 7
      },
      "optionB": {
        "trial_id": "8",
        "task_id": "96",
        "values": "7.0, 45",
        "target_value": 6
      },
      "choice": {
        "button": "J",
        "selected_option": "OptionB"
      }
    },
    {
      "question": "attention_check_29",
      "choice": "J",
      "passed": true,
      "timestamp": 1756720478352
    },
    {
      "question": 30,
      "target": "How many people buy it",
      "target_value": 50,
      "options": [
        "Shoe price (in USD)",
        "Comfort rating (1-10)"
      ],
      "optionA": {
        "trial_id": "20",
        "task_id": "126",
        "values": "100.0, 8.0",
        "target_value": 50
      },
      "optionB": {
        "trial_id": "11",
        "task_id": "126",
        "values": "100.0, 8.0",
        "target_value": 50
      },
      "choice": {
        "button": "F",
        "selected_option": "OptionA"
      }
    },
    {
      "question": 31,
      "target": "Flower Size (inches)",
      "target_value": 5,
      "options": [
        "Plant Height (inches)",
        "Plant Width (inches)"
      ],
      "optionA": {
        "trial_id": "3",
        "task_id": "152",
        "values": "14.0, 5.0",
        "target_value": 5
      },
      "optionB": {
        "trial_id": "15",
        "task_id": "152",
        "values": "17.0, 4.0",
        "target_value": 7
      },
      "choice": {
        "button": "J",
        "selected_option": "OptionB"
      }
    },
    {
      "question": 32,
      "target": "Energy Boost (scale 1-10)",
      "target_value": 6,
      "options": [
        "Coffee Strength (scale 1-10)",
        "Caffeine Content (mg)"
      ],
      "optionA": {
        "trial_id": "14",
        "task_id": "24",
        "values": "7.0, 110",
        "target_value": 6
      },
      "optionB": {
        "trial_id": "5",
        "task_id": "24",
        "values": "10.0, 90",
        "target_value": 7
      },
      "choice": {
        "button": "F",
        "selected_option": "OptionA"
      }
    },
    {
      "question": 33,
      "target": "Cooking Time (minutes)",
      "target_value": 15,
      "options": [
        "Number of Ingredients",
        "Prep Time (minutes)"
      ],
      "optionA": {
        "trial_id": "2",
        "task_id": "26",
        "values": "10.0, 20.0",
        "target_value": 15
      },
      "optionB": {
        "trial_id": "16",
        "task_id": "26",
        "values": "12.0, 25.0",
        "target_value": 10
      },
      "choice": {
        "button": "J",
        "selected_option": "OptionB"
      }
    },
    {
      "question": 34,
      "target": "Flower Size",
      "target_value": 6,
      "options": [
        "Plant Height",
        "Number of Leaves"
      ],
      "optionA": {
        "trial_id": "12",
        "task_id": "80",
        "values": "33.0, 8",
        "target_value": 6
      },
      "optionB": {
        "trial_id": "11",
        "task_id": "80",
        "values": "26.0, 16",
        "target_value": 4
      },
      "choice": {
        "button": "J",
        "selected_option": "OptionB"
      }
    },
    {
      "question": 35,
      "target": "Ease of Use (1-10)",
      "target_value": 9,
      "options": [
        "Bag Weight (kg)",
        "Number of Compartments"
      ],
      "optionA": {
        "trial_id": "17",
        "task_id": "6",
        "values": "1.5, 1",
        "target_value": 9
      },
      "optionB": {
        "trial_id": "20",
        "task_id": "6",
        "values": "1.5, 1",
        "target_value": 9
      },
      "choice": {
        "button": "F",
        "selected_option": "OptionA"
      }
    },
    {
      "question": 36,
      "target": "Reaction Time (ms)",
      "target_value": 220,
      "options": [
        "Age (years)",
        "Driving Experience (years)"
      ],
      "optionA": {
        "trial_id": "8",
        "task_id": "25",
        "values": "50.0, 30.0",
        "target_value": 220
      },
      "optionB": {
        "trial_id": "1",
        "task_id": "25",
        "values": "20.0, 2.0",
        "target_value": 300
      },
      "choice": {
        "button": "F",
        "selected_option": "OptionA"
      }
    },
    {
      "question": 37,
      "target": "Deliciousness",
      "target_value": 6,
      "options": [
        "Cooking time",
        "Ingredients"
      ],
      "optionA": {
        "trial_id": "8",
        "task_id": "125",
        "values": "45.0, 4.0",
        "target_value": 6
      },
      "optionB": {
        "trial_id": "8",
        "task_id": "125",
        "values": "45.0, 4.0",
        "target_value": 6
      },
      "choice": {
        "button": "F",
        "selected_option": "OptionA"
      }
    },
    {
      "question": 38,
      "target": "Plant Health",
      "target_value": 7,
      "options": [
        "Plant Height",
        "Water Amount"
      ],
      "optionA": {
        "trial_id": "4",
        "task_id": "169",
        "values": "40.0, 2",
        "target_value": 7
      },
      "optionB": {
        "trial_id": "9",
        "task_id": "169",
        "values": "70.0, 1",
        "target_value": 11
      },
      "choice": {
        "button": "J",
        "selected_option": "OptionB"
      }
    },
    {
      "question": 39,
      "target": "Skill Level",
      "target_value": 10,
      "options": [
        "Experience",
        "Years of Education"
      ],
      "optionA": {
        "trial_id": "10",
        "task_id": "137",
        "values": "10.0, 11.0",
        "target_value": 10
      },
      "optionB": {
        "trial_id": "16",
        "task_id": "137",
        "values": "7.0, 12.0",
        "target_value": 9
      },
      "choice": {
        "button": "F",
        "selected_option": "OptionA"
      }
    },
    {
      "question": "attention_check_39",
      "choice": "F",
      "passed": true,
      "timestamp": 1756720503832
    },
    {
      "question": 40,
      "target": "Exam score",
      "target_value": 85,
      "options": [
        "Study time",
        "Hours slept"
      ],
      "optionA": {
        "trial_id": "8",
        "task_id": "102",
        "values": "4.0, 6",
        "target_value": 85
      },
      "optionB": {
        "trial_id": "20",
        "task_id": "102",
        "values": "3.0, 6",
        "target_value": 75
      },
      "choice": {
        "button": "F",
        "selected_option": "OptionA"
      }
    },
    {
      "question": 41,
      "target": "Test Score",
      "target_value": 72,
      "options": [
        "Student Study Time",
        "Student Distractions"
      ],
      "optionA": {
        "trial_id": "5",
        "task_id": "72",
        "values": "3.0, 7.0",
        "target_value": 72
      },
      "optionB": {
        "trial_id": "19",
        "task_id": "72",
        "values": "2.0, 6.0",
        "target_value": 74
      },
      "choice": {
        "button": "F",
        "selected_option": "OptionA"
      }
    },
    {
      "question": 42,
      "target": "Job Success",
      "target_value": 5.5,
      "options": [
        "Age",
        "Experience"
      ],
      "optionA": {
        "trial_id": "7",
        "task_id": "133",
        "values": "45.0, 2.0",
        "target_value": 5.5
      },
      "optionB": {
        "trial_id": "12",
        "task_id": "133",
        "values": "60.0, 0.3",
        "target_value": 4
      },
      "choice": {
        "button": "J",
        "selected_option": "OptionB"
      }
    },
    {
      "question": 43,
      "target": "Dog Obedience Score",
      "target_value": 7.2,
      "options": [
        "Dog Training Hours",
        "Dog Distractions"
      ],
      "optionA": {
        "trial_id": "10",
        "task_id": "12",
        "values": "4.0, 6",
        "target_value": 7.2
      },
      "optionB": {
        "trial_id": "7",
        "task_id": "12",
        "values": "8.0, 4",
        "target_value": 7.8
      },
      "choice": {
        "button": "J",
        "selected_option": "OptionB"
      }
    },
    {
      "question": 44,
      "target": "Walking speed (km/h)",
      "target_value": 4.4,
      "options": [
        "Person height (cm)",
        "Age (years)"
      ],
      "optionA": {
        "trial_id": "14",
        "task_id": "163",
        "values": "165.0, 39.0",
        "target_value": 4.4
      },
      "optionB": {
        "trial_id": "17",
        "task_id": "163",
        "values": "168.0, 26.0",
        "target_value": 5
      },
      "choice": {
        "button": "F",
        "selected_option": "OptionA"
      }
    },
    {
      "question": 45,
      "target": "Phone Performance Score",
      "target_value": 9.3,
      "options": [
        "Phone Processor Speed",
        "Phone Battery Capacity"
      ],
      "optionA": {
        "trial_id": "16",
        "task_id": "10",
        "values": "4.5, 3000",
        "target_value": 9.3
      },
      "optionB": {
        "trial_id": "7",
        "task_id": "10",
        "values": "3.0, 5000",
        "target_value": 8.4
      },
      "choice": {
        "button": "J",
        "selected_option": "OptionB"
      }
    },
    {
      "question": 46,
      "target": "Comfort Rating",
      "target_value": 8.2,
      "options": [
        "Shoe Weight",
        "Brand Popularity"
      ],
      "optionA": {
        "trial_id": "20",
        "task_id": "29",
        "values": "200.0, 10.0",
        "target_value": 8.2
      },
      "optionB": {
        "trial_id": "9",
        "task_id": "29",
        "values": "190.0, 8.0",
        "target_value": 8.3
      },
      "choice": {
        "button": "F",
        "selected_option": "OptionA"
      }
    },
    {
      "question": 47,
      "target": "Time to Destination (hours)",
      "target_value": 1,
      "options": [
        "Car Speed (mph)",
        "Fuel Efficiency (mpg)"
      ],
      "optionA": {
        "trial_id": "10",
        "task_id": "32",
        "values": "80.0, 15.0",
        "target_value": 1
      },
      "optionB": {
        "trial_id": "6",
        "task_id": "32",
        "values": "60.0, 25.0",
        "target_value": 2
      },
      "choice": {
        "button": "F",
        "selected_option": "OptionA"
      }
    },
    {
      "question": 48,
      "target": "Enjoyment Score",
      "target_value": 3.9,
      "options": [
        "Book Thickness",
        "Number of Reviews"
      ],
      "optionA": {
        "trial_id": "7",
        "task_id": "27",
        "values": "600.0, 50.0",
        "target_value": 3.9
      },
      "optionB": {
        "trial_id": "14",
        "task_id": "27",
        "values": "300.0, 200.0",
        "target_value": 4.6
      },
      "choice": {
        "button": "F",
        "selected_option": "OptionA"
      }
    },
    {
      "question": 49,
      "target": "Morning alertness (1-10)",
      "target_value": 5,
      "options": [
        "Amount of sleep (hours)",
        "Time to bed (minutes past 10pm)"
      ],
      "optionA": {
        "trial_id": "18",
        "task_id": "96",
        "values": "6.0, 60",
        "target_value": 5
      },
      "optionB": {
        "trial_id": "6",
        "task_id": "96",
        "values": "8.0, 30",
        "target_value": 7
      },
      "choice": {
        "button": "F",
        "selected_option": "OptionA"
      }
    },
    {
      "question": 50,
      "target": "Battery Life",
      "target_value": 18,
      "options": [
        "Phone Battery Capacity",
        "Number of Apps Installed"
      ],
      "optionA": {
        "trial_id": "6",
        "task_id": "78",
        "values": "3000.0, 50",
        "target_value": 18
      },
      "optionB": {
        "trial_id": "15",
        "task_id": "78",
        "values": "4800.0, 25",
        "target_value": 27
      },
      "choice": {
        "button": "J",
        "selected_option": "OptionB"
      }
    }
  ]
}