{
  "prolific_id": "UNKNOWN",
  "condition_group": "direction",
  "responses": [
    {
      "question": 1,
      "target": "Strength",
      "target_value": 14,
      "options": [
        "Coffee Beans",
        "Water"
      ],
      "optionA": {
        "trial_id": "16",
        "task_id": "112",
        "values": "10.0, 200.0",
        "target_value": 14
      },
      "optionB": {
        "trial_id": "19",
        "task_id": "112",
        "values": "6.0, 160.0",
        "target_value": 11
      },
      "choice": {
        "button": "F",
        "selected_option": "OptionA"
      }
    },
    {
      "question": 2,
      "target": "Enjoyment",
      "target_value": 4,
      "options": [
        "Coffee price",
        "Coffee acidity"
      ],
      "optionA": {
        "trial_id": "18",
        "task_id": "101",
        "values": "1.0, 2.0",
        "target_value": 4
      },
      "optionB": {
        "trial_id": "13",
        "task_id": "101",
        "values": "2.0, 3.0",
        "target_value": 5
      },
      "choice": {
        "button": "F",
        "selected_option": "OptionA"
      }
    },
    {
      "question": 3,
      "target": "Training Difficulty (1-10)",
      "target_value": 4,
      "options": [
        "Dog Size",
        "Dog Energy Level"
      ],
      "optionA": {
        "trial_id": "5",
        "task_id": "82",
        "values": "40.0, 5.0",
        "target_value": 4
      },
      "optionB": {
        "trial_id": "2",
        "task_id": "82",
        "values": "45.0, 6.0",
        "target_value": 5
      },
      "choice": {
        "button": "J",
        "selected_option": "OptionB"
      }
    },
    {
      "question": 4,
      "target": "House Price ($1000s)",
      "target_value": 280,
      "options": [
        "Number of Rooms",
        "Square Feet"
      ],
      "optionA": {
        "trial_id": "12",
        "task_id": "77",
        "values": "3.0, 1800.0",
        "target_value": 280
      },
      "optionB": {
        "trial_id": "4",
        "task_id": "77",
        "values": "4.0, 1800.0",
        "target_value": 300
      },
      "choice": {
        "button": "J",
        "selected_option": "OptionB"
      }
    },
    {
      "question": 5,
      "target": "Phone Performance",
      "target_value": 120,
      "options": [
        "Phone RAM",
        "Phone Storage"
      ],
      "optionA": {
        "trial_id": "10",
        "task_id": "86",
        "values": "24.0, 2048.0",
        "target_value": 120
      },
      "optionB": {
        "trial_id": "13",
        "task_id": "86",
        "values": "32.0, 4096.0",
        "target_value": 130
      },
      "choice": {
        "button": "J",
        "selected_option": "OptionB"
      }
    },
    {
      "question": 6,
      "target": "Performance Score",
      "target_value": 80,
      "options": [
        "Phone RAM (GB)",
        "Battery Capacity (mAh)"
      ],
      "optionA": {
        "trial_id": "15",
        "task_id": "39",
        "values": "8.0, 3800.0",
        "target_value": 80
      },
      "optionB": {
        "trial_id": "1",
        "task_id": "39",
        "values": "4.0, 3000.0",
        "target_value": 70
      },
      "choice": {
        "button": "F",
        "selected_option": "OptionA"
      }
    },
    {
      "question": 7,
      "target": "Speed",
      "target_value": 185,
      "options": [
        "Car Engine Size",
        "Horsepower"
      ],
      "optionA": {
        "trial_id": "18",
        "task_id": "61",
        "values": "3.0, 210.0",
        "target_value": 185
      },
      "optionB": {
        "trial_id": "11",
        "task_id": "61",
        "values": "1.8, 130.0",
        "target_value": 110
      },
      "choice": {
        "button": "F",
        "selected_option": "OptionA"
      }
    },
    {
      "question": 8,
      "target": "Exam Score",
      "target_value": 75,
      "options": [
        "Student Study Time (hours)",
        "Class Attendance (%)"
      ],
      "optionA": {
        "trial_id": "6",
        "task_id": "40",
        "values": "8.0, 75.0",
        "target_value": 75
      },
      "optionB": {
        "trial_id": "18",
        "task_id": "40",
        "values": "7.0, 80.0",
        "target_value": 73
      },
      "choice": {
        "button": "F",
        "selected_option": "OptionA"
      }
    },
    {
      "question": 9,
      "target": "Brightness",
      "target_value": 630,
      "options": [
        "Phone Battery Capacity",
        "Screen Size"
      ],
      "optionA": {
        "trial_id": "15",
        "task_id": "37",
        "values": "4000.0, 4.0",
        "target_value": 630
      },
      "optionB": {
        "trial_id": "10",
        "task_id": "37",
        "values": "3700.0, 5.0",
        "target_value": 650
      },
      "choice": {
        "button": "F",
        "selected_option": "OptionA"
      }
    },
    {
      "question": "attention_check_9",
      "choice": "J",
      "passed": true,
      "timestamp": 1756154612731
    },
    {
      "question": 10,
      "target": "Restaurant Customer Satisfaction",
      "target_value": 8.6,
      "options": [
        "Restaurant Menu Size",
        "Restaurant Price Rating"
      ],
      "optionA": {
        "trial_id": "18",
        "task_id": "25",
        "values": "23.0, 4.7",
        "target_value": 8.6
      },
      "optionB": {
        "trial_id": "7",
        "task_id": "25",
        "values": "22.0, 4.6",
        "target_value": 8.5
      },
      "choice": {
        "button": "F",
        "selected_option": "OptionA"
      }
    },
    {
      "question": 11,
      "target": "Performance Score",
      "target_value": 81,
      "options": [
        "Phone RAM (GB)",
        "Battery Capacity (mAh)"
      ],
      "optionA": {
        "trial_id": "16",
        "task_id": "39",
        "values": "9.0, 3700.0",
        "target_value": 81
      },
      "optionB": {
        "trial_id": "11",
        "task_id": "39",
        "values": "6.0, 3200.0",
        "target_value": 74
      },
      "choice": {
        "button": "F",
        "selected_option": "OptionA"
      }
    },
    {
      "question": 12,
      "target": "Muscle gain",
      "target_value": 1.7,
      "options": [
        "Minutes of exercise",
        "Protein intake"
      ],
      "optionA": {
        "trial_id": "7",
        "task_id": "59",
        "values": "50.0, 30.0",
        "target_value": 1.7
      },
      "optionB": {
        "trial_id": "9",
        "task_id": "59",
        "values": "35.0, 20.0",
        "target_value": 1.3
      },
      "choice": {
        "button": "J",
        "selected_option": "OptionB"
      }
    },
    {
      "question": 13,
      "target": "Fitness Level",
      "target_value": 6,
      "options": [
        "Exercise Time (min/day)",
        "Healthy Diet (%)"
      ],
      "optionA": {
        "trial_id": "15",
        "task_id": "46",
        "values": "25.0, 70.0",
        "target_value": 6
      },
      "optionB": {
        "trial_id": "1",
        "task_id": "46",
        "values": "30.0, 70.0",
        "target_value": 6
      },
      "choice": {
        "button": "J",
        "selected_option": "OptionB"
      }
    },
    {
      "question": 14,
      "target": "Home value",
      "target_value": 270000,
      "options": [
        "House size",
        "Neighborhood quality"
      ],
      "optionA": {
        "trial_id": "15",
        "task_id": "70",
        "values": "110.0, 7.0",
        "target_value": 270000
      },
      "optionB": {
        "trial_id": "11",
        "task_id": "70",
        "values": "130.0, 7.0",
        "target_value": 280000
      },
      "choice": {
        "button": "J",
        "selected_option": "OptionB"
      }
    },
    {
      "question": 15,
      "target": "Performance Rating",
      "target_value": 6.5,
      "options": [
        "Computer Weight (kg)",
        "RAM (GB)"
      ],
      "optionA": {
        "trial_id": "10",
        "task_id": "34",
        "values": "1.4, 8.0",
        "target_value": 6.5
      },
      "optionB": {
        "trial_id": "14",
        "task_id": "34",
        "values": "1.0, 2.0",
        "target_value": 4.5
      },
      "choice": {
        "button": "F",
        "selected_option": "OptionA"
      }
    },
    {
      "question": 16,
      "target": "User Satisfaction",
      "target_value": 7,
      "options": [
        "Screen Size",
        "Battery Life"
      ],
      "optionA": {
        "trial_id": "1",
        "task_id": "52",
        "values": "6.0, 30.0",
        "target_value": 7
      },
      "optionB": {
        "trial_id": "13",
        "task_id": "52",
        "values": "5.0, 35.0",
        "target_value": 7
      },
      "choice": {
        "button": "J",
        "selected_option": "OptionB"
      }
    },
    {
      "question": 17,
      "target": "Fuel Consumption (L/100km)",
      "target_value": 8,
      "options": [
        "Speed (km/h)",
        "Weight (kg)"
      ],
      "optionA": {
        "trial_id": "2",
        "task_id": "43",
        "values": "100.0, 1400.0",
        "target_value": 8
      },
      "optionB": {
        "trial_id": "8",
        "task_id": "43",
        "values": "130.0, 1700.0",
        "target_value": 11
      },
      "choice": {
        "button": "J",
        "selected_option": "OptionB"
      }
    },
    {
      "question": 18,
      "target": "Battery life",
      "target_value": 12,
      "options": [
        "Phone battery",
        "Screen size"
      ],
      "optionA": {
        "trial_id": "13",
        "task_id": "69",
        "values": "3500.0, 6.0",
        "target_value": 12
      },
      "optionB": {
        "trial_id": "18",
        "task_id": "69",
        "values": "3500.0, 5.0",
        "target_value": 12
      },
      "choice": {
        "button": "J",
        "selected_option": "OptionB"
      }
    },
    {
      "question": 19,
      "target": "Light Level",
      "target_value": 9,
      "options": [
        "Room Size (sq ft)",
        "Number of Windows"
      ],
      "optionA": {
        "trial_id": "19",
        "task_id": "35",
        "values": "230.0, 5.0",
        "target_value": 9
      },
      "optionB": {
        "trial_id": "6",
        "task_id": "35",
        "values": "200.0, 5.0",
        "target_value": 9
      },
      "choice": {
        "button": "J",
        "selected_option": "OptionB"
      }
    },
    {
      "question": "attention_check_19",
      "choice": "F",
      "passed": true,
      "timestamp": 1756154722268
    },
    {
      "question": 20,
      "target": "User Satisfaction",
      "target_value": 7,
      "options": [
        "Screen Size",
        "Battery Life"
      ],
      "optionA": {
        "trial_id": "13",
        "task_id": "52",
        "values": "5.0, 35.0",
        "target_value": 7
      },
      "optionB": {
        "trial_id": "17",
        "task_id": "52",
        "values": "6.0, 40.0",
        "target_value": 8
      },
      "choice": {
        "button": "J",
        "selected_option": "OptionB"
      }
    },
    {
      "question": 21,
      "target": "Comfort",
      "target_value": 75,
      "options": [
        "Shoe Weight",
        "Brand Reputation"
      ],
      "optionA": {
        "trial_id": "13",
        "task_id": "62",
        "values": "210.0, 5.0",
        "target_value": 75
      },
      "optionB": {
        "trial_id": "9",
        "task_id": "62",
        "values": "240.0, 6.0",
        "target_value": 80
      },
      "choice": {
        "button": "F",
        "selected_option": "OptionA"
      }
    },
    {
      "question": 22,
      "target": "Exercise Intensity",
      "target_value": 4.5,
      "options": [
        "Time to Walk (min)",
        "Number of Steps"
      ],
      "optionA": {
        "trial_id": "16",
        "task_id": "95",
        "values": "9.0, 900.0",
        "target_value": 4.5
      },
      "optionB": {
        "trial_id": "11",
        "task_id": "95",
        "values": "9.0, 900.0",
        "target_value": 4.5
      },
      "choice": {
        "button": "F",
        "selected_option": "OptionA"
      }
    },
    {
      "question": 23,
      "target": "Customer Satisfaction",
      "target_value": 7,
      "options": [
        "Price ($)",
        "Quality Rating (1-10)"
      ],
      "optionA": {
        "trial_id": "5",
        "task_id": "49",
        "values": "80.0, 6.0",
        "target_value": 7
      },
      "optionB": {
        "trial_id": "13",
        "task_id": "49",
        "values": "100.0, 7.0",
        "target_value": 7.5
      },
      "choice": {
        "button": "J",
        "selected_option": "OptionB"
      }
    },
    {
      "question": 24,
      "target": "User satisfaction",
      "target_value": 11,
      "options": [
        "Screen size (inches)",
        "RAM (GB)"
      ],
      "optionA": {
        "trial_id": "11",
        "task_id": "119",
        "values": "20.0, 7.0",
        "target_value": 11
      },
      "optionB": {
        "trial_id": "6",
        "task_id": "119",
        "values": "16.0, 5.0",
        "target_value": 9
      },
      "choice": {
        "button": "F",
        "selected_option": "OptionA"
      }
    },
    {
      "question": 25,
      "target": "Natural Light (on scale 1-10)",
      "target_value": 7,
      "options": [
        "Room Area (m2)",
        "Number of Windows"
      ],
      "optionA": {
        "trial_id": "4",
        "task_id": "15",
        "values": "18.0, 3.0",
        "target_value": 7
      },
      "optionB": {
        "trial_id": "13",
        "task_id": "15",
        "values": "26.0, 5.0",
        "target_value": 9
      },
      "choice": {
        "button": "J",
        "selected_option": "OptionB"
      }
    },
    {
      "question": 26,
      "target": "Time to destination (hours)",
      "target_value": 0.35,
      "options": [
        "Distance (miles)",
        "Speed (mph)"
      ],
      "optionA": {
        "trial_id": "4",
        "task_id": "118",
        "values": "14.0, 40.0",
        "target_value": 0.35
      },
      "optionB": {
        "trial_id": "15",
        "task_id": "118",
        "values": "24.0, 65.0",
        "target_value": 0.4
      },
      "choice": {
        "button": "J",
        "selected_option": "OptionB"
      }
    },
    {
      "question": 27,
      "target": "Movie enjoyment",
      "target_value": 9.5,
      "options": [
        "Movie runtime",
        "Movie rating"
      ],
      "optionA": {
        "trial_id": "15",
        "task_id": "75",
        "values": "160.0, 9.0",
        "target_value": 9.5
      },
      "optionB": {
        "trial_id": "11",
        "task_id": "75",
        "values": "140.0, 8.5",
        "target_value": 9
      },
      "choice": {
        "button": "F",
        "selected_option": "OptionA"
      }
    },
    {
      "question": 28,
      "target": "Fun Level",
      "target_value": 7,
      "options": [
        "Number of Players",
        "Game Duration (minutes)"
      ],
      "optionA": {
        "trial_id": "13",
        "task_id": "13",
        "values": "4.0, 55.0",
        "target_value": 7
      },
      "optionB": {
        "trial_id": "6",
        "task_id": "13",
        "values": "8.0, 60.0",
        "target_value": 9
      },
      "choice": {
        "button": "J",
        "selected_option": "OptionB"
      }
    },
    {
      "question": 29,
      "target": "Muscle gain",
      "target_value": 1,
      "options": [
        "Minutes of exercise",
        "Protein intake"
      ],
      "optionA": {
        "trial_id": "2",
        "task_id": "59",
        "values": "40.0, 15.0",
        "target_value": 1
      },
      "optionB": {
        "trial_id": "18",
        "task_id": "59",
        "values": "35.0, 20.0",
        "target_value": 1.3
      },
      "choice": {
        "button": "J",
        "selected_option": "OptionB"
      }
    },
    {
      "question": "attention_check_29",
      "choice": "J",
      "passed": true,
      "timestamp": 1756154827198
    },
    {
      "question": 30,
      "target": "Photo Quality",
      "target_value": 6,
      "options": [
        "Phone Price",
        "Phone Camera Megapixels"
      ],
      "optionA": {
        "trial_id": "19",
        "task_id": "5",
        "values": "420.0, 9.0",
        "target_value": 6
      },
      "optionB": {
        "trial_id": "13",
        "task_id": "5",
        "values": "450.0, 10.0",
        "target_value": 7
      },
      "choice": {
        "button": "J",
        "selected_option": "OptionB"
      }
    },
    {
      "question": 31,
      "target": "Satiety (on scale 1-10)",
      "target_value": 9,
      "options": [
        "Number of Calories",
        "Protein (g)"
      ],
      "optionA": {
        "trial_id": "4",
        "task_id": "16",
        "values": "400.0, 18.0",
        "target_value": 9
      },
      "optionB": {
        "trial_id": "14",
        "task_id": "16",
        "values": "500.0, 18.0",
        "target_value": 9
      },
      "choice": {
        "button": "J",
        "selected_option": "OptionB"
      }
    },
    {
      "question": 32,
      "target": "Top Speed",
      "target_value": 155,
      "options": [
        "Car Engine Size",
        "Horsepower"
      ],
      "optionA": {
        "trial_id": "6",
        "task_id": "36",
        "values": "2.8, 240.0",
        "target_value": 155
      },
      "optionB": {
        "trial_id": "16",
        "task_id": "36",
        "values": "2.2, 200.0",
        "target_value": 135
      },
      "choice": {
        "button": "F",
        "selected_option": "OptionA"
      }
    },
    {
      "question": 33,
      "target": "Plant Growth Rate (cm/week)",
      "target_value": 3,
      "options": [
        "Plant Soil Quality (1-10)",
        "Plant Water Frequency (times/week)"
      ],
      "optionA": {
        "trial_id": "7",
        "task_id": "81",
        "values": "5.0, 1.0",
        "target_value": 3
      },
      "optionB": {
        "trial_id": "20",
        "task_id": "81",
        "values": "8.0, 4.0",
        "target_value": 6
      },
      "choice": {
        "button": "J",
        "selected_option": "OptionB"
      }
    },
    {
      "question": 34,
      "target": "Tea Strength (1-10)",
      "target_value": 5,
      "options": [
        "Tea Leaf Quality (1-10)",
        "Tea Steeping Time (minutes)"
      ],
      "optionA": {
        "trial_id": "11",
        "task_id": "80",
        "values": "6.0, 2.0",
        "target_value": 5
      },
      "optionB": {
        "trial_id": "5",
        "task_id": "80",
        "values": "8.0, 4.0",
        "target_value": 7
      },
      "choice": {
        "button": "J",
        "selected_option": "OptionB"
      }
    },
    {
      "question": 35,
      "target": "Plant Sunlight Needs",
      "target_value": 4,
      "options": [
        "Plant Height",
        "Plant Leaf Size"
      ],
      "optionA": {
        "trial_id": "14",
        "task_id": "2",
        "values": "120.0, 7.0",
        "target_value": 4
      },
      "optionB": {
        "trial_id": "9",
        "task_id": "2",
        "values": "130.0, 7.0",
        "target_value": 4
      },
      "choice": {
        "button": "J",
        "selected_option": "OptionB"
      }
    },
    {
      "question": 36,
      "target": "House Price (thousands)",
      "target_value": 360,
      "options": [
        "House Size (m\u00b2)",
        "House Distance to City (km)"
      ],
      "optionA": {
        "trial_id": "10",
        "task_id": "79",
        "values": "150.0, 12.0",
        "target_value": 360
      },
      "optionB": {
        "trial_id": "1",
        "task_id": "79",
        "values": "120.0, 5.0",
        "target_value": 300
      },
      "choice": {
        "button": "F",
        "selected_option": "OptionA"
      }
    },
    {
      "question": 37,
      "target": "Plant Growth Rate",
      "target_value": 3.2,
      "options": [
        "Plant Height",
        "Plant Width"
      ],
      "optionA": {
        "trial_id": "20",
        "task_id": "104",
        "values": "1.9, 0.6",
        "target_value": 3.2
      },
      "optionB": {
        "trial_id": "3",
        "task_id": "104",
        "values": "1.8, 0.6",
        "target_value": 3
      },
      "choice": {
        "button": "F",
        "selected_option": "OptionA"
      }
    },
    {
      "question": 38,
      "target": "House Price ($1000s)",
      "target_value": 280,
      "options": [
        "Number of Rooms",
        "Square Feet"
      ],
      "optionA": {
        "trial_id": "12",
        "task_id": "77",
        "values": "3.0, 1800.0",
        "target_value": 280
      },
      "optionB": {
        "trial_id": "20",
        "task_id": "77",
        "values": "5.0, 2300.0",
        "target_value": 370
      },
      "choice": {
        "button": "J",
        "selected_option": "OptionB"
      }
    },
    {
      "question": 39,
      "target": "Natural light",
      "target_value": 5,
      "options": [
        "Room size",
        "Window count"
      ],
      "optionA": {
        "trial_id": "16",
        "task_id": "66",
        "values": "90.0, 1.0",
        "target_value": 5
      },
      "optionB": {
        "trial_id": "13",
        "task_id": "66",
        "values": "130.0, 3.0",
        "target_value": 7
      },
      "choice": {
        "button": "J",
        "selected_option": "OptionB"
      }
    },
    {
      "question": "attention_check_39",
      "choice": "F",
      "passed": true,
      "timestamp": 1756154914317
    },
    {
      "question": 40,
      "target": "Exam Score (out of 100)",
      "target_value": 55,
      "options": [
        "Time Spent Studying (hours)",
        "Number of Chapters Covered"
      ],
      "optionA": {
        "trial_id": "7",
        "task_id": "94",
        "values": "3.0, 2.0",
        "target_value": 55
      },
      "optionB": {
        "trial_id": "5",
        "task_id": "94",
        "values": "4.0, 5.0",
        "target_value": 75
      },
      "choice": {
        "button": "J",
        "selected_option": "OptionB"
      }
    },
    {
      "question": 41,
      "target": "House Price",
      "target_value": 280,
      "options": [
        "House Size",
        "Neighborhood Rating"
      ],
      "optionA": {
        "trial_id": "9",
        "task_id": "38",
        "values": "1600.0, 5.0",
        "target_value": 280
      },
      "optionB": {
        "trial_id": "11",
        "task_id": "38",
        "values": "2100.0, 8.0",
        "target_value": 420
      },
      "choice": {
        "button": "J",
        "selected_option": "OptionB"
      }
    },
    {
      "question": 42,
      "target": "Brightness",
      "target_value": 650,
      "options": [
        "Phone Battery Capacity",
        "Screen Size"
      ],
      "optionA": {
        "trial_id": "1",
        "task_id": "37",
        "values": "3000.0, 5.0",
        "target_value": 650
      },
      "optionB": {
        "trial_id": "17",
        "task_id": "37",
        "values": "3500.0, 5.0",
        "target_value": 650
      },
      "choice": {
        "button": "J",
        "selected_option": "OptionB"
      }
    },
    {
      "question": 43,
      "target": "Home value",
      "target_value": 250000,
      "options": [
        "House size",
        "Neighborhood quality"
      ],
      "optionA": {
        "trial_id": "19",
        "task_id": "70",
        "values": "100.0, 6.0",
        "target_value": 250000
      },
      "optionB": {
        "trial_id": "3",
        "task_id": "70",
        "values": "100.0, 7.0",
        "target_value": 270000
      },
      "choice": {
        "button": "J",
        "selected_option": "OptionB"
      }
    },
    {
      "question": 44,
      "target": "Enjoyment Score",
      "target_value": 8,
      "options": [
        "Book Length (pages)",
        "Author Fame (1-10)"
      ],
      "optionA": {
        "trial_id": "9",
        "task_id": "29",
        "values": "250.0, 7.0",
        "target_value": 8
      },
      "optionB": {
        "trial_id": "1",
        "task_id": "29",
        "values": "200.0, 7.0",
        "target_value": 8
      },
      "choice": {
        "button": "J",
        "selected_option": "OptionB"
      }
    },
    {
      "question": 45,
      "target": "Growth Rate (cm/week)",
      "target_value": 2.3,
      "options": [
        "Plant Leaf Size",
        "Plant Water Usage"
      ],
      "optionA": {
        "trial_id": "15",
        "task_id": "83",
        "values": "7.0, 4.0",
        "target_value": 2.3
      },
      "optionB": {
        "trial_id": "1",
        "task_id": "83",
        "values": "10.0, 5.0",
        "target_value": 3
      },
      "choice": {
        "button": "J",
        "selected_option": "OptionB"
      }
    },
    {
      "question": 46,
      "target": "Light amount",
      "target_value": 8,
      "options": [
        "Room size (m2)",
        "Number of windows"
      ],
      "optionA": {
        "trial_id": "4",
        "task_id": "85",
        "values": "30.0, 3.0",
        "target_value": 8
      },
      "optionB": {
        "trial_id": "16",
        "task_id": "85",
        "values": "35.0, 3.0",
        "target_value": 8
      },
      "choice": {
        "button": "F",
        "selected_option": "OptionA"
      }
    },
    {
      "question": 47,
      "target": "Fat Burn (in grams)",
      "target_value": 15,
      "options": [
        "Exercise Time (minutes)",
        "Heart Rate (bpm)"
      ],
      "optionA": {
        "trial_id": "12",
        "task_id": "20",
        "values": "40.0, 125.0",
        "target_value": 15
      },
      "optionB": {
        "trial_id": "1",
        "task_id": "20",
        "values": "30.0, 120.0",
        "target_value": 15
      },
      "choice": {
        "button": "F",
        "selected_option": "OptionA"
      }
    },
    {
      "question": 48,
      "target": "Social Engagement (on scale 1-10)",
      "target_value": 8,
      "options": [
        "Number of Friends",
        "Average Message Frequency"
      ],
      "optionA": {
        "trial_id": "13",
        "task_id": "21",
        "values": "160.0, 4.0",
        "target_value": 8
      },
      "optionB": {
        "trial_id": "10",
        "task_id": "21",
        "values": "140.0, 4.0",
        "target_value": 8
      },
      "choice": {
        "button": "F",
        "selected_option": "OptionA"
      }
    },
    {
      "question": 49,
      "target": "Quality",
      "target_value": 78,
      "options": [
        "Price",
        "Size"
      ],
      "optionA": {
        "trial_id": "18",
        "task_id": "110",
        "values": "120.0, 12.0",
        "target_value": 78
      },
      "optionB": {
        "trial_id": "15",
        "task_id": "110",
        "values": "160.0, 22.0",
        "target_value": 92
      },
      "choice": {
        "button": "J",
        "selected_option": "OptionB"
      }
    },
    {
      "question": 50,
      "target": "Top Speed",
      "target_value": 140,
      "options": [
        "Engine Size",
        "Horsepower"
      ],
      "optionA": {
        "trial_id": "16",
        "task_id": "113",
        "values": "1.8, 110.0",
        "target_value": 140
      },
      "optionB": {
        "trial_id": "7",
        "task_id": "113",
        "values": "2.2, 130.0",
        "target_value": 155
      },
      "choice": {
        "button": "J",
        "selected_option": "OptionB"
      }
    }
  ]
}