{
  "prolific_id": "UNKNOWN",
  "condition_group": "direction",
  "responses": [
    {
      "question": 1,
      "target": "Home Comfort (1-10)",
      "target_value": 6,
      "options": [
        "Number of Bedrooms",
        "Square Feet"
      ],
      "optionA": {
        "trial_id": "10",
        "task_id": "9",
        "values": "3.0, 1600.0",
        "target_value": 6
      },
      "optionB": {
        "trial_id": "13",
        "task_id": "9",
        "values": "3.0, 1550.0",
        "target_value": 7
      },
      "choice": {
        "button": "F",
        "selected_option": "OptionA"
      }
    },
    {
      "question": 2,
      "target": "Phone Performance",
      "target_value": 150,
      "options": [
        "Phone RAM",
        "Phone Storage"
      ],
      "optionA": {
        "trial_id": "16",
        "task_id": "86",
        "values": "128.0, 16384.0",
        "target_value": 150
      },
      "optionB": {
        "trial_id": "13",
        "task_id": "86",
        "values": "32.0, 4096.0",
        "target_value": 130
      },
      "choice": {
        "button": "F",
        "selected_option": "OptionA"
      }
    },
    {
      "question": 3,
      "target": "Reading time",
      "target_value": 7,
      "options": [
        "Book pages",
        "Book chapters"
      ],
      "optionA": {
        "trial_id": "8",
        "task_id": "72",
        "values": "320.0, 16.0",
        "target_value": 7
      },
      "optionB": {
        "trial_id": "9",
        "task_id": "72",
        "values": "350.0, 20.0",
        "target_value": 8
      },
      "choice": {
        "button": "J",
        "selected_option": "OptionB"
      }
    },
    {
      "question": 4,
      "target": "Natural Light (on scale 1-10)",
      "target_value": 9,
      "options": [
        "Room Area (m2)",
        "Number of Windows"
      ],
      "optionA": {
        "trial_id": "5",
        "task_id": "15",
        "values": "25.0, 5.0",
        "target_value": 9
      },
      "optionB": {
        "trial_id": "13",
        "task_id": "15",
        "values": "26.0, 5.0",
        "target_value": 9
      },
      "choice": {
        "button": "J",
        "selected_option": "OptionB"
      }
    },
    {
      "question": 5,
      "target": "Battery life hours",
      "target_value": 8,
      "options": [
        "Phone battery capacity",
        "Phone weight"
      ],
      "optionA": {
        "trial_id": "7",
        "task_id": "73",
        "values": "2000.0, 160.0",
        "target_value": 8
      },
      "optionB": {
        "trial_id": "4",
        "task_id": "73",
        "values": "3500.0, 190.0",
        "target_value": 13
      },
      "choice": {
        "button": "J",
        "selected_option": "OptionB"
      }
    },
    {
      "question": 6,
      "target": "Growth speed",
      "target_value": 5.5,
      "options": [
        "Plant height cm",
        "Plant leaf count"
      ],
      "optionA": {
        "trial_id": "11",
        "task_id": "74",
        "values": "40.0, 14.0",
        "target_value": 5.5
      },
      "optionB": {
        "trial_id": "5",
        "task_id": "74",
        "values": "45.0, 15.0",
        "target_value": 6
      },
      "choice": {
        "button": "J",
        "selected_option": "OptionB"
      }
    },
    {
      "question": 7,
      "target": "Bike Speed",
      "target_value": 26,
      "options": [
        "Bike Weight",
        "Bike Wheel Size"
      ],
      "optionA": {
        "trial_id": "6",
        "task_id": "107",
        "values": "16.0, 28.0",
        "target_value": 26
      },
      "optionB": {
        "trial_id": "13",
        "task_id": "107",
        "values": "16.0, 29.0",
        "target_value": 30
      },
      "choice": {
        "button": "J",
        "selected_option": "OptionB"
      }
    },
    {
      "question": 8,
      "target": "Battery Duration",
      "target_value": 9,
      "options": [
        "Phone Battery Capacity",
        "Screen Brightness"
      ],
      "optionA": {
        "trial_id": "19",
        "task_id": "63",
        "values": "2000.0, 300.0",
        "target_value": 9
      },
      "optionB": {
        "trial_id": "16",
        "task_id": "63",
        "values": "3000.0, 400.0",
        "target_value": 13
      },
      "choice": {
        "button": "J",
        "selected_option": "OptionB"
      }
    },
    {
      "question": 9,
      "target": "Recipe Complexity",
      "target_value": 6,
      "options": [
        "Recipe Servings",
        "Recipe Ingredients"
      ],
      "optionA": {
        "trial_id": "2",
        "task_id": "106",
        "values": "3.0, 8.0",
        "target_value": 6
      },
      "optionB": {
        "trial_id": "3",
        "task_id": "106",
        "values": "6.0, 12.0",
        "target_value": 8
      },
      "choice": {
        "button": "J",
        "selected_option": "OptionB"
      }
    },
    {
      "question": "attention_check_9",
      "choice": "J",
      "passed": true,
      "timestamp": 1756154229834
    },
    {
      "question": 10,
      "target": "Performance Quality (on scale 1-10)",
      "target_value": 9,
      "options": [
        "Hours of Practice",
        "Musical Experience (years)"
      ],
      "optionA": {
        "trial_id": "10",
        "task_id": "17",
        "values": "100.0, 4.0",
        "target_value": 9
      },
      "optionB": {
        "trial_id": "7",
        "task_id": "17",
        "values": "70.0, 5.0",
        "target_value": 9
      },
      "choice": {
        "button": "J",
        "selected_option": "OptionB"
      }
    },
    {
      "question": 11,
      "target": "Cooking Time (min)",
      "target_value": 25,
      "options": [
        "Number of Ingredients",
        "Prep Time (min)"
      ],
      "optionA": {
        "trial_id": "1",
        "task_id": "48",
        "values": "5.0, 10.0",
        "target_value": 25
      },
      "optionB": {
        "trial_id": "20",
        "task_id": "48",
        "values": "5.0, 10.0",
        "target_value": 25
      },
      "choice": {
        "button": "J",
        "selected_option": "OptionB"
      }
    },
    {
      "question": 12,
      "target": "Natural Light",
      "target_value": 7,
      "options": [
        "Room Size",
        "Number of Windows"
      ],
      "optionA": {
        "trial_id": "2",
        "task_id": "53",
        "values": "250.0, 3.0",
        "target_value": 7
      },
      "optionB": {
        "trial_id": "11",
        "task_id": "53",
        "values": "170.0, 2.0",
        "target_value": 5
      },
      "choice": {
        "button": "F",
        "selected_option": "OptionA"
      }
    },
    {
      "question": 13,
      "target": "Weight Loss",
      "target_value": 1.5,
      "options": [
        "Calories",
        "Exercise Time"
      ],
      "optionA": {
        "trial_id": "20",
        "task_id": "51",
        "values": "500.0, 20.0",
        "target_value": 1.5
      },
      "optionB": {
        "trial_id": "11",
        "task_id": "51",
        "values": "600.0, 30.0",
        "target_value": 1.5
      },
      "choice": {
        "button": "F",
        "selected_option": "OptionA"
      }
    },
    {
      "question": 14,
      "target": "User Satisfaction",
      "target_value": 7,
      "options": [
        "Screen Size",
        "Battery Life"
      ],
      "optionA": {
        "trial_id": "4",
        "task_id": "52",
        "values": "8.0, 30.0",
        "target_value": 7
      },
      "optionB": {
        "trial_id": "18",
        "task_id": "52",
        "values": "7.0, 35.0",
        "target_value": 7
      },
      "choice": {
        "button": "J",
        "selected_option": "OptionB"
      }
    },
    {
      "question": 15,
      "target": "Fat Burn (g)",
      "target_value": 75,
      "options": [
        "Exercise Time (min)",
        "Heart Rate (bpm)"
      ],
      "optionA": {
        "trial_id": "7",
        "task_id": "28",
        "values": "50.0, 150.0",
        "target_value": 75
      },
      "optionB": {
        "trial_id": "6",
        "task_id": "28",
        "values": "30.0, 110.0",
        "target_value": 30
      },
      "choice": {
        "button": "F",
        "selected_option": "OptionA"
      }
    },
    {
      "question": 16,
      "target": "Popularity Score",
      "target_value": 180,
      "options": [
        "Number of Likes",
        "Number of Comments"
      ],
      "optionA": {
        "trial_id": "13",
        "task_id": "50",
        "values": "150.0, 30.0",
        "target_value": 180
      },
      "optionB": {
        "trial_id": "17",
        "task_id": "50",
        "values": "130.0, 26.0",
        "target_value": 156
      },
      "choice": {
        "button": "F",
        "selected_option": "OptionA"
      }
    },
    {
      "question": 17,
      "target": "Fun Score",
      "target_value": 7,
      "options": [
        "Number of Players",
        "Game Length (min)"
      ],
      "optionA": {
        "trial_id": "1",
        "task_id": "98",
        "values": "4.0, 60.0",
        "target_value": 7
      },
      "optionB": {
        "trial_id": "10",
        "task_id": "98",
        "values": "7.0, 60.0",
        "target_value": 8
      },
      "choice": {
        "button": "J",
        "selected_option": "OptionB"
      }
    },
    {
      "question": 18,
      "target": "Enjoyment Rating (1-10)",
      "target_value": 5,
      "options": [
        "Number of Pages",
        "Reading Time (minutes)"
      ],
      "optionA": {
        "trial_id": "12",
        "task_id": "10",
        "values": "320.0, 120.0",
        "target_value": 5
      },
      "optionB": {
        "trial_id": "20",
        "task_id": "10",
        "values": "410.0, 155.0",
        "target_value": 6
      },
      "choice": {
        "button": "J",
        "selected_option": "OptionB"
      }
    },
    {
      "question": 19,
      "target": "Room Size",
      "target_value": 20,
      "options": [
        "Room Width",
        "Room Length"
      ],
      "optionA": {
        "trial_id": "7",
        "task_id": "109",
        "values": "4.0, 5.0",
        "target_value": 20
      },
      "optionB": {
        "trial_id": "7",
        "task_id": "109",
        "values": "4.0, 5.0",
        "target_value": 20
      },
      "choice": {
        "button": "F",
        "selected_option": "OptionA"
      }
    },
    {
      "question": "attention_check_19",
      "choice": "F",
      "passed": true,
      "timestamp": 1756154351997
    },
    {
      "question": 20,
      "target": "House Price ($1000s)",
      "target_value": 300,
      "options": [
        "Number of Rooms",
        "Square Feet"
      ],
      "optionA": {
        "trial_id": "1",
        "task_id": "77",
        "values": "4.0, 1800.0",
        "target_value": 300
      },
      "optionB": {
        "trial_id": "2",
        "task_id": "77",
        "values": "3.0, 2000.0",
        "target_value": 280
      },
      "choice": {
        "button": "J",
        "selected_option": "OptionB"
      }
    },
    {
      "question": 21,
      "target": "Energy Level",
      "target_value": 9,
      "options": [
        "Dog Size",
        "Exercise Needs"
      ],
      "optionA": {
        "trial_id": "12",
        "task_id": "88",
        "values": "35.0, 8.0",
        "target_value": 9
      },
      "optionB": {
        "trial_id": "13",
        "task_id": "88",
        "values": "55.0, 7.0",
        "target_value": 8
      },
      "choice": {
        "button": "F",
        "selected_option": "OptionA"
      }
    },
    {
      "question": 22,
      "target": "Engagement rate (%)",
      "target_value": 5,
      "options": [
        "Number of followers",
        "Post quality score"
      ],
      "optionA": {
        "trial_id": "3",
        "task_id": "71",
        "values": "12000.0, 6.0",
        "target_value": 5
      },
      "optionB": {
        "trial_id": "13",
        "task_id": "71",
        "values": "10000.0, 8.0",
        "target_value": 5.9
      },
      "choice": {
        "button": "J",
        "selected_option": "OptionB"
      }
    },
    {
      "question": 23,
      "target": "Enjoyment Rating (1-10)",
      "target_value": 6,
      "options": [
        "Number of Pages",
        "Reading Time (minutes)"
      ],
      "optionA": {
        "trial_id": "14",
        "task_id": "10",
        "values": "420.0, 160.0",
        "target_value": 6
      },
      "optionB": {
        "trial_id": "13",
        "task_id": "10",
        "values": "320.0, 130.0",
        "target_value": 7
      },
      "choice": {
        "button": "F",
        "selected_option": "OptionA"
      }
    },
    {
      "question": 24,
      "target": "Quality",
      "target_value": 92,
      "options": [
        "Price",
        "Size"
      ],
      "optionA": {
        "trial_id": "15",
        "task_id": "110",
        "values": "160.0, 22.0",
        "target_value": 92
      },
      "optionB": {
        "trial_id": "5",
        "task_id": "110",
        "values": "80.0, 5.0",
        "target_value": 60
      },
      "choice": {
        "button": "F",
        "selected_option": "OptionA"
      }
    },
    {
      "question": 25,
      "target": "Fat Burn (in grams)",
      "target_value": 25,
      "options": [
        "Exercise Time (minutes)",
        "Heart Rate (bpm)"
      ],
      "optionA": {
        "trial_id": "13",
        "task_id": "20",
        "values": "60.0, 145.0",
        "target_value": 25
      },
      "optionB": {
        "trial_id": "15",
        "task_id": "20",
        "values": "40.0, 125.0",
        "target_value": 17
      },
      "choice": {
        "button": "F",
        "selected_option": "OptionA"
      }
    },
    {
      "question": 26,
      "target": "Engagement rate (%)",
      "target_value": 5.6,
      "options": [
        "Number of followers",
        "Post quality score"
      ],
      "optionA": {
        "trial_id": "10",
        "task_id": "71",
        "values": "12000.0, 5.0",
        "target_value": 5.6
      },
      "optionB": {
        "trial_id": "15",
        "task_id": "71",
        "values": "12000.0, 5.0",
        "target_value": 5.2
      },
      "choice": {
        "button": "F",
        "selected_option": "OptionA"
      }
    },
    {
      "question": 27,
      "target": "Comfort Score",
      "target_value": 8,
      "options": [
        "Price ($)",
        "Size (sqft)"
      ],
      "optionA": {
        "trial_id": "2",
        "task_id": "44",
        "values": "280000.0, 160.0",
        "target_value": 8
      },
      "optionB": {
        "trial_id": "14",
        "task_id": "44",
        "values": "310000.0, 170.0",
        "target_value": 9
      },
      "choice": {
        "button": "F",
        "selected_option": "OptionA"
      }
    },
    {
      "question": 28,
      "target": "Fuel Consumption (L/100km)",
      "target_value": 9,
      "options": [
        "Engine Size (cc)",
        "Weight (kg)"
      ],
      "optionA": {
        "trial_id": "15",
        "task_id": "11",
        "values": "2300.0, 1400.0",
        "target_value": 9
      },
      "optionB": {
        "trial_id": "13",
        "task_id": "11",
        "values": "1900.0, 1200.0",
        "target_value": 7
      },
      "choice": {
        "button": "F",
        "selected_option": "OptionA"
      }
    },
    {
      "question": 29,
      "target": "Home Value (thousands)",
      "target_value": 270,
      "options": [
        "House Size (sqm)",
        "Neighborhood Safety (1-10)"
      ],
      "optionA": {
        "trial_id": "17",
        "task_id": "41",
        "values": "100.0, 8.0",
        "target_value": 270
      },
      "optionB": {
        "trial_id": "18",
        "task_id": "41",
        "values": "110.0, 7.0",
        "target_value": 260
      },
      "choice": {
        "button": "F",
        "selected_option": "OptionA"
      }
    },
    {
      "question": "attention_check_29",
      "choice": "J",
      "passed": true,
      "timestamp": 1756154457974
    },
    {
      "question": 30,
      "target": "Energy Level",
      "target_value": 7,
      "options": [
        "Hours of Sleep",
        "Caffeine Intake (mg)"
      ],
      "optionA": {
        "trial_id": "17",
        "task_id": "45",
        "values": "8.0, 60.0",
        "target_value": 7
      },
      "optionB": {
        "trial_id": "18",
        "task_id": "45",
        "values": "9.0, 70.0",
        "target_value": 8
      },
      "choice": {
        "button": "J",
        "selected_option": "OptionB"
      }
    },
    {
      "question": 31,
      "target": "Performance",
      "target_value": 7.8,
      "options": [
        "Skill Level",
        "Practice Time"
      ],
      "optionA": {
        "trial_id": "3",
        "task_id": "100",
        "values": "6.0, 12.0",
        "target_value": 7.8
      },
      "optionB": {
        "trial_id": "1",
        "task_id": "100",
        "values": "7.0, 10.0",
        "target_value": 8
      },
      "choice": {
        "button": "J",
        "selected_option": "OptionB"
      }
    },
    {
      "question": 32,
      "target": "Deliciousness",
      "target_value": 65,
      "options": [
        "Cooking time",
        "Ingredients count"
      ],
      "optionA": {
        "trial_id": "16",
        "task_id": "27",
        "values": "45.0, 5.0",
        "target_value": 65
      },
      "optionB": {
        "trial_id": "16",
        "task_id": "27",
        "values": "45.0, 5.0",
        "target_value": 65
      },
      "choice": {
        "button": "J",
        "selected_option": "OptionB"
      }
    },
    {
      "question": 33,
      "target": "Home Comfort (1-10)",
      "target_value": 6,
      "options": [
        "Number of Bedrooms",
        "Square Feet"
      ],
      "optionA": {
        "trial_id": "14",
        "task_id": "9",
        "values": "4.0, 1450.0",
        "target_value": 6
      },
      "optionB": {
        "trial_id": "10",
        "task_id": "9",
        "values": "3.0, 1600.0",
        "target_value": 6
      },
      "choice": {
        "button": "F",
        "selected_option": "OptionA"
      }
    },
    {
      "question": 34,
      "target": "Battery Life",
      "target_value": 12,
      "options": [
        "Battery Capacity",
        "Weight"
      ],
      "optionA": {
        "trial_id": "4",
        "task_id": "114",
        "values": "3000.0, 200.0",
        "target_value": 12
      },
      "optionB": {
        "trial_id": "8",
        "task_id": "114",
        "values": "2500.0, 180.0",
        "target_value": 10
      },
      "choice": {
        "button": "F",
        "selected_option": "OptionA"
      }
    },
    {
      "question": 35,
      "target": "Fuel Consumption (L/100km)",
      "target_value": 8,
      "options": [
        "Engine Size (cc)",
        "Weight (kg)"
      ],
      "optionA": {
        "trial_id": "4",
        "task_id": "11",
        "values": "2100.0, 1300.0",
        "target_value": 8
      },
      "optionB": {
        "trial_id": "14",
        "task_id": "11",
        "values": "2000.0, 1300.0",
        "target_value": 8
      },
      "choice": {
        "button": "J",
        "selected_option": "OptionB"
      }
    },
    {
      "question": 36,
      "target": "Phone Battery Life",
      "target_value": 34,
      "options": [
        "Phone Battery Capacity",
        "Phone Weight"
      ],
      "optionA": {
        "trial_id": "11",
        "task_id": "108",
        "values": "4500.0, 215.0",
        "target_value": 34
      },
      "optionB": {
        "trial_id": "6",
        "task_id": "108",
        "values": "4500.0, 210.0",
        "target_value": 33
      },
      "choice": {
        "button": "J",
        "selected_option": "OptionB"
      }
    },
    {
      "question": 37,
      "target": "Age (years)",
      "target_value": 60,
      "options": [
        "Tree Height (m)",
        "Trunk Diameter (cm)"
      ],
      "optionA": {
        "trial_id": "19",
        "task_id": "32",
        "values": "12.0, 34.0",
        "target_value": 60
      },
      "optionB": {
        "trial_id": "15",
        "task_id": "32",
        "values": "13.0, 38.0",
        "target_value": 65
      },
      "choice": {
        "button": "J",
        "selected_option": "OptionB"
      }
    },
    {
      "question": 38,
      "target": "Brightness",
      "target_value": 690,
      "options": [
        "Phone Battery Capacity",
        "Screen Size"
      ],
      "optionA": {
        "trial_id": "20",
        "task_id": "37",
        "values": "5500.0, 5.0",
        "target_value": 690
      },
      "optionB": {
        "trial_id": "3",
        "task_id": "37",
        "values": "4000.0, 6.0",
        "target_value": 700
      },
      "choice": {
        "button": "F",
        "selected_option": "OptionA"
      }
    },
    {
      "question": 39,
      "target": "Restaurant Popularity (on scale 1-10)",
      "target_value": 8,
      "options": [
        "Number of Reviews",
        "Average Rating (out of 5)"
      ],
      "optionA": {
        "trial_id": "6",
        "task_id": "19",
        "values": "250.0, 4.5",
        "target_value": 8
      },
      "optionB": {
        "trial_id": "2",
        "task_id": "19",
        "values": "150.0, 4.0",
        "target_value": 7
      },
      "choice": {
        "button": "F",
        "selected_option": "OptionA"
      }
    },
    {
      "question": "attention_check_39",
      "choice": "F",
      "passed": true,
      "timestamp": 1756154572920
    },
    {
      "question": 40,
      "target": "Exam Score",
      "target_value": 68,
      "options": [
        "Student Study Time (hours)",
        "Class Attendance (%)"
      ],
      "optionA": {
        "trial_id": "7",
        "task_id": "40",
        "values": "3.0, 85.0",
        "target_value": 68
      },
      "optionB": {
        "trial_id": "10",
        "task_id": "40",
        "values": "7.0, 90.0",
        "target_value": 82
      },
      "choice": {
        "button": "J",
        "selected_option": "OptionB"
      }
    },
    {
      "question": 41,
      "target": "Enjoyment Rating (1-10)",
      "target_value": 6,
      "options": [
        "Number of Pages",
        "Reading Time (minutes)"
      ],
      "optionA": {
        "trial_id": "2",
        "task_id": "10",
        "values": "400.0, 150.0",
        "target_value": 6
      },
      "optionB": {
        "trial_id": "10",
        "task_id": "10",
        "values": "380.0, 140.0",
        "target_value": 6
      },
      "choice": {
        "button": "F",
        "selected_option": "OptionA"
      }
    },
    {
      "question": 42,
      "target": "Energy Level",
      "target_value": 7,
      "options": [
        "Hours of Sleep",
        "Caffeine Intake (mg)"
      ],
      "optionA": {
        "trial_id": "10",
        "task_id": "45",
        "values": "7.0, 60.0",
        "target_value": 7
      },
      "optionB": {
        "trial_id": "14",
        "task_id": "45",
        "values": "7.0, 30.0",
        "target_value": 5
      },
      "choice": {
        "button": "F",
        "selected_option": "OptionA"
      }
    },
    {
      "question": 43,
      "target": "Exam score",
      "target_value": 82,
      "options": [
        "Study time (hours)",
        "Class attendance (%)"
      ],
      "optionA": {
        "trial_id": "5",
        "task_id": "91",
        "values": "6.0, 85.0",
        "target_value": 82
      },
      "optionB": {
        "trial_id": "20",
        "task_id": "91",
        "values": "4.0, 90.0",
        "target_value": 86
      },
      "choice": {
        "button": "F",
        "selected_option": "OptionA"
      }
    },
    {
      "question": 44,
      "target": "Fat Burn (in grams)",
      "target_value": 19,
      "options": [
        "Exercise Time (minutes)",
        "Heart Rate (bpm)"
      ],
      "optionA": {
        "trial_id": "18",
        "task_id": "20",
        "values": "60.0, 130.0",
        "target_value": 19
      },
      "optionB": {
        "trial_id": "1",
        "task_id": "20",
        "values": "30.0, 120.0",
        "target_value": 15
      },
      "choice": {
        "button": "F",
        "selected_option": "OptionA"
      }
    },
    {
      "question": 45,
      "target": "Apartment price",
      "target_value": 1000,
      "options": [
        "Distance from city center",
        "Room size"
      ],
      "optionA": {
        "trial_id": "5",
        "task_id": "58",
        "values": "1.0, 30.0",
        "target_value": 1000
      },
      "optionB": {
        "trial_id": "15",
        "task_id": "58",
        "values": "3.0, 50.0",
        "target_value": 1400
      },
      "choice": {
        "button": "F",
        "selected_option": "OptionA"
      }
    },
    {
      "question": 46,
      "target": "Strength",
      "target_value": 15,
      "options": [
        "Coffee Beans",
        "Water"
      ],
      "optionA": {
        "trial_id": "11",
        "task_id": "112",
        "values": "10.0, 220.0",
        "target_value": 15
      },
      "optionB": {
        "trial_id": "13",
        "task_id": "112",
        "values": "12.0, 260.0",
        "target_value": 17
      },
      "choice": {
        "button": "F",
        "selected_option": "OptionA"
      }
    },
    {
      "question": 47,
      "target": "Recipe difficulty",
      "target_value": 8,
      "options": [
        "Number of ingredients",
        "Prep time (minutes)"
      ],
      "optionA": {
        "trial_id": "8",
        "task_id": "60",
        "values": "7.0, 25.0",
        "target_value": 8
      },
      "optionB": {
        "trial_id": "18",
        "task_id": "60",
        "values": "8.0, 30.0",
        "target_value": 9
      },
      "choice": {
        "button": "J",
        "selected_option": "OptionB"
      }
    },
    {
      "question": 48,
      "target": "Apartment price",
      "target_value": 1300,
      "options": [
        "Distance from city center",
        "Room size"
      ],
      "optionA": {
        "trial_id": "17",
        "task_id": "58",
        "values": "2.0, 40.0",
        "target_value": 1300
      },
      "optionB": {
        "trial_id": "7",
        "task_id": "58",
        "values": "3.0, 50.0",
        "target_value": 1400
      },
      "choice": {
        "button": "F",
        "selected_option": "OptionA"
      }
    },
    {
      "question": 49,
      "target": "Performance Score (1-100)",
      "target_value": 70,
      "options": [
        "Hours of Practice",
        "Number of Lessons"
      ],
      "optionA": {
        "trial_id": "13",
        "task_id": "57",
        "values": "12.0, 6.0",
        "target_value": 70
      },
      "optionB": {
        "trial_id": "10",
        "task_id": "57",
        "values": "30.0, 11.0",
        "target_value": 90
      },
      "choice": {
        "button": "J",
        "selected_option": "OptionB"
      }
    },
    {
      "question": 50,
      "target": "App Popularity",
      "target_value": 68,
      "options": [
        "App User Ratings (1-5)",
        "Number of Reviews"
      ],
      "optionA": {
        "trial_id": "20",
        "task_id": "42",
        "values": "4.0, 180.0",
        "target_value": 68
      },
      "optionB": {
        "trial_id": "9",
        "task_id": "42",
        "values": "2.0, 200.0",
        "target_value": 55
      },
      "choice": {
        "button": "J",
        "selected_option": "OptionB"
      }
    }
  ]
}