{
  "prolific_id": "UNKNOWN",
  "condition_group": "ranking",
  "responses": [
    {
      "question": 1,
      "target": "Engagement rate (%)",
      "target_value": 6,
      "options": [
        "Number of followers (count)",
        "Time posted (hours ago)"
      ],
      "optionA": {
        "trial_id": "11",
        "task_id": "98",
        "values": "1300.0, 2",
        "target_value": 6
      },
      "optionB": {
        "trial_id": "4",
        "task_id": "98",
        "values": "900.0, 5",
        "target_value": 3
      },
      "choice": {
        "button": "J",
        "selected_option": "OptionB"
      }
    },
    {
      "question": 2,
      "target": "Fuel Efficiency (km/L)",
      "target_value": 10,
      "options": [
        "Car Weight (kg)",
        "Engine Power (hp)"
      ],
      "optionA": {
        "trial_id": "11",
        "task_id": "3",
        "values": "1600.0, 160",
        "target_value": 10
      },
      "optionB": {
        "trial_id": "20",
        "task_id": "3",
        "values": "1600.0, 170",
        "target_value": 9
      },
      "choice": {
        "button": "F",
        "selected_option": "OptionA"
      }
    },
    {
      "question": 3,
      "target": "Taste Rating (scale 1-10)",
      "target_value": 8,
      "options": [
        "Number of Ingredients",
        "Cooking Time (minutes)"
      ],
      "optionA": {
        "trial_id": "6",
        "task_id": "167",
        "values": "9.0, 30",
        "target_value": 8
      },
      "optionB": {
        "trial_id": "12",
        "task_id": "167",
        "values": "10.0, 30",
        "target_value": 7
      },
      "choice": {
        "button": "J",
        "selected_option": "OptionB"
      }
    },
    {
      "question": 4,
      "target": "Energy boost",
      "target_value": 75,
      "options": [
        "Coffee strength",
        "Caffeine content"
      ],
      "optionA": {
        "trial_id": "9",
        "task_id": "85",
        "values": "4.0, 70",
        "target_value": 75
      },
      "optionB": {
        "trial_id": "19",
        "task_id": "85",
        "values": "3.0, 80",
        "target_value": 75
      },
      "choice": {
        "button": "F",
        "selected_option": "OptionA"
      }
    },
    {
      "question": 5,
      "target": "Calories burned",
      "target_value": 330,
      "options": [
        "Exercise time (min)",
        "Heart rate (bpm)"
      ],
      "optionA": {
        "trial_id": "17",
        "task_id": "116",
        "values": "40.0, 110",
        "target_value": 330
      },
      "optionB": {
        "trial_id": "5",
        "task_id": "116",
        "values": "50.0, 100",
        "target_value": 350
      },
      "choice": {
        "button": "J",
        "selected_option": "OptionB"
      }
    },
    {
      "question": 6,
      "target": "BMI",
      "target_value": 25.4,
      "options": [
        "Height (inches)",
        "Weight (lbs)"
      ],
      "optionA": {
        "trial_id": "13",
        "task_id": "158",
        "values": "67.0, 150.0",
        "target_value": 25.4
      },
      "optionB": {
        "trial_id": "1",
        "task_id": "158",
        "values": "70.0, 180.0",
        "target_value": 24.9
      },
      "choice": {
        "button": "J",
        "selected_option": "OptionB"
      }
    },
    {
      "question": 7,
      "target": "Health index",
      "target_value": 88,
      "options": [
        "Age",
        "Exercise hours"
      ],
      "optionA": {
        "trial_id": "14",
        "task_id": "82",
        "values": "40.0, 2",
        "target_value": 88
      },
      "optionB": {
        "trial_id": "4",
        "task_id": "77",
        "values": "50.0, 2",
        "target_value": 75
      },
      "choice": {
        "button": "J",
        "selected_option": "OptionB"
      }
    },
    {
      "question": 8,
      "target": "Fuel efficiency (km/L)",
      "target_value": 10,
      "options": [
        "Car engine size (L)",
        "Car weight (kg)"
      ],
      "optionA": {
        "trial_id": "14",
        "task_id": "150",
        "values": "2.7, 1600.0",
        "target_value": 10
      },
      "optionB": {
        "trial_id": "19",
        "task_id": "150",
        "values": "2.0, 1200.0",
        "target_value": 16
      },
      "choice": {
        "button": "J",
        "selected_option": "OptionB"
      }
    },
    {
      "question": 9,
      "target": "Salary",
      "target_value": 73000,
      "options": [
        "Experience",
        "Years since graduation"
      ],
      "optionA": {
        "trial_id": "20",
        "task_id": "76",
        "values": "8.0, 14",
        "target_value": 73000
      },
      "optionB": {
        "trial_id": "20",
        "task_id": "76",
        "values": "8.0, 14",
        "target_value": 73000
      },
      "choice": {
        "button": "F",
        "selected_option": "OptionA"
      }
    },
    {
      "question": "attention_check_9",
      "choice": "J",
      "passed": true,
      "timestamp": 1756720867030
    },
    {
      "question": 10,
      "target": "Quality",
      "target_value": 70,
      "options": [
        "Price",
        "Size"
      ],
      "optionA": {
        "trial_id": "5",
        "task_id": "21",
        "values": "130.0, 7.0",
        "target_value": 70
      },
      "optionB": {
        "trial_id": "1",
        "task_id": "67",
        "values": "100.0, 50",
        "target_value": 8
      },
      "choice": {
        "button": "F",
        "selected_option": "OptionA"
      }
    },
    {
      "question": 11,
      "target": "Quality",
      "target_value": 80,
      "options": [
        "Price",
        "Size"
      ],
      "optionA": {
        "trial_id": "1",
        "task_id": "21",
        "values": "100.0, 5.0",
        "target_value": 80
      },
      "optionB": {
        "trial_id": "11",
        "task_id": "21",
        "values": "110.0, 6.0",
        "target_value": 75
      },
      "choice": {
        "button": "J",
        "selected_option": "OptionB"
      }
    },
    {
      "question": 12,
      "target": "Exam Score",
      "target_value": 80,
      "options": [
        "Study Time (hours)",
        "Difficulty Level (1-10)"
      ],
      "optionA": {
        "trial_id": "12",
        "task_id": "128",
        "values": "6.0, 5",
        "target_value": 80
      },
      "optionB": {
        "trial_id": "11",
        "task_id": "128",
        "values": "5.0, 6",
        "target_value": 75
      },
      "choice": {
        "button": "F",
        "selected_option": "OptionA"
      }
    },
    {
      "question": 13,
      "target": "Taste rating (1-10)",
      "target_value": 6,
      "options": [
        "Number of ingredients (count)",
        "Prep time (minutes)"
      ],
      "optionA": {
        "trial_id": "7",
        "task_id": "97",
        "values": "15.0, 25",
        "target_value": 6
      },
      "optionB": {
        "trial_id": "6",
        "task_id": "97",
        "values": "20.0, 15",
        "target_value": 4
      },
      "choice": {
        "button": "J",
        "selected_option": "OptionB"
      }
    },
    {
      "question": 14,
      "target": "Battery Life",
      "target_value": 28,
      "options": [
        "Phone Battery Capacity",
        "Phone Weight"
      ],
      "optionA": {
        "trial_id": "9",
        "task_id": "171",
        "values": "7000.0, 180",
        "target_value": 28
      },
      "optionB": {
        "trial_id": "15",
        "task_id": "171",
        "values": "10000.0, 180",
        "target_value": 40
      },
      "choice": {
        "button": "J",
        "selected_option": "OptionB"
      }
    },
    {
      "question": 15,
      "target": "Value",
      "target_value": 7,
      "options": [
        "Price",
        "Size"
      ],
      "optionA": {
        "trial_id": "9",
        "task_id": "67",
        "values": "110.0, 50",
        "target_value": 7
      },
      "optionB": {
        "trial_id": "12",
        "task_id": "21",
        "values": "100.0, 7.0",
        "target_value": 78
      },
      "choice": {
        "button": "F",
        "selected_option": "OptionA"
      }
    },
    {
      "question": 16,
      "target": "Shade Area (sq ft)",
      "target_value": 160,
      "options": [
        "Tree Height (ft)",
        "Tree Diameter (in)"
      ],
      "optionA": {
        "trial_id": "16",
        "task_id": "33",
        "values": "55.0, 9.0",
        "target_value": 160
      },
      "optionB": {
        "trial_id": "2",
        "task_id": "33",
        "values": "30.0, 12.0",
        "target_value": 90
      },
      "choice": {
        "button": "F",
        "selected_option": "OptionA"
      }
    },
    {
      "question": 17,
      "target": "Race Finish Time (minutes)",
      "target_value": 18,
      "options": [
        "Runner Speed (mph)",
        "Runner Weight (lbs)"
      ],
      "optionA": {
        "trial_id": "6",
        "task_id": "37",
        "values": "7.0, 140.0",
        "target_value": 18
      },
      "optionB": {
        "trial_id": "7",
        "task_id": "37",
        "values": "9.0, 120.0",
        "target_value": 14
      },
      "choice": {
        "button": "J",
        "selected_option": "OptionB"
      }
    },
    {
      "question": 18,
      "target": "Growth Rate (cm/week)",
      "target_value": 4,
      "options": [
        "Plant Height (cm)",
        "Sunlight (hours/day)"
      ],
      "optionA": {
        "trial_id": "5",
        "task_id": "4",
        "values": "20.0, 7",
        "target_value": 4
      },
      "optionB": {
        "trial_id": "18",
        "task_id": "4",
        "values": "30.0, 6",
        "target_value": 4
      },
      "choice": {
        "button": "F",
        "selected_option": "OptionA"
      }
    },
    {
      "question": 19,
      "target": "Energy Level",
      "target_value": 6,
      "options": [
        "Age of Dog (years)",
        "Size (lbs)"
      ],
      "optionA": {
        "trial_id": "17",
        "task_id": "159",
        "values": "3.0, 18.0",
        "target_value": 6
      },
      "optionB": {
        "trial_id": "16",
        "task_id": "159",
        "values": "3.0, 16.0",
        "target_value": 7
      },
      "choice": {
        "button": "J",
        "selected_option": "OptionB"
      }
    },
    {
      "question": "attention_check_19",
      "choice": "F",
      "passed": true,
      "timestamp": 1756720982070
    },
    {
      "question": 20,
      "target": "Battery Life",
      "target_value": 18,
      "options": [
        "Phone Battery Capacity",
        "Number of Apps Installed"
      ],
      "optionA": {
        "trial_id": "19",
        "task_id": "78",
        "values": "3200.0, 50",
        "target_value": 18
      },
      "optionB": {
        "trial_id": "4",
        "task_id": "78",
        "values": "4500.0, 45",
        "target_value": 23
      },
      "choice": {
        "button": "J",
        "selected_option": "OptionB"
      }
    },
    {
      "question": 21,
      "target": "Test Score",
      "target_value": 70,
      "options": [
        "Student Study Time",
        "Student Distractions"
      ],
      "optionA": {
        "trial_id": "3",
        "task_id": "72",
        "values": "1.0, 4.0",
        "target_value": 70
      },
      "optionB": {
        "trial_id": "19",
        "task_id": "72",
        "values": "2.0, 6.0",
        "target_value": 74
      },
      "choice": {
        "button": "J",
        "selected_option": "OptionB"
      }
    },
    {
      "question": 22,
      "target": "Exam score",
      "target_value": 70,
      "options": [
        "Study time",
        "Hours slept"
      ],
      "optionA": {
        "trial_id": "1",
        "task_id": "102",
        "values": "2.0, 8",
        "target_value": 70
      },
      "optionB": {
        "trial_id": "15",
        "task_id": "102",
        "values": "4.0, 7",
        "target_value": 85
      },
      "choice": {
        "button": "J",
        "selected_option": "OptionB"
      }
    },
    {
      "question": 23,
      "target": "Fuel Efficiency (km/L)",
      "target_value": 10,
      "options": [
        "Car Weight (kg)",
        "Engine Power (hp)"
      ],
      "optionA": {
        "trial_id": "11",
        "task_id": "3",
        "values": "1600.0, 160",
        "target_value": 10
      },
      "optionB": {
        "trial_id": "20",
        "task_id": "3",
        "values": "1600.0, 170",
        "target_value": 9
      },
      "choice": {
        "button": "F",
        "selected_option": "OptionA"
      }
    },
    {
      "question": 24,
      "target": "App Performance",
      "target_value": 3,
      "options": [
        "Phone RAM",
        "Phone Storage"
      ],
      "optionA": {
        "trial_id": "14",
        "task_id": "170",
        "values": "4.0, 128",
        "target_value": 3
      },
      "optionB": {
        "trial_id": "16",
        "task_id": "170",
        "values": "6.0, 128",
        "target_value": 4
      },
      "choice": {
        "button": "J",
        "selected_option": "OptionB"
      }
    },
    {
      "question": 25,
      "target": "Amount of natural light (lux)",
      "target_value": 1600,
      "options": [
        "Room size (sq ft)",
        "Number of windows"
      ],
      "optionA": {
        "trial_id": "14",
        "task_id": "94",
        "values": "250.0, 3",
        "target_value": 1600
      },
      "optionB": {
        "trial_id": "7",
        "task_id": "94",
        "values": "220.0, 5",
        "target_value": 1550
      },
      "choice": {
        "button": "J",
        "selected_option": "OptionB"
      }
    },
    {
      "question": 26,
      "target": "Energy Boost (1-10)",
      "target_value": 7,
      "options": [
        "Number of Calories",
        "Sugar (g)"
      ],
      "optionA": {
        "trial_id": "1",
        "task_id": "111",
        "values": "100.0, 10",
        "target_value": 7
      },
      "optionB": {
        "trial_id": "1",
        "task_id": "111",
        "values": "100.0, 10",
        "target_value": 7
      },
      "choice": {
        "button": "F",
        "selected_option": "OptionA"
      }
    },
    {
      "question": 27,
      "target": "Favorability",
      "target_value": 6,
      "options": [
        "Coffee strength",
        "Coffee cream"
      ],
      "optionA": {
        "trial_id": "3",
        "task_id": "57",
        "values": "7.0, 0.7",
        "target_value": 6
      },
      "optionB": {
        "trial_id": "1",
        "task_id": "57",
        "values": "8.0, 0.5",
        "target_value": 7
      },
      "choice": {
        "button": "J",
        "selected_option": "OptionB"
      }
    },
    {
      "question": 28,
      "target": "Playfulness score (1-10)",
      "target_value": 4.5,
      "options": [
        "Dog weight (kg)",
        "Dog age (years)"
      ],
      "optionA": {
        "trial_id": "10",
        "task_id": "147",
        "values": "17.0, 6",
        "target_value": 4.5
      },
      "optionB": {
        "trial_id": "15",
        "task_id": "147",
        "values": "10.0, 3",
        "target_value": 7.8
      },
      "choice": {
        "button": "J",
        "selected_option": "OptionB"
      }
    },
    {
      "question": 29,
      "target": "Shadow coverage",
      "target_value": 70,
      "options": [
        "Tree height",
        "Tree thickness"
      ],
      "optionA": {
        "trial_id": "4",
        "task_id": "58",
        "values": "10.0, 2.0",
        "target_value": 70
      },
      "optionB": {
        "trial_id": "14",
        "task_id": "58",
        "values": "5.0, 6.0",
        "target_value": 55
      },
      "choice": {
        "button": "J",
        "selected_option": "OptionB"
      }
    },
    {
      "question": "attention_check_29",
      "choice": "J",
      "passed": true,
      "timestamp": 1756721054078
    },
    {
      "question": 30,
      "target": "Plant Health",
      "target_value": 13,
      "options": [
        "Plant Height",
        "Water Amount"
      ],
      "optionA": {
        "trial_id": "16",
        "task_id": "169",
        "values": "100.0, 2",
        "target_value": 13
      },
      "optionB": {
        "trial_id": "10",
        "task_id": "169",
        "values": "70.0, 2",
        "target_value": 10
      },
      "choice": {
        "button": "F",
        "selected_option": "OptionA"
      }
    },
    {
      "question": 31,
      "target": "Taste Rating",
      "target_value": 5.5,
      "options": [
        "Coffee Amount",
        "Sugar Amount"
      ],
      "optionA": {
        "trial_id": "13",
        "task_id": "18",
        "values": "4.0, 1",
        "target_value": 5.5
      },
      "optionB": {
        "trial_id": "20",
        "task_id": "18",
        "values": "5.0, 3",
        "target_value": 6
      },
      "choice": {
        "button": "F",
        "selected_option": "OptionA"
      }
    },
    {
      "question": 32,
      "target": "Restaurant Rating",
      "target_value": 4.2,
      "options": [
        "Restaurant Menu Variety",
        "Restaurant Wait Time"
      ],
      "optionA": {
        "trial_id": "4",
        "task_id": "11",
        "values": "50.0, 15",
        "target_value": 4.2
      },
      "optionB": {
        "trial_id": "7",
        "task_id": "11",
        "values": "40.0, 25",
        "target_value": 3.8
      },
      "choice": {
        "button": "F",
        "selected_option": "OptionA"
      }
    },
    {
      "question": 33,
      "target": "Health index",
      "target_value": 80,
      "options": [
        "Age",
        "Exercise hours"
      ],
      "optionA": {
        "trial_id": "1",
        "task_id": "82",
        "values": "40.0, 2",
        "target_value": 80
      },
      "optionB": {
        "trial_id": "5",
        "task_id": "77",
        "values": "25.0, 6",
        "target_value": 60
      },
      "choice": {
        "button": "J",
        "selected_option": "OptionB"
      }
    },
    {
      "question": 34,
      "target": "Comfort Rating",
      "target_value": 7.8,
      "options": [
        "Shoe Weight",
        "Brand Popularity"
      ],
      "optionA": {
        "trial_id": "3",
        "task_id": "29",
        "values": "220.0, 7.0",
        "target_value": 7.8
      },
      "optionB": {
        "trial_id": "1",
        "task_id": "29",
        "values": "200.0, 8.0",
        "target_value": 8
      },
      "choice": {
        "button": "J",
        "selected_option": "OptionB"
      }
    },
    {
      "question": 35,
      "target": "Exam Score",
      "target_value": 77,
      "options": [
        "Student Study Time",
        "Time Spent on Social Media"
      ],
      "optionA": {
        "trial_id": "18",
        "task_id": "79",
        "values": "4.0, 1",
        "target_value": 77
      },
      "optionB": {
        "trial_id": "6",
        "task_id": "79",
        "values": "5.0, 1",
        "target_value": 85
      },
      "choice": {
        "button": "J",
        "selected_option": "OptionB"
      }
    },
    {
      "question": 36,
      "target": "Heating cost (per month)",
      "target_value": 320,
      "options": [
        "House size (sqm)",
        "Number of windows"
      ],
      "optionA": {
        "trial_id": "4",
        "task_id": "151",
        "values": "110.0, 6.0",
        "target_value": 320
      },
      "optionB": {
        "trial_id": "3",
        "task_id": "151",
        "values": "90.0, 5.0",
        "target_value": 280
      },
      "choice": {
        "button": "F",
        "selected_option": "OptionA"
      }
    },
    {
      "question": 37,
      "target": "Test Score",
      "target_value": 65,
      "options": [
        "Student Study Time",
        "Student Distractions"
      ],
      "optionA": {
        "trial_id": "12",
        "task_id": "72",
        "values": "5.0, 10.0",
        "target_value": 65
      },
      "optionB": {
        "trial_id": "19",
        "task_id": "72",
        "values": "2.0, 6.0",
        "target_value": 74
      },
      "choice": {
        "button": "F",
        "selected_option": "OptionA"
      }
    },
    {
      "question": 38,
      "target": "Customer satisfaction (1-10)",
      "target_value": 8.5,
      "options": [
        "Number of reviews",
        "Price (in $)"
      ],
      "optionA": {
        "trial_id": "15",
        "task_id": "56",
        "values": "180.0, 55",
        "target_value": 8.5
      },
      "optionB": {
        "trial_id": "1",
        "task_id": "56",
        "values": "100.0, 50",
        "target_value": 8
      },
      "choice": {
        "button": "F",
        "selected_option": "OptionA"
      }
    },
    {
      "question": 39,
      "target": "Fuel Efficiency (km/L)",
      "target_value": 10,
      "options": [
        "Car Weight (kg)",
        "Engine Power (hp)"
      ],
      "optionA": {
        "trial_id": "11",
        "task_id": "3",
        "values": "1600.0, 160",
        "target_value": 10
      },
      "optionB": {
        "trial_id": "5",
        "task_id": "3",
        "values": "1500.0, 150",
        "target_value": 11
      },
      "choice": {
        "button": "J",
        "selected_option": "OptionB"
      }
    },
    {
      "question": "attention_check_39",
      "choice": "F",
      "passed": true,
      "timestamp": 1756721132958
    },
    {
      "question": 40,
      "target": "Fuel efficiency (km/L)",
      "target_value": 20,
      "options": [
        "Car engine size (L)",
        "Car weight (kg)"
      ],
      "optionA": {
        "trial_id": "7",
        "task_id": "150",
        "values": "1.4, 1000.0",
        "target_value": 20
      },
      "optionB": {
        "trial_id": "17",
        "task_id": "150",
        "values": "3.5, 1800.0",
        "target_value": 8
      },
      "choice": {
        "button": "F",
        "selected_option": "OptionA"
      }
    },
    {
      "question": 41,
      "target": "Battery Life",
      "target_value": 14,
      "options": [
        "Phone Battery Capacity",
        "Phone Weight"
      ],
      "optionA": {
        "trial_id": "4",
        "task_id": "171",
        "values": "4000.0, 200",
        "target_value": 14
      },
      "optionB": {
        "trial_id": "20",
        "task_id": "171",
        "values": "12000.0, 200",
        "target_value": 46
      },
      "choice": {
        "button": "J",
        "selected_option": "OptionB"
      }
    },
    {
      "question": 42,
      "target": "Exam score",
      "target_value": 70,
      "options": [
        "Study time",
        "Hours slept"
      ],
      "optionA": {
        "trial_id": "10",
        "task_id": "102",
        "values": "2.0, 9",
        "target_value": 70
      },
      "optionB": {
        "trial_id": "15",
        "task_id": "102",
        "values": "4.0, 7",
        "target_value": 85
      },
      "choice": {
        "button": "J",
        "selected_option": "OptionB"
      }
    },
    {
      "question": 43,
      "target": "Flower blooming time",
      "target_value": 4,
      "options": [
        "Hours of sunlight",
        "Humidity"
      ],
      "optionA": {
        "trial_id": "13",
        "task_id": "101",
        "values": "6.0, 65.0",
        "target_value": 4
      },
      "optionB": {
        "trial_id": "4",
        "task_id": "101",
        "values": "7.0, 55.0",
        "target_value": 4
      },
      "choice": {
        "button": "J",
        "selected_option": "OptionB"
      }
    },
    {
      "question": 44,
      "target": "Comfort Rating",
      "target_value": 8.1,
      "options": [
        "Shoe Weight",
        "Brand Popularity"
      ],
      "optionA": {
        "trial_id": "17",
        "task_id": "29",
        "values": "220.0, 8.0",
        "target_value": 8.1
      },
      "optionB": {
        "trial_id": "15",
        "task_id": "29",
        "values": "190.0, 10.0",
        "target_value": 8.4
      },
      "choice": {
        "button": "J",
        "selected_option": "OptionB"
      }
    },
    {
      "question": 45,
      "target": "BMI",
      "target_value": 24.9,
      "options": [
        "Height",
        "Weight"
      ],
      "optionA": {
        "trial_id": "17",
        "task_id": "17",
        "values": "175.0, 75",
        "target_value": 24.9
      },
      "optionB": {
        "trial_id": "2",
        "task_id": "17",
        "values": "170.0, 75",
        "target_value": 25.95
      },
      "choice": {
        "button": "J",
        "selected_option": "OptionB"
      }
    },
    {
      "question": 46,
      "target": "Fatigue (1-10)",
      "target_value": 8,
      "options": [
        "Exercise Duration (min)",
        "Rest Time (min)"
      ],
      "optionA": {
        "trial_id": "17",
        "task_id": "2",
        "values": "55.0, 5",
        "target_value": 8
      },
      "optionB": {
        "trial_id": "18",
        "task_id": "2",
        "values": "45.0, 15",
        "target_value": 7
      },
      "choice": {
        "button": "F",
        "selected_option": "OptionA"
      }
    },
    {
      "question": 47,
      "target": "Flower size (cm)",
      "target_value": 3.8,
      "options": [
        "Plant height (cm)",
        "Plant age (months)"
      ],
      "optionA": {
        "trial_id": "10",
        "task_id": "146",
        "values": "37.0, 7",
        "target_value": 3.8
      },
      "optionB": {
        "trial_id": "18",
        "task_id": "146",
        "values": "43.0, 8",
        "target_value": 3.3
      },
      "choice": {
        "button": "J",
        "selected_option": "OptionB"
      }
    },
    {
      "question": 48,
      "target": "Taste rating (1-10)",
      "target_value": 5,
      "options": [
        "Number of ingredients",
        "Prep time (in minutes)"
      ],
      "optionA": {
        "trial_id": "19",
        "task_id": "88",
        "values": "8.0, 30",
        "target_value": 5
      },
      "optionB": {
        "trial_id": "15",
        "task_id": "88",
        "values": "6.0, 25",
        "target_value": 7
      },
      "choice": {
        "button": "F",
        "selected_option": "OptionA"
      }
    },
    {
      "question": 49,
      "target": "Exam score (%)",
      "target_value": 65,
      "options": [
        "Time spent studying (hours)",
        "Number of breaks (times)"
      ],
      "optionA": {
        "trial_id": "10",
        "task_id": "139",
        "values": "4.0, 4",
        "target_value": 65
      },
      "optionB": {
        "trial_id": "13",
        "task_id": "139",
        "values": "4.0, 5",
        "target_value": 65
      },
      "choice": {
        "button": "F",
        "selected_option": "OptionA"
      }
    },
    {
      "question": 50,
      "target": "Cost to travel",
      "target_value": 75,
      "options": [
        "Distance",
        "Speed"
      ],
      "optionA": {
        "trial_id": "7",
        "task_id": "124",
        "values": "150.0, 40.0",
        "target_value": 75
      },
      "optionB": {
        "trial_id": "19",
        "task_id": "124",
        "values": "300.0, 10.0",
        "target_value": 150
      },
      "choice": {
        "button": "J",
        "selected_option": "OptionB"
      }
    }
  ]
}