{
  "prolific_id": "UNKNOWN",
  "condition_group": "direction",
  "responses": [
    {
      "question": 1,
      "target": "Performance Score",
      "target_value": 72,
      "options": [
        "Phone RAM (GB)",
        "Battery Capacity (mAh)"
      ],
      "optionA": {
        "trial_id": "3",
        "task_id": "39",
        "values": "6.0, 2500.0",
        "target_value": 72
      },
      "optionB": {
        "trial_id": "5",
        "task_id": "39",
        "values": "8.0, 4000.0",
        "target_value": 85
      },
      "choice": {
        "button": "J",
        "selected_option": "OptionB"
      }
    },
    {
      "question": 2,
      "target": "Enjoyment",
      "target_value": 7,
      "options": [
        "Coffee price",
        "Coffee acidity"
      ],
      "optionA": {
        "trial_id": "3",
        "task_id": "101",
        "values": "4.0, 5.0",
        "target_value": 7
      },
      "optionB": {
        "trial_id": "11",
        "task_id": "101",
        "values": "8.0, 9.0",
        "target_value": 11
      },
      "choice": {
        "button": "F",
        "selected_option": "OptionA"
      }
    },
    {
      "question": 3,
      "target": "Weight loss",
      "target_value": 1.8,
      "options": [
        "Exercise duration",
        "Intensity level"
      ],
      "optionA": {
        "trial_id": "10",
        "task_id": "67",
        "values": "40.0, 6.0",
        "target_value": 1.8
      },
      "optionB": {
        "trial_id": "4",
        "task_id": "67",
        "values": "30.0, 5.0",
        "target_value": 1.5
      },
      "choice": {
        "button": "F",
        "selected_option": "OptionA"
      }
    },
    {
      "question": 4,
      "target": "Popularity Score",
      "target_value": 204,
      "options": [
        "Number of Likes",
        "Number of Comments"
      ],
      "optionA": {
        "trial_id": "14",
        "task_id": "50",
        "values": "170.0, 34.0",
        "target_value": 204
      },
      "optionB": {
        "trial_id": "14",
        "task_id": "50",
        "values": "170.0, 34.0",
        "target_value": 204
      },
      "choice": {
        "button": "J",
        "selected_option": "OptionB"
      }
    },
    {
      "question": 5,
      "target": "Natural light",
      "target_value": 7,
      "options": [
        "Room size",
        "Window count"
      ],
      "optionA": {
        "trial_id": "19",
        "task_id": "66",
        "values": "120.0, 3.0",
        "target_value": 7
      },
      "optionB": {
        "trial_id": "1",
        "task_id": "66",
        "values": "100.0, 3.0",
        "target_value": 7
      },
      "choice": {
        "button": "J",
        "selected_option": "OptionB"
      }
    },
    {
      "question": 6,
      "target": "Cooking Time (min)",
      "target_value": 20,
      "options": [
        "Number of Ingredients",
        "Prep Time (min)"
      ],
      "optionA": {
        "trial_id": "19",
        "task_id": "48",
        "values": "4.0, 8.0",
        "target_value": 20
      },
      "optionB": {
        "trial_id": "17",
        "task_id": "48",
        "values": "5.0, 10.0",
        "target_value": 25
      },
      "choice": {
        "button": "J",
        "selected_option": "OptionB"
      }
    },
    {
      "question": 7,
      "target": "Top Speed",
      "target_value": 160,
      "options": [
        "Engine Size",
        "Horsepower"
      ],
      "optionA": {
        "trial_id": "8",
        "task_id": "113",
        "values": "2.5, 140.0",
        "target_value": 160
      },
      "optionB": {
        "trial_id": "19",
        "task_id": "113",
        "values": "2.5, 140.0",
        "target_value": 160
      },
      "choice": {
        "button": "J",
        "selected_option": "OptionB"
      }
    },
    {
      "question": 8,
      "target": "Social Engagement (on scale 1-10)",
      "target_value": 7,
      "options": [
        "Number of Friends",
        "Average Message Frequency"
      ],
      "optionA": {
        "trial_id": "6",
        "task_id": "21",
        "values": "160.0, 3.0",
        "target_value": 7
      },
      "optionB": {
        "trial_id": "13",
        "task_id": "21",
        "values": "160.0, 4.0",
        "target_value": 8
      },
      "choice": {
        "button": "F",
        "selected_option": "OptionA"
      }
    },
    {
      "question": 9,
      "target": "Weight loss",
      "target_value": 1.5,
      "options": [
        "Exercise duration",
        "Intensity level"
      ],
      "optionA": {
        "trial_id": "12",
        "task_id": "67",
        "values": "45.0, 5.0",
        "target_value": 1.5
      },
      "optionB": {
        "trial_id": "20",
        "task_id": "67",
        "values": "40.0, 6.0",
        "target_value": 1.8
      },
      "choice": {
        "button": "J",
        "selected_option": "OptionB"
      }
    },
    {
      "question": "attention_check_9",
      "choice": "J",
      "passed": true,
      "timestamp": 1756155386103
    },
    {
      "question": 10,
      "target": "Fitness Level",
      "target_value": 8,
      "options": [
        "Exercise Time (min/day)",
        "Healthy Diet (%)"
      ],
      "optionA": {
        "trial_id": "11",
        "task_id": "46",
        "values": "45.0, 80.0",
        "target_value": 8
      },
      "optionB": {
        "trial_id": "20",
        "task_id": "46",
        "values": "35.0, 80.0",
        "target_value": 7
      },
      "choice": {
        "button": "F",
        "selected_option": "OptionA"
      }
    },
    {
      "question": 11,
      "target": "Satiety (on scale 1-10)",
      "target_value": 8,
      "options": [
        "Number of Calories",
        "Protein (g)"
      ],
      "optionA": {
        "trial_id": "13",
        "task_id": "16",
        "values": "400.0, 14.0",
        "target_value": 8
      },
      "optionB": {
        "trial_id": "3",
        "task_id": "16",
        "values": "300.0, 12.0",
        "target_value": 7
      },
      "choice": {
        "button": "F",
        "selected_option": "OptionA"
      }
    },
    {
      "question": 12,
      "target": "Performance Quality (on scale 1-10)",
      "target_value": 8,
      "options": [
        "Hours of Practice",
        "Musical Experience (years)"
      ],
      "optionA": {
        "trial_id": "9",
        "task_id": "17",
        "values": "90.0, 3.0",
        "target_value": 8
      },
      "optionB": {
        "trial_id": "16",
        "task_id": "17",
        "values": "80.0, 4.0",
        "target_value": 8
      },
      "choice": {
        "button": "J",
        "selected_option": "OptionB"
      }
    },
    {
      "question": 13,
      "target": "App Popularity",
      "target_value": 60,
      "options": [
        "App User Ratings (1-5)",
        "Number of Reviews"
      ],
      "optionA": {
        "trial_id": "10",
        "task_id": "42",
        "values": "3.0, 200.0",
        "target_value": 60
      },
      "optionB": {
        "trial_id": "17",
        "task_id": "42",
        "values": "4.0, 80.0",
        "target_value": 65
      },
      "choice": {
        "button": "J",
        "selected_option": "OptionB"
      }
    },
    {
      "question": 14,
      "target": "Taste score",
      "target_value": 6,
      "options": [
        "Coffee strength",
        "Bean quality"
      ],
      "optionA": {
        "trial_id": "15",
        "task_id": "68",
        "values": "2.0, 6.0",
        "target_value": 6
      },
      "optionB": {
        "trial_id": "7",
        "task_id": "68",
        "values": "2.0, 8.0",
        "target_value": 7
      },
      "choice": {
        "button": "J",
        "selected_option": "OptionB"
      }
    },
    {
      "question": 15,
      "target": "Speed (km/h)",
      "target_value": 190,
      "options": [
        "Engine Horsepower",
        "Weight (kg)"
      ],
      "optionA": {
        "trial_id": "6",
        "task_id": "47",
        "values": "190.0, 1400.0",
        "target_value": 190
      },
      "optionB": {
        "trial_id": "4",
        "task_id": "47",
        "values": "220.0, 1500.0",
        "target_value": 195
      },
      "choice": {
        "button": "J",
        "selected_option": "OptionB"
      }
    },
    {
      "question": 16,
      "target": "Value Score",
      "target_value": 80,
      "options": [
        "Price ($)",
        "Size (GB)"
      ],
      "optionA": {
        "trial_id": "17",
        "task_id": "99",
        "values": "60.0, 256.0",
        "target_value": 80
      },
      "optionB": {
        "trial_id": "3",
        "task_id": "99",
        "values": "60.0, 256.0",
        "target_value": 80
      },
      "choice": {
        "button": "J",
        "selected_option": "OptionB"
      }
    },
    {
      "question": 17,
      "target": "Exercise Intensity",
      "target_value": 5,
      "options": [
        "Time to Walk (min)",
        "Number of Steps"
      ],
      "optionA": {
        "trial_id": "13",
        "task_id": "95",
        "values": "11.0, 1000.0",
        "target_value": 5
      },
      "optionB": {
        "trial_id": "4",
        "task_id": "95",
        "values": "10.0, 1000.0",
        "target_value": 5
      },
      "choice": {
        "button": "J",
        "selected_option": "OptionB"
      }
    },
    {
      "question": 18,
      "target": "Engagement rate (%)",
      "target_value": 6.1,
      "options": [
        "Number of followers",
        "Post quality score"
      ],
      "optionA": {
        "trial_id": "14",
        "task_id": "71",
        "values": "14000.0, 6.0",
        "target_value": 6.1
      },
      "optionB": {
        "trial_id": "9",
        "task_id": "71",
        "values": "9000.0, 7.0",
        "target_value": 5.4
      },
      "choice": {
        "button": "F",
        "selected_option": "OptionA"
      }
    },
    {
      "question": 19,
      "target": "Bike Speed",
      "target_value": 80,
      "options": [
        "Bike Weight",
        "Bike Power"
      ],
      "optionA": {
        "trial_id": "10",
        "task_id": "87",
        "values": "20.0, 400.0",
        "target_value": 80
      },
      "optionB": {
        "trial_id": "5",
        "task_id": "87",
        "values": "14.0, 250.0",
        "target_value": 50
      },
      "choice": {
        "button": "F",
        "selected_option": "OptionA"
      }
    },
    {
      "question": "attention_check_19",
      "choice": "F",
      "passed": true,
      "timestamp": 1756155642126
    },
    {
      "question": 20,
      "target": "Post reach",
      "target_value": 22000,
      "options": [
        "Number of followers",
        "Engagement rate (%)"
      ],
      "optionA": {
        "trial_id": "14",
        "task_id": "92",
        "values": "2500.0, 6.0",
        "target_value": 22000
      },
      "optionB": {
        "trial_id": "6",
        "task_id": "92",
        "values": "2000.0, 4.0",
        "target_value": 16000
      },
      "choice": {
        "button": "F",
        "selected_option": "OptionA"
      }
    },
    {
      "question": 21,
      "target": "Weight loss",
      "target_value": 1.2,
      "options": [
        "Exercise duration",
        "Intensity level"
      ],
      "optionA": {
        "trial_id": "2",
        "task_id": "67",
        "values": "45.0, 4.0",
        "target_value": 1.2
      },
      "optionB": {
        "trial_id": "9",
        "task_id": "67",
        "values": "50.0, 5.0",
        "target_value": 1.7
      },
      "choice": {
        "button": "J",
        "selected_option": "OptionB"
      }
    },
    {
      "question": 22,
      "target": "Apartment price",
      "target_value": 1600,
      "options": [
        "Distance from city center",
        "Room size"
      ],
      "optionA": {
        "trial_id": "13",
        "task_id": "58",
        "values": "4.0, 60.0",
        "target_value": 1600
      },
      "optionB": {
        "trial_id": "19",
        "task_id": "58",
        "values": "1.0, 30.0",
        "target_value": 1100
      },
      "choice": {
        "button": "J",
        "selected_option": "OptionB"
      }
    },
    {
      "question": 23,
      "target": "House Price",
      "target_value": 300,
      "options": [
        "House Size",
        "Neighborhood Rating"
      ],
      "optionA": {
        "trial_id": "18",
        "task_id": "38",
        "values": "1800.0, 5.0",
        "target_value": 300
      },
      "optionB": {
        "trial_id": "13",
        "task_id": "38",
        "values": "1900.0, 7.0",
        "target_value": 360
      },
      "choice": {
        "button": "J",
        "selected_option": "OptionB"
      }
    },
    {
      "question": 24,
      "target": "Room Area (m\u00b2)",
      "target_value": 24,
      "options": [
        "Room Length (m)",
        "Room Width (m)"
      ],
      "optionA": {
        "trial_id": "13",
        "task_id": "89",
        "values": "4.0, 6.0",
        "target_value": 24
      },
      "optionB": {
        "trial_id": "16",
        "task_id": "89",
        "values": "4.0, 5.0",
        "target_value": 20
      },
      "choice": {
        "button": "F",
        "selected_option": "OptionA"
      }
    },
    {
      "question": 25,
      "target": "Energy Level",
      "target_value": 8,
      "options": [
        "Dog Size",
        "Exercise Needs"
      ],
      "optionA": {
        "trial_id": "13",
        "task_id": "88",
        "values": "55.0, 7.0",
        "target_value": 8
      },
      "optionB": {
        "trial_id": "2",
        "task_id": "88",
        "values": "40.0, 7.0",
        "target_value": 8
      },
      "choice": {
        "button": "F",
        "selected_option": "OptionA"
      }
    },
    {
      "question": 26,
      "target": "Home value",
      "target_value": 300000,
      "options": [
        "House size",
        "Neighborhood quality"
      ],
      "optionA": {
        "trial_id": "17",
        "task_id": "70",
        "values": "120.0, 8.0",
        "target_value": 300000
      },
      "optionB": {
        "trial_id": "3",
        "task_id": "70",
        "values": "100.0, 7.0",
        "target_value": 270000
      },
      "choice": {
        "button": "F",
        "selected_option": "OptionA"
      }
    },
    {
      "question": 27,
      "target": "Doneness",
      "target_value": 65,
      "options": [
        "Cooking Time",
        "Size"
      ],
      "optionA": {
        "trial_id": "15",
        "task_id": "116",
        "values": "25.0, 180.0",
        "target_value": 65
      },
      "optionB": {
        "trial_id": "11",
        "task_id": "116",
        "values": "30.0, 220.0",
        "target_value": 75
      },
      "choice": {
        "button": "F",
        "selected_option": "OptionA"
      }
    },
    {
      "question": 28,
      "target": "Enjoyment",
      "target_value": 9,
      "options": [
        "Coffee price",
        "Coffee acidity"
      ],
      "optionA": {
        "trial_id": "7",
        "task_id": "101",
        "values": "6.0, 7.0",
        "target_value": 9
      },
      "optionB": {
        "trial_id": "4",
        "task_id": "101",
        "values": "5.0, 6.0",
        "target_value": 8
      },
      "choice": {
        "button": "J",
        "selected_option": "OptionB"
      }
    },
    {
      "question": 29,
      "target": "Warmth Rating",
      "target_value": 3.8,
      "options": [
        "Shirt Weight (g)",
        "Fabric Thickness (mm)"
      ],
      "optionA": {
        "trial_id": "5",
        "task_id": "31",
        "values": "180.0, 1.4",
        "target_value": 3.8
      },
      "optionB": {
        "trial_id": "7",
        "task_id": "31",
        "values": "240.0, 2.0",
        "target_value": 5.5
      },
      "choice": {
        "button": "J",
        "selected_option": "OptionB"
      }
    },
    {
      "question": "attention_check_29",
      "choice": "J",
      "passed": true,
      "timestamp": 1756155794939
    },
    {
      "question": 30,
      "target": "Fun Score",
      "target_value": 5,
      "options": [
        "Number of Players",
        "Game Length (min)"
      ],
      "optionA": {
        "trial_id": "20",
        "task_id": "98",
        "values": "4.0, 40.0",
        "target_value": 5
      },
      "optionB": {
        "trial_id": "6",
        "task_id": "98",
        "values": "6.0, 60.0",
        "target_value": 7
      },
      "choice": {
        "button": "F",
        "selected_option": "OptionA"
      }
    },
    {
      "question": 31,
      "target": "Recipe Complexity",
      "target_value": 8,
      "options": [
        "Recipe Servings",
        "Recipe Ingredients"
      ],
      "optionA": {
        "trial_id": "6",
        "task_id": "106",
        "values": "7.0, 12.0",
        "target_value": 8
      },
      "optionB": {
        "trial_id": "10",
        "task_id": "106",
        "values": "4.0, 9.0",
        "target_value": 6
      },
      "choice": {
        "button": "F",
        "selected_option": "OptionA"
      }
    },
    {
      "question": 32,
      "target": "Book Knowledge Content",
      "target_value": 5,
      "options": [
        "Book Page Count",
        "Book Reading Level"
      ],
      "optionA": {
        "trial_id": "5",
        "task_id": "1",
        "values": "200.0, 2.0",
        "target_value": 5
      },
      "optionB": {
        "trial_id": "18",
        "task_id": "1",
        "values": "360.0, 5.0",
        "target_value": 9
      },
      "choice": {
        "button": "J",
        "selected_option": "OptionB"
      }
    },
    {
      "question": 33,
      "target": "Fun Level",
      "target_value": 9,
      "options": [
        "Number of Players",
        "Game Duration (minutes)"
      ],
      "optionA": {
        "trial_id": "6",
        "task_id": "13",
        "values": "8.0, 60.0",
        "target_value": 9
      },
      "optionB": {
        "trial_id": "15",
        "task_id": "13",
        "values": "6.0, 65.0",
        "target_value": 8
      },
      "choice": {
        "button": "J",
        "selected_option": "OptionB"
      }
    },
    {
      "question": 34,
      "target": "Light Level",
      "target_value": 8,
      "options": [
        "Room Size (sq ft)",
        "Number of Windows"
      ],
      "optionA": {
        "trial_id": "20",
        "task_id": "35",
        "values": "210.0, 4.0",
        "target_value": 8
      },
      "optionB": {
        "trial_id": "12",
        "task_id": "35",
        "values": "230.0, 3.0",
        "target_value": 7
      },
      "choice": {
        "button": "F",
        "selected_option": "OptionA"
      }
    },
    {
      "question": 35,
      "target": "Performance Score",
      "target_value": 70,
      "options": [
        "Phone RAM (GB)",
        "Battery Capacity (mAh)"
      ],
      "optionA": {
        "trial_id": "18",
        "task_id": "39",
        "values": "6.0, 2600.0",
        "target_value": 70
      },
      "optionB": {
        "trial_id": "4",
        "task_id": "39",
        "values": "5.0, 2800.0",
        "target_value": 74
      },
      "choice": {
        "button": "F",
        "selected_option": "OptionA"
      }
    },
    {
      "question": 36,
      "target": "Tea Strength (1-10)",
      "target_value": 6,
      "options": [
        "Tea Leaf Quality (1-10)",
        "Tea Steeping Time (minutes)"
      ],
      "optionA": {
        "trial_id": "1",
        "task_id": "80",
        "values": "7.0, 3.0",
        "target_value": 6
      },
      "optionB": {
        "trial_id": "14",
        "task_id": "80",
        "values": "7.0, 3.0",
        "target_value": 6
      },
      "choice": {
        "button": "J",
        "selected_option": "OptionB"
      }
    },
    {
      "question": 37,
      "target": "Distance Traveled",
      "target_value": 315,
      "options": [
        "Speed",
        "Weight"
      ],
      "optionA": {
        "trial_id": "5",
        "task_id": "111",
        "values": "70.0, 1100.0",
        "target_value": 315
      },
      "optionB": {
        "trial_id": "16",
        "task_id": "111",
        "values": "100.0, 1700.0",
        "target_value": 350
      },
      "choice": {
        "button": "J",
        "selected_option": "OptionB"
      }
    },
    {
      "question": 38,
      "target": "Cooking Time (min)",
      "target_value": 20,
      "options": [
        "Number of Ingredients",
        "Prep Time (min)"
      ],
      "optionA": {
        "trial_id": "8",
        "task_id": "48",
        "values": "4.0, 8.0",
        "target_value": 20
      },
      "optionB": {
        "trial_id": "9",
        "task_id": "48",
        "values": "5.0, 10.0",
        "target_value": 25
      },
      "choice": {
        "button": "J",
        "selected_option": "OptionB"
      }
    },
    {
      "question": 39,
      "target": "Movie enjoyment",
      "target_value": 8,
      "options": [
        "Movie runtime",
        "Movie rating"
      ],
      "optionA": {
        "trial_id": "18",
        "task_id": "75",
        "values": "130.0, 7.5",
        "target_value": 8
      },
      "optionB": {
        "trial_id": "12",
        "task_id": "75",
        "values": "130.0, 8.0",
        "target_value": 8.5
      },
      "choice": {
        "button": "J",
        "selected_option": "OptionB"
      }
    },
    {
      "question": "attention_check_39",
      "choice": "F",
      "passed": true,
      "timestamp": 1756155950149
    },
    {
      "question": 40,
      "target": "Exam Score (out of 100)",
      "target_value": 80,
      "options": [
        "Study Time (hours)",
        "Previous GPA"
      ],
      "optionA": {
        "trial_id": "18",
        "task_id": "18",
        "values": "10.0, 3.5",
        "target_value": 80
      },
      "optionB": {
        "trial_id": "1",
        "task_id": "18",
        "values": "5.0, 3.0",
        "target_value": 70
      },
      "choice": {
        "button": "F",
        "selected_option": "OptionA"
      }
    },
    {
      "question": 41,
      "target": "Engagement rate (%)",
      "target_value": 5.5,
      "options": [
        "Number of followers",
        "Post quality score"
      ],
      "optionA": {
        "trial_id": "11",
        "task_id": "71",
        "values": "13000.0, 6.0",
        "target_value": 5.5
      },
      "optionB": {
        "trial_id": "9",
        "task_id": "71",
        "values": "9000.0, 7.0",
        "target_value": 5.4
      },
      "choice": {
        "button": "F",
        "selected_option": "OptionA"
      }
    },
    {
      "question": 42,
      "target": "Movie enjoyment",
      "target_value": 8,
      "options": [
        "Movie runtime",
        "Movie rating"
      ],
      "optionA": {
        "trial_id": "17",
        "task_id": "75",
        "values": "120.0, 7.5",
        "target_value": 8
      },
      "optionB": {
        "trial_id": "18",
        "task_id": "75",
        "values": "130.0, 7.5",
        "target_value": 8
      },
      "choice": {
        "button": "J",
        "selected_option": "OptionB"
      }
    },
    {
      "question": 43,
      "target": "Energy Level",
      "target_value": 9,
      "options": [
        "Dog Size",
        "Exercise Needs"
      ],
      "optionA": {
        "trial_id": "9",
        "task_id": "88",
        "values": "50.0, 8.0",
        "target_value": 9
      },
      "optionB": {
        "trial_id": "16",
        "task_id": "88",
        "values": "40.0, 8.0",
        "target_value": 8
      },
      "choice": {
        "button": "F",
        "selected_option": "OptionA"
      }
    },
    {
      "question": 44,
      "target": "House Price",
      "target_value": 430000,
      "options": [
        "House Size sqft",
        "House Location Rating"
      ],
      "optionA": {
        "trial_id": "4",
        "task_id": "23",
        "values": "2200.0, 8.0",
        "target_value": 430000
      },
      "optionB": {
        "trial_id": "16",
        "task_id": "23",
        "values": "2100.0, 8.0",
        "target_value": 420000
      },
      "choice": {
        "button": "F",
        "selected_option": "OptionA"
      }
    },
    {
      "question": 45,
      "target": "Exercise Intensity",
      "target_value": 3,
      "options": [
        "Time to Walk (min)",
        "Number of Steps"
      ],
      "optionA": {
        "trial_id": "7",
        "task_id": "95",
        "values": "6.0, 600.0",
        "target_value": 3
      },
      "optionB": {
        "trial_id": "10",
        "task_id": "95",
        "values": "12.0, 1300.0",
        "target_value": 6.5
      },
      "choice": {
        "button": "J",
        "selected_option": "OptionB"
      }
    },
    {
      "question": 46,
      "target": "Natural light",
      "target_value": 8,
      "options": [
        "Room size",
        "Window count"
      ],
      "optionA": {
        "trial_id": "5",
        "task_id": "66",
        "values": "150.0, 4.0",
        "target_value": 8
      },
      "optionB": {
        "trial_id": "15",
        "task_id": "66",
        "values": "100.0, 3.0",
        "target_value": 7
      },
      "choice": {
        "button": "F",
        "selected_option": "OptionA"
      }
    },
    {
      "question": 47,
      "target": "Battery life",
      "target_value": 13,
      "options": [
        "Phone battery",
        "Screen size"
      ],
      "optionA": {
        "trial_id": "2",
        "task_id": "69",
        "values": "4000.0, 6.0",
        "target_value": 13
      },
      "optionB": {
        "trial_id": "13",
        "task_id": "69",
        "values": "3500.0, 6.0",
        "target_value": 12
      },
      "choice": {
        "button": "F",
        "selected_option": "OptionA"
      }
    },
    {
      "question": 48,
      "target": "Light Level",
      "target_value": 7,
      "options": [
        "Room Size (sq ft)",
        "Number of Windows"
      ],
      "optionA": {
        "trial_id": "15",
        "task_id": "35",
        "values": "200.0, 3.0",
        "target_value": 7
      },
      "optionB": {
        "trial_id": "19",
        "task_id": "35",
        "values": "230.0, 5.0",
        "target_value": 9
      },
      "choice": {
        "button": "J",
        "selected_option": "OptionB"
      }
    },
    {
      "question": 49,
      "target": "Physical strength",
      "target_value": 80,
      "options": [
        "Height (cm)",
        "Weight (kg)"
      ],
      "optionA": {
        "trial_id": "1",
        "task_id": "84",
        "values": "180.0, 75.0",
        "target_value": 80
      },
      "optionB": {
        "trial_id": "6",
        "task_id": "84",
        "values": "185.0, 90.0",
        "target_value": 88
      },
      "choice": {
        "button": "J",
        "selected_option": "OptionB"
      }
    },
    {
      "question": 50,
      "target": "Enjoyment",
      "target_value": 12,
      "options": [
        "Taste rating",
        "Price"
      ],
      "optionA": {
        "trial_id": "10",
        "task_id": "26",
        "values": "7.0, 6.0",
        "target_value": 12
      },
      "optionB": {
        "trial_id": "3",
        "task_id": "26",
        "values": "7.0, 3.0",
        "target_value": 9
      },
      "choice": {
        "button": "F",
        "selected_option": "OptionA"
      }
    }
  ]
}