{
  "prolific_id": "UNKNOWN",
  "condition_group": "direction",
  "responses": [
    {
      "question": 1,
      "target": "Growth Rate",
      "target_value": 6,
      "options": [
        "Plant Leaf Size",
        "Plant Height"
      ],
      "optionA": {
        "trial_id": "6",
        "task_id": "65",
        "values": "16.0, 80.0",
        "target_value": 6
      },
      "optionB": {
        "trial_id": "19",
        "task_id": "65",
        "values": "6.0, 30.0",
        "target_value": 1
      },
      "choice": {
        "button": "F",
        "selected_option": "OptionA"
      }
    },
    {
      "question": 2,
      "target": "Natural Light",
      "target_value": 7,
      "options": [
        "Room Size",
        "Number of Windows"
      ],
      "optionA": {
        "trial_id": "18",
        "task_id": "53",
        "values": "230.0, 4.0",
        "target_value": 7
      },
      "optionB": {
        "trial_id": "10",
        "task_id": "53",
        "values": "300.0, 5.0",
        "target_value": 9
      },
      "choice": {
        "button": "J",
        "selected_option": "OptionB"
      }
    },
    {
      "question": 3,
      "target": "Phone Battery Life",
      "target_value": 27,
      "options": [
        "Phone Battery Capacity",
        "Phone Weight"
      ],
      "optionA": {
        "trial_id": "7",
        "task_id": "108",
        "values": "3500.0, 190.0",
        "target_value": 27
      },
      "optionB": {
        "trial_id": "14",
        "task_id": "108",
        "values": "4500.0, 215.0",
        "target_value": 34
      },
      "choice": {
        "button": "J",
        "selected_option": "OptionB"
      }
    },
    {
      "question": 4,
      "target": "Training Difficulty (1-10)",
      "target_value": 6,
      "options": [
        "Dog Size",
        "Dog Energy Level"
      ],
      "optionA": {
        "trial_id": "17",
        "task_id": "82",
        "values": "50.0, 7.0",
        "target_value": 6
      },
      "optionB": {
        "trial_id": "3",
        "task_id": "82",
        "values": "60.0, 8.0",
        "target_value": 7
      },
      "choice": {
        "button": "J",
        "selected_option": "OptionB"
      }
    },
    {
      "question": 5,
      "target": "Comfort",
      "target_value": 80,
      "options": [
        "Shoe Weight",
        "Brand Reputation"
      ],
      "optionA": {
        "trial_id": "6",
        "task_id": "62",
        "values": "230.0, 6.0",
        "target_value": 80
      },
      "optionB": {
        "trial_id": "7",
        "task_id": "62",
        "values": "160.0, 2.0",
        "target_value": 60
      },
      "choice": {
        "button": "J",
        "selected_option": "OptionB"
      }
    },
    {
      "question": 6,
      "target": "Home Comfort (1-10)",
      "target_value": 5,
      "options": [
        "Number of Bedrooms",
        "Square Feet"
      ],
      "optionA": {
        "trial_id": "12",
        "task_id": "9",
        "values": "3.0, 1100.0",
        "target_value": 5
      },
      "optionB": {
        "trial_id": "3",
        "task_id": "9",
        "values": "4.0, 1600.0",
        "target_value": 8
      },
      "choice": {
        "button": "J",
        "selected_option": "OptionB"
      }
    },
    {
      "question": 7,
      "target": "Plant Growth Rate",
      "target_value": 2.3,
      "options": [
        "Plant Height",
        "Plant Width"
      ],
      "optionA": {
        "trial_id": "16",
        "task_id": "104",
        "values": "1.2, 0.4",
        "target_value": 2.3
      },
      "optionB": {
        "trial_id": "5",
        "task_id": "104",
        "values": "2.0, 0.7",
        "target_value": 3.5
      },
      "choice": {
        "button": "J",
        "selected_option": "OptionB"
      }
    },
    {
      "question": 8,
      "target": "Home value",
      "target_value": 310000,
      "options": [
        "House size",
        "Neighborhood quality"
      ],
      "optionA": {
        "trial_id": "6",
        "task_id": "70",
        "values": "140.0, 8.0",
        "target_value": 310000
      },
      "optionB": {
        "trial_id": "4",
        "task_id": "70",
        "values": "130.0, 8.0",
        "target_value": 280000
      },
      "choice": {
        "button": "F",
        "selected_option": "OptionA"
      }
    },
    {
      "question": 9,
      "target": "Phone Performance",
      "target_value": 90,
      "options": [
        "Phone RAM",
        "Phone Storage"
      ],
      "optionA": {
        "trial_id": "4",
        "task_id": "86",
        "values": "8.0, 256.0",
        "target_value": 90
      },
      "optionB": {
        "trial_id": "7",
        "task_id": "86",
        "values": "12.0, 512.0",
        "target_value": 100
      },
      "choice": {
        "button": "J",
        "selected_option": "OptionB"
      }
    },
    {
      "question": "attention_check_9",
      "choice": "J",
      "passed": true,
      "timestamp": 1756154699958
    },
    {
      "question": 10,
      "target": "Bike Speed",
      "target_value": 110,
      "options": [
        "Bike Weight",
        "Bike Power"
      ],
      "optionA": {
        "trial_id": "16",
        "task_id": "87",
        "values": "26.0, 550.0",
        "target_value": 110
      },
      "optionB": {
        "trial_id": "8",
        "task_id": "87",
        "values": "18.0, 350.0",
        "target_value": 70
      },
      "choice": {
        "button": "F",
        "selected_option": "OptionA"
      }
    },
    {
      "question": 11,
      "target": "Job Success",
      "target_value": 70,
      "options": [
        "Age",
        "Experience"
      ],
      "optionA": {
        "trial_id": "16",
        "task_id": "117",
        "values": "30.0, 5.0",
        "target_value": 70
      },
      "optionB": {
        "trial_id": "1",
        "task_id": "117",
        "values": "30.0, 5.0",
        "target_value": 70
      },
      "choice": {
        "button": "J",
        "selected_option": "OptionB"
      }
    },
    {
      "question": 12,
      "target": "User Satisfaction",
      "target_value": 7,
      "options": [
        "Screen Size",
        "Battery Life"
      ],
      "optionA": {
        "trial_id": "4",
        "task_id": "52",
        "values": "8.0, 30.0",
        "target_value": 7
      },
      "optionB": {
        "trial_id": "6",
        "task_id": "52",
        "values": "6.0, 20.0",
        "target_value": 5
      },
      "choice": {
        "button": "F",
        "selected_option": "OptionA"
      }
    },
    {
      "question": 13,
      "target": "Natural Light",
      "target_value": 4,
      "options": [
        "Room Size",
        "Number of Windows"
      ],
      "optionA": {
        "trial_id": "19",
        "task_id": "53",
        "values": "160.0, 2.0",
        "target_value": 4
      },
      "optionB": {
        "trial_id": "5",
        "task_id": "53",
        "values": "220.0, 3.0",
        "target_value": 7
      },
      "choice": {
        "button": "J",
        "selected_option": "OptionB"
      }
    },
    {
      "question": 14,
      "target": "Phone Performance",
      "target_value": 150,
      "options": [
        "Phone RAM",
        "Phone Storage"
      ],
      "optionA": {
        "trial_id": "17",
        "task_id": "86",
        "values": "128.0, 16384.0",
        "target_value": 150
      },
      "optionB": {
        "trial_id": "4",
        "task_id": "86",
        "values": "8.0, 256.0",
        "target_value": 90
      },
      "choice": {
        "button": "F",
        "selected_option": "OptionA"
      }
    },
    {
      "question": 15,
      "target": "Phone Performance",
      "target_value": 160,
      "options": [
        "Phone RAM",
        "Phone Storage"
      ],
      "optionA": {
        "trial_id": "18",
        "task_id": "86",
        "values": "256.0, 32768.0",
        "target_value": 160
      },
      "optionB": {
        "trial_id": "10",
        "task_id": "86",
        "values": "24.0, 2048.0",
        "target_value": 120
      },
      "choice": {
        "button": "F",
        "selected_option": "OptionA"
      }
    },
    {
      "question": 16,
      "target": "Market value ($)",
      "target_value": 250000,
      "options": [
        "Number of bedrooms",
        "House size (sq ft)"
      ],
      "optionA": {
        "trial_id": "14",
        "task_id": "90",
        "values": "3.0, 1250.0",
        "target_value": 250000
      },
      "optionB": {
        "trial_id": "7",
        "task_id": "90",
        "values": "5.0, 1600.0",
        "target_value": 320000
      },
      "choice": {
        "button": "J",
        "selected_option": "OptionB"
      }
    },
    {
      "question": 17,
      "target": "Popularity Score",
      "target_value": 156,
      "options": [
        "Number of Likes",
        "Number of Comments"
      ],
      "optionA": {
        "trial_id": "20",
        "task_id": "50",
        "values": "130.0, 26.0",
        "target_value": 156
      },
      "optionB": {
        "trial_id": "8",
        "task_id": "50",
        "values": "220.0, 44.0",
        "target_value": 264
      },
      "choice": {
        "button": "J",
        "selected_option": "OptionB"
      }
    },
    {
      "question": 18,
      "target": "App Popularity",
      "target_value": 65,
      "options": [
        "App User Ratings (1-5)",
        "Number of Reviews"
      ],
      "optionA": {
        "trial_id": "14",
        "task_id": "42",
        "values": "4.0, 100.0",
        "target_value": 65
      },
      "optionB": {
        "trial_id": "15",
        "task_id": "42",
        "values": "5.0, 300.0",
        "target_value": 95
      },
      "choice": {
        "button": "J",
        "selected_option": "OptionB"
      }
    },
    {
      "question": 19,
      "target": "App Popularity",
      "target_value": 65,
      "options": [
        "App User Ratings (1-5)",
        "Number of Reviews"
      ],
      "optionA": {
        "trial_id": "14",
        "task_id": "42",
        "values": "4.0, 100.0",
        "target_value": 65
      },
      "optionB": {
        "trial_id": "17",
        "task_id": "42",
        "values": "4.0, 80.0",
        "target_value": 65
      },
      "choice": {
        "button": "F",
        "selected_option": "OptionA"
      }
    },
    {
      "question": "attention_check_19",
      "choice": "F",
      "passed": true,
      "timestamp": 1756154801678
    },
    {
      "question": 20,
      "target": "Top Speed",
      "target_value": 140,
      "options": [
        "Engine Size",
        "Horsepower"
      ],
      "optionA": {
        "trial_id": "16",
        "task_id": "113",
        "values": "1.8, 110.0",
        "target_value": 140
      },
      "optionB": {
        "trial_id": "19",
        "task_id": "113",
        "values": "2.5, 140.0",
        "target_value": 160
      },
      "choice": {
        "button": "J",
        "selected_option": "OptionB"
      }
    },
    {
      "question": 21,
      "target": "Restaurant Customer Satisfaction",
      "target_value": 8.7,
      "options": [
        "Restaurant Menu Size",
        "Restaurant Online Rating"
      ],
      "optionA": {
        "trial_id": "16",
        "task_id": "24",
        "values": "23.0, 4.6",
        "target_value": 8.7
      },
      "optionB": {
        "trial_id": "13",
        "task_id": "24",
        "values": "16.0, 4.8",
        "target_value": 8.6
      },
      "choice": {
        "button": "J",
        "selected_option": "OptionB"
      }
    },
    {
      "question": 22,
      "target": "User Satisfaction",
      "target_value": 7,
      "options": [
        "Screen Size",
        "Battery Life"
      ],
      "optionA": {
        "trial_id": "18",
        "task_id": "52",
        "values": "7.0, 35.0",
        "target_value": 7
      },
      "optionB": {
        "trial_id": "1",
        "task_id": "52",
        "values": "6.0, 30.0",
        "target_value": 7
      },
      "choice": {
        "button": "F",
        "selected_option": "OptionA"
      }
    },
    {
      "question": 23,
      "target": "App Popularity",
      "target_value": 62,
      "options": [
        "App User Ratings (1-5)",
        "Number of Reviews"
      ],
      "optionA": {
        "trial_id": "19",
        "task_id": "42",
        "values": "3.0, 180.0",
        "target_value": 62
      },
      "optionB": {
        "trial_id": "7",
        "task_id": "42",
        "values": "4.0, 50.0",
        "target_value": 60
      },
      "choice": {
        "button": "J",
        "selected_option": "OptionB"
      }
    },
    {
      "question": 24,
      "target": "Fitness Level",
      "target_value": 6,
      "options": [
        "Exercise Time (min/day)",
        "Healthy Diet (%)"
      ],
      "optionA": {
        "trial_id": "4",
        "task_id": "46",
        "values": "35.0, 70.0",
        "target_value": 6
      },
      "optionB": {
        "trial_id": "16",
        "task_id": "46",
        "values": "30.0, 80.0",
        "target_value": 7
      },
      "choice": {
        "button": "J",
        "selected_option": "OptionB"
      }
    },
    {
      "question": 25,
      "target": "Book Rating",
      "target_value": 4.8,
      "options": [
        "Book Page Count",
        "Author Rating"
      ],
      "optionA": {
        "trial_id": "8",
        "task_id": "22",
        "values": "300.0, 4.9",
        "target_value": 4.8
      },
      "optionB": {
        "trial_id": "2",
        "task_id": "22",
        "values": "500.0, 4.5",
        "target_value": 4.6
      },
      "choice": {
        "button": "F",
        "selected_option": "OptionA"
      }
    },
    {
      "question": 26,
      "target": "Training Difficulty (1-10)",
      "target_value": 6,
      "options": [
        "Dog Size",
        "Dog Energy Level"
      ],
      "optionA": {
        "trial_id": "4",
        "task_id": "82",
        "values": "55.0, 7.0",
        "target_value": 6
      },
      "optionB": {
        "trial_id": "9",
        "task_id": "82",
        "values": "55.0, 6.0",
        "target_value": 5
      },
      "choice": {
        "button": "F",
        "selected_option": "OptionA"
      }
    },
    {
      "question": 27,
      "target": "Tea Strength (1-10)",
      "target_value": 8,
      "options": [
        "Tea Leaf Quality (1-10)",
        "Tea Steeping Time (minutes)"
      ],
      "optionA": {
        "trial_id": "10",
        "task_id": "80",
        "values": "9.0, 5.0",
        "target_value": 8
      },
      "optionB": {
        "trial_id": "18",
        "task_id": "80",
        "values": "9.0, 5.0",
        "target_value": 8
      },
      "choice": {
        "button": "F",
        "selected_option": "OptionA"
      }
    },
    {
      "question": 28,
      "target": "Performance",
      "target_value": 7.8,
      "options": [
        "Skill Level",
        "Practice Time"
      ],
      "optionA": {
        "trial_id": "3",
        "task_id": "100",
        "values": "6.0, 12.0",
        "target_value": 7.8
      },
      "optionB": {
        "trial_id": "18",
        "task_id": "100",
        "values": "6.0, 18.0",
        "target_value": 8.5
      },
      "choice": {
        "button": "F",
        "selected_option": "OptionA"
      }
    },
    {
      "question": 29,
      "target": "Reading time",
      "target_value": 9,
      "options": [
        "Book pages",
        "Book chapters"
      ],
      "optionA": {
        "trial_id": "14",
        "task_id": "72",
        "values": "420.0, 24.0",
        "target_value": 9
      },
      "optionB": {
        "trial_id": "2",
        "task_id": "72",
        "values": "400.0, 20.0",
        "target_value": 8
      },
      "choice": {
        "button": "F",
        "selected_option": "OptionA"
      }
    },
    {
      "question": "attention_check_29",
      "choice": "J",
      "passed": true,
      "timestamp": 1756154898295
    },
    {
      "question": 30,
      "target": "Reading time",
      "target_value": 8,
      "options": [
        "Book pages",
        "Book chapters"
      ],
      "optionA": {
        "trial_id": "9",
        "task_id": "72",
        "values": "350.0, 20.0",
        "target_value": 8
      },
      "optionB": {
        "trial_id": "20",
        "task_id": "72",
        "values": "400.0, 20.0",
        "target_value": 8
      },
      "choice": {
        "button": "J",
        "selected_option": "OptionB"
      }
    },
    {
      "question": 31,
      "target": "Satiety (on scale 1-10)",
      "target_value": 9,
      "options": [
        "Number of Calories",
        "Protein (g)"
      ],
      "optionA": {
        "trial_id": "6",
        "task_id": "16",
        "values": "500.0, 20.0",
        "target_value": 9
      },
      "optionB": {
        "trial_id": "19",
        "task_id": "16",
        "values": "450.0, 20.0",
        "target_value": 9
      },
      "choice": {
        "button": "F",
        "selected_option": "OptionA"
      }
    },
    {
      "question": 32,
      "target": "Plant Growth Rate",
      "target_value": 2.9,
      "options": [
        "Plant Height",
        "Plant Width"
      ],
      "optionA": {
        "trial_id": "12",
        "task_id": "104",
        "values": "1.7, 0.5",
        "target_value": 2.9
      },
      "optionB": {
        "trial_id": "17",
        "task_id": "104",
        "values": "1.7, 0.6",
        "target_value": 3.1
      },
      "choice": {
        "button": "J",
        "selected_option": "OptionB"
      }
    },
    {
      "question": 33,
      "target": "Performance Score",
      "target_value": 85,
      "options": [
        "Hours of Practice",
        "Natural Talent (1-10)"
      ],
      "optionA": {
        "trial_id": "6",
        "task_id": "78",
        "values": "10.0, 7.0",
        "target_value": 85
      },
      "optionB": {
        "trial_id": "11",
        "task_id": "78",
        "values": "11.0, 5.0",
        "target_value": 85
      },
      "choice": {
        "button": "F",
        "selected_option": "OptionA"
      }
    },
    {
      "question": 34,
      "target": "Energy Level",
      "target_value": 8,
      "options": [
        "Dog Size",
        "Exercise Needs"
      ],
      "optionA": {
        "trial_id": "10",
        "task_id": "88",
        "values": "40.0, 7.0",
        "target_value": 8
      },
      "optionB": {
        "trial_id": "8",
        "task_id": "88",
        "values": "40.0, 8.0",
        "target_value": 8
      },
      "choice": {
        "button": "F",
        "selected_option": "OptionA"
      }
    },
    {
      "question": 35,
      "target": "Taste score",
      "target_value": 5,
      "options": [
        "Coffee strength",
        "Bean quality"
      ],
      "optionA": {
        "trial_id": "16",
        "task_id": "68",
        "values": "3.0, 5.0",
        "target_value": 5
      },
      "optionB": {
        "trial_id": "8",
        "task_id": "68",
        "values": "4.0, 6.0",
        "target_value": 6
      },
      "choice": {
        "button": "J",
        "selected_option": "OptionB"
      }
    },
    {
      "question": 36,
      "target": "Warmth Rating",
      "target_value": 4.5,
      "options": [
        "Shirt Weight (g)",
        "Fabric Thickness (mm)"
      ],
      "optionA": {
        "trial_id": "4",
        "task_id": "31",
        "values": "200.0, 1.6",
        "target_value": 4.5
      },
      "optionB": {
        "trial_id": "6",
        "task_id": "31",
        "values": "160.0, 1.1",
        "target_value": 3.2
      },
      "choice": {
        "button": "F",
        "selected_option": "OptionA"
      }
    },
    {
      "question": 37,
      "target": "Value Score",
      "target_value": 70,
      "options": [
        "Price ($)",
        "Size (GB)"
      ],
      "optionA": {
        "trial_id": "8",
        "task_id": "99",
        "values": "90.0, 512.0",
        "target_value": 70
      },
      "optionB": {
        "trial_id": "5",
        "task_id": "99",
        "values": "40.0, 64.0",
        "target_value": 65
      },
      "choice": {
        "button": "F",
        "selected_option": "OptionA"
      }
    },
    {
      "question": 38,
      "target": "Cooking Time (min)",
      "target_value": 18,
      "options": [
        "Number of Ingredients",
        "Prep Time (min)"
      ],
      "optionA": {
        "trial_id": "7",
        "task_id": "48",
        "values": "3.0, 6.0",
        "target_value": 18
      },
      "optionB": {
        "trial_id": "10",
        "task_id": "48",
        "values": "6.0, 12.0",
        "target_value": 30
      },
      "choice": {
        "button": "J",
        "selected_option": "OptionB"
      }
    },
    {
      "question": 39,
      "target": "Physical strength",
      "target_value": 60,
      "options": [
        "Height (cm)",
        "Weight (kg)"
      ],
      "optionA": {
        "trial_id": "14",
        "task_id": "84",
        "values": "160.0, 55.0",
        "target_value": 60
      },
      "optionB": {
        "trial_id": "14",
        "task_id": "84",
        "values": "160.0, 55.0",
        "target_value": 60
      },
      "choice": {
        "button": "F",
        "selected_option": "OptionA"
      }
    },
    {
      "question": "attention_check_39",
      "choice": "F",
      "passed": true,
      "timestamp": 1756155122893
    },
    {
      "question": 40,
      "target": "Dog Activity Level",
      "target_value": 5,
      "options": [
        "Dog Size",
        "Dog Exercise Needs"
      ],
      "optionA": {
        "trial_id": "10",
        "task_id": "3",
        "values": "28.0, 2.0",
        "target_value": 5
      },
      "optionB": {
        "trial_id": "16",
        "task_id": "3",
        "values": "38.0, 3.0",
        "target_value": 7
      },
      "choice": {
        "button": "J",
        "selected_option": "OptionB"
      }
    },
    {
      "question": 41,
      "target": "Taste Rating (1-10)",
      "target_value": 9,
      "options": [
        "Minutes of Cooking",
        "Number of Ingredients"
      ],
      "optionA": {
        "trial_id": "16",
        "task_id": "56",
        "values": "40.0, 8.0",
        "target_value": 9
      },
      "optionB": {
        "trial_id": "9",
        "task_id": "56",
        "values": "45.0, 8.0",
        "target_value": 9
      },
      "choice": {
        "button": "F",
        "selected_option": "OptionA"
      }
    },
    {
      "question": 42,
      "target": "Apartment price",
      "target_value": 1800,
      "options": [
        "Distance from city center",
        "Room size"
      ],
      "optionA": {
        "trial_id": "10",
        "task_id": "58",
        "values": "4.0, 80.0",
        "target_value": 1800
      },
      "optionB": {
        "trial_id": "3",
        "task_id": "58",
        "values": "4.0, 60.0",
        "target_value": 1500
      },
      "choice": {
        "button": "F",
        "selected_option": "OptionA"
      }
    },
    {
      "question": 43,
      "target": "Comfort",
      "target_value": 70,
      "options": [
        "Shoe Weight",
        "Brand Reputation"
      ],
      "optionA": {
        "trial_id": "16",
        "task_id": "62",
        "values": "190.0, 4.0",
        "target_value": 70
      },
      "optionB": {
        "trial_id": "4",
        "task_id": "62",
        "values": "200.0, 4.0",
        "target_value": 70
      },
      "choice": {
        "button": "F",
        "selected_option": "OptionA"
      }
    },
    {
      "question": 44,
      "target": "Growth Rate",
      "target_value": 1,
      "options": [
        "Plant Leaf Size",
        "Plant Height"
      ],
      "optionA": {
        "trial_id": "7",
        "task_id": "65",
        "values": "6.0, 30.0",
        "target_value": 1
      },
      "optionB": {
        "trial_id": "6",
        "task_id": "65",
        "values": "16.0, 80.0",
        "target_value": 6
      },
      "choice": {
        "button": "J",
        "selected_option": "OptionB"
      }
    },
    {
      "question": 45,
      "target": "Enjoyment Rating (1-10)",
      "target_value": 7,
      "options": [
        "Number of Pages",
        "Reading Time (minutes)"
      ],
      "optionA": {
        "trial_id": "7",
        "task_id": "10",
        "values": "350.0, 140.0",
        "target_value": 7
      },
      "optionB": {
        "trial_id": "12",
        "task_id": "10",
        "values": "320.0, 120.0",
        "target_value": 5
      },
      "choice": {
        "button": "F",
        "selected_option": "OptionA"
      }
    },
    {
      "question": 46,
      "target": "Enjoyment Score",
      "target_value": 9,
      "options": [
        "Book Length (pages)",
        "Author Fame (1-10)"
      ],
      "optionA": {
        "trial_id": "16",
        "task_id": "29",
        "values": "450.0, 9.0",
        "target_value": 9
      },
      "optionB": {
        "trial_id": "5",
        "task_id": "29",
        "values": "150.0, 6.0",
        "target_value": 7
      },
      "choice": {
        "button": "J",
        "selected_option": "OptionB"
      }
    },
    {
      "question": 47,
      "target": "Market value ($)",
      "target_value": 220000,
      "options": [
        "Number of bedrooms",
        "House size (sq ft)"
      ],
      "optionA": {
        "trial_id": "13",
        "task_id": "90",
        "values": "2.0, 1100.0",
        "target_value": 220000
      },
      "optionB": {
        "trial_id": "10",
        "task_id": "90",
        "values": "4.0, 1300.0",
        "target_value": 270000
      },
      "choice": {
        "button": "J",
        "selected_option": "OptionB"
      }
    },
    {
      "question": 48,
      "target": "Plant Growth Rate (cm/week)",
      "target_value": 6,
      "options": [
        "Plant Soil Quality (1-10)",
        "Plant Water Frequency (times/week)"
      ],
      "optionA": {
        "trial_id": "13",
        "task_id": "81",
        "values": "8.0, 4.0",
        "target_value": 6
      },
      "optionB": {
        "trial_id": "17",
        "task_id": "81",
        "values": "7.0, 3.0",
        "target_value": 5
      },
      "choice": {
        "button": "F",
        "selected_option": "OptionA"
      }
    },
    {
      "question": 49,
      "target": "Room Size",
      "target_value": 30,
      "options": [
        "Room Width",
        "Room Length"
      ],
      "optionA": {
        "trial_id": "20",
        "task_id": "109",
        "values": "5.0, 6.0",
        "target_value": 30
      },
      "optionB": {
        "trial_id": "8",
        "task_id": "109",
        "values": "3.0, 4.0",
        "target_value": 12
      },
      "choice": {
        "button": "F",
        "selected_option": "OptionA"
      }
    },
    {
      "question": 50,
      "target": "Growth speed",
      "target_value": 5,
      "options": [
        "Plant height cm",
        "Plant leaf count"
      ],
      "optionA": {
        "trial_id": "8",
        "task_id": "74",
        "values": "38.0, 13.0",
        "target_value": 5
      },
      "optionB": {
        "trial_id": "8",
        "task_id": "74",
        "values": "38.0, 13.0",
        "target_value": 5
      },
      "choice": {
        "button": "J",
        "selected_option": "OptionB"
      }
    }
  ]
}