{
  "prolific_id": "UNKNOWN",
  "condition_group": "ranking",
  "responses": [
    {
      "question": 1,
      "target": "Bicycle Speed",
      "target_value": 25,
      "options": [
        "Bicycle Weight",
        "Bicycle Price"
      ],
      "optionA": {
        "trial_id": "1",
        "task_id": "39",
        "values": "10.0, 500",
        "target_value": 25
      },
      "optionB": {
        "trial_id": "7",
        "task_id": "39",
        "values": "16.0, 440",
        "target_value": 22
      },
      "choice": {
        "button": "F",
        "selected_option": "OptionA"
      }
    },
    {
      "question": 2,
      "target": "Energy Level (1-10)",
      "target_value": 4,
      "options": [
        "Dog Weight (lbs)",
        "Dog Age (years)"
      ],
      "optionA": {
        "trial_id": "4",
        "task_id": "36",
        "values": "35.0, 2.0",
        "target_value": 4
      },
      "optionB": {
        "trial_id": "3",
        "task_id": "36",
        "values": "25.0, 3.0",
        "target_value": 5
      },
      "choice": {
        "button": "F",
        "selected_option": "OptionA"
      }
    },
    {
      "question": 3,
      "target": "Cooking Time (minutes)",
      "target_value": 10,
      "options": [
        "Number of Ingredients",
        "Prep Time (minutes)"
      ],
      "optionA": {
        "trial_id": "4",
        "task_id": "26",
        "values": "12.0, 25.0",
        "target_value": 10
      },
      "optionB": {
        "trial_id": "7",
        "task_id": "26",
        "values": "10.0, 20.0",
        "target_value": 10
      },
      "choice": {
        "button": "F",
        "selected_option": "OptionA"
      }
    },
    {
      "question": 4,
      "target": "Cooking Time (minutes)",
      "target_value": 15,
      "options": [
        "Number of Ingredients",
        "Prep Time (minutes)"
      ],
      "optionA": {
        "trial_id": "5",
        "task_id": "26",
        "values": "3.0, 5.0",
        "target_value": 15
      },
      "optionB": {
        "trial_id": "18",
        "task_id": "26",
        "values": "7.0, 14.0",
        "target_value": 13
      },
      "choice": {
        "button": "J",
        "selected_option": "OptionB"
      }
    },
    {
      "question": 5,
      "target": "Energy Boost (scale 1-10)",
      "target_value": 6,
      "options": [
        "Coffee Strength (scale 1-10)",
        "Caffeine Content (mg)"
      ],
      "optionA": {
        "trial_id": "9",
        "task_id": "24",
        "values": "9.0, 80",
        "target_value": 6
      },
      "optionB": {
        "trial_id": "5",
        "task_id": "24",
        "values": "10.0, 90",
        "target_value": 7
      },
      "choice": {
        "button": "J",
        "selected_option": "OptionB"
      }
    },
    {
      "question": 6,
      "target": "Deliciousness",
      "target_value": 6,
      "options": [
        "Cooking time",
        "Ingredients"
      ],
      "optionA": {
        "trial_id": "3",
        "task_id": "125",
        "values": "40.0, 4.0",
        "target_value": 6
      },
      "optionB": {
        "trial_id": "11",
        "task_id": "125",
        "values": "60.0, 2.0",
        "target_value": 4
      },
      "choice": {
        "button": "F",
        "selected_option": "OptionA"
      }
    },
    {
      "question": 7,
      "target": "Reading Enjoyment",
      "target_value": 16,
      "options": [
        "Book Length",
        "Author Fame"
      ],
      "optionA": {
        "trial_id": "18",
        "task_id": "131",
        "values": "1200.0, 0.25",
        "target_value": 16
      },
      "optionB": {
        "trial_id": "5",
        "task_id": "131",
        "values": "500.0, 6.0",
        "target_value": 9
      },
      "choice": {
        "button": "J",
        "selected_option": "OptionB"
      }
    },
    {
      "question": 8,
      "target": "Phone Performance Score",
      "target_value": 10.2,
      "options": [
        "Phone Processor Speed",
        "Phone Battery Capacity"
      ],
      "optionA": {
        "trial_id": "19",
        "task_id": "10",
        "values": "6.0, 1500",
        "target_value": 10.2
      },
      "optionB": {
        "trial_id": "9",
        "task_id": "10",
        "values": "2.5, 5500",
        "target_value": 8.2
      },
      "choice": {
        "button": "F",
        "selected_option": "OptionA"
      }
    },
    {
      "question": 9,
      "target": "Weight Loss (lbs)",
      "target_value": 7,
      "options": [
        "Exercise Minutes",
        "Diet Score (1-10)"
      ],
      "optionA": {
        "trial_id": "10",
        "task_id": "112",
        "values": "80.0, 7",
        "target_value": 7
      },
      "optionB": {
        "trial_id": "14",
        "task_id": "112",
        "values": "100.0, 9",
        "target_value": 9
      },
      "choice": {
        "button": "J",
        "selected_option": "OptionB"
      }
    },
    {
      "question": "attention_check_9",
      "choice": "J",
      "passed": true,
      "timestamp": 1756154816045
    },
    {
      "question": 10,
      "target": "100m sprint time (s)",
      "target_value": 11.9,
      "options": [
        "Runner stride length (cm)",
        "Runner age (years)"
      ],
      "optionA": {
        "trial_id": "7",
        "task_id": "145",
        "values": "70.0, 26",
        "target_value": 11.9
      },
      "optionB": {
        "trial_id": "19",
        "task_id": "145",
        "values": "79.0, 24",
        "target_value": 11.5
      },
      "choice": {
        "button": "J",
        "selected_option": "OptionB"
      }
    },
    {
      "question": 11,
      "target": "House Price",
      "target_value": 300,
      "options": [
        "House Size",
        "Housing Age"
      ],
      "optionA": {
        "trial_id": "1",
        "task_id": "99",
        "values": "150.0, 10",
        "target_value": 300
      },
      "optionB": {
        "trial_id": "14",
        "task_id": "99",
        "values": "210.0, 10",
        "target_value": 330
      },
      "choice": {
        "button": "J",
        "selected_option": "OptionB"
      }
    },
    {
      "question": 12,
      "target": "Endurance",
      "target_value": 80,
      "options": [
        "Age",
        "Height"
      ],
      "optionA": {
        "trial_id": "11",
        "task_id": "123",
        "values": "35.0, 185.0",
        "target_value": 80
      },
      "optionB": {
        "trial_id": "5",
        "task_id": "123",
        "values": "40.0, 160.0",
        "target_value": 70
      },
      "choice": {
        "button": "F",
        "selected_option": "OptionA"
      }
    },
    {
      "question": 13,
      "target": "Freshness",
      "target_value": 7,
      "options": [
        "Cooking Time",
        "Ingredients"
      ],
      "optionA": {
        "trial_id": "4",
        "task_id": "19",
        "values": "35.0, 5.0",
        "target_value": 7
      },
      "optionB": {
        "trial_id": "14",
        "task_id": "65",
        "values": "40.0, 3",
        "target_value": 6
      },
      "choice": {
        "button": "F",
        "selected_option": "OptionA"
      }
    },
    {
      "question": 14,
      "target": "Exam score (%)",
      "target_value": 65,
      "options": [
        "Time spent studying (hours)",
        "Number of breaks (times)"
      ],
      "optionA": {
        "trial_id": "18",
        "task_id": "139",
        "values": "4.0, 4",
        "target_value": 65
      },
      "optionB": {
        "trial_id": "15",
        "task_id": "139",
        "values": "5.0, 3",
        "target_value": 70
      },
      "choice": {
        "button": "J",
        "selected_option": "OptionB"
      }
    },
    {
      "question": 15,
      "target": "Taste Score",
      "target_value": 7.2,
      "options": [
        "Cooking Time",
        "Spice Level"
      ],
      "optionA": {
        "trial_id": "7",
        "task_id": "130",
        "values": "35.0, 8.0",
        "target_value": 7.2
      },
      "optionB": {
        "trial_id": "19",
        "task_id": "130",
        "values": "65.0, 14.0",
        "target_value": 5.8
      },
      "choice": {
        "button": "J",
        "selected_option": "OptionB"
      }
    },
    {
      "question": 16,
      "target": "Car speed (mph)",
      "target_value": 120,
      "options": [
        "Engine power (hp)",
        "Weight (kg)"
      ],
      "optionA": {
        "trial_id": "3",
        "task_id": "90",
        "values": "250.0, 1600",
        "target_value": 120
      },
      "optionB": {
        "trial_id": "9",
        "task_id": "90",
        "values": "220.0, 1700",
        "target_value": 115
      },
      "choice": {
        "button": "F",
        "selected_option": "OptionA"
      }
    },
    {
      "question": 17,
      "target": "Wait Time (minutes)",
      "target_value": 29,
      "options": [
        "Restaurant Size",
        "Restaurant Reviews"
      ],
      "optionA": {
        "trial_id": "12",
        "task_id": "74",
        "values": "90.0, 3.9",
        "target_value": 29
      },
      "optionB": {
        "trial_id": "10",
        "task_id": "74",
        "values": "140.0, 4.4",
        "target_value": 31
      },
      "choice": {
        "button": "F",
        "selected_option": "OptionA"
      }
    },
    {
      "question": 18,
      "target": "Speed (km/h)",
      "target_value": 20,
      "options": [
        "Bike wheel size (inches)",
        "Frame weight (kg)"
      ],
      "optionA": {
        "trial_id": "13",
        "task_id": "164",
        "values": "27.0, 2.5",
        "target_value": 20
      },
      "optionB": {
        "trial_id": "10",
        "task_id": "164",
        "values": "27.0, 2.9",
        "target_value": 20
      },
      "choice": {
        "button": "F",
        "selected_option": "OptionA"
      }
    },
    {
      "question": 19,
      "target": "Mood Score (1-10)",
      "target_value": 7,
      "options": [
        "Hours of Sleep",
        "Screen Time (hours)"
      ],
      "optionA": {
        "trial_id": "5",
        "task_id": "109",
        "values": "6.0, 3",
        "target_value": 7
      },
      "optionB": {
        "trial_id": "12",
        "task_id": "109",
        "values": "9.0, 1",
        "target_value": 9
      },
      "choice": {
        "button": "J",
        "selected_option": "OptionB"
      }
    },
    {
      "question": "attention_check_19",
      "choice": "F",
      "passed": true,
      "timestamp": 1756154880980
    },
    {
      "question": 20,
      "target": "Taste Score",
      "target_value": 7,
      "options": [
        "Cooking Time",
        "Spice Level"
      ],
      "optionA": {
        "trial_id": "8",
        "task_id": "130",
        "values": "40.0, 7.0",
        "target_value": 7
      },
      "optionB": {
        "trial_id": "6",
        "task_id": "130",
        "values": "35.0, 6.0",
        "target_value": 7.3
      },
      "choice": {
        "button": "F",
        "selected_option": "OptionA"
      }
    },
    {
      "question": 21,
      "target": "Walking speed (km/h)",
      "target_value": 4.7,
      "options": [
        "Person height (cm)",
        "Age (years)"
      ],
      "optionA": {
        "trial_id": "6",
        "task_id": "163",
        "values": "175.0, 45.0",
        "target_value": 4.7
      },
      "optionB": {
        "trial_id": "7",
        "task_id": "163",
        "values": "170.0, 28.0",
        "target_value": 5
      },
      "choice": {
        "button": "J",
        "selected_option": "OptionB"
      }
    },
    {
      "question": 22,
      "target": "Customer satisfaction (1-10)",
      "target_value": 8.5,
      "options": [
        "Number of reviews",
        "Price (in $)"
      ],
      "optionA": {
        "trial_id": "8",
        "task_id": "56",
        "values": "200.0, 55",
        "target_value": 8.5
      },
      "optionB": {
        "trial_id": "16",
        "task_id": "56",
        "values": "100.0, 60",
        "target_value": 7.5
      },
      "choice": {
        "button": "F",
        "selected_option": "OptionA"
      }
    },
    {
      "question": 23,
      "target": "Walking speed (km/h)",
      "target_value": 4.7,
      "options": [
        "Person height (cm)",
        "Age (years)"
      ],
      "optionA": {
        "trial_id": "6",
        "task_id": "163",
        "values": "175.0, 45.0",
        "target_value": 4.7
      },
      "optionB": {
        "trial_id": "9",
        "task_id": "163",
        "values": "190.0, 27.0",
        "target_value": 6
      },
      "choice": {
        "button": "J",
        "selected_option": "OptionB"
      }
    },
    {
      "question": 24,
      "target": "Plant Health",
      "target_value": 11,
      "options": [
        "Plant Height",
        "Water Amount"
      ],
      "optionA": {
        "trial_id": "9",
        "task_id": "169",
        "values": "70.0, 1",
        "target_value": 11
      },
      "optionB": {
        "trial_id": "6",
        "task_id": "169",
        "values": "50.0, 2",
        "target_value": 8
      },
      "choice": {
        "button": "J",
        "selected_option": "OptionB"
      }
    },
    {
      "question": 25,
      "target": "Reaction Time (ms)",
      "target_value": 220,
      "options": [
        "Age (years)",
        "Driving Experience (years)"
      ],
      "optionA": {
        "trial_id": "15",
        "task_id": "25",
        "values": "50.0, 30.0",
        "target_value": 220
      },
      "optionB": {
        "trial_id": "16",
        "task_id": "25",
        "values": "45.0, 25.0",
        "target_value": 230
      },
      "choice": {
        "button": "J",
        "selected_option": "OptionB"
      }
    },
    {
      "question": 26,
      "target": "Speed on Flat Ground",
      "target_value": 25,
      "options": [
        "Bike Weight",
        "Wheel Size"
      ],
      "optionA": {
        "trial_id": "16",
        "task_id": "30",
        "values": "10.0, 27.0",
        "target_value": 25
      },
      "optionB": {
        "trial_id": "1",
        "task_id": "30",
        "values": "10.0, 26.0",
        "target_value": 25
      },
      "choice": {
        "button": "F",
        "selected_option": "OptionA"
      }
    },
    {
      "question": 27,
      "target": "Exam score (points)",
      "target_value": 92,
      "options": [
        "Time spent studying (hours)",
        "Number of breaks (times)"
      ],
      "optionA": {
        "trial_id": "13",
        "task_id": "89",
        "values": "5.0, 2",
        "target_value": 92
      },
      "optionB": {
        "trial_id": "14",
        "task_id": "89",
        "values": "2.0, 5",
        "target_value": 72
      },
      "choice": {
        "button": "F",
        "selected_option": "OptionA"
      }
    },
    {
      "question": 28,
      "target": "Speed on Flat Ground",
      "target_value": 25,
      "options": [
        "Bike Weight",
        "Wheel Size"
      ],
      "optionA": {
        "trial_id": "1",
        "task_id": "30",
        "values": "10.0, 26.0",
        "target_value": 25
      },
      "optionB": {
        "trial_id": "8",
        "task_id": "30",
        "values": "11.0, 27.0",
        "target_value": 24
      },
      "choice": {
        "button": "F",
        "selected_option": "OptionA"
      }
    },
    {
      "question": 29,
      "target": "Garden yield (lbs)",
      "target_value": 25,
      "options": [
        "Amount of rainfall (inches)",
        "Soil type (1=clay, 2=sandy)"
      ],
      "optionA": {
        "trial_id": "8",
        "task_id": "142",
        "values": "3.0, 1",
        "target_value": 25
      },
      "optionB": {
        "trial_id": "11",
        "task_id": "142",
        "values": "3.0, 1",
        "target_value": 25
      },
      "choice": {
        "button": "J",
        "selected_option": "OptionB"
      }
    },
    {
      "question": "attention_check_29",
      "choice": "J",
      "passed": true,
      "timestamp": 1756154966591
    },
    {
      "question": 30,
      "target": "Battery Life (hours)",
      "target_value": 10,
      "options": [
        "Phone Battery (mAh)",
        "Screen Brightness (%)"
      ],
      "optionA": {
        "trial_id": "15",
        "task_id": "5",
        "values": "4500.0, 70",
        "target_value": 10
      },
      "optionB": {
        "trial_id": "13",
        "task_id": "5",
        "values": "3500.0, 60",
        "target_value": 9
      },
      "choice": {
        "button": "F",
        "selected_option": "OptionA"
      }
    },
    {
      "question": 31,
      "target": "Cooling Time (min)",
      "target_value": 32,
      "options": [
        "Room Size (m\u00b2)",
        "Window Size (m\u00b2)"
      ],
      "optionA": {
        "trial_id": "15",
        "task_id": "143",
        "values": "21.0, 2.2",
        "target_value": 32
      },
      "optionB": {
        "trial_id": "3",
        "task_id": "143",
        "values": "18.0, 1.5",
        "target_value": 35
      },
      "choice": {
        "button": "J",
        "selected_option": "OptionB"
      }
    },
    {
      "question": 32,
      "target": "Endurance",
      "target_value": 75,
      "options": [
        "Age",
        "Height"
      ],
      "optionA": {
        "trial_id": "3",
        "task_id": "123",
        "values": "30.0, 180.0",
        "target_value": 75
      },
      "optionB": {
        "trial_id": "8",
        "task_id": "135",
        "values": "45.0, 180.0",
        "target_value": 5.5
      },
      "choice": {
        "button": "F",
        "selected_option": "OptionA"
      }
    },
    {
      "question": 33,
      "target": "Exam score",
      "target_value": 85,
      "options": [
        "Study time",
        "Hours slept"
      ],
      "optionA": {
        "trial_id": "5",
        "task_id": "102",
        "values": "4.0, 6",
        "target_value": 85
      },
      "optionB": {
        "trial_id": "3",
        "task_id": "102",
        "values": "1.0, 9",
        "target_value": 60
      },
      "choice": {
        "button": "F",
        "selected_option": "OptionA"
      }
    },
    {
      "question": 34,
      "target": "Physical Endurance",
      "target_value": 5.5,
      "options": [
        "Age",
        "Height"
      ],
      "optionA": {
        "trial_id": "8",
        "task_id": "135",
        "values": "45.0, 180.0",
        "target_value": 5.5
      },
      "optionB": {
        "trial_id": "9",
        "task_id": "135",
        "values": "35.0, 170.0",
        "target_value": 7
      },
      "choice": {
        "button": "J",
        "selected_option": "OptionB"
      }
    },
    {
      "question": 35,
      "target": "Garden yield (kg)",
      "target_value": 55,
      "options": [
        "Amount of fertilizer (grams)",
        "Rainfall (mm/week)"
      ],
      "optionA": {
        "trial_id": "3",
        "task_id": "92",
        "values": "250.0, 80",
        "target_value": 55
      },
      "optionB": {
        "trial_id": "3",
        "task_id": "92",
        "values": "250.0, 80",
        "target_value": 55
      },
      "choice": {
        "button": "F",
        "selected_option": "OptionA"
      }
    },
    {
      "question": 36,
      "target": "Garden yield (kg)",
      "target_value": 48,
      "options": [
        "Amount of fertilizer (grams)",
        "Rainfall (mm/week)"
      ],
      "optionA": {
        "trial_id": "6",
        "task_id": "92",
        "values": "180.0, 130",
        "target_value": 48
      },
      "optionB": {
        "trial_id": "3",
        "task_id": "92",
        "values": "250.0, 80",
        "target_value": 55
      },
      "choice": {
        "button": "F",
        "selected_option": "OptionA"
      }
    },
    {
      "question": 37,
      "target": "House price (thousands)",
      "target_value": 310,
      "options": [
        "House size (m2)",
        "Number of bedrooms"
      ],
      "optionA": {
        "trial_id": "15",
        "task_id": "117",
        "values": "105.0, 5",
        "target_value": 310
      },
      "optionB": {
        "trial_id": "2",
        "task_id": "117",
        "values": "110.0, 4",
        "target_value": 340
      },
      "choice": {
        "button": "J",
        "selected_option": "OptionB"
      }
    },
    {
      "question": 38,
      "target": "Heating cost (per month)",
      "target_value": 350,
      "options": [
        "House size (sqm)",
        "Number of windows"
      ],
      "optionA": {
        "trial_id": "2",
        "task_id": "151",
        "values": "120.0, 5.0",
        "target_value": 350
      },
      "optionB": {
        "trial_id": "10",
        "task_id": "151",
        "values": "100.0, 6.0",
        "target_value": 300
      },
      "choice": {
        "button": "F",
        "selected_option": "OptionA"
      }
    },
    {
      "question": 39,
      "target": "Endurance",
      "target_value": 75,
      "options": [
        "Age",
        "Height"
      ],
      "optionA": {
        "trial_id": "20",
        "task_id": "123",
        "values": "60.0, 210.0",
        "target_value": 75
      },
      "optionB": {
        "trial_id": "17",
        "task_id": "135",
        "values": "30.0, 170.0",
        "target_value": 7.5
      },
      "choice": {
        "button": "J",
        "selected_option": "OptionB"
      }
    },
    {
      "question": "attention_check_39",
      "choice": "F",
      "passed": true,
      "timestamp": 1756155037290
    },
    {
      "question": 40,
      "target": "Battery life",
      "target_value": 9,
      "options": [
        "Battery capacity",
        "Weight"
      ],
      "optionA": {
        "trial_id": "12",
        "task_id": "75",
        "values": "3500.0, 330",
        "target_value": 9
      },
      "optionB": {
        "trial_id": "20",
        "task_id": "75",
        "values": "5000.0, 320",
        "target_value": 12
      },
      "choice": {
        "button": "J",
        "selected_option": "OptionB"
      }
    },
    {
      "question": 41,
      "target": "Salary",
      "target_value": 85000,
      "options": [
        "Experience",
        "Years since graduation"
      ],
      "optionA": {
        "trial_id": "3",
        "task_id": "76",
        "values": "12.0, 6",
        "target_value": 85000
      },
      "optionB": {
        "trial_id": "2",
        "task_id": "76",
        "values": "8.0, 7",
        "target_value": 75000
      },
      "choice": {
        "button": "F",
        "selected_option": "OptionA"
      }
    },
    {
      "question": 42,
      "target": "Cooking Time (minutes)",
      "target_value": 12,
      "options": [
        "Number of Ingredients",
        "Prep Time (minutes)"
      ],
      "optionA": {
        "trial_id": "12",
        "task_id": "26",
        "values": "6.0, 10.0",
        "target_value": 12
      },
      "optionB": {
        "trial_id": "19",
        "task_id": "26",
        "values": "12.0, 25.0",
        "target_value": 10
      },
      "choice": {
        "button": "J",
        "selected_option": "OptionB"
      }
    },
    {
      "question": 43,
      "target": "Customer Satisfaction",
      "target_value": 8,
      "options": [
        "Restaurant Wait Time (in mins)",
        "Restaurant Rating (1-5)"
      ],
      "optionA": {
        "trial_id": "9",
        "task_id": "174",
        "values": "12.0, 4",
        "target_value": 8
      },
      "optionB": {
        "trial_id": "12",
        "task_id": "174",
        "values": "28.0, 1",
        "target_value": 4
      },
      "choice": {
        "button": "F",
        "selected_option": "OptionA"
      }
    },
    {
      "question": 44,
      "target": "Reaction Time (ms)",
      "target_value": 330,
      "options": [
        "Age (years)",
        "Driving Experience (years)"
      ],
      "optionA": {
        "trial_id": "17",
        "task_id": "25",
        "values": "19.0, 1.0",
        "target_value": 330
      },
      "optionB": {
        "trial_id": "9",
        "task_id": "25",
        "values": "30.0, 10.0",
        "target_value": 260
      },
      "choice": {
        "button": "J",
        "selected_option": "OptionB"
      }
    },
    {
      "question": 45,
      "target": "Engagement rate (%)",
      "target_value": 5,
      "options": [
        "Number of followers (count)",
        "Time posted (hours ago)"
      ],
      "optionA": {
        "trial_id": "17",
        "task_id": "98",
        "values": "1200.0, 5",
        "target_value": 5
      },
      "optionB": {
        "trial_id": "16",
        "task_id": "98",
        "values": "1400.0, 2",
        "target_value": 6
      },
      "choice": {
        "button": "J",
        "selected_option": "OptionB"
      }
    },
    {
      "question": 46,
      "target": "Portability",
      "target_value": 7,
      "options": [
        "Battery Life",
        "Weight"
      ],
      "optionA": {
        "trial_id": "5",
        "task_id": "68",
        "values": "18.0, 400",
        "target_value": 7
      },
      "optionB": {
        "trial_id": "10",
        "task_id": "68",
        "values": "18.0, 450",
        "target_value": 8
      },
      "choice": {
        "button": "F",
        "selected_option": "OptionA"
      }
    },
    {
      "question": 47,
      "target": "Exercise Burned Calories",
      "target_value": 190,
      "options": [
        "Exercise Intensity",
        "Exercise Duration"
      ],
      "optionA": {
        "trial_id": "14",
        "task_id": "13",
        "values": "2.0, 90",
        "target_value": 190
      },
      "optionB": {
        "trial_id": "11",
        "task_id": "13",
        "values": "4.0, 70",
        "target_value": 230
      },
      "choice": {
        "button": "J",
        "selected_option": "OptionB"
      }
    },
    {
      "question": 48,
      "target": "Energy Level",
      "target_value": 6,
      "options": [
        "Age of Dog (years)",
        "Size (lbs)"
      ],
      "optionA": {
        "trial_id": "9",
        "task_id": "159",
        "values": "2.0, 18.0",
        "target_value": 6
      },
      "optionB": {
        "trial_id": "12",
        "task_id": "159",
        "values": "2.0, 14.0",
        "target_value": 8
      },
      "choice": {
        "button": "F",
        "selected_option": "OptionA"
      }
    },
    {
      "question": 49,
      "target": "Battery life",
      "target_value": 20,
      "options": [
        "Phone battery",
        "Phone size"
      ],
      "optionA": {
        "trial_id": "8",
        "task_id": "62",
        "values": "3000.0, 22.0",
        "target_value": 20
      },
      "optionB": {
        "trial_id": "14",
        "task_id": "62",
        "values": "3500.0, 20.0",
        "target_value": 22
      },
      "choice": {
        "button": "J",
        "selected_option": "OptionB"
      }
    },
    {
      "question": 50,
      "target": "Energy Level (scale 1-10)",
      "target_value": 2,
      "options": [
        "Age (years)",
        "Number of Pets"
      ],
      "optionA": {
        "trial_id": "6",
        "task_id": "165",
        "values": "9.0, 4",
        "target_value": 2
      },
      "optionB": {
        "trial_id": "19",
        "task_id": "165",
        "values": "5.0, 3",
        "target_value": 5
      },
      "choice": {
        "button": "J",
        "selected_option": "OptionB"
      }
    }
  ]
}