{
  "prolific_id": "UNKNOWN",
  "condition_group": "ranking",
  "responses": [
    {
      "question": 1,
      "target": "Morning Alertness",
      "target_value": 6,
      "options": [
        "Hours of Sleep",
        "Number of Alarms"
      ],
      "optionA": {
        "trial_id": "14",
        "task_id": "160",
        "values": "7.0, 2",
        "target_value": 6
      },
      "optionB": {
        "trial_id": "9",
        "task_id": "160",
        "values": "5.0, 2",
        "target_value": 4
      },
      "choice": {
        "button": "F",
        "selected_option": "OptionA"
      }
    },
    {
      "question": 2,
      "target": "Fuel Cost",
      "target_value": 5,
      "options": [
        "Distance (km)",
        "Fuel Efficiency (km/L)"
      ],
      "optionA": {
        "trial_id": "2",
        "task_id": "70",
        "values": "60.0, 12",
        "target_value": 5
      },
      "optionB": {
        "trial_id": "12",
        "task_id": "70",
        "values": "50.0, 10",
        "target_value": 5
      },
      "choice": {
        "button": "F",
        "selected_option": "OptionA"
      }
    },
    {
      "question": 3,
      "target": "Daily travel cost ($)",
      "target_value": 15,
      "options": [
        "Distance to work (miles)",
        "Commute time (minutes)"
      ],
      "optionA": {
        "trial_id": "14",
        "task_id": "138",
        "values": "3.0, 20",
        "target_value": 15
      },
      "optionB": {
        "trial_id": "1",
        "task_id": "138",
        "values": "5.0, 15",
        "target_value": 30
      },
      "choice": {
        "button": "F",
        "selected_option": "OptionA"
      }
    },
    {
      "question": 4,
      "target": "Calories Burned",
      "target_value": 190,
      "options": [
        "Exercise Duration",
        "Exercise Intensity"
      ],
      "optionA": {
        "trial_id": "14",
        "task_id": "71",
        "values": "55.0, 2.0",
        "target_value": 190
      },
      "optionB": {
        "trial_id": "7",
        "task_id": "71",
        "values": "35.0, 5.0",
        "target_value": 210
      },
      "choice": {
        "button": "J",
        "selected_option": "OptionB"
      }
    },
    {
      "question": 5,
      "target": "Resale value ($)",
      "target_value": 10500,
      "options": [
        "Age of car (years)",
        "Mileage (thousands)"
      ],
      "optionA": {
        "trial_id": "16",
        "task_id": "141",
        "values": "6.0, 90",
        "target_value": 10500
      },
      "optionB": {
        "trial_id": "17",
        "task_id": "141",
        "values": "7.0, 50",
        "target_value": 10500
      },
      "choice": {
        "button": "J",
        "selected_option": "OptionB"
      }
    },
    {
      "question": 6,
      "target": "Calories burned",
      "target_value": 250,
      "options": [
        "Exercise time (min)",
        "Heart rate (bpm)"
      ],
      "optionA": {
        "trial_id": "1",
        "task_id": "116",
        "values": "30.0, 100",
        "target_value": 250
      },
      "optionB": {
        "trial_id": "19",
        "task_id": "116",
        "values": "50.0, 95",
        "target_value": 360
      },
      "choice": {
        "button": "J",
        "selected_option": "OptionB"
      }
    },
    {
      "question": 7,
      "target": "Maximum heart rate (bpm)",
      "target_value": 148,
      "options": [
        "Age (years)",
        "Height (cm)"
      ],
      "optionA": {
        "trial_id": "16",
        "task_id": "52",
        "values": "55.0, 182",
        "target_value": 148
      },
      "optionB": {
        "trial_id": "2",
        "task_id": "52",
        "values": "40.0, 180",
        "target_value": 160
      },
      "choice": {
        "button": "F",
        "selected_option": "OptionA"
      }
    },
    {
      "question": 8,
      "target": "Exam Score",
      "target_value": 83,
      "options": [
        "Study Time (hours)",
        "Intelligence Score"
      ],
      "optionA": {
        "trial_id": "10",
        "task_id": "157",
        "values": "5.0, 75.0",
        "target_value": 83
      },
      "optionB": {
        "trial_id": "7",
        "task_id": "157",
        "values": "6.0, 60.0",
        "target_value": 85
      },
      "choice": {
        "button": "F",
        "selected_option": "OptionA"
      }
    },
    {
      "question": 9,
      "target": "Engagement rate (%)",
      "target_value": 3,
      "options": [
        "Number of followers (count)",
        "Time posted (hours ago)"
      ],
      "optionA": {
        "trial_id": "12",
        "task_id": "98",
        "values": "900.0, 6",
        "target_value": 3
      },
      "optionB": {
        "trial_id": "6",
        "task_id": "98",
        "values": "1100.0, 2",
        "target_value": 5
      },
      "choice": {
        "button": "J",
        "selected_option": "OptionB"
      }
    },
    {
      "question": "attention_check_9",
      "choice": "J",
      "passed": true,
      "timestamp": 1756154604349
    },
    {
      "question": 10,
      "target": "Exam Score",
      "target_value": 72,
      "options": [
        "Study Time",
        "Coffee Consumption"
      ],
      "optionA": {
        "trial_id": "10",
        "task_id": "14",
        "values": "5.0, 7",
        "target_value": 72
      },
      "optionB": {
        "trial_id": "19",
        "task_id": "14",
        "values": "7.0, 3",
        "target_value": 90
      },
      "choice": {
        "button": "J",
        "selected_option": "OptionB"
      }
    },
    {
      "question": 11,
      "target": "Customer Satisfaction",
      "target_value": 5,
      "options": [
        "Restaurant Wait Time (in mins)",
        "Restaurant Rating (1-5)"
      ],
      "optionA": {
        "trial_id": "16",
        "task_id": "174",
        "values": "24.0, 2",
        "target_value": 5
      },
      "optionB": {
        "trial_id": "2",
        "task_id": "174",
        "values": "20.0, 3",
        "target_value": 6
      },
      "choice": {
        "button": "J",
        "selected_option": "OptionB"
      }
    },
    {
      "question": 12,
      "target": "Test Score",
      "target_value": 70,
      "options": [
        "Student Study Time",
        "Student Distractions"
      ],
      "optionA": {
        "trial_id": "20",
        "task_id": "72",
        "values": "3.0, 7.0",
        "target_value": 70
      },
      "optionB": {
        "trial_id": "9",
        "task_id": "72",
        "values": "1.0, 3.0",
        "target_value": 72
      },
      "choice": {
        "button": "J",
        "selected_option": "OptionB"
      }
    },
    {
      "question": 13,
      "target": "Training time",
      "target_value": 38,
      "options": [
        "Dog weight",
        "Dog breed"
      ],
      "optionA": {
        "trial_id": "15",
        "task_id": "59",
        "values": "28.0, 1.0",
        "target_value": 38
      },
      "optionB": {
        "trial_id": "6",
        "task_id": "59",
        "values": "16.0, 3.0",
        "target_value": 24
      },
      "choice": {
        "button": "F",
        "selected_option": "OptionA"
      }
    },
    {
      "question": 14,
      "target": "Muscle gain",
      "target_value": 75,
      "options": [
        "Exercise intensity",
        "Water intake"
      ],
      "optionA": {
        "trial_id": "15",
        "task_id": "86",
        "values": "5.0, 3",
        "target_value": 75
      },
      "optionB": {
        "trial_id": "13",
        "task_id": "86",
        "values": "6.0, 2",
        "target_value": 80
      },
      "choice": {
        "button": "F",
        "selected_option": "OptionA"
      }
    },
    {
      "question": 15,
      "target": "Enjoyment",
      "target_value": 80,
      "options": [
        "Book pages",
        "Author fame"
      ],
      "optionA": {
        "trial_id": "8",
        "task_id": "84",
        "values": "380.0, 6",
        "target_value": 80
      },
      "optionB": {
        "trial_id": "10",
        "task_id": "84",
        "values": "580.0, 5",
        "target_value": 95
      },
      "choice": {
        "button": "J",
        "selected_option": "OptionB"
      }
    },
    {
      "question": 16,
      "target": "Fuel Efficiency (km/l)",
      "target_value": 10,
      "options": [
        "Car Engine Size (liters)",
        "Weight (kg)"
      ],
      "optionA": {
        "trial_id": "8",
        "task_id": "103",
        "values": "2.8, 1500.0",
        "target_value": 10
      },
      "optionB": {
        "trial_id": "17",
        "task_id": "103",
        "values": "1.9, 1300.0",
        "target_value": 13
      },
      "choice": {
        "button": "J",
        "selected_option": "OptionB"
      }
    },
    {
      "question": 17,
      "target": "House price ($)",
      "target_value": 260000,
      "options": [
        "House size (sq ft)",
        "House age (years)"
      ],
      "optionA": {
        "trial_id": "18",
        "task_id": "155",
        "values": "2450.0, 19.0",
        "target_value": 260000
      },
      "optionB": {
        "trial_id": "20",
        "task_id": "155",
        "values": "2550.0, 21.0",
        "target_value": 275000
      },
      "choice": {
        "button": "J",
        "selected_option": "OptionB"
      }
    },
    {
      "question": 18,
      "target": "Fuel Efficiency (km per liter)",
      "target_value": 15,
      "options": [
        "Car Engine Size (in liters)",
        "Car Weight (in kg)"
      ],
      "optionA": {
        "trial_id": "17",
        "task_id": "173",
        "values": "1.6, 1300",
        "target_value": 15
      },
      "optionB": {
        "trial_id": "18",
        "task_id": "173",
        "values": "2.8, 1500",
        "target_value": 8
      },
      "choice": {
        "button": "J",
        "selected_option": "OptionB"
      }
    },
    {
      "question": 19,
      "target": "Quality",
      "target_value": 75,
      "options": [
        "Price",
        "Size"
      ],
      "optionA": {
        "trial_id": "2",
        "task_id": "21",
        "values": "120.0, 6.0",
        "target_value": 75
      },
      "optionB": {
        "trial_id": "16",
        "task_id": "67",
        "values": "90.0, 30",
        "target_value": 7
      },
      "choice": {
        "button": "F",
        "selected_option": "OptionA"
      }
    },
    {
      "question": "attention_check_19",
      "choice": "F",
      "passed": true,
      "timestamp": 1756154801244
    },
    {
      "question": 20,
      "target": "Strength",
      "target_value": 6,
      "options": [
        "Tea leaves (g)",
        "Water temperature (\u00b0C)"
      ],
      "optionA": {
        "trial_id": "7",
        "task_id": "120",
        "values": "7.0, 80",
        "target_value": 6
      },
      "optionB": {
        "trial_id": "16",
        "task_id": "120",
        "values": "9.0, 87",
        "target_value": 4
      },
      "choice": {
        "button": "J",
        "selected_option": "OptionB"
      }
    },
    {
      "question": 21,
      "target": "Customer satisfaction (1-10)",
      "target_value": 8.5,
      "options": [
        "Number of reviews",
        "Price (in $)"
      ],
      "optionA": {
        "trial_id": "8",
        "task_id": "56",
        "values": "200.0, 55",
        "target_value": 8.5
      },
      "optionB": {
        "trial_id": "18",
        "task_id": "56",
        "values": "200.0, 40",
        "target_value": 9
      },
      "choice": {
        "button": "J",
        "selected_option": "OptionB"
      }
    },
    {
      "question": 22,
      "target": "Exercise Burned Calories",
      "target_value": 340,
      "options": [
        "Exercise Intensity",
        "Exercise Duration"
      ],
      "optionA": {
        "trial_id": "16",
        "task_id": "13",
        "values": "9.0, 20",
        "target_value": 340
      },
      "optionB": {
        "trial_id": "20",
        "task_id": "13",
        "values": "11.0, 5",
        "target_value": 380
      },
      "choice": {
        "button": "F",
        "selected_option": "OptionA"
      }
    },
    {
      "question": 23,
      "target": "Battery Life (hours)",
      "target_value": 8,
      "options": [
        "Phone Battery (mAh)",
        "Screen Brightness (%)"
      ],
      "optionA": {
        "trial_id": "1",
        "task_id": "5",
        "values": "3000.0, 70",
        "target_value": 8
      },
      "optionB": {
        "trial_id": "15",
        "task_id": "5",
        "values": "4500.0, 70",
        "target_value": 10
      },
      "choice": {
        "button": "J",
        "selected_option": "OptionB"
      }
    },
    {
      "question": 24,
      "target": "Tree trunk volume (m\u00b3)",
      "target_value": 3,
      "options": [
        "Height (cm)",
        "Width (cm)"
      ],
      "optionA": {
        "trial_id": "19",
        "task_id": "162",
        "values": "150.0, 45",
        "target_value": 3
      },
      "optionB": {
        "trial_id": "9",
        "task_id": "162",
        "values": "220.0, 26",
        "target_value": 7
      },
      "choice": {
        "button": "F",
        "selected_option": "OptionA"
      }
    },
    {
      "question": 25,
      "target": "Speed (km/h)",
      "target_value": 22,
      "options": [
        "Bicycle weight (kg)",
        "Wheel size (inches)"
      ],
      "optionA": {
        "trial_id": "8",
        "task_id": "119",
        "values": "14.0, 25",
        "target_value": 22
      },
      "optionB": {
        "trial_id": "3",
        "task_id": "119",
        "values": "11.0, 25",
        "target_value": 24
      },
      "choice": {
        "button": "J",
        "selected_option": "OptionB"
      }
    },
    {
      "question": 26,
      "target": "Popularity",
      "target_value": 85,
      "options": [
        "Book age",
        "Page count"
      ],
      "optionA": {
        "trial_id": "2",
        "task_id": "134",
        "values": "3.0, 400",
        "target_value": 85
      },
      "optionB": {
        "trial_id": "20",
        "task_id": "134",
        "values": "12.0, 450",
        "target_value": 68
      },
      "choice": {
        "button": "J",
        "selected_option": "OptionB"
      }
    },
    {
      "question": 27,
      "target": "Calories burned",
      "target_value": 360,
      "options": [
        "Exercise time (min)",
        "Heart rate (bpm)"
      ],
      "optionA": {
        "trial_id": "12",
        "task_id": "116",
        "values": "40.0, 115",
        "target_value": 360
      },
      "optionB": {
        "trial_id": "11",
        "task_id": "116",
        "values": "45.0, 105",
        "target_value": 340
      },
      "choice": {
        "button": "J",
        "selected_option": "OptionB"
      }
    },
    {
      "question": 28,
      "target": "Enjoyment",
      "target_value": 65,
      "options": [
        "Book pages",
        "Author fame"
      ],
      "optionA": {
        "trial_id": "20",
        "task_id": "84",
        "values": "130.0, 10",
        "target_value": 65
      },
      "optionB": {
        "trial_id": "7",
        "task_id": "84",
        "values": "400.0, 5",
        "target_value": 75
      },
      "choice": {
        "button": "F",
        "selected_option": "OptionA"
      }
    },
    {
      "question": 29,
      "target": "Taste Rating",
      "target_value": 4.5,
      "options": [
        "Coffee Amount",
        "Sugar Amount"
      ],
      "optionA": {
        "trial_id": "18",
        "task_id": "18",
        "values": "4.0, 1",
        "target_value": 4.5
      },
      "optionB": {
        "trial_id": "8",
        "task_id": "18",
        "values": "4.0, 4",
        "target_value": 5.5
      },
      "choice": {
        "button": "F",
        "selected_option": "OptionA"
      }
    },
    {
      "question": "attention_check_29",
      "choice": "J",
      "passed": true,
      "timestamp": 1756155142430
    },
    {
      "question": 30,
      "target": "Battery Life (hours)",
      "target_value": 16,
      "options": [
        "Phone RAM (GB)",
        "Screen Size (inches)"
      ],
      "optionA": {
        "trial_id": "8",
        "task_id": "104",
        "values": "7.0, 7.2",
        "target_value": 16
      },
      "optionB": {
        "trial_id": "17",
        "task_id": "104",
        "values": "3.0, 6.4",
        "target_value": 15
      },
      "choice": {
        "button": "F",
        "selected_option": "OptionA"
      }
    },
    {
      "question": 31,
      "target": "Calories burned",
      "target_value": 260,
      "options": [
        "Exercise time (min)",
        "Heart rate (bpm)"
      ],
      "optionA": {
        "trial_id": "2",
        "task_id": "116",
        "values": "25.0, 110",
        "target_value": 260
      },
      "optionB": {
        "trial_id": "16",
        "task_id": "116",
        "values": "25.0, 115",
        "target_value": 280
      },
      "choice": {
        "button": "F",
        "selected_option": "OptionA"
      }
    },
    {
      "question": 32,
      "target": "Fuel efficiency (km/L)",
      "target_value": 19,
      "options": [
        "Car engine size (L)",
        "Car weight (kg)"
      ],
      "optionA": {
        "trial_id": "15",
        "task_id": "150",
        "values": "1.6, 1150.0",
        "target_value": 19
      },
      "optionB": {
        "trial_id": "3",
        "task_id": "150",
        "values": "1.6, 1100.0",
        "target_value": 18
      },
      "choice": {
        "button": "J",
        "selected_option": "OptionB"
      }
    },
    {
      "question": 33,
      "target": "Enjoyment Score",
      "target_value": 4.6,
      "options": [
        "Book Thickness",
        "Number of Reviews"
      ],
      "optionA": {
        "trial_id": "2",
        "task_id": "27",
        "values": "300.0, 200.0",
        "target_value": 4.6
      },
      "optionB": {
        "trial_id": "7",
        "task_id": "27",
        "values": "600.0, 50.0",
        "target_value": 3.9
      },
      "choice": {
        "button": "F",
        "selected_option": "OptionA"
      }
    },
    {
      "question": 34,
      "target": "Taste rating (1-10)",
      "target_value": 6,
      "options": [
        "Number of ingredients",
        "Prep time (in minutes)"
      ],
      "optionA": {
        "trial_id": "16",
        "task_id": "88",
        "values": "7.0, 20",
        "target_value": 6
      },
      "optionB": {
        "trial_id": "18",
        "task_id": "88",
        "values": "4.0, 10",
        "target_value": 9
      },
      "choice": {
        "button": "F",
        "selected_option": "OptionA"
      }
    },
    {
      "question": 35,
      "target": "Maximum heart rate (bpm)",
      "target_value": 157,
      "options": [
        "Age (years)",
        "Height (cm)"
      ],
      "optionA": {
        "trial_id": "18",
        "task_id": "52",
        "values": "48.0, 177",
        "target_value": 157
      },
      "optionB": {
        "trial_id": "2",
        "task_id": "52",
        "values": "40.0, 180",
        "target_value": 160
      },
      "choice": {
        "button": "F",
        "selected_option": "OptionA"
      }
    },
    {
      "question": 36,
      "target": "Maximum heart rate (bpm)",
      "target_value": 182,
      "options": [
        "Age (years)",
        "Height (cm)"
      ],
      "optionA": {
        "trial_id": "15",
        "task_id": "52",
        "values": "32.0, 174",
        "target_value": 182
      },
      "optionB": {
        "trial_id": "9",
        "task_id": "52",
        "values": "40.0, 170",
        "target_value": 160
      },
      "choice": {
        "button": "J",
        "selected_option": "OptionB"
      }
    },
    {
      "question": 37,
      "target": "Battery Life",
      "target_value": 24,
      "options": [
        "Phone Battery Capacity",
        "Phone Weight"
      ],
      "optionA": {
        "trial_id": "7",
        "task_id": "171",
        "values": "6000.0, 180",
        "target_value": 24
      },
      "optionB": {
        "trial_id": "4",
        "task_id": "171",
        "values": "4000.0, 200",
        "target_value": 14
      },
      "choice": {
        "button": "F",
        "selected_option": "OptionA"
      }
    },
    {
      "question": 38,
      "target": "Taste rating (1-10)",
      "target_value": 4,
      "options": [
        "Number of ingredients",
        "Prep time (in minutes)"
      ],
      "optionA": {
        "trial_id": "20",
        "task_id": "88",
        "values": "9.0, 25",
        "target_value": 4
      },
      "optionB": {
        "trial_id": "19",
        "task_id": "88",
        "values": "8.0, 30",
        "target_value": 5
      },
      "choice": {
        "button": "F",
        "selected_option": "OptionA"
      }
    },
    {
      "question": 39,
      "target": "Flower blooming time",
      "target_value": 3,
      "options": [
        "Hours of sunlight",
        "Humidity"
      ],
      "optionA": {
        "trial_id": "15",
        "task_id": "101",
        "values": "8.0, 55.0",
        "target_value": 3
      },
      "optionB": {
        "trial_id": "16",
        "task_id": "101",
        "values": "9.0, 50.0",
        "target_value": 2
      },
      "choice": {
        "button": "F",
        "selected_option": "OptionA"
      }
    },
    {
      "question": "attention_check_39",
      "choice": "F",
      "passed": true,
      "timestamp": 1756155347164
    },
    {
      "question": 40,
      "target": "Walking speed (km/h)",
      "target_value": 5.2,
      "options": [
        "Person height (cm)",
        "Age (years)"
      ],
      "optionA": {
        "trial_id": "3",
        "task_id": "163",
        "values": "175.0, 25.0",
        "target_value": 5.2
      },
      "optionB": {
        "trial_id": "18",
        "task_id": "163",
        "values": "158.0, 36.0",
        "target_value": 4.1
      },
      "choice": {
        "button": "F",
        "selected_option": "OptionA"
      }
    },
    {
      "question": 41,
      "target": "Energy level (1-10)",
      "target_value": 9,
      "options": [
        "Hours of sleep",
        "Caffeine intake (mg)"
      ],
      "optionA": {
        "trial_id": "9",
        "task_id": "54",
        "values": "9.0, 40",
        "target_value": 9
      },
      "optionB": {
        "trial_id": "8",
        "task_id": "54",
        "values": "10.0, 20",
        "target_value": 10
      },
      "choice": {
        "button": "F",
        "selected_option": "OptionA"
      }
    },
    {
      "question": 42,
      "target": "Exam score",
      "target_value": 87,
      "options": [
        "Study hours",
        "Intelligence"
      ],
      "optionA": {
        "trial_id": "18",
        "task_id": "81",
        "values": "5.0, 75",
        "target_value": 87
      },
      "optionB": {
        "trial_id": "20",
        "task_id": "81",
        "values": "4.0, 85",
        "target_value": 75
      },
      "choice": {
        "button": "J",
        "selected_option": "OptionB"
      }
    },
    {
      "question": 43,
      "target": "Taste Rating",
      "target_value": 8,
      "options": [
        "Number of Ingredients",
        "Prep Time (min)"
      ],
      "optionA": {
        "trial_id": "1",
        "task_id": "148",
        "values": "5.0, 20.0",
        "target_value": 8
      },
      "optionB": {
        "trial_id": "10",
        "task_id": "148",
        "values": "6.0, 30.0",
        "target_value": 7
      },
      "choice": {
        "button": "J",
        "selected_option": "OptionB"
      }
    },
    {
      "question": 44,
      "target": "Muscle gain",
      "target_value": 60,
      "options": [
        "Exercise intensity",
        "Water intake"
      ],
      "optionA": {
        "trial_id": "20",
        "task_id": "86",
        "values": "5.0, 6",
        "target_value": 60
      },
      "optionB": {
        "trial_id": "10",
        "task_id": "86",
        "values": "5.0, 5",
        "target_value": 70
      },
      "choice": {
        "button": "F",
        "selected_option": "OptionA"
      }
    },
    {
      "question": 45,
      "target": "Health index",
      "target_value": 75,
      "options": [
        "Age",
        "Exercise hours"
      ],
      "optionA": {
        "trial_id": "15",
        "task_id": "82",
        "values": "55.0, 1",
        "target_value": 75
      },
      "optionB": {
        "trial_id": "15",
        "task_id": "77",
        "values": "45.0, 4",
        "target_value": 72
      },
      "choice": {
        "button": "J",
        "selected_option": "OptionB"
      }
    },
    {
      "question": 46,
      "target": "Comfort (1-10)",
      "target_value": 9,
      "options": [
        "Shoe Width (cm)",
        "Arch Support (1-10)"
      ],
      "optionA": {
        "trial_id": "13",
        "task_id": "7",
        "values": "8.0, 8",
        "target_value": 9
      },
      "optionB": {
        "trial_id": "10",
        "task_id": "7",
        "values": "9.0, 5",
        "target_value": 8
      },
      "choice": {
        "button": "F",
        "selected_option": "OptionA"
      }
    },
    {
      "question": 47,
      "target": "Energy boost",
      "target_value": 70,
      "options": [
        "Coffee strength",
        "Caffeine content"
      ],
      "optionA": {
        "trial_id": "1",
        "task_id": "85",
        "values": "4.0, 80",
        "target_value": 70
      },
      "optionB": {
        "trial_id": "8",
        "task_id": "85",
        "values": "3.0, 130",
        "target_value": 85
      },
      "choice": {
        "button": "J",
        "selected_option": "OptionB"
      }
    },
    {
      "question": 48,
      "target": "Distance Traveled",
      "target_value": 750,
      "options": [
        "Speed",
        "Comfort"
      ],
      "optionA": {
        "trial_id": "19",
        "task_id": "129",
        "values": "150.0, 0.1",
        "target_value": 750
      },
      "optionB": {
        "trial_id": "3",
        "task_id": "129",
        "values": "70.0, 6.0",
        "target_value": 350
      },
      "choice": {
        "button": "F",
        "selected_option": "OptionA"
      }
    },
    {
      "question": 49,
      "target": "Energy Boost (scale 1-10)",
      "target_value": 7,
      "options": [
        "Coffee Strength (scale 1-10)",
        "Caffeine Content (mg)"
      ],
      "optionA": {
        "trial_id": "8",
        "task_id": "24",
        "values": "10.0, 90",
        "target_value": 7
      },
      "optionB": {
        "trial_id": "10",
        "task_id": "24",
        "values": "8.0, 95",
        "target_value": 6.5
      },
      "choice": {
        "button": "F",
        "selected_option": "OptionA"
      }
    },
    {
      "question": 50,
      "target": "Mood Score (1-10)",
      "target_value": 6,
      "options": [
        "Hours of Sleep",
        "Screen Time (hours)"
      ],
      "optionA": {
        "trial_id": "9",
        "task_id": "109",
        "values": "5.0, 4",
        "target_value": 6
      },
      "optionB": {
        "trial_id": "13",
        "task_id": "109",
        "values": "8.0, 3",
        "target_value": 8
      },
      "choice": {
        "button": "J",
        "selected_option": "OptionB"
      }
    }
  ]
}