{
  "prolific_id": "UNKNOWN",
  "condition_group": "direction",
  "responses": [
    {
      "question": 1,
      "target": "Natural Light",
      "target_value": 5,
      "options": [
        "Room Size",
        "Number of Windows"
      ],
      "optionA": {
        "trial_id": "20",
        "task_id": "53",
        "values": "200.0, 3.0",
        "target_value": 5
      },
      "optionB": {
        "trial_id": "17",
        "task_id": "53",
        "values": "190.0, 3.0",
        "target_value": 6
      },
      "choice": {
        "button": "J",
        "selected_option": "OptionB"
      }
    },
    {
      "question": 2,
      "target": "Movie enjoyment",
      "target_value": 7.5,
      "options": [
        "Movie runtime",
        "Movie rating"
      ],
      "optionA": {
        "trial_id": "9",
        "task_id": "75",
        "values": "110.0, 7.0",
        "target_value": 7.5
      },
      "optionB": {
        "trial_id": "10",
        "task_id": "75",
        "values": "100.0, 6.5",
        "target_value": 7
      },
      "choice": {
        "button": "F",
        "selected_option": "OptionA"
      }
    },
    {
      "question": 3,
      "target": "Tea Strength (1-10)",
      "target_value": 9,
      "options": [
        "Tea Leaf Quality (1-10)",
        "Tea Steeping Time (minutes)"
      ],
      "optionA": {
        "trial_id": "16",
        "task_id": "80",
        "values": "10.0, 6.0",
        "target_value": 9
      },
      "optionB": {
        "trial_id": "11",
        "task_id": "80",
        "values": "6.0, 2.0",
        "target_value": 5
      },
      "choice": {
        "button": "F",
        "selected_option": "OptionA"
      }
    },
    {
      "question": 4,
      "target": "Brightness",
      "target_value": 630,
      "options": [
        "Phone Battery Capacity",
        "Screen Size"
      ],
      "optionA": {
        "trial_id": "2",
        "task_id": "37",
        "values": "3500.0, 4.0",
        "target_value": 630
      },
      "optionB": {
        "trial_id": "8",
        "task_id": "37",
        "values": "3000.0, 3.0",
        "target_value": 580
      },
      "choice": {
        "button": "J",
        "selected_option": "OptionB"
      }
    },
    {
      "question": 5,
      "target": "User satisfaction",
      "target_value": 12,
      "options": [
        "Screen size (inches)",
        "RAM (GB)"
      ],
      "optionA": {
        "trial_id": "12",
        "task_id": "119",
        "values": "22.0, 8.0",
        "target_value": 12
      },
      "optionB": {
        "trial_id": "7",
        "task_id": "119",
        "values": "16.0, 5.0",
        "target_value": 9
      },
      "choice": {
        "button": "F",
        "selected_option": "OptionA"
      }
    },
    {
      "question": 6,
      "target": "Distance Traveled",
      "target_value": 300,
      "options": [
        "Speed",
        "Weight"
      ],
      "optionA": {
        "trial_id": "18",
        "task_id": "111",
        "values": "60.0, 1000.0",
        "target_value": 300
      },
      "optionB": {
        "trial_id": "10",
        "task_id": "111",
        "values": "90.0, 1500.0",
        "target_value": 340
      },
      "choice": {
        "button": "J",
        "selected_option": "OptionB"
      }
    },
    {
      "question": 7,
      "target": "Restaurant Popularity (on scale 1-10)",
      "target_value": 7,
      "options": [
        "Number of Reviews",
        "Average Rating (out of 5)"
      ],
      "optionA": {
        "trial_id": "15",
        "task_id": "19",
        "values": "170.0, 4.4",
        "target_value": 7
      },
      "optionB": {
        "trial_id": "11",
        "task_id": "19",
        "values": "100.0, 4.0",
        "target_value": 6
      },
      "choice": {
        "button": "F",
        "selected_option": "OptionA"
      }
    },
    {
      "question": 8,
      "target": "Energy Level",
      "target_value": 8,
      "options": [
        "Dog Size",
        "Exercise Needs"
      ],
      "optionA": {
        "trial_id": "16",
        "task_id": "88",
        "values": "40.0, 8.0",
        "target_value": 8
      },
      "optionB": {
        "trial_id": "18",
        "task_id": "88",
        "values": "40.0, 7.0",
        "target_value": 8
      },
      "choice": {
        "button": "F",
        "selected_option": "OptionA"
      }
    },
    {
      "question": 9,
      "target": "Performance Rating",
      "target_value": 7.5,
      "options": [
        "Computer Weight (kg)",
        "RAM (GB)"
      ],
      "optionA": {
        "trial_id": "9",
        "task_id": "34",
        "values": "1.6, 10.0",
        "target_value": 7.5
      },
      "optionB": {
        "trial_id": "9",
        "task_id": "34",
        "values": "1.6, 10.0",
        "target_value": 7.5
      },
      "choice": {
        "button": "F",
        "selected_option": "OptionA"
      }
    },
    {
      "question": "attention_check_9",
      "choice": "J",
      "passed": true,
      "timestamp": 1756154588816
    },
    {
      "question": 10,
      "target": "Home Value (thousands)",
      "target_value": 350,
      "options": [
        "House Size (sqm)",
        "Neighborhood Safety (1-10)"
      ],
      "optionA": {
        "trial_id": "20",
        "task_id": "41",
        "values": "160.0, 9.0",
        "target_value": 350
      },
      "optionB": {
        "trial_id": "6",
        "task_id": "41",
        "values": "160.0, 6.0",
        "target_value": 300
      },
      "choice": {
        "button": "F",
        "selected_option": "OptionA"
      }
    },
    {
      "question": 11,
      "target": "Room Area (m\u00b2)",
      "target_value": 15,
      "options": [
        "Room Length (m)",
        "Room Width (m)"
      ],
      "optionA": {
        "trial_id": "18",
        "task_id": "89",
        "values": "5.0, 3.0",
        "target_value": 15
      },
      "optionB": {
        "trial_id": "13",
        "task_id": "89",
        "values": "4.0, 6.0",
        "target_value": 24
      },
      "choice": {
        "button": "J",
        "selected_option": "OptionB"
      }
    },
    {
      "question": 12,
      "target": "Weight loss",
      "target_value": 2.2,
      "options": [
        "Exercise duration",
        "Intensity level"
      ],
      "optionA": {
        "trial_id": "5",
        "task_id": "67",
        "values": "60.0, 7.0",
        "target_value": 2.2
      },
      "optionB": {
        "trial_id": "17",
        "task_id": "67",
        "values": "45.0, 5.0",
        "target_value": 1.6
      },
      "choice": {
        "button": "F",
        "selected_option": "OptionA"
      }
    },
    {
      "question": 13,
      "target": "Performance Quality (on scale 1-10)",
      "target_value": 8,
      "options": [
        "Hours of Practice",
        "Musical Experience (years)"
      ],
      "optionA": {
        "trial_id": "14",
        "task_id": "17",
        "values": "110.0, 3.0",
        "target_value": 8
      },
      "optionB": {
        "trial_id": "12",
        "task_id": "17",
        "values": "70.0, 3.0",
        "target_value": 7
      },
      "choice": {
        "button": "J",
        "selected_option": "OptionB"
      }
    },
    {
      "question": 14,
      "target": "Growth Rate",
      "target_value": 3,
      "options": [
        "Plant Leaf Size",
        "Plant Height"
      ],
      "optionA": {
        "trial_id": "4",
        "task_id": "65",
        "values": "10.0, 50.0",
        "target_value": 3
      },
      "optionB": {
        "trial_id": "2",
        "task_id": "65",
        "values": "12.0, 60.0",
        "target_value": 4
      },
      "choice": {
        "button": "J",
        "selected_option": "OptionB"
      }
    },
    {
      "question": 15,
      "target": "Taste Rating (1-10)",
      "target_value": 7,
      "options": [
        "Minutes of Cooking",
        "Number of Ingredients"
      ],
      "optionA": {
        "trial_id": "13",
        "task_id": "56",
        "values": "20.0, 4.0",
        "target_value": 7
      },
      "optionB": {
        "trial_id": "2",
        "task_id": "56",
        "values": "20.0, 5.0",
        "target_value": 8
      },
      "choice": {
        "button": "J",
        "selected_option": "OptionB"
      }
    },
    {
      "question": 16,
      "target": "Restaurant Customer Satisfaction",
      "target_value": 8.7,
      "options": [
        "Restaurant Menu Size",
        "Restaurant Online Rating"
      ],
      "optionA": {
        "trial_id": "9",
        "task_id": "24",
        "values": "18.0, 4.6",
        "target_value": 8.7
      },
      "optionB": {
        "trial_id": "4",
        "task_id": "24",
        "values": "22.0, 4.7",
        "target_value": 8.7
      },
      "choice": {
        "button": "J",
        "selected_option": "OptionB"
      }
    },
    {
      "question": 17,
      "target": "Performance",
      "target_value": 8.5,
      "options": [
        "Skill Level",
        "Practice Time"
      ],
      "optionA": {
        "trial_id": "18",
        "task_id": "100",
        "values": "6.0, 18.0",
        "target_value": 8.5
      },
      "optionB": {
        "trial_id": "5",
        "task_id": "100",
        "values": "8.0, 8.0",
        "target_value": 8.1
      },
      "choice": {
        "button": "J",
        "selected_option": "OptionB"
      }
    },
    {
      "question": 18,
      "target": "Performance Quality (on scale 1-10)",
      "target_value": 9,
      "options": [
        "Hours of Practice",
        "Musical Experience (years)"
      ],
      "optionA": {
        "trial_id": "20",
        "task_id": "17",
        "values": "110.0, 4.0",
        "target_value": 9
      },
      "optionB": {
        "trial_id": "11",
        "task_id": "17",
        "values": "60.0, 2.0",
        "target_value": 6
      },
      "choice": {
        "button": "F",
        "selected_option": "OptionA"
      }
    },
    {
      "question": 19,
      "target": "Training Difficulty (1-10)",
      "target_value": 5,
      "options": [
        "Dog Size",
        "Dog Energy Level"
      ],
      "optionA": {
        "trial_id": "13",
        "task_id": "82",
        "values": "45.0, 6.0",
        "target_value": 5
      },
      "optionB": {
        "trial_id": "20",
        "task_id": "82",
        "values": "55.0, 7.0",
        "target_value": 6
      },
      "choice": {
        "button": "J",
        "selected_option": "OptionB"
      }
    },
    {
      "question": "attention_check_19",
      "choice": "F",
      "passed": true,
      "timestamp": 1756154665053
    },
    {
      "question": 20,
      "target": "Dog Energy Level",
      "target_value": 7,
      "options": [
        "Dog Weight",
        "Dog Activity Level"
      ],
      "optionA": {
        "trial_id": "15",
        "task_id": "105",
        "values": "22.0, 4.0",
        "target_value": 7
      },
      "optionB": {
        "trial_id": "19",
        "task_id": "105",
        "values": "34.0, 6.0",
        "target_value": 9
      },
      "choice": {
        "button": "J",
        "selected_option": "OptionB"
      }
    },
    {
      "question": 21,
      "target": "Battery life",
      "target_value": 13,
      "options": [
        "Phone battery",
        "Screen size"
      ],
      "optionA": {
        "trial_id": "2",
        "task_id": "69",
        "values": "4000.0, 6.0",
        "target_value": 13
      },
      "optionB": {
        "trial_id": "11",
        "task_id": "69",
        "values": "3000.0, 5.0",
        "target_value": 12
      },
      "choice": {
        "button": "F",
        "selected_option": "OptionA"
      }
    },
    {
      "question": 22,
      "target": "Enjoyment",
      "target_value": 7,
      "options": [
        "Tea Strength",
        "Flavor Variety"
      ],
      "optionA": {
        "trial_id": "2",
        "task_id": "55",
        "values": "6.0, 2.0",
        "target_value": 7
      },
      "optionB": {
        "trial_id": "9",
        "task_id": "55",
        "values": "2.0, 3.0",
        "target_value": 6.5
      },
      "choice": {
        "button": "J",
        "selected_option": "OptionB"
      }
    },
    {
      "question": 23,
      "target": "Time to destination (hours)",
      "target_value": 0.41,
      "options": [
        "Distance (miles)",
        "Speed (mph)"
      ],
      "optionA": {
        "trial_id": "16",
        "task_id": "118",
        "values": "26.0, 70.0",
        "target_value": 0.41
      },
      "optionB": {
        "trial_id": "13",
        "task_id": "118",
        "values": "22.0, 60.0",
        "target_value": 0.39
      },
      "choice": {
        "button": "F",
        "selected_option": "OptionA"
      }
    },
    {
      "question": 24,
      "target": "Age (years)",
      "target_value": 35,
      "options": [
        "Tree Height (m)",
        "Trunk Diameter (cm)"
      ],
      "optionA": {
        "trial_id": "9",
        "task_id": "32",
        "values": "9.0, 25.0",
        "target_value": 35
      },
      "optionB": {
        "trial_id": "2",
        "task_id": "32",
        "values": "8.0, 25.0",
        "target_value": 40
      },
      "choice": {
        "button": "F",
        "selected_option": "OptionA"
      }
    },
    {
      "question": 25,
      "target": "Comfort",
      "target_value": 65,
      "options": [
        "Shoe Weight",
        "Brand Reputation"
      ],
      "optionA": {
        "trial_id": "15",
        "task_id": "62",
        "values": "170.0, 3.0",
        "target_value": 65
      },
      "optionB": {
        "trial_id": "18",
        "task_id": "62",
        "values": "240.0, 7.0",
        "target_value": 85
      },
      "choice": {
        "button": "F",
        "selected_option": "OptionA"
      }
    },
    {
      "question": 26,
      "target": "Plant Sunlight Needs",
      "target_value": 5,
      "options": [
        "Plant Height",
        "Plant Leaf Size"
      ],
      "optionA": {
        "trial_id": "1",
        "task_id": "2",
        "values": "150.0, 10.0",
        "target_value": 5
      },
      "optionB": {
        "trial_id": "6",
        "task_id": "2",
        "values": "110.0, 8.0",
        "target_value": 4
      },
      "choice": {
        "button": "F",
        "selected_option": "OptionA"
      }
    },
    {
      "question": 27,
      "target": "Fuel Consumption (L)",
      "target_value": 750,
      "options": [
        "Flight Duration (hours)",
        "Distance (km)"
      ],
      "optionA": {
        "trial_id": "2",
        "task_id": "33",
        "values": "3.0, 750.0",
        "target_value": 750
      },
      "optionB": {
        "trial_id": "5",
        "task_id": "33",
        "values": "3.0, 750.0",
        "target_value": 750
      },
      "choice": {
        "button": "F",
        "selected_option": "OptionA"
      }
    },
    {
      "question": 28,
      "target": "Speed",
      "target_value": 105,
      "options": [
        "Car Engine Size",
        "Horsepower"
      ],
      "optionA": {
        "trial_id": "12",
        "task_id": "61",
        "values": "1.6, 125.0",
        "target_value": 105
      },
      "optionB": {
        "trial_id": "20",
        "task_id": "36",
        "values": "1.8, 180.0",
        "target_value": 130
      },
      "choice": {
        "button": "J",
        "selected_option": "OptionB"
      }
    },
    {
      "question": 29,
      "target": "Warmth Rating",
      "target_value": 3.6,
      "options": [
        "Shirt Weight (g)",
        "Fabric Thickness (mm)"
      ],
      "optionA": {
        "trial_id": "13",
        "task_id": "31",
        "values": "170.0, 1.3",
        "target_value": 3.6
      },
      "optionB": {
        "trial_id": "9",
        "task_id": "31",
        "values": "190.0, 1.6",
        "target_value": 4.2
      },
      "choice": {
        "button": "J",
        "selected_option": "OptionB"
      }
    },
    {
      "question": "attention_check_29",
      "choice": "J",
      "passed": true,
      "timestamp": 1756154767064
    },
    {
      "question": 30,
      "target": "House Price",
      "target_value": 440000,
      "options": [
        "House Size sqft",
        "House Location Rating"
      ],
      "optionA": {
        "trial_id": "8",
        "task_id": "23",
        "values": "2000.0, 9.0",
        "target_value": 440000
      },
      "optionB": {
        "trial_id": "12",
        "task_id": "23",
        "values": "2400.0, 8.0",
        "target_value": 460000
      },
      "choice": {
        "button": "J",
        "selected_option": "OptionB"
      }
    },
    {
      "question": 31,
      "target": "Dog Energy Level",
      "target_value": 9,
      "options": [
        "Dog Weight",
        "Dog Activity Level"
      ],
      "optionA": {
        "trial_id": "3",
        "task_id": "105",
        "values": "30.0, 6.0",
        "target_value": 9
      },
      "optionB": {
        "trial_id": "19",
        "task_id": "105",
        "values": "34.0, 6.0",
        "target_value": 9
      },
      "choice": {
        "button": "F",
        "selected_option": "OptionA"
      }
    },
    {
      "question": 32,
      "target": "Battery life",
      "target_value": 13,
      "options": [
        "Phone battery",
        "Screen size"
      ],
      "optionA": {
        "trial_id": "12",
        "task_id": "69",
        "values": "4000.0, 6.0",
        "target_value": 13
      },
      "optionB": {
        "trial_id": "20",
        "task_id": "69",
        "values": "2500.0, 4.0",
        "target_value": 10
      },
      "choice": {
        "button": "F",
        "selected_option": "OptionA"
      }
    },
    {
      "question": 33,
      "target": "Physical strength",
      "target_value": 68,
      "options": [
        "Height (cm)",
        "Weight (kg)"
      ],
      "optionA": {
        "trial_id": "18",
        "task_id": "84",
        "values": "170.0, 65.0",
        "target_value": 68
      },
      "optionB": {
        "trial_id": "20",
        "task_id": "84",
        "values": "175.0, 85.0",
        "target_value": 82
      },
      "choice": {
        "button": "J",
        "selected_option": "OptionB"
      }
    },
    {
      "question": 34,
      "target": "Cooking Time (min)",
      "target_value": 25,
      "options": [
        "Number of Ingredients",
        "Prep Time (min)"
      ],
      "optionA": {
        "trial_id": "9",
        "task_id": "48",
        "values": "5.0, 10.0",
        "target_value": 25
      },
      "optionB": {
        "trial_id": "13",
        "task_id": "48",
        "values": "4.0, 9.0",
        "target_value": 21
      },
      "choice": {
        "button": "J",
        "selected_option": "OptionB"
      }
    },
    {
      "question": 35,
      "target": "Speed",
      "target_value": 125,
      "options": [
        "Car Engine Size",
        "Horsepower"
      ],
      "optionA": {
        "trial_id": "10",
        "task_id": "61",
        "values": "2.0, 160.0",
        "target_value": 125
      },
      "optionB": {
        "trial_id": "6",
        "task_id": "36",
        "values": "2.8, 240.0",
        "target_value": 155
      },
      "choice": {
        "button": "J",
        "selected_option": "OptionB"
      }
    },
    {
      "question": 36,
      "target": "Performance Score (1-100)",
      "target_value": 70,
      "options": [
        "Hours of Practice",
        "Number of Lessons"
      ],
      "optionA": {
        "trial_id": "1",
        "task_id": "57",
        "values": "10.0, 5.0",
        "target_value": 70
      },
      "optionB": {
        "trial_id": "10",
        "task_id": "57",
        "values": "30.0, 11.0",
        "target_value": 90
      },
      "choice": {
        "button": "F",
        "selected_option": "OptionA"
      }
    },
    {
      "question": 37,
      "target": "Growth Rate (cm/week)",
      "target_value": 3,
      "options": [
        "Plant Leaf Size",
        "Plant Water Usage"
      ],
      "optionA": {
        "trial_id": "1",
        "task_id": "83",
        "values": "10.0, 5.0",
        "target_value": 3
      },
      "optionB": {
        "trial_id": "20",
        "task_id": "83",
        "values": "10.0, 5.0",
        "target_value": 3
      },
      "choice": {
        "button": "J",
        "selected_option": "OptionB"
      }
    },
    {
      "question": 38,
      "target": "Room Area (m\u00b2)",
      "target_value": 18,
      "options": [
        "Room Length (m)",
        "Room Width (m)"
      ],
      "optionA": {
        "trial_id": "3",
        "task_id": "89",
        "values": "3.0, 6.0",
        "target_value": 18
      },
      "optionB": {
        "trial_id": "15",
        "task_id": "89",
        "values": "5.0, 4.0",
        "target_value": 20
      },
      "choice": {
        "button": "J",
        "selected_option": "OptionB"
      }
    },
    {
      "question": 39,
      "target": "Market value ($)",
      "target_value": 310000,
      "options": [
        "Number of bedrooms",
        "House size (sq ft)"
      ],
      "optionA": {
        "trial_id": "15",
        "task_id": "90",
        "values": "5.0, 1500.0",
        "target_value": 310000
      },
      "optionB": {
        "trial_id": "20",
        "task_id": "90",
        "values": "5.0, 1300.0",
        "target_value": 280000
      },
      "choice": {
        "button": "F",
        "selected_option": "OptionA"
      }
    },
    {
      "question": "attention_check_39",
      "choice": "F",
      "passed": true,
      "timestamp": 1756154861022
    },
    {
      "question": 40,
      "target": "Exam Score (out of 100)",
      "target_value": 70,
      "options": [
        "Study Time (hours)",
        "Previous GPA"
      ],
      "optionA": {
        "trial_id": "1",
        "task_id": "18",
        "values": "5.0, 3.0",
        "target_value": 70
      },
      "optionB": {
        "trial_id": "19",
        "task_id": "18",
        "values": "10.0, 3.5",
        "target_value": 82
      },
      "choice": {
        "button": "J",
        "selected_option": "OptionB"
      }
    },
    {
      "question": 41,
      "target": "App Popularity",
      "target_value": 55,
      "options": [
        "App User Ratings (1-5)",
        "Number of Reviews"
      ],
      "optionA": {
        "trial_id": "9",
        "task_id": "42",
        "values": "2.0, 200.0",
        "target_value": 55
      },
      "optionB": {
        "trial_id": "11",
        "task_id": "42",
        "values": "4.0, 120.0",
        "target_value": 70
      },
      "choice": {
        "button": "J",
        "selected_option": "OptionB"
      }
    },
    {
      "question": 42,
      "target": "Restaurant Customer Satisfaction",
      "target_value": 8.6,
      "options": [
        "Restaurant Menu Size",
        "Restaurant Online Rating"
      ],
      "optionA": {
        "trial_id": "19",
        "task_id": "24",
        "values": "19.0, 4.5",
        "target_value": 8.6
      },
      "optionB": {
        "trial_id": "20",
        "task_id": "24",
        "values": "22.0, 4.7",
        "target_value": 8.8
      },
      "choice": {
        "button": "J",
        "selected_option": "OptionB"
      }
    },
    {
      "question": 43,
      "target": "Weight loss",
      "target_value": 1.4,
      "options": [
        "Exercise duration",
        "Intensity level"
      ],
      "optionA": {
        "trial_id": "16",
        "task_id": "67",
        "values": "35.0, 5.0",
        "target_value": 1.4
      },
      "optionB": {
        "trial_id": "7",
        "task_id": "67",
        "values": "20.0, 3.0",
        "target_value": 0.8
      },
      "choice": {
        "button": "F",
        "selected_option": "OptionA"
      }
    },
    {
      "question": 44,
      "target": "Battery Life",
      "target_value": 10,
      "options": [
        "Battery Capacity",
        "Weight"
      ],
      "optionA": {
        "trial_id": "15",
        "task_id": "114",
        "values": "2500.0, 180.0",
        "target_value": 10
      },
      "optionB": {
        "trial_id": "15",
        "task_id": "114",
        "values": "2500.0, 180.0",
        "target_value": 10
      },
      "choice": {
        "button": "F",
        "selected_option": "OptionA"
      }
    },
    {
      "question": 45,
      "target": "Dog Energy Level",
      "target_value": 7,
      "options": [
        "Dog Weight",
        "Dog Activity Level"
      ],
      "optionA": {
        "trial_id": "2",
        "task_id": "105",
        "values": "20.0, 4.0",
        "target_value": 7
      },
      "optionB": {
        "trial_id": "6",
        "task_id": "105",
        "values": "30.0, 6.0",
        "target_value": 9
      },
      "choice": {
        "button": "F",
        "selected_option": "OptionA"
      }
    },
    {
      "question": 46,
      "target": "Room Size",
      "target_value": 42,
      "options": [
        "Room Width",
        "Room Length"
      ],
      "optionA": {
        "trial_id": "14",
        "task_id": "109",
        "values": "6.0, 7.0",
        "target_value": 42
      },
      "optionB": {
        "trial_id": "17",
        "task_id": "109",
        "values": "5.0, 6.0",
        "target_value": 30
      },
      "choice": {
        "button": "F",
        "selected_option": "OptionA"
      }
    },
    {
      "question": 47,
      "target": "Apartment price",
      "target_value": 1700,
      "options": [
        "Distance from city center",
        "Room size"
      ],
      "optionA": {
        "trial_id": "14",
        "task_id": "58",
        "values": "5.0, 70.0",
        "target_value": 1700
      },
      "optionB": {
        "trial_id": "15",
        "task_id": "58",
        "values": "3.0, 50.0",
        "target_value": 1400
      },
      "choice": {
        "button": "F",
        "selected_option": "OptionA"
      }
    },
    {
      "question": 48,
      "target": "Growth Rate",
      "target_value": 3,
      "options": [
        "Plant Leaf Size",
        "Plant Height"
      ],
      "optionA": {
        "trial_id": "4",
        "task_id": "65",
        "values": "10.0, 50.0",
        "target_value": 3
      },
      "optionB": {
        "trial_id": "6",
        "task_id": "65",
        "values": "16.0, 80.0",
        "target_value": 6
      },
      "choice": {
        "button": "J",
        "selected_option": "OptionB"
      }
    },
    {
      "question": 49,
      "target": "Battery Duration",
      "target_value": 21,
      "options": [
        "Phone Battery Capacity",
        "Screen Brightness"
      ],
      "optionA": {
        "trial_id": "12",
        "task_id": "63",
        "values": "5000.0, 550.0",
        "target_value": 21
      },
      "optionB": {
        "trial_id": "6",
        "task_id": "63",
        "values": "5000.0, 450.0",
        "target_value": 18
      },
      "choice": {
        "button": "J",
        "selected_option": "OptionB"
      }
    },
    {
      "question": 50,
      "target": "Natural Light",
      "target_value": 4,
      "options": [
        "Room Size",
        "Number of Windows"
      ],
      "optionA": {
        "trial_id": "7",
        "task_id": "53",
        "values": "150.0, 1.0",
        "target_value": 4
      },
      "optionB": {
        "trial_id": "15",
        "task_id": "53",
        "values": "260.0, 5.0",
        "target_value": 9
      },
      "choice": {
        "button": "J",
        "selected_option": "OptionB"
      }
    }
  ]
}