{
  "prolific_id": "UNKNOWN",
  "condition_group": "direction",
  "responses": [
    {
      "question": 1,
      "target": "Book Knowledge Content",
      "target_value": 8,
      "options": [
        "Book Page Count",
        "Book Reading Level"
      ],
      "optionA": {
        "trial_id": "4",
        "task_id": "1",
        "values": "350.0, 6.0",
        "target_value": 8
      },
      "optionB": {
        "trial_id": "13",
        "task_id": "1",
        "values": "450.0, 5.0",
        "target_value": 10
      },
      "choice": {
        "button": "J",
        "selected_option": "OptionB"
      }
    },
    {
      "question": 2,
      "target": "Recipe difficulty",
      "target_value": 6,
      "options": [
        "Number of ingredients",
        "Prep time (minutes)"
      ],
      "optionA": {
        "trial_id": "16",
        "task_id": "60",
        "values": "5.0, 16.0",
        "target_value": 6
      },
      "optionB": {
        "trial_id": "12",
        "task_id": "60",
        "values": "6.0, 20.0",
        "target_value": 7
      },
      "choice": {
        "button": "F",
        "selected_option": "OptionA"
      }
    },
    {
      "question": 3,
      "target": "User satisfaction",
      "target_value": 16,
      "options": [
        "Screen size (inches)",
        "RAM (GB)"
      ],
      "optionA": {
        "trial_id": "20",
        "task_id": "119",
        "values": "30.0, 12.0",
        "target_value": 16
      },
      "optionB": {
        "trial_id": "16",
        "task_id": "119",
        "values": "26.0, 10.0",
        "target_value": 14
      },
      "choice": {
        "button": "F",
        "selected_option": "OptionA"
      }
    },
    {
      "question": 4,
      "target": "Exam Score (out of 100)",
      "target_value": 60,
      "options": [
        "Time Spent Studying (hours)",
        "Number of Chapters Covered"
      ],
      "optionA": {
        "trial_id": "8",
        "task_id": "94",
        "values": "4.0, 3.0",
        "target_value": 60
      },
      "optionB": {
        "trial_id": "4",
        "task_id": "94",
        "values": "3.0, 4.0",
        "target_value": 65
      },
      "choice": {
        "button": "F",
        "selected_option": "OptionA"
      }
    },
    {
      "question": 5,
      "target": "Post reach",
      "target_value": 15000,
      "options": [
        "Number of followers",
        "Engagement rate (%)"
      ],
      "optionA": {
        "trial_id": "7",
        "task_id": "92",
        "values": "2500.0, 3.0",
        "target_value": 15000
      },
      "optionB": {
        "trial_id": "7",
        "task_id": "92",
        "values": "2500.0, 3.0",
        "target_value": 15000
      },
      "choice": {
        "button": "F",
        "selected_option": "OptionA"
      }
    },
    {
      "question": 6,
      "target": "Fuel Consumption (L/100km)",
      "target_value": 13,
      "options": [
        "Speed (km/h)",
        "Weight (kg)"
      ],
      "optionA": {
        "trial_id": "19",
        "task_id": "43",
        "values": "145.0, 1900.0",
        "target_value": 13
      },
      "optionB": {
        "trial_id": "14",
        "task_id": "43",
        "values": "125.0, 1550.0",
        "target_value": 9
      },
      "choice": {
        "button": "F",
        "selected_option": "OptionA"
      }
    },
    {
      "question": 7,
      "target": "Plant Growth Rate",
      "target_value": 3.8,
      "options": [
        "Plant Height",
        "Plant Width"
      ],
      "optionA": {
        "trial_id": "13",
        "task_id": "104",
        "values": "2.2, 0.8",
        "target_value": 3.8
      },
      "optionB": {
        "trial_id": "13",
        "task_id": "104",
        "values": "2.2, 0.8",
        "target_value": 3.8
      },
      "choice": {
        "button": "F",
        "selected_option": "OptionA"
      }
    },
    {
      "question": 8,
      "target": "Recipe Complexity",
      "target_value": 5,
      "options": [
        "Recipe Servings",
        "Recipe Ingredients"
      ],
      "optionA": {
        "trial_id": "8",
        "task_id": "106",
        "values": "2.0, 7.0",
        "target_value": 5
      },
      "optionB": {
        "trial_id": "3",
        "task_id": "106",
        "values": "6.0, 12.0",
        "target_value": 8
      },
      "choice": {
        "button": "F",
        "selected_option": "OptionA"
      }
    },
    {
      "question": 9,
      "target": "Natural light",
      "target_value": 6,
      "options": [
        "Room size",
        "Window count"
      ],
      "optionA": {
        "trial_id": "11",
        "task_id": "66",
        "values": "110.0, 2.0",
        "target_value": 6
      },
      "optionB": {
        "trial_id": "14",
        "task_id": "66",
        "values": "150.0, 4.0",
        "target_value": 8
      },
      "choice": {
        "button": "J",
        "selected_option": "OptionB"
      }
    },
    {
      "question": "attention_check_9",
      "choice": "J",
      "passed": true,
      "timestamp": 1756154561458
    },
    {
      "question": 10,
      "target": "Recipe Complexity",
      "target_value": 7,
      "options": [
        "Recipe Servings",
        "Recipe Ingredients"
      ],
      "optionA": {
        "trial_id": "15",
        "task_id": "106",
        "values": "4.0, 10.0",
        "target_value": 7
      },
      "optionB": {
        "trial_id": "19",
        "task_id": "106",
        "values": "8.0, 14.0",
        "target_value": 9
      },
      "choice": {
        "button": "J",
        "selected_option": "OptionB"
      }
    },
    {
      "question": 11,
      "target": "Performance Score",
      "target_value": 92,
      "options": [
        "Hours of Practice",
        "Natural Talent (1-10)"
      ],
      "optionA": {
        "trial_id": "19",
        "task_id": "78",
        "values": "8.0, 10.0",
        "target_value": 92
      },
      "optionB": {
        "trial_id": "16",
        "task_id": "78",
        "values": "12.0, 7.0",
        "target_value": 90
      },
      "choice": {
        "button": "F",
        "selected_option": "OptionA"
      }
    },
    {
      "question": 12,
      "target": "Exam Score",
      "target_value": 70,
      "options": [
        "Student Study Time (hours)",
        "Class Attendance (%)"
      ],
      "optionA": {
        "trial_id": "1",
        "task_id": "40",
        "values": "5.0, 80.0",
        "target_value": 70
      },
      "optionB": {
        "trial_id": "14",
        "task_id": "40",
        "values": "9.0, 75.0",
        "target_value": 75
      },
      "choice": {
        "button": "F",
        "selected_option": "OptionA"
      }
    },
    {
      "question": 13,
      "target": "Phone Performance",
      "target_value": 150,
      "options": [
        "Phone RAM",
        "Phone Storage"
      ],
      "optionA": {
        "trial_id": "16",
        "task_id": "86",
        "values": "128.0, 16384.0",
        "target_value": 150
      },
      "optionB": {
        "trial_id": "14",
        "task_id": "86",
        "values": "64.0, 8192.0",
        "target_value": 140
      },
      "choice": {
        "button": "F",
        "selected_option": "OptionA"
      }
    },
    {
      "question": 14,
      "target": "Room Area (m\u00b2)",
      "target_value": 20,
      "options": [
        "Room Length (m)",
        "Room Width (m)"
      ],
      "optionA": {
        "trial_id": "16",
        "task_id": "89",
        "values": "4.0, 5.0",
        "target_value": 20
      },
      "optionB": {
        "trial_id": "11",
        "task_id": "89",
        "values": "6.0, 4.0",
        "target_value": 24
      },
      "choice": {
        "button": "J",
        "selected_option": "OptionB"
      }
    },
    {
      "question": 15,
      "target": "Fun Level",
      "target_value": 8,
      "options": [
        "Number of Players",
        "Game Duration (minutes)"
      ],
      "optionA": {
        "trial_id": "1",
        "task_id": "13",
        "values": "4.0, 60.0",
        "target_value": 8
      },
      "optionB": {
        "trial_id": "3",
        "task_id": "13",
        "values": "3.0, 50.0",
        "target_value": 7
      },
      "choice": {
        "button": "J",
        "selected_option": "OptionB"
      }
    },
    {
      "question": 16,
      "target": "Top Speed",
      "target_value": 155,
      "options": [
        "Engine Size",
        "Horsepower"
      ],
      "optionA": {
        "trial_id": "7",
        "task_id": "113",
        "values": "2.2, 130.0",
        "target_value": 155
      },
      "optionB": {
        "trial_id": "19",
        "task_id": "113",
        "values": "2.5, 140.0",
        "target_value": 160
      },
      "choice": {
        "button": "J",
        "selected_option": "OptionB"
      }
    },
    {
      "question": 17,
      "target": "Room Size",
      "target_value": 30,
      "options": [
        "Room Width",
        "Room Length"
      ],
      "optionA": {
        "trial_id": "4",
        "task_id": "109",
        "values": "5.0, 6.0",
        "target_value": 30
      },
      "optionB": {
        "trial_id": "14",
        "task_id": "109",
        "values": "6.0, 7.0",
        "target_value": 42
      },
      "choice": {
        "button": "J",
        "selected_option": "OptionB"
      }
    },
    {
      "question": 18,
      "target": "Performance Quality (on scale 1-10)",
      "target_value": 8,
      "options": [
        "Hours of Practice",
        "Musical Experience (years)"
      ],
      "optionA": {
        "trial_id": "14",
        "task_id": "17",
        "values": "110.0, 3.0",
        "target_value": 8
      },
      "optionB": {
        "trial_id": "6",
        "task_id": "17",
        "values": "100.0, 3.0",
        "target_value": 8
      },
      "choice": {
        "button": "F",
        "selected_option": "OptionA"
      }
    },
    {
      "question": 19,
      "target": "Energy Boost",
      "target_value": 8,
      "options": [
        "Coffee Caffeine Content",
        "Coffee Richness"
      ],
      "optionA": {
        "trial_id": "16",
        "task_id": "4",
        "values": "95.0, 5.0",
        "target_value": 8
      },
      "optionB": {
        "trial_id": "3",
        "task_id": "4",
        "values": "80.0, 5.0",
        "target_value": 8
      },
      "choice": {
        "button": "F",
        "selected_option": "OptionA"
      }
    },
    {
      "question": "attention_check_19",
      "choice": "F",
      "passed": true,
      "timestamp": 1756154614647
    },
    {
      "question": 20,
      "target": "Home Comfort (1-10)",
      "target_value": 7,
      "options": [
        "Number of Bedrooms",
        "Square Feet"
      ],
      "optionA": {
        "trial_id": "19",
        "task_id": "9",
        "values": "3.0, 1450.0",
        "target_value": 7
      },
      "optionB": {
        "trial_id": "18",
        "task_id": "9",
        "values": "3.0, 1150.0",
        "target_value": 5
      },
      "choice": {
        "button": "F",
        "selected_option": "OptionA"
      }
    },
    {
      "question": 21,
      "target": "Customer Satisfaction",
      "target_value": 9,
      "options": [
        "Price ($)",
        "Quality Rating (1-10)"
      ],
      "optionA": {
        "trial_id": "12",
        "task_id": "49",
        "values": "140.0, 9.0",
        "target_value": 9
      },
      "optionB": {
        "trial_id": "18",
        "task_id": "49",
        "values": "100.0, 7.0",
        "target_value": 7.5
      },
      "choice": {
        "button": "F",
        "selected_option": "OptionA"
      }
    },
    {
      "question": 22,
      "target": "Phone Battery Life",
      "target_value": 36,
      "options": [
        "Phone Battery Capacity",
        "Phone Weight"
      ],
      "optionA": {
        "trial_id": "5",
        "task_id": "108",
        "values": "5000.0, 220.0",
        "target_value": 36
      },
      "optionB": {
        "trial_id": "9",
        "task_id": "108",
        "values": "4000.0, 205.0",
        "target_value": 31
      },
      "choice": {
        "button": "F",
        "selected_option": "OptionA"
      }
    },
    {
      "question": 23,
      "target": "Enjoyment",
      "target_value": 12,
      "options": [
        "Taste rating",
        "Price"
      ],
      "optionA": {
        "trial_id": "1",
        "task_id": "26",
        "values": "8.0, 5.0",
        "target_value": 12
      },
      "optionB": {
        "trial_id": "7",
        "task_id": "26",
        "values": "4.0, 2.0",
        "target_value": 5
      },
      "choice": {
        "button": "F",
        "selected_option": "OptionA"
      }
    },
    {
      "question": 24,
      "target": "Doneness",
      "target_value": 85,
      "options": [
        "Cooking Time",
        "Size"
      ],
      "optionA": {
        "trial_id": "9",
        "task_id": "116",
        "values": "40.0, 280.0",
        "target_value": 85
      },
      "optionB": {
        "trial_id": "5",
        "task_id": "116",
        "values": "35.0, 240.0",
        "target_value": 80
      },
      "choice": {
        "button": "J",
        "selected_option": "OptionB"
      }
    },
    {
      "question": 25,
      "target": "Prep Time (min)",
      "target_value": 17,
      "options": [
        "Number of Ingredients",
        "Cooking Time (min)"
      ],
      "optionA": {
        "trial_id": "6",
        "task_id": "96",
        "values": "7.0, 25.0",
        "target_value": 17
      },
      "optionB": {
        "trial_id": "16",
        "task_id": "96",
        "values": "5.0, 28.0",
        "target_value": 19
      },
      "choice": {
        "button": "F",
        "selected_option": "OptionA"
      }
    },
    {
      "question": 26,
      "target": "Weight Loss",
      "target_value": 1,
      "options": [
        "Calories",
        "Exercise Time"
      ],
      "optionA": {
        "trial_id": "5",
        "task_id": "51",
        "values": "700.0, 10.0",
        "target_value": 1
      },
      "optionB": {
        "trial_id": "16",
        "task_id": "51",
        "values": "600.0, 60.0",
        "target_value": 2
      },
      "choice": {
        "button": "F",
        "selected_option": "OptionA"
      }
    },
    {
      "question": 27,
      "target": "Speed",
      "target_value": 130,
      "options": [
        "Car Engine Size",
        "Horsepower"
      ],
      "optionA": {
        "trial_id": "15",
        "task_id": "61",
        "values": "2.0, 160.0",
        "target_value": 130
      },
      "optionB": {
        "trial_id": "4",
        "task_id": "36",
        "values": "2.2, 210.0",
        "target_value": 140
      },
      "choice": {
        "button": "J",
        "selected_option": "OptionB"
      }
    },
    {
      "question": 28,
      "target": "Speed",
      "target_value": 120,
      "options": [
        "Car Engine Size",
        "Horsepower"
      ],
      "optionA": {
        "trial_id": "1",
        "task_id": "61",
        "values": "2.0, 150.0",
        "target_value": 120
      },
      "optionB": {
        "trial_id": "6",
        "task_id": "61",
        "values": "3.2, 190.0",
        "target_value": 165
      },
      "choice": {
        "button": "J",
        "selected_option": "OptionB"
      }
    },
    {
      "question": 29,
      "target": "Fat Burn (in grams)",
      "target_value": 14,
      "options": [
        "Exercise Time (minutes)",
        "Heart Rate (bpm)"
      ],
      "optionA": {
        "trial_id": "2",
        "task_id": "20",
        "values": "40.0, 110.0",
        "target_value": 14
      },
      "optionB": {
        "trial_id": "2",
        "task_id": "20",
        "values": "40.0, 110.0",
        "target_value": 14
      },
      "choice": {
        "button": "F",
        "selected_option": "OptionA"
      }
    },
    {
      "question": "attention_check_29",
      "choice": "J",
      "passed": true,
      "timestamp": 1756154664824
    },
    {
      "question": 30,
      "target": "Energy Boost",
      "target_value": 6,
      "options": [
        "Coffee Caffeine Content",
        "Coffee Richness"
      ],
      "optionA": {
        "trial_id": "2",
        "task_id": "4",
        "values": "90.0, 4.0",
        "target_value": 6
      },
      "optionB": {
        "trial_id": "14",
        "task_id": "4",
        "values": "80.0, 3.0",
        "target_value": 6
      },
      "choice": {
        "button": "F",
        "selected_option": "OptionA"
      }
    },
    {
      "question": 31,
      "target": "Battery Duration",
      "target_value": 17,
      "options": [
        "Phone Battery Capacity",
        "Screen Brightness"
      ],
      "optionA": {
        "trial_id": "8",
        "task_id": "63",
        "values": "4000.0, 500.0",
        "target_value": 17
      },
      "optionB": {
        "trial_id": "12",
        "task_id": "63",
        "values": "5000.0, 550.0",
        "target_value": 21
      },
      "choice": {
        "button": "J",
        "selected_option": "OptionB"
      }
    },
    {
      "question": 32,
      "target": "Performance Score (1-100)",
      "target_value": 90,
      "options": [
        "Hours of Practice",
        "Number of Lessons"
      ],
      "optionA": {
        "trial_id": "19",
        "task_id": "57",
        "values": "30.0, 12.0",
        "target_value": 90
      },
      "optionB": {
        "trial_id": "11",
        "task_id": "57",
        "values": "8.0, 4.0",
        "target_value": 60
      },
      "choice": {
        "button": "F",
        "selected_option": "OptionA"
      }
    },
    {
      "question": 33,
      "target": "House Price",
      "target_value": 360,
      "options": [
        "House Size",
        "Neighborhood Rating"
      ],
      "optionA": {
        "trial_id": "13",
        "task_id": "38",
        "values": "1900.0, 7.0",
        "target_value": 360
      },
      "optionB": {
        "trial_id": "5",
        "task_id": "38",
        "values": "1800.0, 6.0",
        "target_value": 320
      },
      "choice": {
        "button": "F",
        "selected_option": "OptionA"
      }
    },
    {
      "question": 34,
      "target": "Enjoyment",
      "target_value": 5,
      "options": [
        "Coffee price",
        "Coffee acidity"
      ],
      "optionA": {
        "trial_id": "16",
        "task_id": "101",
        "values": "2.0, 3.0",
        "target_value": 5
      },
      "optionB": {
        "trial_id": "17",
        "task_id": "101",
        "values": "0.5, 1.0",
        "target_value": 3
      },
      "choice": {
        "button": "J",
        "selected_option": "OptionB"
      }
    },
    {
      "question": 35,
      "target": "Phone Performance",
      "target_value": 90,
      "options": [
        "Phone RAM",
        "Phone Screen Size"
      ],
      "optionA": {
        "trial_id": "17",
        "task_id": "103",
        "values": "8.0, 6.4",
        "target_value": 90
      },
      "optionB": {
        "trial_id": "18",
        "task_id": "103",
        "values": "6.0, 6.1",
        "target_value": 82
      },
      "choice": {
        "button": "F",
        "selected_option": "OptionA"
      }
    },
    {
      "question": 36,
      "target": "Battery life hours",
      "target_value": 13,
      "options": [
        "Phone battery capacity",
        "Phone weight"
      ],
      "optionA": {
        "trial_id": "18",
        "task_id": "73",
        "values": "3000.0, 190.0",
        "target_value": 13
      },
      "optionB": {
        "trial_id": "3",
        "task_id": "73",
        "values": "2500.0, 170.0",
        "target_value": 10
      },
      "choice": {
        "button": "F",
        "selected_option": "OptionA"
      }
    },
    {
      "question": 37,
      "target": "House Price ($1000s)",
      "target_value": 360,
      "options": [
        "Number of Rooms",
        "Square Feet"
      ],
      "optionA": {
        "trial_id": "14",
        "task_id": "77",
        "values": "5.0, 2200.0",
        "target_value": 360
      },
      "optionB": {
        "trial_id": "11",
        "task_id": "77",
        "values": "5.0, 2100.0",
        "target_value": 350
      },
      "choice": {
        "button": "F",
        "selected_option": "OptionA"
      }
    },
    {
      "question": 38,
      "target": "Room Area (m\u00b2)",
      "target_value": 24,
      "options": [
        "Room Length (m)",
        "Room Width (m)"
      ],
      "optionA": {
        "trial_id": "13",
        "task_id": "89",
        "values": "4.0, 6.0",
        "target_value": 24
      },
      "optionB": {
        "trial_id": "6",
        "task_id": "89",
        "values": "4.0, 6.0",
        "target_value": 24
      },
      "choice": {
        "button": "F",
        "selected_option": "OptionA"
      }
    },
    {
      "question": 39,
      "target": "Home Value (thousands)",
      "target_value": 350,
      "options": [
        "House Size (sqm)",
        "Neighborhood Safety (1-10)"
      ],
      "optionA": {
        "trial_id": "15",
        "task_id": "41",
        "values": "160.0, 9.0",
        "target_value": 350
      },
      "optionB": {
        "trial_id": "8",
        "task_id": "41",
        "values": "120.0, 9.0",
        "target_value": 320
      },
      "choice": {
        "button": "F",
        "selected_option": "OptionA"
      }
    },
    {
      "question": "attention_check_39",
      "choice": "F",
      "passed": true,
      "timestamp": 1756154713085
    },
    {
      "question": 40,
      "target": "Exam Score",
      "target_value": 70,
      "options": [
        "Student Study Time (hours)",
        "Class Attendance (%)"
      ],
      "optionA": {
        "trial_id": "1",
        "task_id": "40",
        "values": "5.0, 80.0",
        "target_value": 70
      },
      "optionB": {
        "trial_id": "19",
        "task_id": "40",
        "values": "5.0, 90.0",
        "target_value": 76
      },
      "choice": {
        "button": "J",
        "selected_option": "OptionB"
      }
    },
    {
      "question": 41,
      "target": "Energy Boost",
      "target_value": 7,
      "options": [
        "Coffee Caffeine Content",
        "Coffee Richness"
      ],
      "optionA": {
        "trial_id": "18",
        "task_id": "4",
        "values": "90.0, 4.0",
        "target_value": 7
      },
      "optionB": {
        "trial_id": "16",
        "task_id": "4",
        "values": "95.0, 5.0",
        "target_value": 8
      },
      "choice": {
        "button": "J",
        "selected_option": "OptionB"
      }
    },
    {
      "question": 42,
      "target": "Durability Perception (1-10)",
      "target_value": 5,
      "options": [
        "Price ($)",
        "Warranty (years)"
      ],
      "optionA": {
        "trial_id": "6",
        "task_id": "8",
        "values": "220.0, 1.0",
        "target_value": 5
      },
      "optionB": {
        "trial_id": "4",
        "task_id": "8",
        "values": "300.0, 3.0",
        "target_value": 7
      },
      "choice": {
        "button": "J",
        "selected_option": "OptionB"
      }
    },
    {
      "question": 43,
      "target": "Light amount",
      "target_value": 9,
      "options": [
        "Room size (m2)",
        "Number of windows"
      ],
      "optionA": {
        "trial_id": "18",
        "task_id": "85",
        "values": "25.0, 4.0",
        "target_value": 9
      },
      "optionB": {
        "trial_id": "7",
        "task_id": "85",
        "values": "30.0, 3.0",
        "target_value": 8
      },
      "choice": {
        "button": "F",
        "selected_option": "OptionA"
      }
    },
    {
      "question": 44,
      "target": "Exam Score (out of 100)",
      "target_value": 80,
      "options": [
        "Time Spent Studying (hours)",
        "Number of Chapters Covered"
      ],
      "optionA": {
        "trial_id": "6",
        "task_id": "94",
        "values": "5.0, 6.0",
        "target_value": 80
      },
      "optionB": {
        "trial_id": "8",
        "task_id": "94",
        "values": "4.0, 3.0",
        "target_value": 60
      },
      "choice": {
        "button": "F",
        "selected_option": "OptionA"
      }
    },
    {
      "question": 45,
      "target": "Room Area (m\u00b2)",
      "target_value": 18,
      "options": [
        "Room Length (m)",
        "Room Width (m)"
      ],
      "optionA": {
        "trial_id": "3",
        "task_id": "89",
        "values": "3.0, 6.0",
        "target_value": 18
      },
      "optionB": {
        "trial_id": "10",
        "task_id": "89",
        "values": "3.0, 7.0",
        "target_value": 21
      },
      "choice": {
        "button": "J",
        "selected_option": "OptionB"
      }
    },
    {
      "question": 46,
      "target": "Taste Rating (1-10)",
      "target_value": 7,
      "options": [
        "Minutes of Cooking",
        "Number of Ingredients"
      ],
      "optionA": {
        "trial_id": "13",
        "task_id": "56",
        "values": "20.0, 4.0",
        "target_value": 7
      },
      "optionB": {
        "trial_id": "17",
        "task_id": "56",
        "values": "18.0, 3.0",
        "target_value": 6
      },
      "choice": {
        "button": "F",
        "selected_option": "OptionA"
      }
    },
    {
      "question": 47,
      "target": "Book Reading Time",
      "target_value": 110,
      "options": [
        "Book Thickness",
        "Book Length"
      ],
      "optionA": {
        "trial_id": "14",
        "task_id": "102",
        "values": "350.0, 170.0",
        "target_value": 110
      },
      "optionB": {
        "trial_id": "13",
        "task_id": "102",
        "values": "450.0, 190.0",
        "target_value": 130
      },
      "choice": {
        "button": "J",
        "selected_option": "OptionB"
      }
    },
    {
      "question": 48,
      "target": "Exam Score",
      "target_value": 77,
      "options": [
        "Hours of Study",
        "Difficulty Level"
      ],
      "optionA": {
        "trial_id": "12",
        "task_id": "12",
        "values": "6.0, 4.0",
        "target_value": 77
      },
      "optionB": {
        "trial_id": "14",
        "task_id": "12",
        "values": "5.0, 4.0",
        "target_value": 70
      },
      "choice": {
        "button": "F",
        "selected_option": "OptionA"
      }
    },
    {
      "question": 49,
      "target": "Exam Score",
      "target_value": 63,
      "options": [
        "Hours of Study",
        "Difficulty Level"
      ],
      "optionA": {
        "trial_id": "8",
        "task_id": "12",
        "values": "4.0, 2.0",
        "target_value": 63
      },
      "optionB": {
        "trial_id": "20",
        "task_id": "12",
        "values": "5.0, 3.0",
        "target_value": 70
      },
      "choice": {
        "button": "F",
        "selected_option": "OptionA"
      }
    },
    {
      "question": 50,
      "target": "House Price",
      "target_value": 420000,
      "options": [
        "House Size sqft",
        "House Location Rating"
      ],
      "optionA": {
        "trial_id": "16",
        "task_id": "23",
        "values": "2100.0, 8.0",
        "target_value": 420000
      },
      "optionB": {
        "trial_id": "12",
        "task_id": "23",
        "values": "2400.0, 8.0",
        "target_value": 460000
      },
      "choice": {
        "button": "J",
        "selected_option": "OptionB"
      }
    }
  ]
}