{
  "prolific_id": "UNKNOWN",
  "condition_group": "direction",
  "responses": [
    {
      "question": 1,
      "target": "Taste score",
      "target_value": 8,
      "options": [
        "Coffee strength",
        "Bean quality"
      ],
      "optionA": {
        "trial_id": "14",
        "task_id": "68",
        "values": "4.0, 7.0",
        "target_value": 8
      },
      "optionB": {
        "trial_id": "11",
        "task_id": "68",
        "values": "3.0, 7.0",
        "target_value": 7
      },
      "choice": {
        "button": "F",
        "selected_option": "OptionA"
      }
    },
    {
      "question": 2,
      "target": "Performance Quality (on scale 1-10)",
      "target_value": 8,
      "options": [
        "Hours of Practice",
        "Musical Experience (years)"
      ],
      "optionA": {
        "trial_id": "18",
        "task_id": "17",
        "values": "90.0, 4.0",
        "target_value": 8
      },
      "optionB": {
        "trial_id": "17",
        "task_id": "17",
        "values": "80.0, 5.0",
        "target_value": 9
      },
      "choice": {
        "button": "J",
        "selected_option": "OptionB"
      }
    },
    {
      "question": 3,
      "target": "House Price ($1000s)",
      "target_value": 320,
      "options": [
        "Number of Rooms",
        "Square Feet"
      ],
      "optionA": {
        "trial_id": "13",
        "task_id": "77",
        "values": "4.0, 2000.0",
        "target_value": 320
      },
      "optionB": {
        "trial_id": "20",
        "task_id": "77",
        "values": "5.0, 2300.0",
        "target_value": 370
      },
      "choice": {
        "button": "J",
        "selected_option": "OptionB"
      }
    },
    {
      "question": 4,
      "target": "Weight loss",
      "target_value": 1.2,
      "options": [
        "Exercise duration",
        "Intensity level"
      ],
      "optionA": {
        "trial_id": "11",
        "task_id": "67",
        "values": "30.0, 4.0",
        "target_value": 1.2
      },
      "optionB": {
        "trial_id": "1",
        "task_id": "67",
        "values": "30.0, 5.0",
        "target_value": 1.5
      },
      "choice": {
        "button": "J",
        "selected_option": "OptionB"
      }
    },
    {
      "question": 5,
      "target": "Book Rating",
      "target_value": 4.6,
      "options": [
        "Book Page Count",
        "Author Rating"
      ],
      "optionA": {
        "trial_id": "12",
        "task_id": "22",
        "values": "350.0, 4.7",
        "target_value": 4.6
      },
      "optionB": {
        "trial_id": "11",
        "task_id": "22",
        "values": "400.0, 4.8",
        "target_value": 4.7
      },
      "choice": {
        "button": "J",
        "selected_option": "OptionB"
      }
    },
    {
      "question": 6,
      "target": "Battery Duration",
      "target_value": 15,
      "options": [
        "Phone Battery Capacity",
        "Screen Brightness"
      ],
      "optionA": {
        "trial_id": "14",
        "task_id": "63",
        "values": "3500.0, 450.0",
        "target_value": 15
      },
      "optionB": {
        "trial_id": "10",
        "task_id": "63",
        "values": "2500.0, 300.0",
        "target_value": 10
      },
      "choice": {
        "button": "J",
        "selected_option": "OptionB"
      }
    },
    {
      "question": 7,
      "target": "Phone Performance",
      "target_value": 82,
      "options": [
        "Phone RAM",
        "Phone Screen Size"
      ],
      "optionA": {
        "trial_id": "18",
        "task_id": "103",
        "values": "6.0, 6.1",
        "target_value": 82
      },
      "optionB": {
        "trial_id": "17",
        "task_id": "103",
        "values": "8.0, 6.4",
        "target_value": 90
      },
      "choice": {
        "button": "J",
        "selected_option": "OptionB"
      }
    },
    {
      "question": 8,
      "target": "Brightness",
      "target_value": 650,
      "options": [
        "Phone Battery Capacity",
        "Screen Size"
      ],
      "optionA": {
        "trial_id": "17",
        "task_id": "37",
        "values": "3500.0, 5.0",
        "target_value": 650
      },
      "optionB": {
        "trial_id": "19",
        "task_id": "37",
        "values": "5000.0, 6.0",
        "target_value": 710
      },
      "choice": {
        "button": "J",
        "selected_option": "OptionB"
      }
    },
    {
      "question": 9,
      "target": "Bike Speed",
      "target_value": 28,
      "options": [
        "Bike Weight",
        "Bike Wheel Size"
      ],
      "optionA": {
        "trial_id": "19",
        "task_id": "107",
        "values": "14.0, 28.5",
        "target_value": 28
      },
      "optionB": {
        "trial_id": "11",
        "task_id": "107",
        "values": "12.0, 28.0",
        "target_value": 27
      },
      "choice": {
        "button": "J",
        "selected_option": "OptionB"
      }
    },
    {
      "question": "attention_check_9",
      "choice": "J",
      "passed": true,
      "timestamp": 1756720738565
    },
    {
      "question": 10,
      "target": "Growth Rate",
      "target_value": 1,
      "options": [
        "Plant Leaf Size",
        "Plant Height"
      ],
      "optionA": {
        "trial_id": "7",
        "task_id": "65",
        "values": "6.0, 30.0",
        "target_value": 1
      },
      "optionB": {
        "trial_id": "13",
        "task_id": "65",
        "values": "16.0, 80.0",
        "target_value": 6
      },
      "choice": {
        "button": "J",
        "selected_option": "OptionB"
      }
    },
    {
      "question": 11,
      "target": "Fat Burn (in grams)",
      "target_value": 19,
      "options": [
        "Exercise Time (minutes)",
        "Heart Rate (bpm)"
      ],
      "optionA": {
        "trial_id": "16",
        "task_id": "20",
        "values": "50.0, 135.0",
        "target_value": 19
      },
      "optionB": {
        "trial_id": "16",
        "task_id": "20",
        "values": "50.0, 135.0",
        "target_value": 19
      },
      "choice": {
        "button": "J",
        "selected_option": "OptionB"
      }
    },
    {
      "question": 12,
      "target": "Exercise Intensity",
      "target_value": 6,
      "options": [
        "Time to Walk (min)",
        "Number of Steps"
      ],
      "optionA": {
        "trial_id": "14",
        "task_id": "95",
        "values": "13.0, 1200.0",
        "target_value": 6
      },
      "optionB": {
        "trial_id": "17",
        "task_id": "95",
        "values": "13.0, 1300.0",
        "target_value": 6.5
      },
      "choice": {
        "button": "J",
        "selected_option": "OptionB"
      }
    },
    {
      "question": 13,
      "target": "Taste Rating (1-10)",
      "target_value": 8,
      "options": [
        "Minutes of Cooking",
        "Number of Ingredients"
      ],
      "optionA": {
        "trial_id": "14",
        "task_id": "56",
        "values": "25.0, 5.0",
        "target_value": 8
      },
      "optionB": {
        "trial_id": "12",
        "task_id": "56",
        "values": "15.0, 3.0",
        "target_value": 6
      },
      "choice": {
        "button": "F",
        "selected_option": "OptionA"
      }
    },
    {
      "question": 14,
      "target": "Energy Level",
      "target_value": 9,
      "options": [
        "Dog Size",
        "Exercise Needs"
      ],
      "optionA": {
        "trial_id": "20",
        "task_id": "88",
        "values": "35.0, 8.0",
        "target_value": 9
      },
      "optionB": {
        "trial_id": "12",
        "task_id": "88",
        "values": "35.0, 8.0",
        "target_value": 9
      },
      "choice": {
        "button": "F",
        "selected_option": "OptionA"
      }
    },
    {
      "question": 15,
      "target": "Warmth Rating",
      "target_value": 3.5,
      "options": [
        "Shirt Weight (g)",
        "Fabric Thickness (mm)"
      ],
      "optionA": {
        "trial_id": "2",
        "task_id": "31",
        "values": "180.0, 1.2",
        "target_value": 3.5
      },
      "optionB": {
        "trial_id": "15",
        "task_id": "31",
        "values": "230.0, 2.1",
        "target_value": 5.7
      },
      "choice": {
        "button": "J",
        "selected_option": "OptionB"
      }
    },
    {
      "question": 16,
      "target": "Comfort Score",
      "target_value": 8,
      "options": [
        "Price ($)",
        "Size (sqft)"
      ],
      "optionA": {
        "trial_id": "13",
        "task_id": "44",
        "values": "300000.0, 160.0",
        "target_value": 8
      },
      "optionB": {
        "trial_id": "18",
        "task_id": "44",
        "values": "300000.0, 160.0",
        "target_value": 8
      },
      "choice": {
        "button": "J",
        "selected_option": "OptionB"
      }
    },
    {
      "question": 17,
      "target": "Taste score",
      "target_value": 7,
      "options": [
        "Coffee strength",
        "Bean quality"
      ],
      "optionA": {
        "trial_id": "2",
        "task_id": "68",
        "values": "5.0, 6.0",
        "target_value": 7
      },
      "optionB": {
        "trial_id": "11",
        "task_id": "68",
        "values": "3.0, 7.0",
        "target_value": 7
      },
      "choice": {
        "button": "J",
        "selected_option": "OptionB"
      }
    },
    {
      "question": 18,
      "target": "House Price (thousands)",
      "target_value": 340,
      "options": [
        "House Size (m\u00b2)",
        "House Distance to City (km)"
      ],
      "optionA": {
        "trial_id": "17",
        "task_id": "79",
        "values": "140.0, 10.0",
        "target_value": 340
      },
      "optionB": {
        "trial_id": "16",
        "task_id": "79",
        "values": "130.0, 8.0",
        "target_value": 320
      },
      "choice": {
        "button": "J",
        "selected_option": "OptionB"
      }
    },
    {
      "question": 19,
      "target": "Fuel Consumption (L/100km)",
      "target_value": 9,
      "options": [
        "Engine Size (cc)",
        "Weight (kg)"
      ],
      "optionA": {
        "trial_id": "20",
        "task_id": "11",
        "values": "2300.0, 1400.0",
        "target_value": 9
      },
      "optionB": {
        "trial_id": "4",
        "task_id": "11",
        "values": "2100.0, 1300.0",
        "target_value": 8
      },
      "choice": {
        "button": "F",
        "selected_option": "OptionA"
      }
    },
    {
      "question": "attention_check_19",
      "choice": "F",
      "passed": true,
      "timestamp": 1756720914917
    },
    {
      "question": 20,
      "target": "Enjoyment",
      "target_value": 11,
      "options": [
        "Taste rating",
        "Price"
      ],
      "optionA": {
        "trial_id": "2",
        "task_id": "26",
        "values": "6.0, 7.0",
        "target_value": 11
      },
      "optionB": {
        "trial_id": "8",
        "task_id": "26",
        "values": "5.0, 3.0",
        "target_value": 7
      },
      "choice": {
        "button": "F",
        "selected_option": "OptionA"
      }
    },
    {
      "question": 21,
      "target": "House Price",
      "target_value": 430000,
      "options": [
        "House Size sqft",
        "House Location Rating"
      ],
      "optionA": {
        "trial_id": "4",
        "task_id": "23",
        "values": "2200.0, 8.0",
        "target_value": 430000
      },
      "optionB": {
        "trial_id": "5",
        "task_id": "23",
        "values": "1800.0, 7.0",
        "target_value": 380000
      },
      "choice": {
        "button": "F",
        "selected_option": "OptionA"
      }
    },
    {
      "question": 22,
      "target": "Comfort Score",
      "target_value": 10,
      "options": [
        "Price ($)",
        "Size (sqft)"
      ],
      "optionA": {
        "trial_id": "11",
        "task_id": "44",
        "values": "330000.0, 190.0",
        "target_value": 10
      },
      "optionB": {
        "trial_id": "9",
        "task_id": "44",
        "values": "280000.0, 140.0",
        "target_value": 7
      },
      "choice": {
        "button": "F",
        "selected_option": "OptionA"
      }
    },
    {
      "question": 23,
      "target": "Restaurant Popularity (on scale 1-10)",
      "target_value": 8,
      "options": [
        "Number of Reviews",
        "Average Rating (out of 5)"
      ],
      "optionA": {
        "trial_id": "20",
        "task_id": "19",
        "values": "270.0, 4.6",
        "target_value": 8
      },
      "optionB": {
        "trial_id": "6",
        "task_id": "19",
        "values": "250.0, 4.5",
        "target_value": 8
      },
      "choice": {
        "button": "F",
        "selected_option": "OptionA"
      }
    },
    {
      "question": 24,
      "target": "Exam Score",
      "target_value": 68,
      "options": [
        "Hours of Study",
        "Difficulty Level"
      ],
      "optionA": {
        "trial_id": "19",
        "task_id": "12",
        "values": "4.0, 4.0",
        "target_value": 68
      },
      "optionB": {
        "trial_id": "12",
        "task_id": "12",
        "values": "6.0, 4.0",
        "target_value": 77
      },
      "choice": {
        "button": "J",
        "selected_option": "OptionB"
      }
    },
    {
      "question": 25,
      "target": "Market value ($)",
      "target_value": 300000,
      "options": [
        "Number of bedrooms",
        "House size (sq ft)"
      ],
      "optionA": {
        "trial_id": "3",
        "task_id": "90",
        "values": "4.0, 1500.0",
        "target_value": 300000
      },
      "optionB": {
        "trial_id": "11",
        "task_id": "90",
        "values": "4.0, 1200.0",
        "target_value": 260000
      },
      "choice": {
        "button": "F",
        "selected_option": "OptionA"
      }
    },
    {
      "question": 26,
      "target": "Knowledge Content",
      "target_value": 7,
      "options": [
        "Book Thickness",
        "Book Reading Level"
      ],
      "optionA": {
        "trial_id": "13",
        "task_id": "6",
        "values": "32.0, 4.0",
        "target_value": 7
      },
      "optionB": {
        "trial_id": "2",
        "task_id": "6",
        "values": "28.0, 4.0",
        "target_value": 7
      },
      "choice": {
        "button": "F",
        "selected_option": "OptionA"
      }
    },
    {
      "question": 27,
      "target": "Battery Duration",
      "target_value": 16,
      "options": [
        "Phone Battery Capacity",
        "Screen Brightness"
      ],
      "optionA": {
        "trial_id": "5",
        "task_id": "63",
        "values": "4000.0, 500.0",
        "target_value": 16
      },
      "optionB": {
        "trial_id": "8",
        "task_id": "63",
        "values": "4000.0, 500.0",
        "target_value": 17
      },
      "choice": {
        "button": "F",
        "selected_option": "OptionA"
      }
    },
    {
      "question": 28,
      "target": "Phone Battery Life",
      "target_value": 28,
      "options": [
        "Phone Battery Capacity",
        "Phone Weight"
      ],
      "optionA": {
        "trial_id": "2",
        "task_id": "108",
        "values": "3500.0, 190.0",
        "target_value": 28
      },
      "optionB": {
        "trial_id": "19",
        "task_id": "108",
        "values": "4500.0, 210.0",
        "target_value": 33
      },
      "choice": {
        "button": "J",
        "selected_option": "OptionB"
      }
    },
    {
      "question": 29,
      "target": "Brightness",
      "target_value": 650,
      "options": [
        "Phone Battery Capacity",
        "Screen Size"
      ],
      "optionA": {
        "trial_id": "10",
        "task_id": "37",
        "values": "3700.0, 5.0",
        "target_value": 650
      },
      "optionB": {
        "trial_id": "18",
        "task_id": "37",
        "values": "4000.0, 4.0",
        "target_value": 630
      },
      "choice": {
        "button": "F",
        "selected_option": "OptionA"
      }
    },
    {
      "question": "attention_check_29",
      "choice": "J",
      "passed": true,
      "timestamp": 1756721014851
    },
    {
      "question": 30,
      "target": "Battery Life",
      "target_value": 15,
      "options": [
        "Battery Capacity",
        "Weight"
      ],
      "optionA": {
        "trial_id": "13",
        "task_id": "114",
        "values": "4000.0, 250.0",
        "target_value": 15
      },
      "optionB": {
        "trial_id": "4",
        "task_id": "114",
        "values": "3000.0, 200.0",
        "target_value": 12
      },
      "choice": {
        "button": "F",
        "selected_option": "OptionA"
      }
    },
    {
      "question": 31,
      "target": "Recipe Complexity",
      "target_value": 8,
      "options": [
        "Recipe Servings",
        "Recipe Ingredients"
      ],
      "optionA": {
        "trial_id": "3",
        "task_id": "106",
        "values": "6.0, 12.0",
        "target_value": 8
      },
      "optionB": {
        "trial_id": "2",
        "task_id": "106",
        "values": "3.0, 8.0",
        "target_value": 6
      },
      "choice": {
        "button": "F",
        "selected_option": "OptionA"
      }
    },
    {
      "question": 32,
      "target": "Quality",
      "target_value": 93,
      "options": [
        "Price",
        "Size"
      ],
      "optionA": {
        "trial_id": "20",
        "task_id": "110",
        "values": "160.0, 23.0",
        "target_value": 93
      },
      "optionB": {
        "trial_id": "9",
        "task_id": "110",
        "values": "110.0, 12.0",
        "target_value": 75
      },
      "choice": {
        "button": "J",
        "selected_option": "OptionB"
      }
    },
    {
      "question": 33,
      "target": "Battery Duration",
      "target_value": 13,
      "options": [
        "Phone Battery Capacity",
        "Screen Brightness"
      ],
      "optionA": {
        "trial_id": "13",
        "task_id": "63",
        "values": "3000.0, 400.0",
        "target_value": 13
      },
      "optionB": {
        "trial_id": "4",
        "task_id": "63",
        "values": "3000.0, 400.0",
        "target_value": 12
      },
      "choice": {
        "button": "F",
        "selected_option": "OptionA"
      }
    },
    {
      "question": 34,
      "target": "Bike Speed",
      "target_value": 28,
      "options": [
        "Bike Weight",
        "Bike Wheel Size"
      ],
      "optionA": {
        "trial_id": "3",
        "task_id": "107",
        "values": "12.0, 29.0",
        "target_value": 28
      },
      "optionB": {
        "trial_id": "5",
        "task_id": "107",
        "values": "14.0, 29.5",
        "target_value": 30
      },
      "choice": {
        "button": "J",
        "selected_option": "OptionB"
      }
    },
    {
      "question": 35,
      "target": "Battery Life",
      "target_value": 13,
      "options": [
        "Battery Capacity",
        "Weight"
      ],
      "optionA": {
        "trial_id": "12",
        "task_id": "114",
        "values": "3500.0, 220.0",
        "target_value": 13
      },
      "optionB": {
        "trial_id": "5",
        "task_id": "114",
        "values": "4000.0, 250.0",
        "target_value": 15
      },
      "choice": {
        "button": "J",
        "selected_option": "OptionB"
      }
    },
    {
      "question": 36,
      "target": "User satisfaction",
      "target_value": 14,
      "options": [
        "Screen size (inches)",
        "RAM (GB)"
      ],
      "optionA": {
        "trial_id": "16",
        "task_id": "119",
        "values": "26.0, 10.0",
        "target_value": 14
      },
      "optionB": {
        "trial_id": "7",
        "task_id": "119",
        "values": "16.0, 5.0",
        "target_value": 9
      },
      "choice": {
        "button": "F",
        "selected_option": "OptionA"
      }
    },
    {
      "question": 37,
      "target": "Speed (km/h)",
      "target_value": 197,
      "options": [
        "Engine Horsepower",
        "Weight (kg)"
      ],
      "optionA": {
        "trial_id": "16",
        "task_id": "47",
        "values": "230.0, 1550.0",
        "target_value": 197
      },
      "optionB": {
        "trial_id": "12",
        "task_id": "47",
        "values": "240.0, 1600.0",
        "target_value": 200
      },
      "choice": {
        "button": "J",
        "selected_option": "OptionB"
      }
    },
    {
      "question": 38,
      "target": "Prep Time (min)",
      "target_value": 21,
      "options": [
        "Number of Ingredients",
        "Cooking Time (min)"
      ],
      "optionA": {
        "trial_id": "8",
        "task_id": "96",
        "values": "6.0, 30.0",
        "target_value": 21
      },
      "optionB": {
        "trial_id": "12",
        "task_id": "96",
        "values": "11.0, 34.0",
        "target_value": 24
      },
      "choice": {
        "button": "J",
        "selected_option": "OptionB"
      }
    },
    {
      "question": 39,
      "target": "Jump Height",
      "target_value": 75,
      "options": [
        "Height",
        "Arm Length"
      ],
      "optionA": {
        "trial_id": "3",
        "task_id": "115",
        "values": "170.0, 65.0",
        "target_value": 75
      },
      "optionB": {
        "trial_id": "16",
        "task_id": "115",
        "values": "180.0, 68.0",
        "target_value": 78
      },
      "choice": {
        "button": "J",
        "selected_option": "OptionB"
      }
    },
    {
      "question": "attention_check_39",
      "choice": "F",
      "passed": true,
      "timestamp": 1756721152356
    },
    {
      "question": 40,
      "target": "Natural Light (on scale 1-10)",
      "target_value": 7,
      "options": [
        "Room Area (m2)",
        "Number of Windows"
      ],
      "optionA": {
        "trial_id": "1",
        "task_id": "15",
        "values": "20.0, 3.0",
        "target_value": 7
      },
      "optionB": {
        "trial_id": "18",
        "task_id": "15",
        "values": "24.0, 3.0",
        "target_value": 7
      },
      "choice": {
        "button": "F",
        "selected_option": "OptionA"
      }
    },
    {
      "question": 41,
      "target": "Bike Speed",
      "target_value": 26,
      "options": [
        "Bike Weight",
        "Bike Wheel Size"
      ],
      "optionA": {
        "trial_id": "20",
        "task_id": "107",
        "values": "16.0, 28.0",
        "target_value": 26
      },
      "optionB": {
        "trial_id": "1",
        "task_id": "107",
        "values": "10.0, 27.5",
        "target_value": 25
      },
      "choice": {
        "button": "F",
        "selected_option": "OptionA"
      }
    },
    {
      "question": 42,
      "target": "Performance",
      "target_value": 8.1,
      "options": [
        "Skill Level",
        "Practice Time"
      ],
      "optionA": {
        "trial_id": "5",
        "task_id": "100",
        "values": "8.0, 8.0",
        "target_value": 8.1
      },
      "optionB": {
        "trial_id": "6",
        "task_id": "100",
        "values": "7.0, 14.0",
        "target_value": 8.3
      },
      "choice": {
        "button": "J",
        "selected_option": "OptionB"
      }
    },
    {
      "question": 43,
      "target": "Satiety (on scale 1-10)",
      "target_value": 7,
      "options": [
        "Number of Calories",
        "Protein (g)"
      ],
      "optionA": {
        "trial_id": "7",
        "task_id": "16",
        "values": "250.0, 14.0",
        "target_value": 7
      },
      "optionB": {
        "trial_id": "2",
        "task_id": "16",
        "values": "300.0, 15.0",
        "target_value": 8
      },
      "choice": {
        "button": "J",
        "selected_option": "OptionB"
      }
    },
    {
      "question": 44,
      "target": "Book Reading Time",
      "target_value": 180,
      "options": [
        "Book Thickness",
        "Book Length"
      ],
      "optionA": {
        "trial_id": "5",
        "task_id": "102",
        "values": "700.0, 240.0",
        "target_value": 180
      },
      "optionB": {
        "trial_id": "15",
        "task_id": "102",
        "values": "700.0, 250.0",
        "target_value": 185
      },
      "choice": {
        "button": "J",
        "selected_option": "OptionB"
      }
    },
    {
      "question": 45,
      "target": "Movie enjoyment",
      "target_value": 5.5,
      "options": [
        "Movie runtime",
        "Movie rating"
      ],
      "optionA": {
        "trial_id": "6",
        "task_id": "75",
        "values": "100.0, 6.0",
        "target_value": 5.5
      },
      "optionB": {
        "trial_id": "12",
        "task_id": "75",
        "values": "130.0, 8.0",
        "target_value": 8.5
      },
      "choice": {
        "button": "J",
        "selected_option": "OptionB"
      }
    },
    {
      "question": 46,
      "target": "Battery life",
      "target_value": 13,
      "options": [
        "Phone battery",
        "Screen size"
      ],
      "optionA": {
        "trial_id": "17",
        "task_id": "69",
        "values": "4000.0, 6.0",
        "target_value": 13
      },
      "optionB": {
        "trial_id": "4",
        "task_id": "69",
        "values": "3500.0, 5.0",
        "target_value": 11
      },
      "choice": {
        "button": "F",
        "selected_option": "OptionA"
      }
    },
    {
      "question": 47,
      "target": "Fuel Consumption (L/100km)",
      "target_value": 8,
      "options": [
        "Speed (km/h)",
        "Weight (kg)"
      ],
      "optionA": {
        "trial_id": "6",
        "task_id": "43",
        "values": "100.0, 1500.0",
        "target_value": 8
      },
      "optionB": {
        "trial_id": "14",
        "task_id": "43",
        "values": "125.0, 1550.0",
        "target_value": 9
      },
      "choice": {
        "button": "J",
        "selected_option": "OptionB"
      }
    },
    {
      "question": 48,
      "target": "Time to destination (hours)",
      "target_value": 0.35,
      "options": [
        "Distance (miles)",
        "Speed (mph)"
      ],
      "optionA": {
        "trial_id": "4",
        "task_id": "118",
        "values": "14.0, 40.0",
        "target_value": 0.35
      },
      "optionB": {
        "trial_id": "7",
        "task_id": "118",
        "values": "16.0, 45.0",
        "target_value": 0.36
      },
      "choice": {
        "button": "J",
        "selected_option": "OptionB"
      }
    },
    {
      "question": 49,
      "target": "Post reach",
      "target_value": 16000,
      "options": [
        "Number of followers",
        "Engagement rate (%)"
      ],
      "optionA": {
        "trial_id": "2",
        "task_id": "92",
        "values": "2000.0, 3.0",
        "target_value": 16000
      },
      "optionB": {
        "trial_id": "5",
        "task_id": "92",
        "values": "1500.0, 6.0",
        "target_value": 18000
      },
      "choice": {
        "button": "J",
        "selected_option": "OptionB"
      }
    },
    {
      "question": 50,
      "target": "Taste score",
      "target_value": 8,
      "options": [
        "Coffee strength",
        "Bean quality"
      ],
      "optionA": {
        "trial_id": "4",
        "task_id": "68",
        "values": "4.0, 8.0",
        "target_value": 8
      },
      "optionB": {
        "trial_id": "9",
        "task_id": "68",
        "values": "4.0, 6.0",
        "target_value": 7
      },
      "choice": {
        "button": "F",
        "selected_option": "OptionA"
      }
    }
  ]
}