{
  "prolific_id": "UNKNOWN",
  "condition_group": "ranking",
  "responses": [
    {
      "question": 1,
      "target": "Distance Traveled",
      "target_value": 625,
      "options": [
        "Speed",
        "Comfort"
      ],
      "optionA": {
        "trial_id": "16",
        "task_id": "129",
        "values": "125.0, 1.0",
        "target_value": 625
      },
      "optionB": {
        "trial_id": "4",
        "task_id": "129",
        "values": "65.0, 7.0",
        "target_value": 325
      },
      "choice": {
        "button": "F",
        "selected_option": "OptionA"
      }
    },
    {
      "question": 2,
      "target": "Maximum heart rate (bpm)",
      "target_value": 160,
      "options": [
        "Age (years)",
        "Height (cm)"
      ],
      "optionA": {
        "trial_id": "2",
        "task_id": "52",
        "values": "40.0, 180",
        "target_value": 160
      },
      "optionB": {
        "trial_id": "1",
        "task_id": "52",
        "values": "25.0, 170",
        "target_value": 190
      },
      "choice": {
        "button": "J",
        "selected_option": "OptionB"
      }
    },
    {
      "question": 3,
      "target": "Exam score (%)",
      "target_value": 65,
      "options": [
        "Time spent studying (hours)",
        "Number of breaks (times)"
      ],
      "optionA": {
        "trial_id": "13",
        "task_id": "139",
        "values": "4.0, 5",
        "target_value": 65
      },
      "optionB": {
        "trial_id": "2",
        "task_id": "89",
        "values": "2.0, 3",
        "target_value": 70
      },
      "choice": {
        "button": "F",
        "selected_option": "OptionA"
      }
    },
    {
      "question": 4,
      "target": "Speed",
      "target_value": 9,
      "options": [
        "Bike Weight",
        "Bike Tire Size"
      ],
      "optionA": {
        "trial_id": "12",
        "task_id": "172",
        "values": "20.0, 3",
        "target_value": 9
      },
      "optionB": {
        "trial_id": "9",
        "task_id": "172",
        "values": "18.0, 2",
        "target_value": 11
      },
      "choice": {
        "button": "F",
        "selected_option": "OptionA"
      }
    },
    {
      "question": 5,
      "target": "Bicycle Speed",
      "target_value": 23,
      "options": [
        "Bicycle Weight",
        "Bicycle Price"
      ],
      "optionA": {
        "trial_id": "5",
        "task_id": "39",
        "values": "14.0, 460",
        "target_value": 23
      },
      "optionB": {
        "trial_id": "2",
        "task_id": "39",
        "values": "12.0, 450",
        "target_value": 20
      },
      "choice": {
        "button": "J",
        "selected_option": "OptionB"
      }
    },
    {
      "question": 6,
      "target": "Value for Money",
      "target_value": 42,
      "options": [
        "Price",
        "Weight"
      ],
      "optionA": {
        "trial_id": "7",
        "task_id": "20",
        "values": "90.0, 2.5",
        "target_value": 42
      },
      "optionB": {
        "trial_id": "12",
        "task_id": "20",
        "values": "110.0, 2.0",
        "target_value": 37
      },
      "choice": {
        "button": "J",
        "selected_option": "OptionB"
      }
    },
    {
      "question": 7,
      "target": "Favorability",
      "target_value": 5,
      "options": [
        "Coffee strength",
        "Coffee cream"
      ],
      "optionA": {
        "trial_id": "16",
        "task_id": "57",
        "values": "6.0, 0.4",
        "target_value": 5
      },
      "optionB": {
        "trial_id": "1",
        "task_id": "57",
        "values": "8.0, 0.5",
        "target_value": 7
      },
      "choice": {
        "button": "J",
        "selected_option": "OptionB"
      }
    },
    {
      "question": 8,
      "target": "Taste Rating (scale 1-10)",
      "target_value": 7,
      "options": [
        "Number of Ingredients",
        "Cooking Time (minutes)"
      ],
      "optionA": {
        "trial_id": "1",
        "task_id": "167",
        "values": "10.0, 30",
        "target_value": 7
      },
      "optionB": {
        "trial_id": "5",
        "task_id": "167",
        "values": "12.0, 45",
        "target_value": 6
      },
      "choice": {
        "button": "J",
        "selected_option": "OptionB"
      }
    },
    {
      "question": 9,
      "target": "Health index",
      "target_value": 80,
      "options": [
        "Age",
        "Exercise hours"
      ],
      "optionA": {
        "trial_id": "16",
        "task_id": "82",
        "values": "50.0, 2",
        "target_value": 80
      },
      "optionB": {
        "trial_id": "15",
        "task_id": "82",
        "values": "55.0, 1",
        "target_value": 75
      },
      "choice": {
        "button": "F",
        "selected_option": "OptionA"
      }
    },
    {
      "question": "attention_check_9",
      "choice": "J",
      "passed": true,
      "timestamp": 1756154532386
    },
    {
      "question": 10,
      "target": "Health index",
      "target_value": 85,
      "options": [
        "Age",
        "Exercise hours"
      ],
      "optionA": {
        "trial_id": "11",
        "task_id": "82",
        "values": "45.0, 2",
        "target_value": 85
      },
      "optionB": {
        "trial_id": "17",
        "task_id": "77",
        "values": "30.0, 6",
        "target_value": 65
      },
      "choice": {
        "button": "F",
        "selected_option": "OptionA"
      }
    },
    {
      "question": 11,
      "target": "Training time",
      "target_value": 26,
      "options": [
        "Dog weight",
        "Dog breed"
      ],
      "optionA": {
        "trial_id": "13",
        "task_id": "59",
        "values": "17.0, 3.0",
        "target_value": 26
      },
      "optionB": {
        "trial_id": "17",
        "task_id": "59",
        "values": "14.0, 2.0",
        "target_value": 24
      },
      "choice": {
        "button": "J",
        "selected_option": "OptionB"
      }
    },
    {
      "question": 12,
      "target": "Comfort",
      "target_value": 8,
      "options": [
        "Age",
        "Size"
      ],
      "optionA": {
        "trial_id": "16",
        "task_id": "66",
        "values": "3.0, 25",
        "target_value": 8
      },
      "optionB": {
        "trial_id": "12",
        "task_id": "66",
        "values": "10.0, 30",
        "target_value": 6
      },
      "choice": {
        "button": "J",
        "selected_option": "OptionB"
      }
    },
    {
      "question": 13,
      "target": "House Price",
      "target_value": 350000,
      "options": [
        "House Square Feet",
        "House Age"
      ],
      "optionA": {
        "trial_id": "4",
        "task_id": "9",
        "values": "2000.0, 10",
        "target_value": 350000
      },
      "optionB": {
        "trial_id": "7",
        "task_id": "9",
        "values": "1600.0, 20",
        "target_value": 280000
      },
      "choice": {
        "button": "F",
        "selected_option": "OptionA"
      }
    },
    {
      "question": 14,
      "target": "Reading time (hours)",
      "target_value": 5.8,
      "options": [
        "Book pages",
        "Book weight (g)"
      ],
      "optionA": {
        "trial_id": "13",
        "task_id": "114",
        "values": "480.0, 350",
        "target_value": 5.8
      },
      "optionB": {
        "trial_id": "8",
        "task_id": "114",
        "values": "350.0, 380",
        "target_value": 4.7
      },
      "choice": {
        "button": "F",
        "selected_option": "OptionA"
      }
    },
    {
      "question": 15,
      "target": "Flower size (cm)",
      "target_value": 3.8,
      "options": [
        "Plant height (cm)",
        "Plant age (months)"
      ],
      "optionA": {
        "trial_id": "10",
        "task_id": "146",
        "values": "37.0, 7",
        "target_value": 3.8
      },
      "optionB": {
        "trial_id": "5",
        "task_id": "146",
        "values": "28.0, 5",
        "target_value": 5.5
      },
      "choice": {
        "button": "F",
        "selected_option": "OptionA"
      }
    },
    {
      "question": 16,
      "target": "Portability",
      "target_value": 8,
      "options": [
        "Battery Life",
        "Weight"
      ],
      "optionA": {
        "trial_id": "12",
        "task_id": "68",
        "values": "22.0, 500",
        "target_value": 8
      },
      "optionB": {
        "trial_id": "1",
        "task_id": "68",
        "values": "24.0, 500",
        "target_value": 8
      },
      "choice": {
        "button": "J",
        "selected_option": "OptionB"
      }
    },
    {
      "question": 17,
      "target": "Morning Alertness",
      "target_value": 8,
      "options": [
        "Hours of Sleep",
        "Number of Alarms"
      ],
      "optionA": {
        "trial_id": "1",
        "task_id": "160",
        "values": "7.0, 1",
        "target_value": 8
      },
      "optionB": {
        "trial_id": "17",
        "task_id": "160",
        "values": "9.0, 1",
        "target_value": 9
      },
      "choice": {
        "button": "J",
        "selected_option": "OptionB"
      }
    },
    {
      "question": 18,
      "target": "Deliciousness",
      "target_value": 7,
      "options": [
        "Cooking Time",
        "Ingredients"
      ],
      "optionA": {
        "trial_id": "1",
        "task_id": "65",
        "values": "30.0, 5",
        "target_value": 7
      },
      "optionB": {
        "trial_id": "17",
        "task_id": "19",
        "values": "40.0, 4.0",
        "target_value": 6
      },
      "choice": {
        "button": "F",
        "selected_option": "OptionA"
      }
    },
    {
      "question": 19,
      "target": "Taste Rating",
      "target_value": 7,
      "options": [
        "Number of Ingredients",
        "Prep Time (min)"
      ],
      "optionA": {
        "trial_id": "11",
        "task_id": "148",
        "values": "6.0, 25.0",
        "target_value": 7
      },
      "optionB": {
        "trial_id": "14",
        "task_id": "148",
        "values": "5.0, 25.0",
        "target_value": 8
      },
      "choice": {
        "button": "F",
        "selected_option": "OptionA"
      }
    },
    {
      "question": "attention_check_19",
      "choice": "F",
      "passed": true,
      "timestamp": 1756154601864
    },
    {
      "question": 20,
      "target": "Nutritional Value",
      "target_value": 65,
      "options": [
        "Weight",
        "Calories"
      ],
      "optionA": {
        "trial_id": "2",
        "task_id": "136",
        "values": "120.0, 130.0",
        "target_value": 65
      },
      "optionB": {
        "trial_id": "5",
        "task_id": "136",
        "values": "150.0, 200.0",
        "target_value": 50
      },
      "choice": {
        "button": "J",
        "selected_option": "OptionB"
      }
    },
    {
      "question": 21,
      "target": "Garden yield (lbs)",
      "target_value": 25,
      "options": [
        "Amount of rainfall (inches)",
        "Soil type (1=clay, 2=sandy)"
      ],
      "optionA": {
        "trial_id": "8",
        "task_id": "142",
        "values": "3.0, 1",
        "target_value": 25
      },
      "optionB": {
        "trial_id": "8",
        "task_id": "142",
        "values": "3.0, 1",
        "target_value": 25
      },
      "choice": {
        "button": "J",
        "selected_option": "OptionB"
      }
    },
    {
      "question": 22,
      "target": "Energy boost",
      "target_value": 85,
      "options": [
        "Coffee strength",
        "Caffeine content"
      ],
      "optionA": {
        "trial_id": "15",
        "task_id": "85",
        "values": "2.0, 110",
        "target_value": 85
      },
      "optionB": {
        "trial_id": "15",
        "task_id": "85",
        "values": "2.0, 110",
        "target_value": 85
      },
      "choice": {
        "button": "F",
        "selected_option": "OptionA"
      }
    },
    {
      "question": 23,
      "target": "House price ($)",
      "target_value": 260000,
      "options": [
        "House size (sq ft)",
        "House age (years)"
      ],
      "optionA": {
        "trial_id": "10",
        "task_id": "155",
        "values": "2500.0, 24.0",
        "target_value": 260000
      },
      "optionB": {
        "trial_id": "1",
        "task_id": "155",
        "values": "2000.0, 10.0",
        "target_value": 300000
      },
      "choice": {
        "button": "J",
        "selected_option": "OptionB"
      }
    },
    {
      "question": 24,
      "target": "Student Exam Score",
      "target_value": 92,
      "options": [
        "Student Study Hours",
        "Student Distractions"
      ],
      "optionA": {
        "trial_id": "18",
        "task_id": "8",
        "values": "16.0, 0",
        "target_value": 92
      },
      "optionB": {
        "trial_id": "10",
        "task_id": "8",
        "values": "4.0, 6",
        "target_value": 72
      },
      "choice": {
        "button": "F",
        "selected_option": "OptionA"
      }
    },
    {
      "question": 25,
      "target": "House price ($)",
      "target_value": 300000,
      "options": [
        "House size (sq ft)",
        "House age (years)"
      ],
      "optionA": {
        "trial_id": "9",
        "task_id": "155",
        "values": "2100.0, 14.0",
        "target_value": 300000
      },
      "optionB": {
        "trial_id": "8",
        "task_id": "155",
        "values": "2300.0, 18.0",
        "target_value": 250000
      },
      "choice": {
        "button": "J",
        "selected_option": "OptionB"
      }
    },
    {
      "question": 26,
      "target": "Reliability",
      "target_value": 80,
      "options": [
        "Car age",
        "Maintenance cost"
      ],
      "optionA": {
        "trial_id": "13",
        "task_id": "83",
        "values": "4.0, 1400",
        "target_value": 80
      },
      "optionB": {
        "trial_id": "16",
        "task_id": "83",
        "values": "6.0, 1200",
        "target_value": 70
      },
      "choice": {
        "button": "F",
        "selected_option": "OptionA"
      }
    },
    {
      "question": 27,
      "target": "Battery Life",
      "target_value": 20,
      "options": [
        "Phone Battery Capacity",
        "Screen Size"
      ],
      "optionA": {
        "trial_id": "4",
        "task_id": "28",
        "values": "4500.0, 6.7",
        "target_value": 20
      },
      "optionB": {
        "trial_id": "5",
        "task_id": "28",
        "values": "3500.0, 6.0",
        "target_value": 16
      },
      "choice": {
        "button": "F",
        "selected_option": "OptionA"
      }
    },
    {
      "question": 28,
      "target": "Taste Rating",
      "target_value": 7,
      "options": [
        "Number of Ingredients",
        "Prep Time (min)"
      ],
      "optionA": {
        "trial_id": "19",
        "task_id": "148",
        "values": "6.0, 25.0",
        "target_value": 7
      },
      "optionB": {
        "trial_id": "4",
        "task_id": "148",
        "values": "5.0, 25.0",
        "target_value": 8
      },
      "choice": {
        "button": "F",
        "selected_option": "OptionA"
      }
    },
    {
      "question": 29,
      "target": "Physical Endurance",
      "target_value": 9,
      "options": [
        "Age",
        "Height"
      ],
      "optionA": {
        "trial_id": "6",
        "task_id": "135",
        "values": "20.0, 160.0",
        "target_value": 9
      },
      "optionB": {
        "trial_id": "16",
        "task_id": "135",
        "values": "55.0, 175.0",
        "target_value": 4.5
      },
      "choice": {
        "button": "F",
        "selected_option": "OptionA"
      }
    },
    {
      "question": "attention_check_29",
      "choice": "J",
      "passed": true,
      "timestamp": 1756154670992
    },
    {
      "question": 30,
      "target": "Time to Destination (hours)",
      "target_value": 1.8,
      "options": [
        "Car Speed (mph)",
        "Fuel Efficiency (mpg)"
      ],
      "optionA": {
        "trial_id": "11",
        "task_id": "32",
        "values": "65.0, 28.0",
        "target_value": 1.8
      },
      "optionB": {
        "trial_id": "1",
        "task_id": "32",
        "values": "60.0, 30.0",
        "target_value": 2
      },
      "choice": {
        "button": "J",
        "selected_option": "OptionB"
      }
    },
    {
      "question": 31,
      "target": "House Price",
      "target_value": 340,
      "options": [
        "House Size",
        "Housing Age"
      ],
      "optionA": {
        "trial_id": "11",
        "task_id": "99",
        "values": "220.0, 10",
        "target_value": 340
      },
      "optionB": {
        "trial_id": "3",
        "task_id": "99",
        "values": "200.0, 8",
        "target_value": 350
      },
      "choice": {
        "button": "F",
        "selected_option": "OptionA"
      }
    },
    {
      "question": 32,
      "target": "Exam score (%)",
      "target_value": 85,
      "options": [
        "Student study hours per week",
        "Student age (years)"
      ],
      "optionA": {
        "trial_id": "19",
        "task_id": "144",
        "values": "9.0, 15",
        "target_value": 85
      },
      "optionB": {
        "trial_id": "7",
        "task_id": "144",
        "values": "6.0, 15",
        "target_value": 75
      },
      "choice": {
        "button": "F",
        "selected_option": "OptionA"
      }
    },
    {
      "question": 33,
      "target": "Usage Time",
      "target_value": 11,
      "options": [
        "Battery Capacity",
        "Weight"
      ],
      "optionA": {
        "trial_id": "9",
        "task_id": "22",
        "values": "3500.0, 240.0",
        "target_value": 11
      },
      "optionB": {
        "trial_id": "16",
        "task_id": "22",
        "values": "4400.0, 220.0",
        "target_value": 12
      },
      "choice": {
        "button": "J",
        "selected_option": "OptionB"
      }
    },
    {
      "question": 34,
      "target": "Strength",
      "target_value": 7,
      "options": [
        "Tea leaves (g)",
        "Water temperature (\u00b0C)"
      ],
      "optionA": {
        "trial_id": "19",
        "task_id": "120",
        "values": "6.0, 86",
        "target_value": 7
      },
      "optionB": {
        "trial_id": "13",
        "task_id": "120",
        "values": "4.0, 98",
        "target_value": 9
      },
      "choice": {
        "button": "F",
        "selected_option": "OptionA"
      }
    },
    {
      "question": 35,
      "target": "Cooking Time (minutes)",
      "target_value": 14,
      "options": [
        "Number of Ingredients",
        "Prep Time (minutes)"
      ],
      "optionA": {
        "trial_id": "11",
        "task_id": "26",
        "values": "4.0, 8.0",
        "target_value": 14
      },
      "optionB": {
        "trial_id": "3",
        "task_id": "26",
        "values": "8.0, 15.0",
        "target_value": 18
      },
      "choice": {
        "button": "J",
        "selected_option": "OptionB"
      }
    },
    {
      "question": 36,
      "target": "Battery life (hours)",
      "target_value": 7.2,
      "options": [
        "Laptop weight (kg)",
        "Screen size (inches)"
      ],
      "optionA": {
        "trial_id": "9",
        "task_id": "118",
        "values": "1.8, 12",
        "target_value": 7.2
      },
      "optionB": {
        "trial_id": "10",
        "task_id": "118",
        "values": "1.6, 13",
        "target_value": 6.7
      },
      "choice": {
        "button": "F",
        "selected_option": "OptionA"
      }
    },
    {
      "question": 37,
      "target": "Fuel Efficiency (km/L)",
      "target_value": 12,
      "options": [
        "Car Weight (kg)",
        "Engine Power (hp)"
      ],
      "optionA": {
        "trial_id": "17",
        "task_id": "3",
        "values": "1500.0, 140",
        "target_value": 12
      },
      "optionB": {
        "trial_id": "19",
        "task_id": "3",
        "values": "1400.0, 150",
        "target_value": 11
      },
      "choice": {
        "button": "J",
        "selected_option": "OptionB"
      }
    },
    {
      "question": 38,
      "target": "Wait Time (minutes)",
      "target_value": 30,
      "options": [
        "Restaurant Size",
        "Restaurant Reviews"
      ],
      "optionA": {
        "trial_id": "1",
        "task_id": "74",
        "values": "100.0, 4.5",
        "target_value": 30
      },
      "optionB": {
        "trial_id": "6",
        "task_id": "74",
        "values": "130.0, 4.3",
        "target_value": 33
      },
      "choice": {
        "button": "F",
        "selected_option": "OptionA"
      }
    },
    {
      "question": 39,
      "target": "Exam score",
      "target_value": 82,
      "options": [
        "Study hours",
        "Intelligence score"
      ],
      "optionA": {
        "trial_id": "2",
        "task_id": "122",
        "values": "4.0, 80.0",
        "target_value": 82
      },
      "optionB": {
        "trial_id": "10",
        "task_id": "122",
        "values": "2.0, 100.0",
        "target_value": 69
      },
      "choice": {
        "button": "J",
        "selected_option": "OptionB"
      }
    },
    {
      "question": "attention_check_39",
      "choice": "F",
      "passed": true,
      "timestamp": 1756154747772
    },
    {
      "question": 40,
      "target": "Test Score",
      "target_value": 70,
      "options": [
        "Student Study Time",
        "Student Distractions"
      ],
      "optionA": {
        "trial_id": "11",
        "task_id": "72",
        "values": "4.0, 9.0",
        "target_value": 70
      },
      "optionB": {
        "trial_id": "11",
        "task_id": "72",
        "values": "4.0, 9.0",
        "target_value": 70
      },
      "choice": {
        "button": "F",
        "selected_option": "OptionA"
      }
    },
    {
      "question": 41,
      "target": "Taste Rating",
      "target_value": 7,
      "options": [
        "Number of Ingredients",
        "Prep Time (min)"
      ],
      "optionA": {
        "trial_id": "10",
        "task_id": "148",
        "values": "6.0, 30.0",
        "target_value": 7
      },
      "optionB": {
        "trial_id": "8",
        "task_id": "148",
        "values": "4.0, 20.0",
        "target_value": 9
      },
      "choice": {
        "button": "F",
        "selected_option": "OptionA"
      }
    },
    {
      "question": 42,
      "target": "Exam Score",
      "target_value": 88,
      "options": [
        "Student Study Time",
        "Time Spent on Social Media"
      ],
      "optionA": {
        "trial_id": "15",
        "task_id": "79",
        "values": "6.0, 1",
        "target_value": 88
      },
      "optionB": {
        "trial_id": "19",
        "task_id": "79",
        "values": "5.0, 2",
        "target_value": 83
      },
      "choice": {
        "button": "F",
        "selected_option": "OptionA"
      }
    },
    {
      "question": 43,
      "target": "Fuel Efficiency",
      "target_value": 29,
      "options": [
        "Car Engine Size",
        "Car Weight"
      ],
      "optionA": {
        "trial_id": "17",
        "task_id": "168",
        "values": "2.4, 3400",
        "target_value": 29
      },
      "optionB": {
        "trial_id": "1",
        "task_id": "168",
        "values": "2.0, 3500",
        "target_value": 30
      },
      "choice": {
        "button": "J",
        "selected_option": "OptionB"
      }
    },
    {
      "question": 44,
      "target": "Battery Life (hours)",
      "target_value": 14,
      "options": [
        "Phone RAM (GB)",
        "Screen Size (inches)"
      ],
      "optionA": {
        "trial_id": "11",
        "task_id": "104",
        "values": "2.0, 5.8",
        "target_value": 14
      },
      "optionB": {
        "trial_id": "3",
        "task_id": "104",
        "values": "6.0, 6.2",
        "target_value": 20
      },
      "choice": {
        "button": "F",
        "selected_option": "OptionA"
      }
    },
    {
      "question": 45,
      "target": "Car speed (mph)",
      "target_value": 95,
      "options": [
        "Engine power (hp)",
        "Weight (kg)"
      ],
      "optionA": {
        "trial_id": "4",
        "task_id": "90",
        "values": "140.0, 1500",
        "target_value": 95
      },
      "optionB": {
        "trial_id": "6",
        "task_id": "90",
        "values": "130.0, 1600",
        "target_value": 85
      },
      "choice": {
        "button": "J",
        "selected_option": "OptionB"
      }
    },
    {
      "question": 46,
      "target": "Battery Life",
      "target_value": 26,
      "options": [
        "Phone Battery Capacity",
        "Phone Weight"
      ],
      "optionA": {
        "trial_id": "10",
        "task_id": "171",
        "values": "7000.0, 200",
        "target_value": 26
      },
      "optionB": {
        "trial_id": "13",
        "task_id": "171",
        "values": "9000.0, 180",
        "target_value": 36
      },
      "choice": {
        "button": "J",
        "selected_option": "OptionB"
      }
    },
    {
      "question": 47,
      "target": "Exam Score",
      "target_value": 90,
      "options": [
        "Study Time",
        "Coffee Consumption"
      ],
      "optionA": {
        "trial_id": "7",
        "task_id": "14",
        "values": "7.0, 1",
        "target_value": 90
      },
      "optionB": {
        "trial_id": "9",
        "task_id": "14",
        "values": "4.0, 5",
        "target_value": 78
      },
      "choice": {
        "button": "F",
        "selected_option": "OptionA"
      }
    },
    {
      "question": 48,
      "target": "Heart Health Score",
      "target_value": 83,
      "options": [
        "Age (years)",
        "Exercise Frequency"
      ],
      "optionA": {
        "trial_id": "16",
        "task_id": "149",
        "values": "44.0, 6.0",
        "target_value": 83
      },
      "optionB": {
        "trial_id": "7",
        "task_id": "149",
        "values": "40.0, 3.0",
        "target_value": 80
      },
      "choice": {
        "button": "F",
        "selected_option": "OptionA"
      }
    },
    {
      "question": 49,
      "target": "Rent (per month)",
      "target_value": 1400,
      "options": [
        "Distance from center (km)",
        "Size (m\u00b2)"
      ],
      "optionA": {
        "trial_id": "7",
        "task_id": "53",
        "values": "2.0, 30",
        "target_value": 1400
      },
      "optionB": {
        "trial_id": "3",
        "task_id": "53",
        "values": "3.0, 40",
        "target_value": 1300
      },
      "choice": {
        "button": "F",
        "selected_option": "OptionA"
      }
    },
    {
      "question": 50,
      "target": "Playfulness score (1-10)",
      "target_value": 5,
      "options": [
        "Dog weight (kg)",
        "Dog age (years)"
      ],
      "optionA": {
        "trial_id": "2",
        "task_id": "147",
        "values": "15.0, 5",
        "target_value": 5
      },
      "optionB": {
        "trial_id": "11",
        "task_id": "147",
        "values": "13.0, 4",
        "target_value": 6.5
      },
      "choice": {
        "button": "J",
        "selected_option": "OptionB"
      }
    }
  ]
}