{
  "prolific_id": "UNKNOWN",
  "condition_group": "direction",
  "responses": [
    {
      "question": 1,
      "target": "Exam Score (out of 100)",
      "target_value": 65,
      "options": [
        "Time Spent Studying (hours)",
        "Number of Chapters Covered"
      ],
      "optionA": {
        "trial_id": "11",
        "task_id": "94",
        "values": "3.0, 3.0",
        "target_value": 65
      },
      "optionB": {
        "trial_id": "11",
        "task_id": "94",
        "values": "3.0, 3.0",
        "target_value": 65
      },
      "choice": {
        "button": "F",
        "selected_option": "OptionA"
      }
    },
    {
      "question": 2,
      "target": "Tea Strength (1-10)",
      "target_value": 6,
      "options": [
        "Tea Leaf Quality (1-10)",
        "Tea Steeping Time (minutes)"
      ],
      "optionA": {
        "trial_id": "14",
        "task_id": "80",
        "values": "7.0, 3.0",
        "target_value": 6
      },
      "optionB": {
        "trial_id": "13",
        "task_id": "80",
        "values": "8.0, 4.0",
        "target_value": 7
      },
      "choice": {
        "button": "F",
        "selected_option": "OptionA"
      }
    },
    {
      "question": 3,
      "target": "Movie enjoyment",
      "target_value": 8.5,
      "options": [
        "Movie runtime",
        "Movie rating"
      ],
      "optionA": {
        "trial_id": "4",
        "task_id": "75",
        "values": "140.0, 8.0",
        "target_value": 8.5
      },
      "optionB": {
        "trial_id": "14",
        "task_id": "75",
        "values": "110.0, 7.5",
        "target_value": 7.5
      },
      "choice": {
        "button": "F",
        "selected_option": "OptionA"
      }
    },
    {
      "question": 4,
      "target": "Growth speed",
      "target_value": 5.5,
      "options": [
        "Plant height cm",
        "Plant leaf count"
      ],
      "optionA": {
        "trial_id": "11",
        "task_id": "74",
        "values": "40.0, 14.0",
        "target_value": 5.5
      },
      "optionB": {
        "trial_id": "8",
        "task_id": "74",
        "values": "38.0, 13.0",
        "target_value": 5
      },
      "choice": {
        "button": "F",
        "selected_option": "OptionA"
      }
    },
    {
      "question": 5,
      "target": "Taste score",
      "target_value": 6,
      "options": [
        "Coffee strength",
        "Bean quality"
      ],
      "optionA": {
        "trial_id": "8",
        "task_id": "68",
        "values": "4.0, 6.0",
        "target_value": 6
      },
      "optionB": {
        "trial_id": "17",
        "task_id": "68",
        "values": "4.0, 7.0",
        "target_value": 8
      },
      "choice": {
        "button": "J",
        "selected_option": "OptionB"
      }
    },
    {
      "question": 6,
      "target": "Enjoyment",
      "target_value": 6.7,
      "options": [
        "Tea Strength",
        "Flavor Variety"
      ],
      "optionA": {
        "trial_id": "10",
        "task_id": "55",
        "values": "3.0, 4.0",
        "target_value": 6.7
      },
      "optionB": {
        "trial_id": "18",
        "task_id": "55",
        "values": "5.0, 3.0",
        "target_value": 7.3
      },
      "choice": {
        "button": "F",
        "selected_option": "OptionA"
      }
    },
    {
      "question": 7,
      "target": "Enjoyment",
      "target_value": 4,
      "options": [
        "Coffee price",
        "Coffee acidity"
      ],
      "optionA": {
        "trial_id": "15",
        "task_id": "101",
        "values": "1.0, 2.0",
        "target_value": 4
      },
      "optionB": {
        "trial_id": "20",
        "task_id": "101",
        "values": "0.5, 1.0",
        "target_value": 3
      },
      "choice": {
        "button": "J",
        "selected_option": "OptionB"
      }
    },
    {
      "question": 8,
      "target": "Jump Height",
      "target_value": 78,
      "options": [
        "Height",
        "Arm Length"
      ],
      "optionA": {
        "trial_id": "16",
        "task_id": "115",
        "values": "180.0, 68.0",
        "target_value": 78
      },
      "optionB": {
        "trial_id": "19",
        "task_id": "115",
        "values": "160.0, 60.0",
        "target_value": 70
      },
      "choice": {
        "button": "F",
        "selected_option": "OptionA"
      }
    },
    {
      "question": 9,
      "target": "Training Difficulty (1-10)",
      "target_value": 5,
      "options": [
        "Dog Size",
        "Dog Energy Level"
      ],
      "optionA": {
        "trial_id": "13",
        "task_id": "82",
        "values": "45.0, 6.0",
        "target_value": 5
      },
      "optionB": {
        "trial_id": "4",
        "task_id": "82",
        "values": "55.0, 7.0",
        "target_value": 6
      },
      "choice": {
        "button": "F",
        "selected_option": "OptionA"
      }
    },
    {
      "question": "attention_check_9",
      "choice": "J",
      "passed": true,
      "timestamp": 1756720798039
    },
    {
      "question": 10,
      "target": "Top Speed",
      "target_value": 130,
      "options": [
        "Car Engine Size",
        "Horsepower"
      ],
      "optionA": {
        "trial_id": "20",
        "task_id": "36",
        "values": "1.8, 180.0",
        "target_value": 130
      },
      "optionB": {
        "trial_id": "1",
        "task_id": "36",
        "values": "2.0, 180.0",
        "target_value": 130
      },
      "choice": {
        "button": "J",
        "selected_option": "OptionB"
      }
    },
    {
      "question": 11,
      "target": "Recipe difficulty",
      "target_value": 7,
      "options": [
        "Number of ingredients",
        "Prep time (minutes)"
      ],
      "optionA": {
        "trial_id": "6",
        "task_id": "60",
        "values": "6.0, 20.0",
        "target_value": 7
      },
      "optionB": {
        "trial_id": "10",
        "task_id": "60",
        "values": "4.0, 12.0",
        "target_value": 5
      },
      "choice": {
        "button": "F",
        "selected_option": "OptionA"
      }
    },
    {
      "question": 12,
      "target": "House Price",
      "target_value": 440000,
      "options": [
        "House Size sqft",
        "House Location Rating"
      ],
      "optionA": {
        "trial_id": "8",
        "task_id": "23",
        "values": "2000.0, 9.0",
        "target_value": 440000
      },
      "optionB": {
        "trial_id": "2",
        "task_id": "23",
        "values": "2500.0, 7.0",
        "target_value": 420000
      },
      "choice": {
        "button": "F",
        "selected_option": "OptionA"
      }
    },
    {
      "question": 13,
      "target": "Battery Life",
      "target_value": 9,
      "options": [
        "Battery Capacity",
        "Weight"
      ],
      "optionA": {
        "trial_id": "7",
        "task_id": "114",
        "values": "2000.0, 160.0",
        "target_value": 9
      },
      "optionB": {
        "trial_id": "12",
        "task_id": "114",
        "values": "3500.0, 220.0",
        "target_value": 13
      },
      "choice": {
        "button": "J",
        "selected_option": "OptionB"
      }
    },
    {
      "question": 14,
      "target": "Performance",
      "target_value": 8.5,
      "options": [
        "Skill Level",
        "Practice Time"
      ],
      "optionA": {
        "trial_id": "18",
        "task_id": "100",
        "values": "6.0, 18.0",
        "target_value": 8.5
      },
      "optionB": {
        "trial_id": "11",
        "task_id": "100",
        "values": "6.0, 14.0",
        "target_value": 7.9
      },
      "choice": {
        "button": "F",
        "selected_option": "OptionA"
      }
    },
    {
      "question": 15,
      "target": "Restaurant Popularity (on scale 1-10)",
      "target_value": 7,
      "options": [
        "Number of Reviews",
        "Average Rating (out of 5)"
      ],
      "optionA": {
        "trial_id": "2",
        "task_id": "19",
        "values": "150.0, 4.0",
        "target_value": 7
      },
      "optionB": {
        "trial_id": "20",
        "task_id": "19",
        "values": "270.0, 4.6",
        "target_value": 8
      },
      "choice": {
        "button": "J",
        "selected_option": "OptionB"
      }
    },
    {
      "question": 16,
      "target": "Strength",
      "target_value": 19,
      "options": [
        "Coffee Beans",
        "Water"
      ],
      "optionA": {
        "trial_id": "9",
        "task_id": "112",
        "values": "14.0, 280.0",
        "target_value": 19
      },
      "optionB": {
        "trial_id": "5",
        "task_id": "112",
        "values": "12.0, 240.0",
        "target_value": 17
      },
      "choice": {
        "button": "J",
        "selected_option": "OptionB"
      }
    },
    {
      "question": 17,
      "target": "House Price ($1000s)",
      "target_value": 250,
      "options": [
        "Number of Rooms",
        "Square Feet"
      ],
      "optionA": {
        "trial_id": "15",
        "task_id": "77",
        "values": "3.0, 1500.0",
        "target_value": 250
      },
      "optionB": {
        "trial_id": "11",
        "task_id": "77",
        "values": "5.0, 2100.0",
        "target_value": 350
      },
      "choice": {
        "button": "J",
        "selected_option": "OptionB"
      }
    },
    {
      "question": 18,
      "target": "Top Speed",
      "target_value": 160,
      "options": [
        "Engine Size",
        "Horsepower"
      ],
      "optionA": {
        "trial_id": "2",
        "task_id": "113",
        "values": "2.5, 140.0",
        "target_value": 160
      },
      "optionB": {
        "trial_id": "7",
        "task_id": "113",
        "values": "2.2, 130.0",
        "target_value": 155
      },
      "choice": {
        "button": "F",
        "selected_option": "OptionA"
      }
    },
    {
      "question": 19,
      "target": "Home Value (thousands)",
      "target_value": 280,
      "options": [
        "House Size (sqm)",
        "Neighborhood Safety (1-10)"
      ],
      "optionA": {
        "trial_id": "9",
        "task_id": "41",
        "values": "140.0, 6.0",
        "target_value": 280
      },
      "optionB": {
        "trial_id": "4",
        "task_id": "41",
        "values": "110.0, 8.0",
        "target_value": 280
      },
      "choice": {
        "button": "J",
        "selected_option": "OptionB"
      }
    },
    {
      "question": "attention_check_19",
      "choice": "F",
      "passed": true,
      "timestamp": 1756720886401
    },
    {
      "question": 20,
      "target": "Engagement rate (%)",
      "target_value": 6,
      "options": [
        "Number of followers",
        "Post quality score"
      ],
      "optionA": {
        "trial_id": "19",
        "task_id": "71",
        "values": "14000.0, 7.0",
        "target_value": 6
      },
      "optionB": {
        "trial_id": "9",
        "task_id": "71",
        "values": "9000.0, 7.0",
        "target_value": 5.4
      },
      "choice": {
        "button": "F",
        "selected_option": "OptionA"
      }
    },
    {
      "question": 21,
      "target": "Fat Burn (in grams)",
      "target_value": 21,
      "options": [
        "Exercise Time (minutes)",
        "Heart Rate (bpm)"
      ],
      "optionA": {
        "trial_id": "17",
        "task_id": "20",
        "values": "50.0, 140.0",
        "target_value": 21
      },
      "optionB": {
        "trial_id": "6",
        "task_id": "20",
        "values": "60.0, 130.0",
        "target_value": 20
      },
      "choice": {
        "button": "J",
        "selected_option": "OptionB"
      }
    },
    {
      "question": 22,
      "target": "Tea Strength (1-10)",
      "target_value": 7,
      "options": [
        "Tea Leaf Quality (1-10)",
        "Tea Steeping Time (minutes)"
      ],
      "optionA": {
        "trial_id": "5",
        "task_id": "80",
        "values": "8.0, 4.0",
        "target_value": 7
      },
      "optionB": {
        "trial_id": "5",
        "task_id": "80",
        "values": "8.0, 4.0",
        "target_value": 7
      },
      "choice": {
        "button": "F",
        "selected_option": "OptionA"
      }
    },
    {
      "question": 23,
      "target": "Cooking Time (min)",
      "target_value": 31,
      "options": [
        "Number of Ingredients",
        "Prep Time (min)"
      ],
      "optionA": {
        "trial_id": "16",
        "task_id": "48",
        "values": "7.0, 13.0",
        "target_value": 31
      },
      "optionB": {
        "trial_id": "14",
        "task_id": "48",
        "values": "5.0, 10.0",
        "target_value": 25
      },
      "choice": {
        "button": "F",
        "selected_option": "OptionA"
      }
    },
    {
      "question": 24,
      "target": "Cooking Time (min)",
      "target_value": 31,
      "options": [
        "Number of Ingredients",
        "Prep Time (min)"
      ],
      "optionA": {
        "trial_id": "16",
        "task_id": "48",
        "values": "7.0, 13.0",
        "target_value": 31
      },
      "optionB": {
        "trial_id": "9",
        "task_id": "48",
        "values": "5.0, 10.0",
        "target_value": 25
      },
      "choice": {
        "button": "F",
        "selected_option": "OptionA"
      }
    },
    {
      "question": 25,
      "target": "Exam Score (out of 100)",
      "target_value": 75,
      "options": [
        "Time Spent Studying (hours)",
        "Number of Chapters Covered"
      ],
      "optionA": {
        "trial_id": "20",
        "task_id": "94",
        "values": "4.0, 6.0",
        "target_value": 75
      },
      "optionB": {
        "trial_id": "15",
        "task_id": "94",
        "values": "5.0, 5.0",
        "target_value": 75
      },
      "choice": {
        "button": "J",
        "selected_option": "OptionB"
      }
    },
    {
      "question": 26,
      "target": "Dog Energy Level",
      "target_value": 9,
      "options": [
        "Dog Weight",
        "Dog Activity Level"
      ],
      "optionA": {
        "trial_id": "11",
        "task_id": "105",
        "values": "32.0, 6.0",
        "target_value": 9
      },
      "optionB": {
        "trial_id": "5",
        "task_id": "105",
        "values": "35.0, 7.0",
        "target_value": 10
      },
      "choice": {
        "button": "J",
        "selected_option": "OptionB"
      }
    },
    {
      "question": 27,
      "target": "Weight Loss",
      "target_value": 1.5,
      "options": [
        "Calories",
        "Exercise Time"
      ],
      "optionA": {
        "trial_id": "10",
        "task_id": "51",
        "values": "600.0, 20.0",
        "target_value": 1.5
      },
      "optionB": {
        "trial_id": "2",
        "task_id": "51",
        "values": "600.0, 40.0",
        "target_value": 1.5
      },
      "choice": {
        "button": "J",
        "selected_option": "OptionB"
      }
    },
    {
      "question": 28,
      "target": "Distance Covered",
      "target_value": 47,
      "options": [
        "Bike Speed",
        "Bike Weight"
      ],
      "optionA": {
        "trial_id": "6",
        "task_id": "7",
        "values": "19.0, 9.0",
        "target_value": 47
      },
      "optionB": {
        "trial_id": "3",
        "task_id": "7",
        "values": "28.0, 12.0",
        "target_value": 55
      },
      "choice": {
        "button": "J",
        "selected_option": "OptionB"
      }
    },
    {
      "question": 29,
      "target": "Doneness",
      "target_value": 95,
      "options": [
        "Cooking Time",
        "Size"
      ],
      "optionA": {
        "trial_id": "18",
        "task_id": "116",
        "values": "50.0, 340.0",
        "target_value": 95
      },
      "optionB": {
        "trial_id": "19",
        "task_id": "116",
        "values": "20.0, 160.0",
        "target_value": 60
      },
      "choice": {
        "button": "J",
        "selected_option": "OptionB"
      }
    },
    {
      "question": "attention_check_29",
      "choice": "J",
      "passed": true,
      "timestamp": 1756720982871
    },
    {
      "question": 30,
      "target": "Growth Rate",
      "target_value": 4,
      "options": [
        "Plant Leaf Size",
        "Plant Height"
      ],
      "optionA": {
        "trial_id": "2",
        "task_id": "65",
        "values": "12.0, 60.0",
        "target_value": 4
      },
      "optionB": {
        "trial_id": "9",
        "task_id": "65",
        "values": "12.0, 60.0",
        "target_value": 4
      },
      "choice": {
        "button": "J",
        "selected_option": "OptionB"
      }
    },
    {
      "question": 31,
      "target": "Light Level",
      "target_value": 8,
      "options": [
        "Room Size (sq ft)",
        "Number of Windows"
      ],
      "optionA": {
        "trial_id": "5",
        "task_id": "35",
        "values": "220.0, 4.0",
        "target_value": 8
      },
      "optionB": {
        "trial_id": "8",
        "task_id": "35",
        "values": "200.0, 3.0",
        "target_value": 7
      },
      "choice": {
        "button": "F",
        "selected_option": "OptionA"
      }
    },
    {
      "question": 32,
      "target": "Engagement rate (%)",
      "target_value": 4.8,
      "options": [
        "Number of followers",
        "Post quality score"
      ],
      "optionA": {
        "trial_id": "7",
        "task_id": "71",
        "values": "11000.0, 5.0",
        "target_value": 4.8
      },
      "optionB": {
        "trial_id": "6",
        "task_id": "71",
        "values": "10000.0, 6.0",
        "target_value": 6
      },
      "choice": {
        "button": "J",
        "selected_option": "OptionB"
      }
    },
    {
      "question": 33,
      "target": "User Satisfaction",
      "target_value": 6,
      "options": [
        "Screen Size",
        "Battery Life"
      ],
      "optionA": {
        "trial_id": "5",
        "task_id": "52",
        "values": "5.0, 25.0",
        "target_value": 6
      },
      "optionB": {
        "trial_id": "14",
        "task_id": "52",
        "values": "6.0, 30.0",
        "target_value": 6
      },
      "choice": {
        "button": "J",
        "selected_option": "OptionB"
      }
    },
    {
      "question": 34,
      "target": "Value Score",
      "target_value": 65,
      "options": [
        "Price ($)",
        "Size (GB)"
      ],
      "optionA": {
        "trial_id": "2",
        "task_id": "99",
        "values": "70.0, 256.0",
        "target_value": 65
      },
      "optionB": {
        "trial_id": "20",
        "task_id": "99",
        "values": "70.0, 256.0",
        "target_value": 65
      },
      "choice": {
        "button": "J",
        "selected_option": "OptionB"
      }
    },
    {
      "question": 35,
      "target": "Exam Score (out of 100)",
      "target_value": 65,
      "options": [
        "Time Spent Studying (hours)",
        "Number of Chapters Covered"
      ],
      "optionA": {
        "trial_id": "17",
        "task_id": "94",
        "values": "4.0, 3.0",
        "target_value": 65
      },
      "optionB": {
        "trial_id": "18",
        "task_id": "94",
        "values": "5.0, 4.0",
        "target_value": 70
      },
      "choice": {
        "button": "J",
        "selected_option": "OptionB"
      }
    },
    {
      "question": 36,
      "target": "House Price",
      "target_value": 500000,
      "options": [
        "House Size sqft",
        "House Location Rating"
      ],
      "optionA": {
        "trial_id": "7",
        "task_id": "23",
        "values": "2400.0, 10.0",
        "target_value": 500000
      },
      "optionB": {
        "trial_id": "15",
        "task_id": "23",
        "values": "2300.0, 10.0",
        "target_value": 480000
      },
      "choice": {
        "button": "F",
        "selected_option": "OptionA"
      }
    },
    {
      "question": 37,
      "target": "Performance Score",
      "target_value": 81,
      "options": [
        "Phone RAM (GB)",
        "Battery Capacity (mAh)"
      ],
      "optionA": {
        "trial_id": "16",
        "task_id": "39",
        "values": "9.0, 3700.0",
        "target_value": 81
      },
      "optionB": {
        "trial_id": "20",
        "task_id": "39",
        "values": "9.0, 4400.0",
        "target_value": 88
      },
      "choice": {
        "button": "J",
        "selected_option": "OptionB"
      }
    },
    {
      "question": 38,
      "target": "Fuel Consumption (L)",
      "target_value": 1250,
      "options": [
        "Flight Duration (hours)",
        "Distance (km)"
      ],
      "optionA": {
        "trial_id": "3",
        "task_id": "33",
        "values": "5.0, 1250.0",
        "target_value": 1250
      },
      "optionB": {
        "trial_id": "15",
        "task_id": "33",
        "values": "5.5, 1375.0",
        "target_value": 1375
      },
      "choice": {
        "button": "J",
        "selected_option": "OptionB"
      }
    },
    {
      "question": 39,
      "target": "Taste score",
      "target_value": 6,
      "options": [
        "Coffee strength",
        "Bean quality"
      ],
      "optionA": {
        "trial_id": "15",
        "task_id": "68",
        "values": "2.0, 6.0",
        "target_value": 6
      },
      "optionB": {
        "trial_id": "14",
        "task_id": "68",
        "values": "4.0, 7.0",
        "target_value": 8
      },
      "choice": {
        "button": "J",
        "selected_option": "OptionB"
      }
    },
    {
      "question": "attention_check_39",
      "choice": "F",
      "passed": true,
      "timestamp": 1756721050663
    },
    {
      "question": 40,
      "target": "Prep Time (min)",
      "target_value": 18,
      "options": [
        "Number of Ingredients",
        "Cooking Time (min)"
      ],
      "optionA": {
        "trial_id": "9",
        "task_id": "96",
        "values": "6.0, 25.0",
        "target_value": 18
      },
      "optionB": {
        "trial_id": "17",
        "task_id": "96",
        "values": "12.0, 40.0",
        "target_value": 28
      },
      "choice": {
        "button": "J",
        "selected_option": "OptionB"
      }
    },
    {
      "question": 41,
      "target": "Natural light",
      "target_value": 7,
      "options": [
        "Room size",
        "Window count"
      ],
      "optionA": {
        "trial_id": "9",
        "task_id": "66",
        "values": "120.0, 3.0",
        "target_value": 7
      },
      "optionB": {
        "trial_id": "10",
        "task_id": "66",
        "values": "140.0, 2.0",
        "target_value": 6
      },
      "choice": {
        "button": "F",
        "selected_option": "OptionA"
      }
    },
    {
      "question": 42,
      "target": "Taste Rating (1-10)",
      "target_value": 8,
      "options": [
        "Time Spent Cooking (min)",
        "Number of Ingredients"
      ],
      "optionA": {
        "trial_id": "5",
        "task_id": "93",
        "values": "40.0, 6.0",
        "target_value": 8
      },
      "optionB": {
        "trial_id": "15",
        "task_id": "93",
        "values": "45.0, 6.0",
        "target_value": 8
      },
      "choice": {
        "button": "J",
        "selected_option": "OptionB"
      }
    },
    {
      "question": 43,
      "target": "Fat Burn (in grams)",
      "target_value": 15,
      "options": [
        "Exercise Time (minutes)",
        "Heart Rate (bpm)"
      ],
      "optionA": {
        "trial_id": "1",
        "task_id": "20",
        "values": "30.0, 120.0",
        "target_value": 15
      },
      "optionB": {
        "trial_id": "20",
        "task_id": "20",
        "values": "70.0, 140.0",
        "target_value": 24
      },
      "choice": {
        "button": "J",
        "selected_option": "OptionB"
      }
    },
    {
      "question": 44,
      "target": "Distance Traveled",
      "target_value": 350,
      "options": [
        "Speed",
        "Weight"
      ],
      "optionA": {
        "trial_id": "16",
        "task_id": "111",
        "values": "100.0, 1700.0",
        "target_value": 350
      },
      "optionB": {
        "trial_id": "8",
        "task_id": "111",
        "values": "50.0, 800.0",
        "target_value": 280
      },
      "choice": {
        "button": "F",
        "selected_option": "OptionA"
      }
    },
    {
      "question": 45,
      "target": "Enjoyment",
      "target_value": 13,
      "options": [
        "Taste rating",
        "Price"
      ],
      "optionA": {
        "trial_id": "14",
        "task_id": "26",
        "values": "8.0, 6.0",
        "target_value": 13
      },
      "optionB": {
        "trial_id": "4",
        "task_id": "26",
        "values": "5.0, 6.0",
        "target_value": 10
      },
      "choice": {
        "button": "F",
        "selected_option": "OptionA"
      }
    },
    {
      "question": 46,
      "target": "Bike Speed",
      "target_value": 26,
      "options": [
        "Bike Weight",
        "Bike Wheel Size"
      ],
      "optionA": {
        "trial_id": "20",
        "task_id": "107",
        "values": "16.0, 28.0",
        "target_value": 26
      },
      "optionB": {
        "trial_id": "17",
        "task_id": "107",
        "values": "10.0, 26.5",
        "target_value": 24
      },
      "choice": {
        "button": "J",
        "selected_option": "OptionB"
      }
    },
    {
      "question": 47,
      "target": "Battery Life (hours)",
      "target_value": 10.2,
      "options": [
        "Phone Weight (g)",
        "Battery Capacity (mAh)"
      ],
      "optionA": {
        "trial_id": "20",
        "task_id": "30",
        "values": "155.0, 3900.0",
        "target_value": 10.2
      },
      "optionB": {
        "trial_id": "12",
        "task_id": "30",
        "values": "160.0, 4400.0",
        "target_value": 11
      },
      "choice": {
        "button": "J",
        "selected_option": "OptionB"
      }
    },
    {
      "question": 48,
      "target": "Exam score",
      "target_value": 75,
      "options": [
        "Study time (hours)",
        "Class attendance (%)"
      ],
      "optionA": {
        "trial_id": "1",
        "task_id": "91",
        "values": "4.0, 80.0",
        "target_value": 75
      },
      "optionB": {
        "trial_id": "10",
        "task_id": "91",
        "values": "4.0, 90.0",
        "target_value": 86
      },
      "choice": {
        "button": "J",
        "selected_option": "OptionB"
      }
    },
    {
      "question": 49,
      "target": "Home Comfort (1-10)",
      "target_value": 6,
      "options": [
        "Number of Bedrooms",
        "Square Feet"
      ],
      "optionA": {
        "trial_id": "8",
        "task_id": "9",
        "values": "4.0, 1300.0",
        "target_value": 6
      },
      "optionB": {
        "trial_id": "8",
        "task_id": "9",
        "values": "4.0, 1300.0",
        "target_value": 6
      },
      "choice": {
        "button": "J",
        "selected_option": "OptionB"
      }
    },
    {
      "question": 50,
      "target": "Social Engagement (on scale 1-10)",
      "target_value": 9,
      "options": [
        "Number of Friends",
        "Average Message Frequency"
      ],
      "optionA": {
        "trial_id": "16",
        "task_id": "21",
        "values": "140.0, 5.0",
        "target_value": 9
      },
      "optionB": {
        "trial_id": "11",
        "task_id": "21",
        "values": "100.0, 2.0",
        "target_value": 6
      },
      "choice": {
        "button": "F",
        "selected_option": "OptionA"
      }
    }
  ]
}