{
  "prolific_id": "UNKNOWN",
  "condition_group": "direction",
  "responses": [
    {
      "question": 1,
      "target": "Fun Score",
      "target_value": 6,
      "options": [
        "Number of Players",
        "Game Length (min)"
      ],
      "optionA": {
        "trial_id": "19",
        "task_id": "98",
        "values": "3.0, 45.0",
        "target_value": 6
      },
      "optionB": {
        "trial_id": "4",
        "task_id": "98",
        "values": "4.0, 45.0",
        "target_value": 7
      },
      "choice": {
        "button": "J",
        "selected_option": "OptionB"
      }
    },
    {
      "question": 2,
      "target": "Exam Score (out of 100)",
      "target_value": 70,
      "options": [
        "Time Spent Studying (hours)",
        "Number of Chapters Covered"
      ],
      "optionA": {
        "trial_id": "1",
        "task_id": "94",
        "values": "3.0, 4.0",
        "target_value": 70
      },
      "optionB": {
        "trial_id": "13",
        "task_id": "94",
        "values": "2.0, 4.0",
        "target_value": 65
      },
      "choice": {
        "button": "F",
        "selected_option": "OptionA"
      }
    },
    {
      "question": 3,
      "target": "Battery life",
      "target_value": 10,
      "options": [
        "Phone battery",
        "Screen size"
      ],
      "optionA": {
        "trial_id": "8",
        "task_id": "69",
        "values": "2500.0, 4.0",
        "target_value": 10
      },
      "optionB": {
        "trial_id": "19",
        "task_id": "69",
        "values": "3500.0, 5.0",
        "target_value": 11
      },
      "choice": {
        "button": "J",
        "selected_option": "OptionB"
      }
    },
    {
      "question": 4,
      "target": "Bike Speed",
      "target_value": 22,
      "options": [
        "Bike Weight",
        "Bike Wheel Size"
      ],
      "optionA": {
        "trial_id": "18",
        "task_id": "107",
        "values": "12.0, 26.0",
        "target_value": 22
      },
      "optionB": {
        "trial_id": "13",
        "task_id": "107",
        "values": "16.0, 29.0",
        "target_value": 30
      },
      "choice": {
        "button": "F",
        "selected_option": "OptionA"
      }
    },
    {
      "question": 5,
      "target": "Deliciousness",
      "target_value": 65,
      "options": [
        "Cooking time",
        "Ingredients count"
      ],
      "optionA": {
        "trial_id": "5",
        "task_id": "27",
        "values": "60.0, 4.0",
        "target_value": 65
      },
      "optionB": {
        "trial_id": "10",
        "task_id": "27",
        "values": "30.0, 5.0",
        "target_value": 65
      },
      "choice": {
        "button": "J",
        "selected_option": "OptionB"
      }
    },
    {
      "question": 6,
      "target": "Home Comfort (1-10)",
      "target_value": 5,
      "options": [
        "Number of Bedrooms",
        "Square Feet"
      ],
      "optionA": {
        "trial_id": "11",
        "task_id": "9",
        "values": "2.0, 1200.0",
        "target_value": 5
      },
      "optionB": {
        "trial_id": "6",
        "task_id": "9",
        "values": "3.0, 1200.0",
        "target_value": 5
      },
      "choice": {
        "button": "J",
        "selected_option": "OptionB"
      }
    },
    {
      "question": 7,
      "target": "Performance Score",
      "target_value": 85,
      "options": [
        "Hours of Practice",
        "Natural Talent (1-10)"
      ],
      "optionA": {
        "trial_id": "11",
        "task_id": "78",
        "values": "11.0, 5.0",
        "target_value": 85
      },
      "optionB": {
        "trial_id": "10",
        "task_id": "78",
        "values": "11.0, 8.0",
        "target_value": 90
      },
      "choice": {
        "button": "J",
        "selected_option": "OptionB"
      }
    },
    {
      "question": 8,
      "target": "Post reach",
      "target_value": 22000,
      "options": [
        "Number of followers",
        "Engagement rate (%)"
      ],
      "optionA": {
        "trial_id": "14",
        "task_id": "92",
        "values": "2500.0, 6.0",
        "target_value": 22000
      },
      "optionB": {
        "trial_id": "7",
        "task_id": "92",
        "values": "2500.0, 3.0",
        "target_value": 15000
      },
      "choice": {
        "button": "F",
        "selected_option": "OptionA"
      }
    },
    {
      "question": 9,
      "target": "Engagement rate (%)",
      "target_value": 5.4,
      "options": [
        "Number of followers",
        "Post quality score"
      ],
      "optionA": {
        "trial_id": "16",
        "task_id": "71",
        "values": "15000.0, 3.0",
        "target_value": 5.4
      },
      "optionB": {
        "trial_id": "1",
        "task_id": "71",
        "values": "10000.0, 7.0",
        "target_value": 5.5
      },
      "choice": {
        "button": "J",
        "selected_option": "OptionB"
      }
    },
    {
      "question": "attention_check_9",
      "choice": "J",
      "passed": true,
      "timestamp": 1756154625430
    },
    {
      "question": 10,
      "target": "Prep Time (min)",
      "target_value": 18,
      "options": [
        "Number of Ingredients",
        "Cooking Time (min)"
      ],
      "optionA": {
        "trial_id": "3",
        "task_id": "96",
        "values": "8.0, 25.0",
        "target_value": 18
      },
      "optionB": {
        "trial_id": "18",
        "task_id": "96",
        "values": "10.0, 36.0",
        "target_value": 25
      },
      "choice": {
        "button": "J",
        "selected_option": "OptionB"
      }
    },
    {
      "question": 11,
      "target": "Warmth Rating",
      "target_value": 3.6,
      "options": [
        "Shirt Weight (g)",
        "Fabric Thickness (mm)"
      ],
      "optionA": {
        "trial_id": "13",
        "task_id": "31",
        "values": "170.0, 1.3",
        "target_value": 3.6
      },
      "optionB": {
        "trial_id": "6",
        "task_id": "31",
        "values": "160.0, 1.1",
        "target_value": 3.2
      },
      "choice": {
        "button": "F",
        "selected_option": "OptionA"
      }
    },
    {
      "question": 12,
      "target": "Battery life",
      "target_value": 10,
      "options": [
        "Phone battery",
        "Screen size"
      ],
      "optionA": {
        "trial_id": "15",
        "task_id": "69",
        "values": "2500.0, 4.0",
        "target_value": 10
      },
      "optionB": {
        "trial_id": "17",
        "task_id": "69",
        "values": "4000.0, 6.0",
        "target_value": 13
      },
      "choice": {
        "button": "J",
        "selected_option": "OptionB"
      }
    },
    {
      "question": 13,
      "target": "Room Size",
      "target_value": 42,
      "options": [
        "Room Width",
        "Room Length"
      ],
      "optionA": {
        "trial_id": "11",
        "task_id": "109",
        "values": "6.0, 7.0",
        "target_value": 42
      },
      "optionB": {
        "trial_id": "12",
        "task_id": "109",
        "values": "5.0, 6.0",
        "target_value": 30
      },
      "choice": {
        "button": "F",
        "selected_option": "OptionA"
      }
    },
    {
      "question": 14,
      "target": "Speed (km/h)",
      "target_value": 207,
      "options": [
        "Engine Horsepower",
        "Weight (kg)"
      ],
      "optionA": {
        "trial_id": "20",
        "task_id": "47",
        "values": "260.0, 1750.0",
        "target_value": 207
      },
      "optionB": {
        "trial_id": "8",
        "task_id": "47",
        "values": "270.0, 1700.0",
        "target_value": 205
      },
      "choice": {
        "button": "J",
        "selected_option": "OptionB"
      }
    },
    {
      "question": 15,
      "target": "Comfort",
      "target_value": 80,
      "options": [
        "Shoe Weight",
        "Brand Reputation"
      ],
      "optionA": {
        "trial_id": "6",
        "task_id": "62",
        "values": "230.0, 6.0",
        "target_value": 80
      },
      "optionB": {
        "trial_id": "8",
        "task_id": "62",
        "values": "180.0, 3.0",
        "target_value": 65
      },
      "choice": {
        "button": "F",
        "selected_option": "OptionA"
      }
    },
    {
      "question": 16,
      "target": "Fuel Consumption (L)",
      "target_value": 1000,
      "options": [
        "Flight Duration (hours)",
        "Distance (km)"
      ],
      "optionA": {
        "trial_id": "1",
        "task_id": "33",
        "values": "4.0, 1000.0",
        "target_value": 1000
      },
      "optionB": {
        "trial_id": "9",
        "task_id": "33",
        "values": "3.5, 875.0",
        "target_value": 875
      },
      "choice": {
        "button": "F",
        "selected_option": "OptionA"
      }
    },
    {
      "question": 17,
      "target": "Growth Rate",
      "target_value": 2,
      "options": [
        "Plant Leaf Size",
        "Plant Height"
      ],
      "optionA": {
        "trial_id": "8",
        "task_id": "65",
        "values": "8.0, 40.0",
        "target_value": 2
      },
      "optionB": {
        "trial_id": "3",
        "task_id": "65",
        "values": "8.0, 40.0",
        "target_value": 2
      },
      "choice": {
        "button": "F",
        "selected_option": "OptionA"
      }
    },
    {
      "question": 18,
      "target": "Taste Rating (1-10)",
      "target_value": 5,
      "options": [
        "Time Spent Cooking (min)",
        "Number of Ingredients"
      ],
      "optionA": {
        "trial_id": "7",
        "task_id": "93",
        "values": "25.0, 3.0",
        "target_value": 5
      },
      "optionB": {
        "trial_id": "3",
        "task_id": "93",
        "values": "20.0, 4.0",
        "target_value": 6
      },
      "choice": {
        "button": "J",
        "selected_option": "OptionB"
      }
    },
    {
      "question": 19,
      "target": "Enjoyment Score",
      "target_value": 6.5,
      "options": [
        "Book Length (pages)",
        "Author Fame (1-10)"
      ],
      "optionA": {
        "trial_id": "13",
        "task_id": "29",
        "values": "180.0, 5.0",
        "target_value": 6.5
      },
      "optionB": {
        "trial_id": "17",
        "task_id": "29",
        "values": "200.0, 7.0",
        "target_value": 8
      },
      "choice": {
        "button": "J",
        "selected_option": "OptionB"
      }
    },
    {
      "question": "attention_check_19",
      "choice": "F",
      "passed": true,
      "timestamp": 1756154693972
    },
    {
      "question": 20,
      "target": "Bike Speed",
      "target_value": 70,
      "options": [
        "Bike Weight",
        "Bike Power"
      ],
      "optionA": {
        "trial_id": "8",
        "task_id": "87",
        "values": "18.0, 350.0",
        "target_value": 70
      },
      "optionB": {
        "trial_id": "14",
        "task_id": "87",
        "values": "24.0, 500.0",
        "target_value": 100
      },
      "choice": {
        "button": "J",
        "selected_option": "OptionB"
      }
    },
    {
      "question": 21,
      "target": "Natural Light (on scale 1-10)",
      "target_value": 8,
      "options": [
        "Room Area (m2)",
        "Number of Windows"
      ],
      "optionA": {
        "trial_id": "9",
        "task_id": "15",
        "values": "24.0, 4.0",
        "target_value": 8
      },
      "optionB": {
        "trial_id": "20",
        "task_id": "15",
        "values": "30.0, 4.0",
        "target_value": 8
      },
      "choice": {
        "button": "F",
        "selected_option": "OptionA"
      }
    },
    {
      "question": 22,
      "target": "Natural Light",
      "target_value": 4,
      "options": [
        "Room Size",
        "Number of Windows"
      ],
      "optionA": {
        "trial_id": "7",
        "task_id": "53",
        "values": "150.0, 1.0",
        "target_value": 4
      },
      "optionB": {
        "trial_id": "8",
        "task_id": "53",
        "values": "190.0, 2.0",
        "target_value": 5
      },
      "choice": {
        "button": "J",
        "selected_option": "OptionB"
      }
    },
    {
      "question": 23,
      "target": "Quality",
      "target_value": 70,
      "options": [
        "Price",
        "Size"
      ],
      "optionA": {
        "trial_id": "6",
        "task_id": "110",
        "values": "100.0, 10.0",
        "target_value": 70
      },
      "optionB": {
        "trial_id": "1",
        "task_id": "110",
        "values": "100.0, 10.0",
        "target_value": 70
      },
      "choice": {
        "button": "F",
        "selected_option": "OptionA"
      }
    },
    {
      "question": 24,
      "target": "Knowledge Content",
      "target_value": 8,
      "options": [
        "Book Thickness",
        "Book Reading Level"
      ],
      "optionA": {
        "trial_id": "17",
        "task_id": "6",
        "values": "38.0, 5.0",
        "target_value": 8
      },
      "optionB": {
        "trial_id": "2",
        "task_id": "6",
        "values": "28.0, 4.0",
        "target_value": 7
      },
      "choice": {
        "button": "F",
        "selected_option": "OptionA"
      }
    },
    {
      "question": 25,
      "target": "Home Value (thousands)",
      "target_value": 330,
      "options": [
        "House Size (sqm)",
        "Neighborhood Safety (1-10)"
      ],
      "optionA": {
        "trial_id": "7",
        "task_id": "41",
        "values": "110.0, 10.0",
        "target_value": 330
      },
      "optionB": {
        "trial_id": "11",
        "task_id": "41",
        "values": "130.0, 8.0",
        "target_value": 310
      },
      "choice": {
        "button": "F",
        "selected_option": "OptionA"
      }
    },
    {
      "question": 26,
      "target": "Recipe difficulty",
      "target_value": 7.5,
      "options": [
        "Number of ingredients",
        "Prep time (minutes)"
      ],
      "optionA": {
        "trial_id": "14",
        "task_id": "60",
        "values": "7.0, 22.0",
        "target_value": 7.5
      },
      "optionB": {
        "trial_id": "16",
        "task_id": "60",
        "values": "5.0, 16.0",
        "target_value": 6
      },
      "choice": {
        "button": "F",
        "selected_option": "OptionA"
      }
    },
    {
      "question": 27,
      "target": "Knowledge Content",
      "target_value": 4,
      "options": [
        "Book Thickness",
        "Book Reading Level"
      ],
      "optionA": {
        "trial_id": "5",
        "task_id": "6",
        "values": "20.0, 2.0",
        "target_value": 4
      },
      "optionB": {
        "trial_id": "12",
        "task_id": "6",
        "values": "43.0, 7.0",
        "target_value": 10
      },
      "choice": {
        "button": "J",
        "selected_option": "OptionB"
      }
    },
    {
      "question": 28,
      "target": "Fuel Consumption (L/100km)",
      "target_value": 8,
      "options": [
        "Engine Size (cc)",
        "Weight (kg)"
      ],
      "optionA": {
        "trial_id": "14",
        "task_id": "11",
        "values": "2000.0, 1300.0",
        "target_value": 8
      },
      "optionB": {
        "trial_id": "11",
        "task_id": "11",
        "values": "2500.0, 1600.0",
        "target_value": 11
      },
      "choice": {
        "button": "J",
        "selected_option": "OptionB"
      }
    },
    {
      "question": 29,
      "target": "House Price ($1000s)",
      "target_value": 280,
      "options": [
        "Number of Rooms",
        "Square Feet"
      ],
      "optionA": {
        "trial_id": "12",
        "task_id": "77",
        "values": "3.0, 1800.0",
        "target_value": 280
      },
      "optionB": {
        "trial_id": "11",
        "task_id": "77",
        "values": "5.0, 2100.0",
        "target_value": 350
      },
      "choice": {
        "button": "J",
        "selected_option": "OptionB"
      }
    },
    {
      "question": "attention_check_29",
      "choice": "J",
      "passed": true,
      "timestamp": 1756154746968
    },
    {
      "question": 30,
      "target": "Home Comfort (1-10)",
      "target_value": 6,
      "options": [
        "Number of Bedrooms",
        "Square Feet"
      ],
      "optionA": {
        "trial_id": "14",
        "task_id": "9",
        "values": "4.0, 1450.0",
        "target_value": 6
      },
      "optionB": {
        "trial_id": "7",
        "task_id": "9",
        "values": "3.0, 1400.0",
        "target_value": 7
      },
      "choice": {
        "button": "F",
        "selected_option": "OptionA"
      }
    },
    {
      "question": 31,
      "target": "Home value",
      "target_value": 250000,
      "options": [
        "House size",
        "Neighborhood quality"
      ],
      "optionA": {
        "trial_id": "7",
        "task_id": "70",
        "values": "90.0, 6.0",
        "target_value": 250000
      },
      "optionB": {
        "trial_id": "8",
        "task_id": "70",
        "values": "110.0, 7.0",
        "target_value": 260000
      },
      "choice": {
        "button": "J",
        "selected_option": "OptionB"
      }
    },
    {
      "question": 32,
      "target": "Performance Score",
      "target_value": 80,
      "options": [
        "Phone RAM (GB)",
        "Battery Capacity (mAh)"
      ],
      "optionA": {
        "trial_id": "15",
        "task_id": "39",
        "values": "8.0, 3800.0",
        "target_value": 80
      },
      "optionB": {
        "trial_id": "17",
        "task_id": "39",
        "values": "5.0, 2700.0",
        "target_value": 69
      },
      "choice": {
        "button": "F",
        "selected_option": "OptionA"
      }
    },
    {
      "question": 33,
      "target": "Energy Level",
      "target_value": 9,
      "options": [
        "Dog Size",
        "Exercise Needs"
      ],
      "optionA": {
        "trial_id": "6",
        "task_id": "88",
        "values": "45.0, 9.0",
        "target_value": 9
      },
      "optionB": {
        "trial_id": "16",
        "task_id": "88",
        "values": "40.0, 8.0",
        "target_value": 8
      },
      "choice": {
        "button": "F",
        "selected_option": "OptionA"
      }
    },
    {
      "question": 34,
      "target": "Cooking Time (min)",
      "target_value": 35,
      "options": [
        "Number of Ingredients",
        "Prep Time (min)"
      ],
      "optionA": {
        "trial_id": "6",
        "task_id": "48",
        "values": "7.0, 14.0",
        "target_value": 35
      },
      "optionB": {
        "trial_id": "6",
        "task_id": "48",
        "values": "7.0, 14.0",
        "target_value": 35
      },
      "choice": {
        "button": "F",
        "selected_option": "OptionA"
      }
    },
    {
      "question": 35,
      "target": "Battery life",
      "target_value": 11,
      "options": [
        "Phone battery",
        "Screen size"
      ],
      "optionA": {
        "trial_id": "4",
        "task_id": "69",
        "values": "3500.0, 5.0",
        "target_value": 11
      },
      "optionB": {
        "trial_id": "14",
        "task_id": "69",
        "values": "4500.0, 7.0",
        "target_value": 14
      },
      "choice": {
        "button": "J",
        "selected_option": "OptionB"
      }
    },
    {
      "question": 36,
      "target": "Exam Score",
      "target_value": 68,
      "options": [
        "Student Study Time (hours)",
        "Class Attendance (%)"
      ],
      "optionA": {
        "trial_id": "11",
        "task_id": "40",
        "values": "5.0, 75.0",
        "target_value": 68
      },
      "optionB": {
        "trial_id": "5",
        "task_id": "40",
        "values": "7.0, 70.0",
        "target_value": 70
      },
      "choice": {
        "button": "J",
        "selected_option": "OptionB"
      }
    },
    {
      "question": 37,
      "target": "Exam Score",
      "target_value": 68,
      "options": [
        "Student Study Time (hours)",
        "Class Attendance (%)"
      ],
      "optionA": {
        "trial_id": "11",
        "task_id": "40",
        "values": "5.0, 75.0",
        "target_value": 68
      },
      "optionB": {
        "trial_id": "3",
        "task_id": "40",
        "values": "4.0, 90.0",
        "target_value": 72
      },
      "choice": {
        "button": "J",
        "selected_option": "OptionB"
      }
    },
    {
      "question": 38,
      "target": "Fat Burn (in grams)",
      "target_value": 23,
      "options": [
        "Exercise Time (minutes)",
        "Heart Rate (bpm)"
      ],
      "optionA": {
        "trial_id": "14",
        "task_id": "20",
        "values": "70.0, 135.0",
        "target_value": 23
      },
      "optionB": {
        "trial_id": "1",
        "task_id": "20",
        "values": "30.0, 120.0",
        "target_value": 15
      },
      "choice": {
        "button": "F",
        "selected_option": "OptionA"
      }
    },
    {
      "question": 39,
      "target": "Natural light",
      "target_value": 5,
      "options": [
        "Room size",
        "Window count"
      ],
      "optionA": {
        "trial_id": "7",
        "task_id": "66",
        "values": "90.0, 1.0",
        "target_value": 5
      },
      "optionB": {
        "trial_id": "3",
        "task_id": "66",
        "values": "80.0, 2.0",
        "target_value": 6
      },
      "choice": {
        "button": "J",
        "selected_option": "OptionB"
      }
    },
    {
      "question": "attention_check_39",
      "choice": "F",
      "passed": true,
      "timestamp": 1756154797680
    },
    {
      "question": 40,
      "target": "Exam Score (out of 100)",
      "target_value": 70,
      "options": [
        "Time Spent Studying (hours)",
        "Number of Chapters Covered"
      ],
      "optionA": {
        "trial_id": "19",
        "task_id": "94",
        "values": "3.0, 5.0",
        "target_value": 70
      },
      "optionB": {
        "trial_id": "9",
        "task_id": "94",
        "values": "4.0, 4.0",
        "target_value": 70
      },
      "choice": {
        "button": "F",
        "selected_option": "OptionA"
      }
    },
    {
      "question": 41,
      "target": "Customer Satisfaction",
      "target_value": 9,
      "options": [
        "Price ($)",
        "Quality Rating (1-10)"
      ],
      "optionA": {
        "trial_id": "12",
        "task_id": "49",
        "values": "140.0, 9.0",
        "target_value": 9
      },
      "optionB": {
        "trial_id": "19",
        "task_id": "49",
        "values": "110.0, 8.0",
        "target_value": 8
      },
      "choice": {
        "button": "F",
        "selected_option": "OptionA"
      }
    },
    {
      "question": 42,
      "target": "Energy Boost",
      "target_value": 7,
      "options": [
        "Coffee Caffeine Content",
        "Coffee Richness"
      ],
      "optionA": {
        "trial_id": "4",
        "task_id": "4",
        "values": "70.0, 6.0",
        "target_value": 7
      },
      "optionB": {
        "trial_id": "7",
        "task_id": "4",
        "values": "95.0, 4.0",
        "target_value": 7
      },
      "choice": {
        "button": "F",
        "selected_option": "OptionA"
      }
    },
    {
      "question": 43,
      "target": "Fitness Level",
      "target_value": 7,
      "options": [
        "Exercise Time (min/day)",
        "Healthy Diet (%)"
      ],
      "optionA": {
        "trial_id": "7",
        "task_id": "46",
        "values": "35.0, 75.0",
        "target_value": 7
      },
      "optionB": {
        "trial_id": "2",
        "task_id": "46",
        "values": "25.0, 80.0",
        "target_value": 6
      },
      "choice": {
        "button": "J",
        "selected_option": "OptionB"
      }
    },
    {
      "question": 44,
      "target": "App Popularity",
      "target_value": 65,
      "options": [
        "App User Ratings (1-5)",
        "Number of Reviews"
      ],
      "optionA": {
        "trial_id": "17",
        "task_id": "42",
        "values": "4.0, 80.0",
        "target_value": 65
      },
      "optionB": {
        "trial_id": "6",
        "task_id": "42",
        "values": "4.0, 300.0",
        "target_value": 92
      },
      "choice": {
        "button": "J",
        "selected_option": "OptionB"
      }
    },
    {
      "question": 45,
      "target": "Durability Perception (1-10)",
      "target_value": 6,
      "options": [
        "Price ($)",
        "Warranty (years)"
      ],
      "optionA": {
        "trial_id": "18",
        "task_id": "8",
        "values": "270.0, 3.0",
        "target_value": 6
      },
      "optionB": {
        "trial_id": "3",
        "task_id": "8",
        "values": "250.0, 4.0",
        "target_value": 8
      },
      "choice": {
        "button": "J",
        "selected_option": "OptionB"
      }
    },
    {
      "question": 46,
      "target": "App Popularity",
      "target_value": 60,
      "options": [
        "App User Ratings (1-5)",
        "Number of Reviews"
      ],
      "optionA": {
        "trial_id": "7",
        "task_id": "42",
        "values": "4.0, 50.0",
        "target_value": 60
      },
      "optionB": {
        "trial_id": "2",
        "task_id": "42",
        "values": "4.0, 200.0",
        "target_value": 80
      },
      "choice": {
        "button": "J",
        "selected_option": "OptionB"
      }
    },
    {
      "question": 47,
      "target": "Muscle gain",
      "target_value": 1.3,
      "options": [
        "Minutes of exercise",
        "Protein intake"
      ],
      "optionA": {
        "trial_id": "12",
        "task_id": "59",
        "values": "35.0, 20.0",
        "target_value": 1.3
      },
      "optionB": {
        "trial_id": "13",
        "task_id": "59",
        "values": "40.0, 25.0",
        "target_value": 1.6
      },
      "choice": {
        "button": "J",
        "selected_option": "OptionB"
      }
    },
    {
      "question": 48,
      "target": "Performance Score",
      "target_value": 86,
      "options": [
        "Phone RAM (GB)",
        "Battery Capacity (mAh)"
      ],
      "optionA": {
        "trial_id": "6",
        "task_id": "39",
        "values": "7.0, 4200.0",
        "target_value": 86
      },
      "optionB": {
        "trial_id": "5",
        "task_id": "39",
        "values": "8.0, 4000.0",
        "target_value": 85
      },
      "choice": {
        "button": "J",
        "selected_option": "OptionB"
      }
    },
    {
      "question": 49,
      "target": "Enjoyment",
      "target_value": 9,
      "options": [
        "Taste rating",
        "Price"
      ],
      "optionA": {
        "trial_id": "9",
        "task_id": "26",
        "values": "6.0, 4.0",
        "target_value": 9
      },
      "optionB": {
        "trial_id": "2",
        "task_id": "26",
        "values": "6.0, 7.0",
        "target_value": 11
      },
      "choice": {
        "button": "J",
        "selected_option": "OptionB"
      }
    },
    {
      "question": 50,
      "target": "Durability Perception (1-10)",
      "target_value": 6,
      "options": [
        "Price ($)",
        "Warranty (years)"
      ],
      "optionA": {
        "trial_id": "16",
        "task_id": "8",
        "values": "240.0, 2.0",
        "target_value": 6
      },
      "optionB": {
        "trial_id": "10",
        "task_id": "8",
        "values": "300.0, 4.0",
        "target_value": 7
      },
      "choice": {
        "button": "J",
        "selected_option": "OptionB"
      }
    }
  ]
}