{
  "prolific_id": "UNKNOWN",
  "condition_group": "ranking",
  "responses": [
    {
      "question": 1,
      "target": "Customer satisfaction (1-10)",
      "target_value": 6,
      "options": [
        "Number of reviews",
        "Price (in $)"
      ],
      "optionA": {
        "trial_id": "3",
        "task_id": "56",
        "values": "50.0, 60",
        "target_value": 6
      },
      "optionB": {
        "trial_id": "16",
        "task_id": "56",
        "values": "100.0, 60",
        "target_value": 7.5
      },
      "choice": {
        "button": "J",
        "selected_option": "OptionB"
      }
    },
    {
      "question": 2,
      "target": "Fuel Efficiency (km/l)",
      "target_value": 12,
      "options": [
        "Car Engine Size (liters)",
        "Weight (kg)"
      ],
      "optionA": {
        "trial_id": "1",
        "task_id": "103",
        "values": "2.0, 1400.0",
        "target_value": 12
      },
      "optionB": {
        "trial_id": "14",
        "task_id": "103",
        "values": "2.6, 1400.0",
        "target_value": 10
      },
      "choice": {
        "button": "J",
        "selected_option": "OptionB"
      }
    },
    {
      "question": 3,
      "target": "Playfulness score (1-10)",
      "target_value": 4.5,
      "options": [
        "Dog weight (kg)",
        "Dog age (years)"
      ],
      "optionA": {
        "trial_id": "10",
        "task_id": "147",
        "values": "17.0, 6",
        "target_value": 4.5
      },
      "optionB": {
        "trial_id": "10",
        "task_id": "147",
        "values": "17.0, 6",
        "target_value": 4.5
      },
      "choice": {
        "button": "F",
        "selected_option": "OptionA"
      }
    },
    {
      "question": 4,
      "target": "Job Success",
      "target_value": 3,
      "options": [
        "Age",
        "Experience"
      ],
      "optionA": {
        "trial_id": "16",
        "task_id": "133",
        "values": "70.0, 0.1",
        "target_value": 3
      },
      "optionB": {
        "trial_id": "11",
        "task_id": "133",
        "values": "55.0, 0.5",
        "target_value": 4.5
      },
      "choice": {
        "button": "F",
        "selected_option": "OptionA"
      }
    },
    {
      "question": 5,
      "target": "Enjoyment",
      "target_value": 70,
      "options": [
        "Book pages",
        "Author fame"
      ],
      "optionA": {
        "trial_id": "11",
        "task_id": "84",
        "values": "250.0, 7",
        "target_value": 70
      },
      "optionB": {
        "trial_id": "14",
        "task_id": "84",
        "values": "530.0, 6",
        "target_value": 90
      },
      "choice": {
        "button": "F",
        "selected_option": "OptionA"
      }
    },
    {
      "question": 6,
      "target": "Exam score",
      "target_value": 60,
      "options": [
        "Study hours",
        "Intelligence"
      ],
      "optionA": {
        "trial_id": "9",
        "task_id": "81",
        "values": "2.0, 85",
        "target_value": 60
      },
      "optionB": {
        "trial_id": "6",
        "task_id": "81",
        "values": "4.0, 95",
        "target_value": 75
      },
      "choice": {
        "button": "J",
        "selected_option": "OptionB"
      }
    },
    {
      "question": 7,
      "target": "Morning alertness (1-10)",
      "target_value": 9,
      "options": [
        "Amount of sleep (hours)",
        "Time to bed (minutes past 10pm)"
      ],
      "optionA": {
        "trial_id": "20",
        "task_id": "96",
        "values": "9.0, 15",
        "target_value": 9
      },
      "optionB": {
        "trial_id": "10",
        "task_id": "96",
        "values": "6.0, 60",
        "target_value": 4
      },
      "choice": {
        "button": "J",
        "selected_option": "OptionB"
      }
    },
    {
      "question": 8,
      "target": "Freshness",
      "target_value": 4,
      "options": [
        "Cooking Time",
        "Ingredients"
      ],
      "optionA": {
        "trial_id": "7",
        "task_id": "19",
        "values": "50.0, 2.0",
        "target_value": 4
      },
      "optionB": {
        "trial_id": "13",
        "task_id": "19",
        "values": "28.0, 4.0",
        "target_value": 8
      },
      "choice": {
        "button": "J",
        "selected_option": "OptionB"
      }
    },
    {
      "question": 9,
      "target": "Project Success (%)",
      "target_value": 87,
      "options": [
        "Experience (years)",
        "Team Size"
      ],
      "optionA": {
        "trial_id": "14",
        "task_id": "110",
        "values": "12.0, 7",
        "target_value": 87
      },
      "optionB": {
        "trial_id": "2",
        "task_id": "110",
        "values": "6.0, 4",
        "target_value": 85
      },
      "choice": {
        "button": "F",
        "selected_option": "OptionA"
      }
    },
    {
      "question": "attention_check_9",
      "choice": "J",
      "passed": true,
      "timestamp": 1756721346250
    },
    {
      "question": 10,
      "target": "Growth Rate (cm/week)",
      "target_value": 4,
      "options": [
        "Plant Height (cm)",
        "Sunlight (hours/day)"
      ],
      "optionA": {
        "trial_id": "18",
        "task_id": "4",
        "values": "30.0, 6",
        "target_value": 4
      },
      "optionB": {
        "trial_id": "8",
        "task_id": "4",
        "values": "40.0, 5",
        "target_value": 6
      },
      "choice": {
        "button": "J",
        "selected_option": "OptionB"
      }
    },
    {
      "question": 11,
      "target": "Walking speed (km/h)",
      "target_value": 4.8,
      "options": [
        "Person height (cm)",
        "Age (years)"
      ],
      "optionA": {
        "trial_id": "20",
        "task_id": "163",
        "values": "168.0, 43.0",
        "target_value": 4.8
      },
      "optionB": {
        "trial_id": "2",
        "task_id": "163",
        "values": "170.0, 40.0",
        "target_value": 4.5
      },
      "choice": {
        "button": "J",
        "selected_option": "OptionB"
      }
    },
    {
      "question": 12,
      "target": "Race Finish Time (minutes)",
      "target_value": 19.5,
      "options": [
        "Runner Speed (mph)",
        "Runner Weight (lbs)"
      ],
      "optionA": {
        "trial_id": "14",
        "task_id": "37",
        "values": "6.5, 155.0",
        "target_value": 19.5
      },
      "optionB": {
        "trial_id": "17",
        "task_id": "37",
        "values": "9.5, 125.0",
        "target_value": 13.5
      },
      "choice": {
        "button": "F",
        "selected_option": "OptionA"
      }
    },
    {
      "question": 13,
      "target": "Morning alertness (1-10)",
      "target_value": 6,
      "options": [
        "Amount of sleep (hours)",
        "Time to bed (minutes past 10pm)"
      ],
      "optionA": {
        "trial_id": "3",
        "task_id": "96",
        "values": "7.0, 45",
        "target_value": 6
      },
      "optionB": {
        "trial_id": "10",
        "task_id": "96",
        "values": "6.0, 60",
        "target_value": 4
      },
      "choice": {
        "button": "J",
        "selected_option": "OptionB"
      }
    },
    {
      "question": 14,
      "target": "Battery Life (hours)",
      "target_value": 14,
      "options": [
        "Phone Battery Capacity (mAh)",
        "Phone Weight (g)"
      ],
      "optionA": {
        "trial_id": "18",
        "task_id": "34",
        "values": "6000.0, 135.0",
        "target_value": 14
      },
      "optionB": {
        "trial_id": "8",
        "task_id": "34",
        "values": "5500.0, 130.0",
        "target_value": 13
      },
      "choice": {
        "button": "F",
        "selected_option": "OptionA"
      }
    },
    {
      "question": 15,
      "target": "Calories Burned",
      "target_value": 210,
      "options": [
        "Exercise Duration",
        "Exercise Intensity"
      ],
      "optionA": {
        "trial_id": "6",
        "task_id": "71",
        "values": "50.0, 3.0",
        "target_value": 210
      },
      "optionB": {
        "trial_id": "16",
        "task_id": "71",
        "values": "40.0, 4.0",
        "target_value": 210
      },
      "choice": {
        "button": "J",
        "selected_option": "OptionB"
      }
    },
    {
      "question": 16,
      "target": "Fuel Efficiency (km/l)",
      "target_value": 10,
      "options": [
        "Car Engine Size (liters)",
        "Weight (kg)"
      ],
      "optionA": {
        "trial_id": "8",
        "task_id": "103",
        "values": "2.8, 1500.0",
        "target_value": 10
      },
      "optionB": {
        "trial_id": "13",
        "task_id": "103",
        "values": "2.0, 1300.0",
        "target_value": 12
      },
      "choice": {
        "button": "F",
        "selected_option": "OptionA"
      }
    },
    {
      "question": 17,
      "target": "Shade Area (sq ft)",
      "target_value": 160,
      "options": [
        "Tree Height (ft)",
        "Tree Diameter (in)"
      ],
      "optionA": {
        "trial_id": "16",
        "task_id": "33",
        "values": "55.0, 9.0",
        "target_value": 160
      },
      "optionB": {
        "trial_id": "18",
        "task_id": "33",
        "values": "65.0, 7.0",
        "target_value": 190
      },
      "choice": {
        "button": "J",
        "selected_option": "OptionB"
      }
    },
    {
      "question": 18,
      "target": "Morning Alertness",
      "target_value": 5,
      "options": [
        "Hours of Sleep",
        "Number of Alarms"
      ],
      "optionA": {
        "trial_id": "12",
        "task_id": "160",
        "values": "6.0, 3",
        "target_value": 5
      },
      "optionB": {
        "trial_id": "20",
        "task_id": "160",
        "values": "6.0, 1",
        "target_value": 6
      },
      "choice": {
        "button": "F",
        "selected_option": "OptionA"
      }
    },
    {
      "question": 19,
      "target": "Deliciousness",
      "target_value": 8,
      "options": [
        "Cooking Time",
        "Ingredients"
      ],
      "optionA": {
        "trial_id": "17",
        "task_id": "65",
        "values": "20.0, 4",
        "target_value": 8
      },
      "optionB": {
        "trial_id": "11",
        "task_id": "19",
        "values": "35.0, 5.0",
        "target_value": 7
      },
      "choice": {
        "button": "J",
        "selected_option": "OptionB"
      }
    },
    {
      "question": "attention_check_19",
      "choice": "F",
      "passed": true,
      "timestamp": 1756721550212
    },
    {
      "question": 20,
      "target": "Weight Loss (lbs)",
      "target_value": 10,
      "options": [
        "Exercise Minutes",
        "Diet Score (1-10)"
      ],
      "optionA": {
        "trial_id": "16",
        "task_id": "112",
        "values": "110.0, 6",
        "target_value": 10
      },
      "optionB": {
        "trial_id": "3",
        "task_id": "112",
        "values": "40.0, 9",
        "target_value": 3
      },
      "choice": {
        "button": "J",
        "selected_option": "OptionB"
      }
    },
    {
      "question": 21,
      "target": "Heart rate",
      "target_value": 75,
      "options": [
        "Age",
        "Exercise hours"
      ],
      "optionA": {
        "trial_id": "19",
        "task_id": "77",
        "values": "50.0, 3",
        "target_value": 75
      },
      "optionB": {
        "trial_id": "16",
        "task_id": "82",
        "values": "50.0, 2",
        "target_value": 80
      },
      "choice": {
        "button": "J",
        "selected_option": "OptionB"
      }
    },
    {
      "question": 22,
      "target": "Height (cm)",
      "target_value": 12,
      "options": [
        "Age of the plant (weeks)",
        "Water given (ml/day)"
      ],
      "optionA": {
        "trial_id": "1",
        "task_id": "91",
        "values": "4.0, 500",
        "target_value": 12
      },
      "optionB": {
        "trial_id": "14",
        "task_id": "91",
        "values": "4.0, 500",
        "target_value": 13
      },
      "choice": {
        "button": "J",
        "selected_option": "OptionB"
      }
    },
    {
      "question": 23,
      "target": "Comfort",
      "target_value": 7,
      "options": [
        "Age",
        "Size"
      ],
      "optionA": {
        "trial_id": "11",
        "task_id": "66",
        "values": "6.0, 25",
        "target_value": 7
      },
      "optionB": {
        "trial_id": "17",
        "task_id": "66",
        "values": "5.0, 20",
        "target_value": 7
      },
      "choice": {
        "button": "J",
        "selected_option": "OptionB"
      }
    },
    {
      "question": 24,
      "target": "Shade Area (sq ft)",
      "target_value": 190,
      "options": [
        "Tree Height (ft)",
        "Tree Diameter (in)"
      ],
      "optionA": {
        "trial_id": "18",
        "task_id": "33",
        "values": "65.0, 7.0",
        "target_value": 190
      },
      "optionB": {
        "trial_id": "1",
        "task_id": "33",
        "values": "40.0, 10.0",
        "target_value": 120
      },
      "choice": {
        "button": "J",
        "selected_option": "OptionB"
      }
    },
    {
      "question": 25,
      "target": "Battery life (hours)",
      "target_value": 6.8,
      "options": [
        "Laptop weight (kg)",
        "Screen size (inches)"
      ],
      "optionA": {
        "trial_id": "18",
        "task_id": "118",
        "values": "1.4, 15",
        "target_value": 6.8
      },
      "optionB": {
        "trial_id": "11",
        "task_id": "118",
        "values": "1.9, 11",
        "target_value": 6.9
      },
      "choice": {
        "button": "F",
        "selected_option": "OptionA"
      }
    },
    {
      "question": 26,
      "target": "Cooking Time (minutes)",
      "target_value": 10,
      "options": [
        "Number of Ingredients",
        "Prep Time (minutes)"
      ],
      "optionA": {
        "trial_id": "14",
        "task_id": "26",
        "values": "10.0, 20.0",
        "target_value": 10
      },
      "optionB": {
        "trial_id": "1",
        "task_id": "26",
        "values": "5.0, 10.0",
        "target_value": 20
      },
      "choice": {
        "button": "J",
        "selected_option": "OptionB"
      }
    },
    {
      "question": 27,
      "target": "Battery Life",
      "target_value": 23,
      "options": [
        "Phone Battery Capacity",
        "Number of Apps Installed"
      ],
      "optionA": {
        "trial_id": "4",
        "task_id": "78",
        "values": "4500.0, 45",
        "target_value": 23
      },
      "optionB": {
        "trial_id": "4",
        "task_id": "78",
        "values": "4500.0, 45",
        "target_value": 23
      },
      "choice": {
        "button": "F",
        "selected_option": "OptionA"
      }
    },
    {
      "question": 28,
      "target": "Reading Enjoyment",
      "target_value": 9,
      "options": [
        "Book Length",
        "Author Fame"
      ],
      "optionA": {
        "trial_id": "5",
        "task_id": "131",
        "values": "500.0, 6.0",
        "target_value": 9
      },
      "optionB": {
        "trial_id": "5",
        "task_id": "131",
        "values": "500.0, 6.0",
        "target_value": 9
      },
      "choice": {
        "button": "F",
        "selected_option": "OptionA"
      }
    },
    {
      "question": 29,
      "target": "Reading Enjoyment",
      "target_value": 9,
      "options": [
        "Book Length",
        "Author Fame"
      ],
      "optionA": {
        "trial_id": "5",
        "task_id": "131",
        "values": "500.0, 6.0",
        "target_value": 9
      },
      "optionB": {
        "trial_id": "13",
        "task_id": "131",
        "values": "900.0, 2.0",
        "target_value": 13
      },
      "choice": {
        "button": "F",
        "selected_option": "OptionA"
      }
    },
    {
      "question": "attention_check_29",
      "choice": "J",
      "passed": true,
      "timestamp": 1756721714743
    },
    {
      "question": 30,
      "target": "Taste Rating",
      "target_value": 9,
      "options": [
        "Number of Ingredients",
        "Prep Time (min)"
      ],
      "optionA": {
        "trial_id": "18",
        "task_id": "148",
        "values": "4.0, 20.0",
        "target_value": 9
      },
      "optionB": {
        "trial_id": "5",
        "task_id": "148",
        "values": "6.0, 25.0",
        "target_value": 7
      },
      "choice": {
        "button": "J",
        "selected_option": "OptionB"
      }
    },
    {
      "question": 31,
      "target": "Value for Money",
      "target_value": 45,
      "options": [
        "Price",
        "Weight"
      ],
      "optionA": {
        "trial_id": "17",
        "task_id": "20",
        "values": "110.0, 1.6",
        "target_value": 45
      },
      "optionB": {
        "trial_id": "9",
        "task_id": "20",
        "values": "70.0, 3.5",
        "target_value": 35
      },
      "choice": {
        "button": "F",
        "selected_option": "OptionA"
      }
    },
    {
      "question": 32,
      "target": "Deliciousness",
      "target_value": 5,
      "options": [
        "Cooking time",
        "Ingredients"
      ],
      "optionA": {
        "trial_id": "7",
        "task_id": "125",
        "values": "50.0, 3.0",
        "target_value": 5
      },
      "optionB": {
        "trial_id": "4",
        "task_id": "125",
        "values": "35.0, 5.0",
        "target_value": 7
      },
      "choice": {
        "button": "J",
        "selected_option": "OptionB"
      }
    },
    {
      "question": 33,
      "target": "Cooking Time (minutes)",
      "target_value": 12,
      "options": [
        "Number of Ingredients",
        "Prep Time (minutes)"
      ],
      "optionA": {
        "trial_id": "15",
        "task_id": "26",
        "values": "9.0, 18.0",
        "target_value": 12
      },
      "optionB": {
        "trial_id": "15",
        "task_id": "26",
        "values": "9.0, 18.0",
        "target_value": 12
      },
      "choice": {
        "button": "F",
        "selected_option": "OptionA"
      }
    },
    {
      "question": 34,
      "target": "Travel Time (min)",
      "target_value": 10,
      "options": [
        "Distance (km)",
        "Speed (km/h)"
      ],
      "optionA": {
        "trial_id": "4",
        "task_id": "166",
        "values": "10.0, 60",
        "target_value": 10
      },
      "optionB": {
        "trial_id": "10",
        "task_id": "166",
        "values": "18.0, 45",
        "target_value": 24
      },
      "choice": {
        "button": "J",
        "selected_option": "OptionB"
      }
    },
    {
      "question": 35,
      "target": "Retention Rate (%)",
      "target_value": 45,
      "options": [
        "Study Time (hours)",
        "Number of Distractions"
      ],
      "optionA": {
        "trial_id": "6",
        "task_id": "161",
        "values": "1.0, 4",
        "target_value": 45
      },
      "optionB": {
        "trial_id": "17",
        "task_id": "161",
        "values": "3.0, 3",
        "target_value": 70
      },
      "choice": {
        "button": "J",
        "selected_option": "OptionB"
      }
    },
    {
      "question": 36,
      "target": "Battery Life",
      "target_value": 20,
      "options": [
        "Phone Battery Capacity",
        "Number of Apps Installed"
      ],
      "optionA": {
        "trial_id": "8",
        "task_id": "78",
        "values": "3800.0, 55",
        "target_value": 20
      },
      "optionB": {
        "trial_id": "2",
        "task_id": "78",
        "values": "3000.0, 40",
        "target_value": 20
      },
      "choice": {
        "button": "J",
        "selected_option": "OptionB"
      }
    },
    {
      "question": 37,
      "target": "Exam score (%)",
      "target_value": 55,
      "options": [
        "Time spent studying (hours)",
        "Number of breaks (times)"
      ],
      "optionA": {
        "trial_id": "17",
        "task_id": "139",
        "values": "2.0, 2",
        "target_value": 55
      },
      "optionB": {
        "trial_id": "9",
        "task_id": "139",
        "values": "6.0, 1",
        "target_value": 80
      },
      "choice": {
        "button": "J",
        "selected_option": "OptionB"
      }
    },
    {
      "question": 38,
      "target": "Energy Boost (scale 1-10)",
      "target_value": 5.5,
      "options": [
        "Coffee Strength (scale 1-10)",
        "Caffeine Content (mg)"
      ],
      "optionA": {
        "trial_id": "13",
        "task_id": "24",
        "values": "6.0, 125",
        "target_value": 5.5
      },
      "optionB": {
        "trial_id": "8",
        "task_id": "24",
        "values": "10.0, 90",
        "target_value": 7
      },
      "choice": {
        "button": "J",
        "selected_option": "OptionB"
      }
    },
    {
      "question": 39,
      "target": "Energy Level (scale 1-10)",
      "target_value": 3,
      "options": [
        "Age (years)",
        "Number of Pets"
      ],
      "optionA": {
        "trial_id": "7",
        "task_id": "165",
        "values": "8.0, 2",
        "target_value": 3
      },
      "optionB": {
        "trial_id": "1",
        "task_id": "165",
        "values": "5.0, 2",
        "target_value": 6
      },
      "choice": {
        "button": "F",
        "selected_option": "OptionA"
      }
    },
    {
      "question": "attention_check_39",
      "choice": "F",
      "passed": true,
      "timestamp": 1756721852313
    },
    {
      "question": 40,
      "target": "Battery Life",
      "target_value": 18,
      "options": [
        "Phone Battery Capacity",
        "Phone Weight"
      ],
      "optionA": {
        "trial_id": "6",
        "task_id": "171",
        "values": "5000.0, 200",
        "target_value": 18
      },
      "optionB": {
        "trial_id": "16",
        "task_id": "171",
        "values": "10000.0, 200",
        "target_value": 38
      },
      "choice": {
        "button": "J",
        "selected_option": "OptionB"
      }
    },
    {
      "question": 41,
      "target": "Skill Level",
      "target_value": 10,
      "options": [
        "Experience",
        "Years of Education"
      ],
      "optionA": {
        "trial_id": "20",
        "task_id": "137",
        "values": "9.0, 10.0",
        "target_value": 10
      },
      "optionB": {
        "trial_id": "3",
        "task_id": "137",
        "values": "10.0, 10.0",
        "target_value": 8
      },
      "choice": {
        "button": "J",
        "selected_option": "OptionB"
      }
    },
    {
      "question": 42,
      "target": "Comfort Rating",
      "target_value": 7.5,
      "options": [
        "Shoe Weight",
        "Brand Popularity"
      ],
      "optionA": {
        "trial_id": "2",
        "task_id": "29",
        "values": "250.0, 9.0",
        "target_value": 7.5
      },
      "optionB": {
        "trial_id": "19",
        "task_id": "29",
        "values": "240.0, 7.0",
        "target_value": 7.7
      },
      "choice": {
        "button": "F",
        "selected_option": "OptionA"
      }
    },
    {
      "question": 43,
      "target": "Exam score (%)",
      "target_value": 50,
      "options": [
        "Time spent studying (hours)",
        "Number of breaks (times)"
      ],
      "optionA": {
        "trial_id": "14",
        "task_id": "139",
        "values": "2.0, 3",
        "target_value": 50
      },
      "optionB": {
        "trial_id": "3",
        "task_id": "89",
        "values": "4.0, 1",
        "target_value": 90
      },
      "choice": {
        "button": "J",
        "selected_option": "OptionB"
      }
    },
    {
      "question": 44,
      "target": "Comfort (1-10)",
      "target_value": 8,
      "options": [
        "Shoe Width (cm)",
        "Arch Support (1-10)"
      ],
      "optionA": {
        "trial_id": "10",
        "task_id": "7",
        "values": "9.0, 5",
        "target_value": 8
      },
      "optionB": {
        "trial_id": "11",
        "task_id": "7",
        "values": "9.0, 5",
        "target_value": 8
      },
      "choice": {
        "button": "J",
        "selected_option": "OptionB"
      }
    },
    {
      "question": 45,
      "target": "Exam Score",
      "target_value": 72,
      "options": [
        "Study Time",
        "Coffee Consumption"
      ],
      "optionA": {
        "trial_id": "10",
        "task_id": "14",
        "values": "5.0, 7",
        "target_value": 72
      },
      "optionB": {
        "trial_id": "19",
        "task_id": "14",
        "values": "7.0, 3",
        "target_value": 90
      },
      "choice": {
        "button": "J",
        "selected_option": "OptionB"
      }
    },
    {
      "question": 46,
      "target": "Battery Life (hours)",
      "target_value": 15,
      "options": [
        "Phone RAM (GB)",
        "Screen Size (inches)"
      ],
      "optionA": {
        "trial_id": "17",
        "task_id": "104",
        "values": "3.0, 6.4",
        "target_value": 15
      },
      "optionB": {
        "trial_id": "5",
        "task_id": "104",
        "values": "3.0, 6.0",
        "target_value": 16
      },
      "choice": {
        "button": "J",
        "selected_option": "OptionB"
      }
    },
    {
      "question": 47,
      "target": "Cost to travel",
      "target_value": 20,
      "options": [
        "Distance",
        "Speed"
      ],
      "optionA": {
        "trial_id": "13",
        "task_id": "124",
        "values": "40.0, 120.0",
        "target_value": 20
      },
      "optionB": {
        "trial_id": "2",
        "task_id": "124",
        "values": "90.0, 70.0",
        "target_value": 55
      },
      "choice": {
        "button": "F",
        "selected_option": "OptionA"
      }
    },
    {
      "question": 48,
      "target": "Height (cm)",
      "target_value": 12,
      "options": [
        "Age of the plant (weeks)",
        "Water given (ml/day)"
      ],
      "optionA": {
        "trial_id": "1",
        "task_id": "91",
        "values": "4.0, 500",
        "target_value": 12
      },
      "optionB": {
        "trial_id": "5",
        "task_id": "91",
        "values": "6.0, 300",
        "target_value": 16
      },
      "choice": {
        "button": "F",
        "selected_option": "OptionA"
      }
    },
    {
      "question": 49,
      "target": "Distance Traveled",
      "target_value": 700,
      "options": [
        "Speed",
        "Comfort"
      ],
      "optionA": {
        "trial_id": "17",
        "task_id": "129",
        "values": "140.0, 0.2",
        "target_value": 700
      },
      "optionB": {
        "trial_id": "1",
        "task_id": "129",
        "values": "60.0, 7.0",
        "target_value": 300
      },
      "choice": {
        "button": "F",
        "selected_option": "OptionA"
      }
    },
    {
      "question": 50,
      "target": "Exercise Burned Calories",
      "target_value": 320,
      "options": [
        "Exercise Intensity",
        "Exercise Duration"
      ],
      "optionA": {
        "trial_id": "6",
        "task_id": "13",
        "values": "8.0, 25",
        "target_value": 320
      },
      "optionB": {
        "trial_id": "17",
        "task_id": "13",
        "values": "11.0, 5",
        "target_value": 380
      },
      "choice": {
        "button": "J",
        "selected_option": "OptionB"
      }
    }
  ]
}