{
  "prolific_id": "UNKNOWN",
  "condition_group": "ranking",
  "responses": [
    {
      "question": 1,
      "target": "Commute time (minutes)",
      "target_value": 32,
      "options": [
        "Distance to work (miles)",
        "Number of traffic lights"
      ],
      "optionA": {
        "trial_id": "15",
        "task_id": "95",
        "values": "6.0, 12",
        "target_value": 32
      },
      "optionB": {
        "trial_id": "8",
        "task_id": "95",
        "values": "5.0, 11",
        "target_value": 30
      },
      "choice": {
        "button": "F",
        "selected_option": "OptionA"
      }
    },
    {
      "question": 2,
      "target": "Flower Size",
      "target_value": 5,
      "options": [
        "Plant Height",
        "Number of Leaves"
      ],
      "optionA": {
        "trial_id": "4",
        "task_id": "80",
        "values": "32.0, 9",
        "target_value": 5
      },
      "optionB": {
        "trial_id": "20",
        "task_id": "80",
        "values": "27.0, 11",
        "target_value": 4
      },
      "choice": {
        "button": "F",
        "selected_option": "OptionA"
      }
    },
    {
      "question": 3,
      "target": "Cooling Time (min)",
      "target_value": 29,
      "options": [
        "Room Size (m\u00b2)",
        "Window Size (m\u00b2)"
      ],
      "optionA": {
        "trial_id": "19",
        "task_id": "143",
        "values": "23.0, 2.5",
        "target_value": 29
      },
      "optionB": {
        "trial_id": "1",
        "task_id": "143",
        "values": "20.0, 2.0",
        "target_value": 30
      },
      "choice": {
        "button": "F",
        "selected_option": "OptionA"
      }
    },
    {
      "question": 4,
      "target": "Mood Score (1-10)",
      "target_value": 7,
      "options": [
        "Hours of Sleep",
        "Screen Time (hours)"
      ],
      "optionA": {
        "trial_id": "5",
        "task_id": "109",
        "values": "6.0, 3",
        "target_value": 7
      },
      "optionB": {
        "trial_id": "11",
        "task_id": "109",
        "values": "10.0, 0",
        "target_value": 10
      },
      "choice": {
        "button": "J",
        "selected_option": "OptionB"
      }
    },
    {
      "question": 5,
      "target": "Exam score (%)",
      "target_value": 83,
      "options": [
        "Student study hours per week",
        "Student age (years)"
      ],
      "optionA": {
        "trial_id": "17",
        "task_id": "144",
        "values": "8.0, 16",
        "target_value": 83
      },
      "optionB": {
        "trial_id": "9",
        "task_id": "144",
        "values": "9.0, 14",
        "target_value": 82
      },
      "choice": {
        "button": "J",
        "selected_option": "OptionB"
      }
    },
    {
      "question": 6,
      "target": "Comfort Rating",
      "target_value": 8.3,
      "options": [
        "Shoe Weight",
        "Brand Popularity"
      ],
      "optionA": {
        "trial_id": "9",
        "task_id": "29",
        "values": "190.0, 8.0",
        "target_value": 8.3
      },
      "optionB": {
        "trial_id": "18",
        "task_id": "29",
        "values": "210.0, 9.0",
        "target_value": 7.9
      },
      "choice": {
        "button": "F",
        "selected_option": "OptionA"
      }
    },
    {
      "question": 7,
      "target": "Mood Score (1-10)",
      "target_value": 10,
      "options": [
        "Hours of Sleep",
        "Screen Time (hours)"
      ],
      "optionA": {
        "trial_id": "7",
        "task_id": "109",
        "values": "9.0, 1",
        "target_value": 10
      },
      "optionB": {
        "trial_id": "16",
        "task_id": "109",
        "values": "6.0, 3",
        "target_value": 7
      },
      "choice": {
        "button": "F",
        "selected_option": "OptionA"
      }
    },
    {
      "question": 8,
      "target": "Battery life",
      "target_value": 30,
      "options": [
        "Phone battery",
        "Phone size"
      ],
      "optionA": {
        "trial_id": "15",
        "task_id": "62",
        "values": "5000.0, 14.0",
        "target_value": 30
      },
      "optionB": {
        "trial_id": "4",
        "task_id": "62",
        "values": "4000.0, 18.0",
        "target_value": 24
      },
      "choice": {
        "button": "F",
        "selected_option": "OptionA"
      }
    },
    {
      "question": 9,
      "target": "Speed (km/h)",
      "target_value": 17,
      "options": [
        "Bike wheel size (inches)",
        "Frame weight (kg)"
      ],
      "optionA": {
        "trial_id": "20",
        "task_id": "164",
        "values": "23.0, 3.2",
        "target_value": 17
      },
      "optionB": {
        "trial_id": "5",
        "task_id": "164",
        "values": "28.0, 2.4",
        "target_value": 21
      },
      "choice": {
        "button": "J",
        "selected_option": "OptionB"
      }
    },
    {
      "question": "attention_check_9",
      "choice": "J",
      "passed": true,
      "timestamp": 1756154455631
    },
    {
      "question": 10,
      "target": "Flower Size",
      "target_value": 4,
      "options": [
        "Plant Height",
        "Number of Leaves"
      ],
      "optionA": {
        "trial_id": "20",
        "task_id": "80",
        "values": "27.0, 11",
        "target_value": 4
      },
      "optionB": {
        "trial_id": "4",
        "task_id": "80",
        "values": "32.0, 9",
        "target_value": 5
      },
      "choice": {
        "button": "J",
        "selected_option": "OptionB"
      }
    },
    {
      "question": 11,
      "target": "Fuel efficiency (km/L)",
      "target_value": 13,
      "options": [
        "Car engine size (L)",
        "Car weight (kg)"
      ],
      "optionA": {
        "trial_id": "10",
        "task_id": "150",
        "values": "2.4, 1400.0",
        "target_value": 13
      },
      "optionB": {
        "trial_id": "15",
        "task_id": "150",
        "values": "1.6, 1150.0",
        "target_value": 19
      },
      "choice": {
        "button": "F",
        "selected_option": "OptionA"
      }
    },
    {
      "question": 12,
      "target": "Calories Burned",
      "target_value": 180,
      "options": [
        "Exercise Duration",
        "Exercise Intensity"
      ],
      "optionA": {
        "trial_id": "3",
        "task_id": "71",
        "values": "25.0, 6.0",
        "target_value": 180
      },
      "optionB": {
        "trial_id": "13",
        "task_id": "71",
        "values": "45.0, 3.0",
        "target_value": 200
      },
      "choice": {
        "button": "J",
        "selected_option": "OptionB"
      }
    },
    {
      "question": 13,
      "target": "Plant Health",
      "target_value": 13,
      "options": [
        "Plant Height",
        "Water Amount"
      ],
      "optionA": {
        "trial_id": "16",
        "task_id": "169",
        "values": "100.0, 2",
        "target_value": 13
      },
      "optionB": {
        "trial_id": "9",
        "task_id": "169",
        "values": "70.0, 1",
        "target_value": 11
      },
      "choice": {
        "button": "F",
        "selected_option": "OptionA"
      }
    },
    {
      "question": 14,
      "target": "Calories burned",
      "target_value": 280,
      "options": [
        "Exercise time (min)",
        "Heart rate (bpm)"
      ],
      "optionA": {
        "trial_id": "16",
        "task_id": "116",
        "values": "25.0, 115",
        "target_value": 280
      },
      "optionB": {
        "trial_id": "1",
        "task_id": "116",
        "values": "30.0, 100",
        "target_value": 250
      },
      "choice": {
        "button": "J",
        "selected_option": "OptionB"
      }
    },
    {
      "question": 15,
      "target": "Weight Loss (lbs)",
      "target_value": 6,
      "options": [
        "Exercise Minutes",
        "Diet Score (1-10)"
      ],
      "optionA": {
        "trial_id": "8",
        "task_id": "112",
        "values": "70.0, 6",
        "target_value": 6
      },
      "optionB": {
        "trial_id": "2",
        "task_id": "112",
        "values": "40.0, 7",
        "target_value": 3
      },
      "choice": {
        "button": "F",
        "selected_option": "OptionA"
      }
    },
    {
      "question": 16,
      "target": "Enjoyment",
      "target_value": 70,
      "options": [
        "Book pages",
        "Author fame"
      ],
      "optionA": {
        "trial_id": "1",
        "task_id": "84",
        "values": "300.0, 8",
        "target_value": 70
      },
      "optionB": {
        "trial_id": "19",
        "task_id": "84",
        "values": "150.0, 9",
        "target_value": 60
      },
      "choice": {
        "button": "J",
        "selected_option": "OptionB"
      }
    },
    {
      "question": 17,
      "target": "Heart Health Score",
      "target_value": 89,
      "options": [
        "Age (years)",
        "Exercise Frequency"
      ],
      "optionA": {
        "trial_id": "9",
        "task_id": "149",
        "values": "28.0, 5.0",
        "target_value": 89
      },
      "optionB": {
        "trial_id": "5",
        "task_id": "149",
        "values": "35.0, 6.0",
        "target_value": 87
      },
      "choice": {
        "button": "J",
        "selected_option": "OptionB"
      }
    },
    {
      "question": 18,
      "target": "Taste Rating",
      "target_value": 6.5,
      "options": [
        "Coffee Amount",
        "Sugar Amount"
      ],
      "optionA": {
        "trial_id": "3",
        "task_id": "18",
        "values": "2.0, 2",
        "target_value": 6.5
      },
      "optionB": {
        "trial_id": "7",
        "task_id": "18",
        "values": "3.0, 3",
        "target_value": 6
      },
      "choice": {
        "button": "J",
        "selected_option": "OptionB"
      }
    },
    {
      "question": 19,
      "target": "Fuel efficiency (km/l)",
      "target_value": 10,
      "options": [
        "Engine power (in horsepower)",
        "Weight (in kg)"
      ],
      "optionA": {
        "trial_id": "15",
        "task_id": "87",
        "values": "170.0, 1300",
        "target_value": 10
      },
      "optionB": {
        "trial_id": "4",
        "task_id": "87",
        "values": "220.0, 1500",
        "target_value": 8
      },
      "choice": {
        "button": "F",
        "selected_option": "OptionA"
      }
    },
    {
      "question": "attention_check_19",
      "choice": "F",
      "passed": true,
      "timestamp": 1756154543592
    },
    {
      "question": 20,
      "target": "Fuel Cost",
      "target_value": 4.44,
      "options": [
        "Distance (km)",
        "Fuel Efficiency (km/L)"
      ],
      "optionA": {
        "trial_id": "13",
        "task_id": "70",
        "values": "80.0, 18",
        "target_value": 4.44
      },
      "optionB": {
        "trial_id": "5",
        "task_id": "70",
        "values": "60.0, 10",
        "target_value": 6
      },
      "choice": {
        "button": "J",
        "selected_option": "OptionB"
      }
    },
    {
      "question": 21,
      "target": "Energy Boost (scale 1-10)",
      "target_value": 7,
      "options": [
        "Coffee Strength (scale 1-10)",
        "Caffeine Content (mg)"
      ],
      "optionA": {
        "trial_id": "4",
        "task_id": "24",
        "values": "8.0, 100",
        "target_value": 7
      },
      "optionB": {
        "trial_id": "15",
        "task_id": "24",
        "values": "7.0, 110",
        "target_value": 6
      },
      "choice": {
        "button": "J",
        "selected_option": "OptionB"
      }
    },
    {
      "question": 22,
      "target": "Walking speed (km/h)",
      "target_value": 4.8,
      "options": [
        "Person height (cm)",
        "Age (years)"
      ],
      "optionA": {
        "trial_id": "20",
        "task_id": "163",
        "values": "168.0, 43.0",
        "target_value": 4.8
      },
      "optionB": {
        "trial_id": "17",
        "task_id": "163",
        "values": "168.0, 26.0",
        "target_value": 5
      },
      "choice": {
        "button": "J",
        "selected_option": "OptionB"
      }
    },
    {
      "question": 23,
      "target": "Garden yield (lbs)",
      "target_value": 30,
      "options": [
        "Amount of rainfall (inches)",
        "Soil type (1=clay, 2=sandy)"
      ],
      "optionA": {
        "trial_id": "1",
        "task_id": "142",
        "values": "2.0, 1",
        "target_value": 30
      },
      "optionB": {
        "trial_id": "9",
        "task_id": "142",
        "values": "5.0, 1",
        "target_value": 35
      },
      "choice": {
        "button": "J",
        "selected_option": "OptionB"
      }
    },
    {
      "question": 24,
      "target": "Battery Life",
      "target_value": 18,
      "options": [
        "Phone Battery Capacity",
        "Phone Weight"
      ],
      "optionA": {
        "trial_id": "6",
        "task_id": "171",
        "values": "5000.0, 200",
        "target_value": 18
      },
      "optionB": {
        "trial_id": "13",
        "task_id": "171",
        "values": "9000.0, 180",
        "target_value": 36
      },
      "choice": {
        "button": "J",
        "selected_option": "OptionB"
      }
    },
    {
      "question": 25,
      "target": "Garden yield (lbs)",
      "target_value": 25,
      "options": [
        "Amount of rainfall (inches)",
        "Soil type (1=clay, 2=sandy)"
      ],
      "optionA": {
        "trial_id": "19",
        "task_id": "142",
        "values": "5.0, 2",
        "target_value": 25
      },
      "optionB": {
        "trial_id": "4",
        "task_id": "142",
        "values": "1.0, 1",
        "target_value": 20
      },
      "choice": {
        "button": "F",
        "selected_option": "OptionA"
      }
    },
    {
      "question": 26,
      "target": "Deliciousness",
      "target_value": 10,
      "options": [
        "Cooking time",
        "Ingredients"
      ],
      "optionA": {
        "trial_id": "10",
        "task_id": "125",
        "values": "5.0, 10.0",
        "target_value": 10
      },
      "optionB": {
        "trial_id": "16",
        "task_id": "125",
        "values": "65.0, 2.0",
        "target_value": 4
      },
      "choice": {
        "button": "J",
        "selected_option": "OptionB"
      }
    },
    {
      "question": 27,
      "target": "Fuel Efficiency (km/l)",
      "target_value": 8,
      "options": [
        "Car Engine Size (liters)",
        "Weight (kg)"
      ],
      "optionA": {
        "trial_id": "4",
        "task_id": "103",
        "values": "3.5, 1400.0",
        "target_value": 8
      },
      "optionB": {
        "trial_id": "17",
        "task_id": "103",
        "values": "1.9, 1300.0",
        "target_value": 13
      },
      "choice": {
        "button": "J",
        "selected_option": "OptionB"
      }
    },
    {
      "question": 28,
      "target": "Engagement rate (%)",
      "target_value": 3,
      "options": [
        "Number of followers (count)",
        "Time posted (hours ago)"
      ],
      "optionA": {
        "trial_id": "15",
        "task_id": "98",
        "values": "800.0, 4",
        "target_value": 3
      },
      "optionB": {
        "trial_id": "14",
        "task_id": "98",
        "values": "1200.0, 3",
        "target_value": 5
      },
      "choice": {
        "button": "J",
        "selected_option": "OptionB"
      }
    },
    {
      "question": 29,
      "target": "Training time",
      "target_value": 34,
      "options": [
        "Dog weight",
        "Dog breed"
      ],
      "optionA": {
        "trial_id": "16",
        "task_id": "59",
        "values": "24.0, 2.0",
        "target_value": 34
      },
      "optionB": {
        "trial_id": "16",
        "task_id": "59",
        "values": "24.0, 2.0",
        "target_value": 34
      },
      "choice": {
        "button": "F",
        "selected_option": "OptionA"
      }
    },
    {
      "question": "attention_check_29",
      "choice": "J",
      "passed": true,
      "timestamp": 1756154593936
    },
    {
      "question": 30,
      "target": "Battery Life",
      "target_value": 24,
      "options": [
        "Phone Battery Capacity",
        "Phone Weight"
      ],
      "optionA": {
        "trial_id": "7",
        "task_id": "171",
        "values": "6000.0, 180",
        "target_value": 24
      },
      "optionB": {
        "trial_id": "3",
        "task_id": "171",
        "values": "4000.0, 180",
        "target_value": 16
      },
      "choice": {
        "button": "F",
        "selected_option": "OptionA"
      }
    },
    {
      "question": 31,
      "target": "Battery life (hours)",
      "target_value": 7.3,
      "options": [
        "Laptop weight (kg)",
        "Screen size (inches)"
      ],
      "optionA": {
        "trial_id": "17",
        "task_id": "118",
        "values": "1.6, 14",
        "target_value": 7.3
      },
      "optionB": {
        "trial_id": "17",
        "task_id": "118",
        "values": "1.6, 14",
        "target_value": 7.3
      },
      "choice": {
        "button": "F",
        "selected_option": "OptionA"
      }
    },
    {
      "question": 32,
      "target": "Customer Rating (1-10)",
      "target_value": 6,
      "options": [
        "Price ($)",
        "Weight (oz)"
      ],
      "optionA": {
        "trial_id": "3",
        "task_id": "108",
        "values": "15.0, 12",
        "target_value": 6
      },
      "optionB": {
        "trial_id": "14",
        "task_id": "108",
        "values": "12.0, 14",
        "target_value": 7
      },
      "choice": {
        "button": "F",
        "selected_option": "OptionA"
      }
    },
    {
      "question": 33,
      "target": "Customer satisfaction (1-10)",
      "target_value": 8,
      "options": [
        "Number of reviews",
        "Price (in $)"
      ],
      "optionA": {
        "trial_id": "11",
        "task_id": "56",
        "values": "120.0, 50",
        "target_value": 8
      },
      "optionB": {
        "trial_id": "16",
        "task_id": "56",
        "values": "100.0, 60",
        "target_value": 7.5
      },
      "choice": {
        "button": "F",
        "selected_option": "OptionA"
      }
    },
    {
      "question": 34,
      "target": "Playfulness score (1-10)",
      "target_value": 3.5,
      "options": [
        "Dog weight (kg)",
        "Dog age (years)"
      ],
      "optionA": {
        "trial_id": "12",
        "task_id": "147",
        "values": "19.0, 7",
        "target_value": 3.5
      },
      "optionB": {
        "trial_id": "18",
        "task_id": "147",
        "values": "18.0, 7",
        "target_value": 3.8
      },
      "choice": {
        "button": "J",
        "selected_option": "OptionB"
      }
    },
    {
      "question": 35,
      "target": "Battery Life (hours)",
      "target_value": 12,
      "options": [
        "Phone Battery Capacity (mAh)",
        "Phone Weight (g)"
      ],
      "optionA": {
        "trial_id": "16",
        "task_id": "34",
        "values": "5000.0, 145.0",
        "target_value": 12
      },
      "optionB": {
        "trial_id": "18",
        "task_id": "34",
        "values": "6000.0, 135.0",
        "target_value": 14
      },
      "choice": {
        "button": "J",
        "selected_option": "OptionB"
      }
    },
    {
      "question": 36,
      "target": "Battery Life",
      "target_value": 24,
      "options": [
        "Phone Battery Capacity",
        "Phone Weight"
      ],
      "optionA": {
        "trial_id": "7",
        "task_id": "171",
        "values": "6000.0, 180",
        "target_value": 24
      },
      "optionB": {
        "trial_id": "5",
        "task_id": "171",
        "values": "5000.0, 180",
        "target_value": 20
      },
      "choice": {
        "button": "F",
        "selected_option": "OptionA"
      }
    },
    {
      "question": 37,
      "target": "Phone price ($)",
      "target_value": 590,
      "options": [
        "Phone battery capacity (mAh)",
        "Phone screen size (inches)"
      ],
      "optionA": {
        "trial_id": "4",
        "task_id": "154",
        "values": "5200.0, 6.0",
        "target_value": 590
      },
      "optionB": {
        "trial_id": "5",
        "task_id": "154",
        "values": "4200.0, 5.9",
        "target_value": 620
      },
      "choice": {
        "button": "F",
        "selected_option": "OptionA"
      }
    },
    {
      "question": 38,
      "target": "Travel Time (min)",
      "target_value": 24,
      "options": [
        "Distance (km)",
        "Speed (km/h)"
      ],
      "optionA": {
        "trial_id": "20",
        "task_id": "166",
        "values": "20.0, 50",
        "target_value": 24
      },
      "optionB": {
        "trial_id": "1",
        "task_id": "166",
        "values": "10.0, 60",
        "target_value": 10
      },
      "choice": {
        "button": "F",
        "selected_option": "OptionA"
      }
    },
    {
      "question": 39,
      "target": "Battery Life",
      "target_value": 21,
      "options": [
        "Phone Battery Capacity",
        "Number of Apps Installed"
      ],
      "optionA": {
        "trial_id": "12",
        "task_id": "78",
        "values": "4000.0, 60",
        "target_value": 21
      },
      "optionB": {
        "trial_id": "7",
        "task_id": "78",
        "values": "4200.0, 40",
        "target_value": 22
      },
      "choice": {
        "button": "J",
        "selected_option": "OptionB"
      }
    },
    {
      "question": "attention_check_39",
      "choice": "F",
      "passed": true,
      "timestamp": 1756154630174
    },
    {
      "question": 40,
      "target": "Cost to travel",
      "target_value": 5,
      "options": [
        "Distance",
        "Speed"
      ],
      "optionA": {
        "trial_id": "18",
        "task_id": "124",
        "values": "10.0, 150.0",
        "target_value": 5
      },
      "optionB": {
        "trial_id": "8",
        "task_id": "124",
        "values": "140.0, 50.0",
        "target_value": 70
      },
      "choice": {
        "button": "J",
        "selected_option": "OptionB"
      }
    },
    {
      "question": 41,
      "target": "BMI",
      "target_value": 30.1,
      "options": [
        "Height",
        "Weight"
      ],
      "optionA": {
        "trial_id": "12",
        "task_id": "17",
        "values": "160.0, 77",
        "target_value": 30.1
      },
      "optionB": {
        "trial_id": "10",
        "task_id": "17",
        "values": "155.0, 73",
        "target_value": 30
      },
      "choice": {
        "button": "F",
        "selected_option": "OptionA"
      }
    },
    {
      "question": 42,
      "target": "Resale value (in $)",
      "target_value": 18000,
      "options": [
        "Age of car (years)",
        "Mileage (km)"
      ],
      "optionA": {
        "trial_id": "12",
        "task_id": "55",
        "values": "4.0, 40000",
        "target_value": 18000
      },
      "optionB": {
        "trial_id": "1",
        "task_id": "55",
        "values": "5.0, 50000",
        "target_value": 15000
      },
      "choice": {
        "button": "J",
        "selected_option": "OptionB"
      }
    },
    {
      "question": 43,
      "target": "Maximum heart rate (bpm)",
      "target_value": 175,
      "options": [
        "Age (years)",
        "Height (cm)"
      ],
      "optionA": {
        "trial_id": "7",
        "task_id": "52",
        "values": "35.0, 180",
        "target_value": 175
      },
      "optionB": {
        "trial_id": "10",
        "task_id": "52",
        "values": "30.0, 165",
        "target_value": 185
      },
      "choice": {
        "button": "F",
        "selected_option": "OptionA"
      }
    },
    {
      "question": 44,
      "target": "House Price",
      "target_value": 330,
      "options": [
        "House Size",
        "Housing Age"
      ],
      "optionA": {
        "trial_id": "14",
        "task_id": "99",
        "values": "210.0, 10",
        "target_value": 330
      },
      "optionB": {
        "trial_id": "19",
        "task_id": "99",
        "values": "240.0, 9",
        "target_value": 380
      },
      "choice": {
        "button": "J",
        "selected_option": "OptionB"
      }
    },
    {
      "question": 45,
      "target": "Weight Loss (lbs)",
      "target_value": 9,
      "options": [
        "Exercise Minutes",
        "Diet Score (1-10)"
      ],
      "optionA": {
        "trial_id": "14",
        "task_id": "112",
        "values": "100.0, 9",
        "target_value": 9
      },
      "optionB": {
        "trial_id": "20",
        "task_id": "112",
        "values": "130.0, 8",
        "target_value": 12
      },
      "choice": {
        "button": "F",
        "selected_option": "OptionA"
      }
    },
    {
      "question": 46,
      "target": "Flower size (cm)",
      "target_value": 5.8,
      "options": [
        "Plant height (cm)",
        "Plant age (months)"
      ],
      "optionA": {
        "trial_id": "9",
        "task_id": "146",
        "values": "27.0, 4",
        "target_value": 5.8
      },
      "optionB": {
        "trial_id": "14",
        "task_id": "146",
        "values": "36.0, 6",
        "target_value": 4
      },
      "choice": {
        "button": "J",
        "selected_option": "OptionB"
      }
    },
    {
      "question": 47,
      "target": "App Performance",
      "target_value": 4,
      "options": [
        "Phone RAM",
        "Phone Storage"
      ],
      "optionA": {
        "trial_id": "3",
        "task_id": "170",
        "values": "6.0, 64",
        "target_value": 4
      },
      "optionB": {
        "trial_id": "12",
        "task_id": "170",
        "values": "2.0, 128",
        "target_value": 2
      },
      "choice": {
        "button": "F",
        "selected_option": "OptionA"
      }
    },
    {
      "question": 48,
      "target": "Market value",
      "target_value": 310,
      "options": [
        "House size",
        "House floors"
      ],
      "optionA": {
        "trial_id": "18",
        "task_id": "64",
        "values": "210.0, 4.0",
        "target_value": 310
      },
      "optionB": {
        "trial_id": "10",
        "task_id": "64",
        "values": "170.0, 4.0",
        "target_value": 260
      },
      "choice": {
        "button": "F",
        "selected_option": "OptionA"
      }
    },
    {
      "question": 49,
      "target": "Fuel efficiency (km/l)",
      "target_value": 14,
      "options": [
        "Engine size (cc)",
        "Weight (kg)"
      ],
      "optionA": {
        "trial_id": "8",
        "task_id": "51",
        "values": "1600.0, 1200",
        "target_value": 14
      },
      "optionB": {
        "trial_id": "3",
        "task_id": "51",
        "values": "1600.0, 1100",
        "target_value": 14
      },
      "choice": {
        "button": "J",
        "selected_option": "OptionB"
      }
    },
    {
      "question": 50,
      "target": "Cooling Time (min)",
      "target_value": 25,
      "options": [
        "Room Size (m\u00b2)",
        "Window Size (m\u00b2)"
      ],
      "optionA": {
        "trial_id": "2",
        "task_id": "143",
        "values": "25.0, 3.0",
        "target_value": 25
      },
      "optionB": {
        "trial_id": "7",
        "task_id": "143",
        "values": "15.0, 1.0",
        "target_value": 40
      },
      "choice": {
        "button": "J",
        "selected_option": "OptionB"
      }
    }
  ]
}