{
  "prolific_id": "UNKNOWN",
  "condition_group": "direction",
  "responses": [
    {
      "question": 1,
      "target": "Plant Growth Rate (cm/week)",
      "target_value": 7,
      "options": [
        "Plant Soil Quality (1-10)",
        "Plant Water Frequency (times/week)"
      ],
      "optionA": {
        "trial_id": "10",
        "task_id": "81",
        "values": "9.0, 5.0",
        "target_value": 7
      },
      "optionB": {
        "trial_id": "15",
        "task_id": "81",
        "values": "5.0, 1.0",
        "target_value": 3
      },
      "choice": {
        "button": "F",
        "selected_option": "OptionA"
      }
    },
    {
      "question": 2,
      "target": "Movie enjoyment",
      "target_value": 5.5,
      "options": [
        "Movie runtime",
        "Movie rating"
      ],
      "optionA": {
        "trial_id": "6",
        "task_id": "75",
        "values": "100.0, 6.0",
        "target_value": 5.5
      },
      "optionB": {
        "trial_id": "20",
        "task_id": "75",
        "values": "130.0, 7.5",
        "target_value": 8
      },
      "choice": {
        "button": "J",
        "selected_option": "OptionB"
      }
    },
    {
      "question": 3,
      "target": "Weight Loss",
      "target_value": 1.5,
      "options": [
        "Calories",
        "Exercise Time"
      ],
      "optionA": {
        "trial_id": "15",
        "task_id": "51",
        "values": "500.0, 50.0",
        "target_value": 1.5
      },
      "optionB": {
        "trial_id": "11",
        "task_id": "51",
        "values": "600.0, 30.0",
        "target_value": 1.5
      },
      "choice": {
        "button": "J",
        "selected_option": "OptionB"
      }
    },
    {
      "question": 4,
      "target": "Value Score",
      "target_value": 80,
      "options": [
        "Price ($)",
        "Size (GB)"
      ],
      "optionA": {
        "trial_id": "3",
        "task_id": "99",
        "values": "60.0, 256.0",
        "target_value": 80
      },
      "optionB": {
        "trial_id": "19",
        "task_id": "99",
        "values": "50.0, 128.0",
        "target_value": 70
      },
      "choice": {
        "button": "F",
        "selected_option": "OptionA"
      }
    },
    {
      "question": 5,
      "target": "Fat Burn (g)",
      "target_value": 75,
      "options": [
        "Exercise Time (min)",
        "Heart Rate (bpm)"
      ],
      "optionA": {
        "trial_id": "7",
        "task_id": "28",
        "values": "50.0, 150.0",
        "target_value": 75
      },
      "optionB": {
        "trial_id": "20",
        "task_id": "28",
        "values": "30.0, 110.0",
        "target_value": 30
      },
      "choice": {
        "button": "F",
        "selected_option": "OptionA"
      }
    },
    {
      "question": 6,
      "target": "Social Engagement (on scale 1-10)",
      "target_value": 9,
      "options": [
        "Number of Friends",
        "Average Message Frequency"
      ],
      "optionA": {
        "trial_id": "19",
        "task_id": "21",
        "values": "150.0, 5.0",
        "target_value": 9
      },
      "optionB": {
        "trial_id": "17",
        "task_id": "21",
        "values": "140.0, 3.0",
        "target_value": 7
      },
      "choice": {
        "button": "F",
        "selected_option": "OptionA"
      }
    },
    {
      "question": 7,
      "target": "App Popularity",
      "target_value": 95,
      "options": [
        "App User Ratings (1-5)",
        "Number of Reviews"
      ],
      "optionA": {
        "trial_id": "15",
        "task_id": "42",
        "values": "5.0, 300.0",
        "target_value": 95
      },
      "optionB": {
        "trial_id": "13",
        "task_id": "42",
        "values": "3.0, 100.0",
        "target_value": 60
      },
      "choice": {
        "button": "F",
        "selected_option": "OptionA"
      }
    },
    {
      "question": 8,
      "target": "Market value ($)",
      "target_value": 280000,
      "options": [
        "Number of bedrooms",
        "House size (sq ft)"
      ],
      "optionA": {
        "trial_id": "9",
        "task_id": "90",
        "values": "3.0, 1400.0",
        "target_value": 280000
      },
      "optionB": {
        "trial_id": "7",
        "task_id": "90",
        "values": "5.0, 1600.0",
        "target_value": 320000
      },
      "choice": {
        "button": "J",
        "selected_option": "OptionB"
      }
    },
    {
      "question": 9,
      "target": "Enjoyment",
      "target_value": 5,
      "options": [
        "Coffee price",
        "Coffee acidity"
      ],
      "optionA": {
        "trial_id": "16",
        "task_id": "101",
        "values": "2.0, 3.0",
        "target_value": 5
      },
      "optionB": {
        "trial_id": "7",
        "task_id": "101",
        "values": "6.0, 7.0",
        "target_value": 9
      },
      "choice": {
        "button": "J",
        "selected_option": "OptionB"
      }
    },
    {
      "question": "attention_check_9",
      "choice": "J",
      "passed": true,
      "timestamp": 1756154606026
    },
    {
      "question": 10,
      "target": "Social Engagement (on scale 1-10)",
      "target_value": 9,
      "options": [
        "Number of Friends",
        "Average Message Frequency"
      ],
      "optionA": {
        "trial_id": "19",
        "task_id": "21",
        "values": "150.0, 5.0",
        "target_value": 9
      },
      "optionB": {
        "trial_id": "7",
        "task_id": "21",
        "values": "110.0, 5.0",
        "target_value": 9
      },
      "choice": {
        "button": "F",
        "selected_option": "OptionA"
      }
    },
    {
      "question": 11,
      "target": "Restaurant Customer Satisfaction",
      "target_value": 8.9,
      "options": [
        "Restaurant Menu Size",
        "Restaurant Online Rating"
      ],
      "optionA": {
        "trial_id": "12",
        "task_id": "24",
        "values": "20.0, 4.8",
        "target_value": 8.9
      },
      "optionB": {
        "trial_id": "19",
        "task_id": "24",
        "values": "19.0, 4.5",
        "target_value": 8.6
      },
      "choice": {
        "button": "F",
        "selected_option": "OptionA"
      }
    },
    {
      "question": 12,
      "target": "Bike Speed",
      "target_value": 120,
      "options": [
        "Bike Weight",
        "Bike Power"
      ],
      "optionA": {
        "trial_id": "19",
        "task_id": "87",
        "values": "28.0, 600.0",
        "target_value": 120
      },
      "optionB": {
        "trial_id": "6",
        "task_id": "87",
        "values": "16.0, 300.0",
        "target_value": 60
      },
      "choice": {
        "button": "F",
        "selected_option": "OptionA"
      }
    },
    {
      "question": 13,
      "target": "Weight Loss",
      "target_value": 1,
      "options": [
        "Calories",
        "Exercise Time"
      ],
      "optionA": {
        "trial_id": "19",
        "task_id": "51",
        "values": "400.0, 10.0",
        "target_value": 1
      },
      "optionB": {
        "trial_id": "12",
        "task_id": "51",
        "values": "700.0, 40.0",
        "target_value": 2
      },
      "choice": {
        "button": "J",
        "selected_option": "OptionB"
      }
    },
    {
      "question": 14,
      "target": "Fuel Consumption (L)",
      "target_value": 750,
      "options": [
        "Flight Duration (hours)",
        "Distance (km)"
      ],
      "optionA": {
        "trial_id": "5",
        "task_id": "33",
        "values": "3.0, 750.0",
        "target_value": 750
      },
      "optionB": {
        "trial_id": "1",
        "task_id": "33",
        "values": "4.0, 1000.0",
        "target_value": 1000
      },
      "choice": {
        "button": "J",
        "selected_option": "OptionB"
      }
    },
    {
      "question": 15,
      "target": "Top Speed",
      "target_value": 135,
      "options": [
        "Car Engine Size",
        "Horsepower"
      ],
      "optionA": {
        "trial_id": "9",
        "task_id": "36",
        "values": "2.3, 190.0",
        "target_value": 135
      },
      "optionB": {
        "trial_id": "9",
        "task_id": "61",
        "values": "2.2, 170.0",
        "target_value": 135
      },
      "choice": {
        "button": "F",
        "selected_option": "OptionA"
      }
    },
    {
      "question": 16,
      "target": "Restaurant Popularity (on scale 1-10)",
      "target_value": 7,
      "options": [
        "Number of Reviews",
        "Average Rating (out of 5)"
      ],
      "optionA": {
        "trial_id": "7",
        "task_id": "19",
        "values": "150.0, 4.3",
        "target_value": 7
      },
      "optionB": {
        "trial_id": "17",
        "task_id": "19",
        "values": "200.0, 4.5",
        "target_value": 8
      },
      "choice": {
        "button": "J",
        "selected_option": "OptionB"
      }
    },
    {
      "question": 17,
      "target": "Fitness Level",
      "target_value": 6,
      "options": [
        "Exercise Time (min/day)",
        "Healthy Diet (%)"
      ],
      "optionA": {
        "trial_id": "15",
        "task_id": "46",
        "values": "25.0, 70.0",
        "target_value": 6
      },
      "optionB": {
        "trial_id": "12",
        "task_id": "46",
        "values": "40.0, 75.0",
        "target_value": 7
      },
      "choice": {
        "button": "J",
        "selected_option": "OptionB"
      }
    },
    {
      "question": 18,
      "target": "Bike Speed",
      "target_value": 40,
      "options": [
        "Bike Weight",
        "Bike Power"
      ],
      "optionA": {
        "trial_id": "3",
        "task_id": "87",
        "values": "12.0, 200.0",
        "target_value": 40
      },
      "optionB": {
        "trial_id": "2",
        "task_id": "87",
        "values": "12.0, 200.0",
        "target_value": 40
      },
      "choice": {
        "button": "F",
        "selected_option": "OptionA"
      }
    },
    {
      "question": 19,
      "target": "Age (years)",
      "target_value": 60,
      "options": [
        "Tree Height (m)",
        "Trunk Diameter (cm)"
      ],
      "optionA": {
        "trial_id": "8",
        "task_id": "32",
        "values": "12.0, 35.0",
        "target_value": 60
      },
      "optionB": {
        "trial_id": "16",
        "task_id": "32",
        "values": "11.0, 33.0",
        "target_value": 55
      },
      "choice": {
        "button": "J",
        "selected_option": "OptionB"
      }
    },
    {
      "question": "attention_check_19",
      "choice": "F",
      "passed": true,
      "timestamp": 1756154711530
    },
    {
      "question": 20,
      "target": "House Price",
      "target_value": 450000,
      "options": [
        "House Size sqft",
        "House Location Rating"
      ],
      "optionA": {
        "trial_id": "3",
        "task_id": "23",
        "values": "2500.0, 9.0",
        "target_value": 450000
      },
      "optionB": {
        "trial_id": "20",
        "task_id": "23",
        "values": "2000.0, 8.0",
        "target_value": 410000
      },
      "choice": {
        "button": "F",
        "selected_option": "OptionA"
      }
    },
    {
      "question": 21,
      "target": "Light Level",
      "target_value": 7,
      "options": [
        "Room Size (sq ft)",
        "Number of Windows"
      ],
      "optionA": {
        "trial_id": "4",
        "task_id": "35",
        "values": "170.0, 3.0",
        "target_value": 7
      },
      "optionB": {
        "trial_id": "15",
        "task_id": "35",
        "values": "200.0, 3.0",
        "target_value": 7
      },
      "choice": {
        "button": "F",
        "selected_option": "OptionA"
      }
    },
    {
      "question": 22,
      "target": "Knowledge Content",
      "target_value": 4,
      "options": [
        "Book Thickness",
        "Book Reading Level"
      ],
      "optionA": {
        "trial_id": "15",
        "task_id": "6",
        "values": "28.0, 2.0",
        "target_value": 4
      },
      "optionB": {
        "trial_id": "9",
        "task_id": "6",
        "values": "25.0, 3.0",
        "target_value": 5
      },
      "choice": {
        "button": "F",
        "selected_option": "OptionA"
      }
    },
    {
      "question": 23,
      "target": "User Satisfaction",
      "target_value": 7,
      "options": [
        "Screen Size",
        "Battery Life"
      ],
      "optionA": {
        "trial_id": "1",
        "task_id": "52",
        "values": "6.0, 30.0",
        "target_value": 7
      },
      "optionB": {
        "trial_id": "17",
        "task_id": "52",
        "values": "6.0, 40.0",
        "target_value": 8
      },
      "choice": {
        "button": "J",
        "selected_option": "OptionB"
      }
    },
    {
      "question": 24,
      "target": "Popularity Score",
      "target_value": 156,
      "options": [
        "Number of Likes",
        "Number of Comments"
      ],
      "optionA": {
        "trial_id": "20",
        "task_id": "50",
        "values": "130.0, 26.0",
        "target_value": 156
      },
      "optionB": {
        "trial_id": "10",
        "task_id": "50",
        "values": "140.0, 28.0",
        "target_value": 168
      },
      "choice": {
        "button": "J",
        "selected_option": "OptionB"
      }
    },
    {
      "question": 25,
      "target": "Book Rating",
      "target_value": 4.6,
      "options": [
        "Book Page Count",
        "Author Rating"
      ],
      "optionA": {
        "trial_id": "9",
        "task_id": "22",
        "values": "500.0, 4.5",
        "target_value": 4.6
      },
      "optionB": {
        "trial_id": "14",
        "task_id": "22",
        "values": "300.0, 4.6",
        "target_value": 4.5
      },
      "choice": {
        "button": "J",
        "selected_option": "OptionB"
      }
    },
    {
      "question": 26,
      "target": "Book Reading Time",
      "target_value": 150,
      "options": [
        "Book Thickness",
        "Book Length"
      ],
      "optionA": {
        "trial_id": "1",
        "task_id": "102",
        "values": "500.0, 200.0",
        "target_value": 150
      },
      "optionB": {
        "trial_id": "8",
        "task_id": "102",
        "values": "300.0, 160.0",
        "target_value": 100
      },
      "choice": {
        "button": "F",
        "selected_option": "OptionA"
      }
    },
    {
      "question": 27,
      "target": "Value Score",
      "target_value": 70,
      "options": [
        "Price ($)",
        "Size (GB)"
      ],
      "optionA": {
        "trial_id": "14",
        "task_id": "99",
        "values": "90.0, 512.0",
        "target_value": 70
      },
      "optionB": {
        "trial_id": "3",
        "task_id": "99",
        "values": "60.0, 256.0",
        "target_value": 80
      },
      "choice": {
        "button": "F",
        "selected_option": "OptionA"
      }
    },
    {
      "question": 28,
      "target": "Fat Burn (in grams)",
      "target_value": 24,
      "options": [
        "Exercise Time (minutes)",
        "Heart Rate (bpm)"
      ],
      "optionA": {
        "trial_id": "20",
        "task_id": "20",
        "values": "70.0, 140.0",
        "target_value": 24
      },
      "optionB": {
        "trial_id": "16",
        "task_id": "20",
        "values": "50.0, 135.0",
        "target_value": 19
      },
      "choice": {
        "button": "F",
        "selected_option": "OptionA"
      }
    },
    {
      "question": 29,
      "target": "Post reach",
      "target_value": 15000,
      "options": [
        "Number of followers",
        "Engagement rate (%)"
      ],
      "optionA": {
        "trial_id": "1",
        "task_id": "92",
        "values": "1000.0, 5.0",
        "target_value": 15000
      },
      "optionB": {
        "trial_id": "18",
        "task_id": "92",
        "values": "2000.0, 5.0",
        "target_value": 18000
      },
      "choice": {
        "button": "J",
        "selected_option": "OptionB"
      }
    },
    {
      "question": "attention_check_29",
      "choice": "J",
      "passed": true,
      "timestamp": 1756154803640
    },
    {
      "question": 30,
      "target": "Enjoyment Score",
      "target_value": 7.5,
      "options": [
        "Book Length (pages)",
        "Author Fame (1-10)"
      ],
      "optionA": {
        "trial_id": "18",
        "task_id": "29",
        "values": "250.0, 6.0",
        "target_value": 7.5
      },
      "optionB": {
        "trial_id": "3",
        "task_id": "29",
        "values": "300.0, 8.0",
        "target_value": 8.5
      },
      "choice": {
        "button": "J",
        "selected_option": "OptionB"
      }
    },
    {
      "question": 31,
      "target": "Home Comfort (1-10)",
      "target_value": 6,
      "options": [
        "Number of Bedrooms",
        "Square Feet"
      ],
      "optionA": {
        "trial_id": "10",
        "task_id": "9",
        "values": "3.0, 1600.0",
        "target_value": 6
      },
      "optionB": {
        "trial_id": "18",
        "task_id": "9",
        "values": "3.0, 1150.0",
        "target_value": 5
      },
      "choice": {
        "button": "F",
        "selected_option": "OptionA"
      }
    },
    {
      "question": 32,
      "target": "Exam Score (out of 100)",
      "target_value": 78,
      "options": [
        "Study Time (hours)",
        "Previous GPA"
      ],
      "optionA": {
        "trial_id": "14",
        "task_id": "18",
        "values": "11.0, 3.2",
        "target_value": 78
      },
      "optionB": {
        "trial_id": "9",
        "task_id": "18",
        "values": "6.0, 3.0",
        "target_value": 70
      },
      "choice": {
        "button": "F",
        "selected_option": "OptionA"
      }
    },
    {
      "question": 33,
      "target": "Top Speed",
      "target_value": 125,
      "options": [
        "Car Engine Size",
        "Horsepower"
      ],
      "optionA": {
        "trial_id": "8",
        "task_id": "36",
        "values": "1.5, 170.0",
        "target_value": 125
      },
      "optionB": {
        "trial_id": "9",
        "task_id": "61",
        "values": "2.2, 170.0",
        "target_value": 135
      },
      "choice": {
        "button": "J",
        "selected_option": "OptionB"
      }
    },
    {
      "question": 34,
      "target": "Top Speed",
      "target_value": 185,
      "options": [
        "Engine Size",
        "Horsepower"
      ],
      "optionA": {
        "trial_id": "14",
        "task_id": "113",
        "values": "3.2, 170.0",
        "target_value": 185
      },
      "optionB": {
        "trial_id": "16",
        "task_id": "113",
        "values": "1.8, 110.0",
        "target_value": 140
      },
      "choice": {
        "button": "F",
        "selected_option": "OptionA"
      }
    },
    {
      "question": 35,
      "target": "Battery life hours",
      "target_value": 15,
      "options": [
        "Phone battery capacity",
        "Phone weight"
      ],
      "optionA": {
        "trial_id": "11",
        "task_id": "73",
        "values": "4000.0, 210.0",
        "target_value": 15
      },
      "optionB": {
        "trial_id": "3",
        "task_id": "73",
        "values": "2500.0, 170.0",
        "target_value": 10
      },
      "choice": {
        "button": "F",
        "selected_option": "OptionA"
      }
    },
    {
      "question": 36,
      "target": "Apartment price",
      "target_value": 1300,
      "options": [
        "Distance from city center",
        "Room size"
      ],
      "optionA": {
        "trial_id": "11",
        "task_id": "58",
        "values": "2.0, 40.0",
        "target_value": 1300
      },
      "optionB": {
        "trial_id": "10",
        "task_id": "58",
        "values": "4.0, 80.0",
        "target_value": 1800
      },
      "choice": {
        "button": "J",
        "selected_option": "OptionB"
      }
    },
    {
      "question": 37,
      "target": "Job Success",
      "target_value": 80,
      "options": [
        "Age",
        "Experience"
      ],
      "optionA": {
        "trial_id": "13",
        "task_id": "117",
        "values": "35.0, 8.0",
        "target_value": 80
      },
      "optionB": {
        "trial_id": "12",
        "task_id": "117",
        "values": "35.0, 6.0",
        "target_value": 75
      },
      "choice": {
        "button": "F",
        "selected_option": "OptionA"
      }
    },
    {
      "question": 38,
      "target": "Enjoyment Rating (1-10)",
      "target_value": 5,
      "options": [
        "Number of Pages",
        "Reading Time (minutes)"
      ],
      "optionA": {
        "trial_id": "17",
        "task_id": "10",
        "values": "240.0, 95.0",
        "target_value": 5
      },
      "optionB": {
        "trial_id": "19",
        "task_id": "10",
        "values": "310.0, 125.0",
        "target_value": 7
      },
      "choice": {
        "button": "F",
        "selected_option": "OptionA"
      }
    },
    {
      "question": 39,
      "target": "Home Comfort (1-10)",
      "target_value": 6,
      "options": [
        "Number of Bedrooms",
        "Square Feet"
      ],
      "optionA": {
        "trial_id": "14",
        "task_id": "9",
        "values": "4.0, 1450.0",
        "target_value": 6
      },
      "optionB": {
        "trial_id": "8",
        "task_id": "9",
        "values": "4.0, 1300.0",
        "target_value": 6
      },
      "choice": {
        "button": "F",
        "selected_option": "OptionA"
      }
    },
    {
      "question": "attention_check_39",
      "choice": "F",
      "passed": true,
      "timestamp": 1756154884826
    },
    {
      "question": 40,
      "target": "Strength",
      "target_value": 15,
      "options": [
        "Coffee Beans",
        "Water"
      ],
      "optionA": {
        "trial_id": "1",
        "task_id": "112",
        "values": "10.0, 200.0",
        "target_value": 15
      },
      "optionB": {
        "trial_id": "7",
        "task_id": "112",
        "values": "6.0, 160.0",
        "target_value": 11
      },
      "choice": {
        "button": "F",
        "selected_option": "OptionA"
      }
    },
    {
      "question": 41,
      "target": "Battery life hours",
      "target_value": 9,
      "options": [
        "Phone battery capacity",
        "Phone weight"
      ],
      "optionA": {
        "trial_id": "16",
        "task_id": "73",
        "values": "2500.0, 160.0",
        "target_value": 9
      },
      "optionB": {
        "trial_id": "5",
        "task_id": "73",
        "values": "4500.0, 220.0",
        "target_value": 18
      },
      "choice": {
        "button": "J",
        "selected_option": "OptionB"
      }
    },
    {
      "question": 42,
      "target": "Flavor Strength",
      "target_value": 9,
      "options": [
        "Coffee Bean Size",
        "Bean Roast"
      ],
      "optionA": {
        "trial_id": "14",
        "task_id": "64",
        "values": "7.0, 4.0",
        "target_value": 9
      },
      "optionB": {
        "trial_id": "19",
        "task_id": "64",
        "values": "5.0, 2.0",
        "target_value": 7
      },
      "choice": {
        "button": "F",
        "selected_option": "OptionA"
      }
    },
    {
      "question": 43,
      "target": "Light amount",
      "target_value": 7,
      "options": [
        "Room size (m2)",
        "Number of windows"
      ],
      "optionA": {
        "trial_id": "6",
        "task_id": "85",
        "values": "18.0, 3.0",
        "target_value": 7
      },
      "optionB": {
        "trial_id": "2",
        "task_id": "85",
        "values": "25.0, 2.0",
        "target_value": 7
      },
      "choice": {
        "button": "F",
        "selected_option": "OptionA"
      }
    },
    {
      "question": 44,
      "target": "Apartment price",
      "target_value": 1200,
      "options": [
        "Distance from city center",
        "Room size"
      ],
      "optionA": {
        "trial_id": "1",
        "task_id": "58",
        "values": "2.0, 40.0",
        "target_value": 1200
      },
      "optionB": {
        "trial_id": "3",
        "task_id": "58",
        "values": "4.0, 60.0",
        "target_value": 1500
      },
      "choice": {
        "button": "J",
        "selected_option": "OptionB"
      }
    },
    {
      "question": 45,
      "target": "Home Comfort (1-10)",
      "target_value": 8,
      "options": [
        "Number of Bedrooms",
        "Square Feet"
      ],
      "optionA": {
        "trial_id": "15",
        "task_id": "9",
        "values": "4.0, 1650.0",
        "target_value": 8
      },
      "optionB": {
        "trial_id": "20",
        "task_id": "9",
        "values": "4.0, 1350.0",
        "target_value": 6
      },
      "choice": {
        "button": "F",
        "selected_option": "OptionA"
      }
    },
    {
      "question": 46,
      "target": "Comfort",
      "target_value": 75,
      "options": [
        "Shoe Weight",
        "Brand Reputation"
      ],
      "optionA": {
        "trial_id": "12",
        "task_id": "62",
        "values": "210.0, 5.0",
        "target_value": 75
      },
      "optionB": {
        "trial_id": "4",
        "task_id": "62",
        "values": "200.0, 4.0",
        "target_value": 70
      },
      "choice": {
        "button": "F",
        "selected_option": "OptionA"
      }
    },
    {
      "question": 47,
      "target": "Exam score",
      "target_value": 84,
      "options": [
        "Study time (hours)",
        "Class attendance (%)"
      ],
      "optionA": {
        "trial_id": "12",
        "task_id": "91",
        "values": "6.0, 85.0",
        "target_value": 84
      },
      "optionB": {
        "trial_id": "1",
        "task_id": "91",
        "values": "4.0, 80.0",
        "target_value": 75
      },
      "choice": {
        "button": "F",
        "selected_option": "OptionA"
      }
    },
    {
      "question": 48,
      "target": "Jump Height",
      "target_value": 85,
      "options": [
        "Height",
        "Arm Length"
      ],
      "optionA": {
        "trial_id": "12",
        "task_id": "115",
        "values": "190.0, 72.0",
        "target_value": 85
      },
      "optionB": {
        "trial_id": "15",
        "task_id": "115",
        "values": "170.0, 65.0",
        "target_value": 75
      },
      "choice": {
        "button": "F",
        "selected_option": "OptionA"
      }
    },
    {
      "question": 49,
      "target": "Energy Boost",
      "target_value": 7,
      "options": [
        "Coffee Caffeine Content",
        "Coffee Richness"
      ],
      "optionA": {
        "trial_id": "1",
        "task_id": "4",
        "values": "100.0, 3.0",
        "target_value": 7
      },
      "optionB": {
        "trial_id": "11",
        "task_id": "4",
        "values": "130.0, 5.0",
        "target_value": 9
      },
      "choice": {
        "button": "J",
        "selected_option": "OptionB"
      }
    },
    {
      "question": 50,
      "target": "Top Speed",
      "target_value": 160,
      "options": [
        "Car Engine Size",
        "Horsepower"
      ],
      "optionA": {
        "trial_id": "18",
        "task_id": "36",
        "values": "3.0, 250.0",
        "target_value": 160
      },
      "optionB": {
        "trial_id": "17",
        "task_id": "61",
        "values": "2.8, 220.0",
        "target_value": 180
      },
      "choice": {
        "button": "F",
        "selected_option": "OptionA"
      }
    }
  ]
}