{
  "prolific_id": "UNKNOWN",
  "condition_group": "direction",
  "responses": [
    {
      "question": 1,
      "target": "Taste Rating (1-10)",
      "target_value": 6,
      "options": [
        "Time Spent Cooking (min)",
        "Number of Ingredients"
      ],
      "optionA": {
        "trial_id": "11",
        "task_id": "93",
        "values": "30.0, 4.0",
        "target_value": 6
      },
      "optionB": {
        "trial_id": "1",
        "task_id": "93",
        "values": "30.0, 5.0",
        "target_value": 7
      },
      "choice": {
        "button": "J",
        "selected_option": "OptionB"
      }
    },
    {
      "question": 2,
      "target": "Fitness Level",
      "target_value": 7,
      "options": [
        "Exercise Time (min/day)",
        "Healthy Diet (%)"
      ],
      "optionA": {
        "trial_id": "5",
        "task_id": "46",
        "values": "25.0, 80.0",
        "target_value": 7
      },
      "optionB": {
        "trial_id": "14",
        "task_id": "46",
        "values": "35.0, 75.0",
        "target_value": 7
      },
      "choice": {
        "button": "F",
        "selected_option": "OptionA"
      }
    },
    {
      "question": 3,
      "target": "Bike Speed",
      "target_value": 24,
      "options": [
        "Bike Weight",
        "Bike Wheel Size"
      ],
      "optionA": {
        "trial_id": "17",
        "task_id": "107",
        "values": "10.0, 26.5",
        "target_value": 24
      },
      "optionB": {
        "trial_id": "1",
        "task_id": "107",
        "values": "10.0, 27.5",
        "target_value": 25
      },
      "choice": {
        "button": "J",
        "selected_option": "OptionB"
      }
    },
    {
      "question": 4,
      "target": "Phone Performance",
      "target_value": 94,
      "options": [
        "Phone RAM",
        "Phone Screen Size"
      ],
      "optionA": {
        "trial_id": "13",
        "task_id": "103",
        "values": "10.0, 6.8",
        "target_value": 94
      },
      "optionB": {
        "trial_id": "15",
        "task_id": "103",
        "values": "6.0, 6.0",
        "target_value": 80
      },
      "choice": {
        "button": "F",
        "selected_option": "OptionA"
      }
    },
    {
      "question": 5,
      "target": "Job Success",
      "target_value": 80,
      "options": [
        "Age",
        "Experience"
      ],
      "optionA": {
        "trial_id": "5",
        "task_id": "117",
        "values": "35.0, 8.0",
        "target_value": 80
      },
      "optionB": {
        "trial_id": "18",
        "task_id": "117",
        "values": "50.0, 13.0",
        "target_value": 95
      },
      "choice": {
        "button": "J",
        "selected_option": "OptionB"
      }
    },
    {
      "question": 6,
      "target": "Recipe difficulty",
      "target_value": 5,
      "options": [
        "Number of ingredients",
        "Prep time (minutes)"
      ],
      "optionA": {
        "trial_id": "3",
        "task_id": "60",
        "values": "4.0, 10.0",
        "target_value": 5
      },
      "optionB": {
        "trial_id": "18",
        "task_id": "60",
        "values": "8.0, 30.0",
        "target_value": 9
      },
      "choice": {
        "button": "J",
        "selected_option": "OptionB"
      }
    },
    {
      "question": 7,
      "target": "Taste score",
      "target_value": 8,
      "options": [
        "Coffee strength",
        "Bean quality"
      ],
      "optionA": {
        "trial_id": "4",
        "task_id": "68",
        "values": "4.0, 8.0",
        "target_value": 8
      },
      "optionB": {
        "trial_id": "4",
        "task_id": "68",
        "values": "4.0, 8.0",
        "target_value": 8
      },
      "choice": {
        "button": "F",
        "selected_option": "OptionA"
      }
    },
    {
      "question": 8,
      "target": "Weight Loss",
      "target_value": 1.5,
      "options": [
        "Calories",
        "Exercise Time"
      ],
      "optionA": {
        "trial_id": "2",
        "task_id": "51",
        "values": "600.0, 40.0",
        "target_value": 1.5
      },
      "optionB": {
        "trial_id": "2",
        "task_id": "51",
        "values": "600.0, 40.0",
        "target_value": 1.5
      },
      "choice": {
        "button": "J",
        "selected_option": "OptionB"
      }
    },
    {
      "question": 9,
      "target": "Home Comfort (1-10)",
      "target_value": 6,
      "options": [
        "Number of Bedrooms",
        "Square Feet"
      ],
      "optionA": {
        "trial_id": "14",
        "task_id": "9",
        "values": "4.0, 1450.0",
        "target_value": 6
      },
      "optionB": {
        "trial_id": "14",
        "task_id": "9",
        "values": "4.0, 1450.0",
        "target_value": 6
      },
      "choice": {
        "button": "J",
        "selected_option": "OptionB"
      }
    },
    {
      "question": "attention_check_9",
      "choice": "J",
      "passed": true,
      "timestamp": 1756154510842
    },
    {
      "question": 10,
      "target": "Job Success",
      "target_value": 85,
      "options": [
        "Age",
        "Experience"
      ],
      "optionA": {
        "trial_id": "6",
        "task_id": "117",
        "values": "40.0, 9.0",
        "target_value": 85
      },
      "optionB": {
        "trial_id": "20",
        "task_id": "117",
        "values": "32.0, 5.0",
        "target_value": 70
      },
      "choice": {
        "button": "F",
        "selected_option": "OptionA"
      }
    },
    {
      "question": 11,
      "target": "Weight Loss",
      "target_value": 1.5,
      "options": [
        "Calories",
        "Exercise Time"
      ],
      "optionA": {
        "trial_id": "2",
        "task_id": "51",
        "values": "600.0, 40.0",
        "target_value": 1.5
      },
      "optionB": {
        "trial_id": "17",
        "task_id": "51",
        "values": "300.0, 30.0",
        "target_value": 1
      },
      "choice": {
        "button": "F",
        "selected_option": "OptionA"
      }
    },
    {
      "question": 12,
      "target": "Recipe difficulty",
      "target_value": 7.5,
      "options": [
        "Number of ingredients",
        "Prep time (minutes)"
      ],
      "optionA": {
        "trial_id": "14",
        "task_id": "60",
        "values": "7.0, 22.0",
        "target_value": 7.5
      },
      "optionB": {
        "trial_id": "2",
        "task_id": "60",
        "values": "6.0, 20.0",
        "target_value": 7
      },
      "choice": {
        "button": "F",
        "selected_option": "OptionA"
      }
    },
    {
      "question": 13,
      "target": "Fun Score",
      "target_value": 6,
      "options": [
        "Number of Players",
        "Game Length (min)"
      ],
      "optionA": {
        "trial_id": "15",
        "task_id": "98",
        "values": "4.0, 50.0",
        "target_value": 6
      },
      "optionB": {
        "trial_id": "19",
        "task_id": "98",
        "values": "3.0, 45.0",
        "target_value": 6
      },
      "choice": {
        "button": "F",
        "selected_option": "OptionA"
      }
    },
    {
      "question": 14,
      "target": "Durability Perception (1-10)",
      "target_value": 6,
      "options": [
        "Price ($)",
        "Warranty (years)"
      ],
      "optionA": {
        "trial_id": "16",
        "task_id": "8",
        "values": "240.0, 2.0",
        "target_value": 6
      },
      "optionB": {
        "trial_id": "7",
        "task_id": "8",
        "values": "220.0, 3.0",
        "target_value": 7
      },
      "choice": {
        "button": "J",
        "selected_option": "OptionB"
      }
    },
    {
      "question": 15,
      "target": "Home value",
      "target_value": 310000,
      "options": [
        "House size",
        "Neighborhood quality"
      ],
      "optionA": {
        "trial_id": "18",
        "task_id": "70",
        "values": "140.0, 9.0",
        "target_value": 310000
      },
      "optionB": {
        "trial_id": "10",
        "task_id": "70",
        "values": "160.0, 9.0",
        "target_value": 320000
      },
      "choice": {
        "button": "J",
        "selected_option": "OptionB"
      }
    },
    {
      "question": 16,
      "target": "Distance Traveled",
      "target_value": 340,
      "options": [
        "Speed",
        "Weight"
      ],
      "optionA": {
        "trial_id": "10",
        "task_id": "111",
        "values": "90.0, 1500.0",
        "target_value": 340
      },
      "optionB": {
        "trial_id": "7",
        "task_id": "111",
        "values": "40.0, 700.0",
        "target_value": 260
      },
      "choice": {
        "button": "F",
        "selected_option": "OptionA"
      }
    },
    {
      "question": 17,
      "target": "Flavor Strength",
      "target_value": 8,
      "options": [
        "Coffee Bean Size",
        "Bean Roast"
      ],
      "optionA": {
        "trial_id": "13",
        "task_id": "64",
        "values": "6.0, 3.0",
        "target_value": 8
      },
      "optionB": {
        "trial_id": "14",
        "task_id": "64",
        "values": "7.0, 4.0",
        "target_value": 9
      },
      "choice": {
        "button": "J",
        "selected_option": "OptionB"
      }
    },
    {
      "question": 18,
      "target": "Fun Level",
      "target_value": 6,
      "options": [
        "Number of Players",
        "Game Duration (minutes)"
      ],
      "optionA": {
        "trial_id": "7",
        "task_id": "13",
        "values": "2.0, 40.0",
        "target_value": 6
      },
      "optionB": {
        "trial_id": "20",
        "task_id": "13",
        "values": "5.0, 50.0",
        "target_value": 7
      },
      "choice": {
        "button": "J",
        "selected_option": "OptionB"
      }
    },
    {
      "question": 19,
      "target": "Performance Score",
      "target_value": 92,
      "options": [
        "Hours of Practice",
        "Natural Talent (1-10)"
      ],
      "optionA": {
        "trial_id": "7",
        "task_id": "78",
        "values": "9.0, 9.0",
        "target_value": 92
      },
      "optionB": {
        "trial_id": "17",
        "task_id": "78",
        "values": "9.0, 8.0",
        "target_value": 88
      },
      "choice": {
        "button": "F",
        "selected_option": "OptionA"
      }
    },
    {
      "question": "attention_check_19",
      "choice": "F",
      "passed": true,
      "timestamp": 1756154570228
    },
    {
      "question": 20,
      "target": "Energy Boost",
      "target_value": 9,
      "options": [
        "Coffee Caffeine Content",
        "Coffee Richness"
      ],
      "optionA": {
        "trial_id": "20",
        "task_id": "4",
        "values": "115.0, 6.0",
        "target_value": 9
      },
      "optionB": {
        "trial_id": "16",
        "task_id": "4",
        "values": "95.0, 5.0",
        "target_value": 8
      },
      "choice": {
        "button": "F",
        "selected_option": "OptionA"
      }
    },
    {
      "question": 21,
      "target": "Quality",
      "target_value": 90,
      "options": [
        "Price",
        "Size"
      ],
      "optionA": {
        "trial_id": "7",
        "task_id": "110",
        "values": "180.0, 20.0",
        "target_value": 90
      },
      "optionB": {
        "trial_id": "19",
        "task_id": "110",
        "values": "170.0, 25.0",
        "target_value": 95
      },
      "choice": {
        "button": "F",
        "selected_option": "OptionA"
      }
    },
    {
      "question": 22,
      "target": "Strength",
      "target_value": 11,
      "options": [
        "Coffee Beans",
        "Water"
      ],
      "optionA": {
        "trial_id": "7",
        "task_id": "112",
        "values": "6.0, 160.0",
        "target_value": 11
      },
      "optionB": {
        "trial_id": "7",
        "task_id": "112",
        "values": "6.0, 160.0",
        "target_value": 11
      },
      "choice": {
        "button": "F",
        "selected_option": "OptionA"
      }
    },
    {
      "question": 23,
      "target": "Taste Rating (1-10)",
      "target_value": 7,
      "options": [
        "Minutes of Cooking",
        "Number of Ingredients"
      ],
      "optionA": {
        "trial_id": "6",
        "task_id": "56",
        "values": "12.0, 4.0",
        "target_value": 7
      },
      "optionB": {
        "trial_id": "10",
        "task_id": "56",
        "values": "50.0, 9.0",
        "target_value": 10
      },
      "choice": {
        "button": "J",
        "selected_option": "OptionB"
      }
    },
    {
      "question": 24,
      "target": "Enjoyment",
      "target_value": 13,
      "options": [
        "Taste rating",
        "Price"
      ],
      "optionA": {
        "trial_id": "13",
        "task_id": "26",
        "values": "7.0, 7.0",
        "target_value": 13
      },
      "optionB": {
        "trial_id": "16",
        "task_id": "26",
        "values": "2.0, 5.0",
        "target_value": 6
      },
      "choice": {
        "button": "F",
        "selected_option": "OptionA"
      }
    },
    {
      "question": 25,
      "target": "Age (years)",
      "target_value": 40,
      "options": [
        "Tree Height (m)",
        "Trunk Diameter (cm)"
      ],
      "optionA": {
        "trial_id": "17",
        "task_id": "32",
        "values": "10.0, 28.0",
        "target_value": 40
      },
      "optionB": {
        "trial_id": "5",
        "task_id": "32",
        "values": "8.0, 20.0",
        "target_value": 30
      },
      "choice": {
        "button": "F",
        "selected_option": "OptionA"
      }
    },
    {
      "question": 26,
      "target": "Growth speed",
      "target_value": 6,
      "options": [
        "Plant height cm",
        "Plant leaf count"
      ],
      "optionA": {
        "trial_id": "19",
        "task_id": "74",
        "values": "42.0, 16.0",
        "target_value": 6
      },
      "optionB": {
        "trial_id": "3",
        "task_id": "74",
        "values": "25.0, 8.0",
        "target_value": 3.5
      },
      "choice": {
        "button": "F",
        "selected_option": "OptionA"
      }
    },
    {
      "question": 27,
      "target": "Home value",
      "target_value": 250000,
      "options": [
        "House size",
        "Neighborhood quality"
      ],
      "optionA": {
        "trial_id": "19",
        "task_id": "70",
        "values": "100.0, 6.0",
        "target_value": 250000
      },
      "optionB": {
        "trial_id": "8",
        "task_id": "70",
        "values": "110.0, 7.0",
        "target_value": 260000
      },
      "choice": {
        "button": "J",
        "selected_option": "OptionB"
      }
    },
    {
      "question": 28,
      "target": "Popularity Score",
      "target_value": 60,
      "options": [
        "Price ($)",
        "Rating (1-10)"
      ],
      "optionA": {
        "trial_id": "1",
        "task_id": "97",
        "values": "50.0, 7.0",
        "target_value": 60
      },
      "optionB": {
        "trial_id": "14",
        "task_id": "97",
        "values": "70.0, 8.0",
        "target_value": 75
      },
      "choice": {
        "button": "J",
        "selected_option": "OptionB"
      }
    },
    {
      "question": 29,
      "target": "Knowledge Content",
      "target_value": 7,
      "options": [
        "Book Thickness",
        "Book Reading Level"
      ],
      "optionA": {
        "trial_id": "7",
        "task_id": "6",
        "values": "35.0, 4.0",
        "target_value": 7
      },
      "optionB": {
        "trial_id": "16",
        "task_id": "6",
        "values": "30.0, 3.0",
        "target_value": 5
      },
      "choice": {
        "button": "F",
        "selected_option": "OptionA"
      }
    },
    {
      "question": "attention_check_29",
      "choice": "J",
      "passed": true,
      "timestamp": 1756154624329
    },
    {
      "question": 30,
      "target": "Physical strength",
      "target_value": 78,
      "options": [
        "Height (cm)",
        "Weight (kg)"
      ],
      "optionA": {
        "trial_id": "15",
        "task_id": "84",
        "values": "175.0, 75.0",
        "target_value": 78
      },
      "optionB": {
        "trial_id": "13",
        "task_id": "84",
        "values": "155.0, 60.0",
        "target_value": 58
      },
      "choice": {
        "button": "F",
        "selected_option": "OptionA"
      }
    },
    {
      "question": 31,
      "target": "Light Level",
      "target_value": 8,
      "options": [
        "Room Size (sq ft)",
        "Number of Windows"
      ],
      "optionA": {
        "trial_id": "14",
        "task_id": "35",
        "values": "190.0, 5.0",
        "target_value": 8
      },
      "optionB": {
        "trial_id": "14",
        "task_id": "35",
        "values": "190.0, 5.0",
        "target_value": 8
      },
      "choice": {
        "button": "J",
        "selected_option": "OptionB"
      }
    },
    {
      "question": 32,
      "target": "Value Score",
      "target_value": 70,
      "options": [
        "Price ($)",
        "Size (GB)"
      ],
      "optionA": {
        "trial_id": "15",
        "task_id": "99",
        "values": "40.0, 128.0",
        "target_value": 70
      },
      "optionB": {
        "trial_id": "1",
        "task_id": "99",
        "values": "50.0, 128.0",
        "target_value": 70
      },
      "choice": {
        "button": "J",
        "selected_option": "OptionB"
      }
    },
    {
      "question": 33,
      "target": "Fat Burn (g)",
      "target_value": 80,
      "options": [
        "Exercise Time (min)",
        "Heart Rate (bpm)"
      ],
      "optionA": {
        "trial_id": "14",
        "task_id": "28",
        "values": "70.0, 150.0",
        "target_value": 80
      },
      "optionB": {
        "trial_id": "1",
        "task_id": "28",
        "values": "30.0, 130.0",
        "target_value": 50
      },
      "choice": {
        "button": "F",
        "selected_option": "OptionA"
      }
    },
    {
      "question": 34,
      "target": "Taste Rating",
      "target_value": 8,
      "options": [
        "Number of Ingredients",
        "Cooking Time (minutes)"
      ],
      "optionA": {
        "trial_id": "11",
        "task_id": "14",
        "values": "7.0, 32.0",
        "target_value": 8
      },
      "optionB": {
        "trial_id": "12",
        "task_id": "14",
        "values": "6.0, 27.0",
        "target_value": 7
      },
      "choice": {
        "button": "F",
        "selected_option": "OptionA"
      }
    },
    {
      "question": 35,
      "target": "Battery Life",
      "target_value": 27,
      "options": [
        "Phone Weight",
        "Battery Capacity"
      ],
      "optionA": {
        "trial_id": "15",
        "task_id": "54",
        "values": "170.0, 3300.0",
        "target_value": 27
      },
      "optionB": {
        "trial_id": "20",
        "task_id": "54",
        "values": "160.0, 2900.0",
        "target_value": 25
      },
      "choice": {
        "button": "F",
        "selected_option": "OptionA"
      }
    },
    {
      "question": 36,
      "target": "Physical strength",
      "target_value": 90,
      "options": [
        "Height (cm)",
        "Weight (kg)"
      ],
      "optionA": {
        "trial_id": "5",
        "task_id": "84",
        "values": "190.0, 85.0",
        "target_value": 90
      },
      "optionB": {
        "trial_id": "7",
        "task_id": "84",
        "values": "150.0, 55.0",
        "target_value": 50
      },
      "choice": {
        "button": "F",
        "selected_option": "OptionA"
      }
    },
    {
      "question": 37,
      "target": "Home value",
      "target_value": 320000,
      "options": [
        "House size",
        "Neighborhood quality"
      ],
      "optionA": {
        "trial_id": "5",
        "task_id": "70",
        "values": "160.0, 9.0",
        "target_value": 320000
      },
      "optionB": {
        "trial_id": "9",
        "task_id": "70",
        "values": "140.0, 8.0",
        "target_value": 300000
      },
      "choice": {
        "button": "F",
        "selected_option": "OptionA"
      }
    },
    {
      "question": 38,
      "target": "Phone Performance",
      "target_value": 88,
      "options": [
        "Phone RAM",
        "Phone Screen Size"
      ],
      "optionA": {
        "trial_id": "6",
        "task_id": "103",
        "values": "8.0, 6.5",
        "target_value": 88
      },
      "optionB": {
        "trial_id": "15",
        "task_id": "103",
        "values": "6.0, 6.0",
        "target_value": 80
      },
      "choice": {
        "button": "F",
        "selected_option": "OptionA"
      }
    },
    {
      "question": 39,
      "target": "Post reach",
      "target_value": 16000,
      "options": [
        "Number of followers",
        "Engagement rate (%)"
      ],
      "optionA": {
        "trial_id": "13",
        "task_id": "92",
        "values": "2200.0, 4.0",
        "target_value": 16000
      },
      "optionB": {
        "trial_id": "20",
        "task_id": "92",
        "values": "2600.0, 6.0",
        "target_value": 23000
      },
      "choice": {
        "button": "J",
        "selected_option": "OptionB"
      }
    },
    {
      "question": "attention_check_39",
      "choice": "F",
      "passed": true,
      "timestamp": 1756154675837
    },
    {
      "question": 40,
      "target": "Battery Life",
      "target_value": 35,
      "options": [
        "Phone Weight",
        "Battery Capacity"
      ],
      "optionA": {
        "trial_id": "5",
        "task_id": "54",
        "values": "220.0, 4500.0",
        "target_value": 35
      },
      "optionB": {
        "trial_id": "17",
        "task_id": "54",
        "values": "210.0, 4800.0",
        "target_value": 38
      },
      "choice": {
        "button": "J",
        "selected_option": "OptionB"
      }
    },
    {
      "question": 41,
      "target": "Comfort Score",
      "target_value": 8,
      "options": [
        "Price ($)",
        "Size (sqft)"
      ],
      "optionA": {
        "trial_id": "8",
        "task_id": "44",
        "values": "320000.0, 170.0",
        "target_value": 8
      },
      "optionB": {
        "trial_id": "11",
        "task_id": "44",
        "values": "330000.0, 190.0",
        "target_value": 10
      },
      "choice": {
        "button": "J",
        "selected_option": "OptionB"
      }
    },
    {
      "question": 42,
      "target": "Movie enjoyment",
      "target_value": 8.5,
      "options": [
        "Movie runtime",
        "Movie rating"
      ],
      "optionA": {
        "trial_id": "7",
        "task_id": "75",
        "values": "130.0, 8.0",
        "target_value": 8.5
      },
      "optionB": {
        "trial_id": "6",
        "task_id": "75",
        "values": "100.0, 6.0",
        "target_value": 5.5
      },
      "choice": {
        "button": "F",
        "selected_option": "OptionA"
      }
    },
    {
      "question": 43,
      "target": "Natural Light",
      "target_value": 7,
      "options": [
        "Room Size",
        "Number of Windows"
      ],
      "optionA": {
        "trial_id": "18",
        "task_id": "53",
        "values": "230.0, 4.0",
        "target_value": 7
      },
      "optionB": {
        "trial_id": "10",
        "task_id": "53",
        "values": "300.0, 5.0",
        "target_value": 9
      },
      "choice": {
        "button": "J",
        "selected_option": "OptionB"
      }
    },
    {
      "question": 44,
      "target": "Doneness",
      "target_value": 85,
      "options": [
        "Cooking Time",
        "Size"
      ],
      "optionA": {
        "trial_id": "13",
        "task_id": "116",
        "values": "35.0, 260.0",
        "target_value": 85
      },
      "optionB": {
        "trial_id": "8",
        "task_id": "116",
        "values": "25.0, 180.0",
        "target_value": 65
      },
      "choice": {
        "button": "F",
        "selected_option": "OptionA"
      }
    },
    {
      "question": 45,
      "target": "Home Value (thousands)",
      "target_value": 320,
      "options": [
        "House Size (sqm)",
        "Neighborhood Safety (1-10)"
      ],
      "optionA": {
        "trial_id": "5",
        "task_id": "41",
        "values": "150.0, 7.0",
        "target_value": 320
      },
      "optionB": {
        "trial_id": "8",
        "task_id": "41",
        "values": "120.0, 9.0",
        "target_value": 320
      },
      "choice": {
        "button": "J",
        "selected_option": "OptionB"
      }
    },
    {
      "question": 46,
      "target": "Engagement rate (%)",
      "target_value": 5.5,
      "options": [
        "Number of followers",
        "Post quality score"
      ],
      "optionA": {
        "trial_id": "1",
        "task_id": "71",
        "values": "10000.0, 7.0",
        "target_value": 5.5
      },
      "optionB": {
        "trial_id": "6",
        "task_id": "71",
        "values": "10000.0, 6.0",
        "target_value": 6
      },
      "choice": {
        "button": "F",
        "selected_option": "OptionA"
      }
    },
    {
      "question": 47,
      "target": "Training Difficulty (1-10)",
      "target_value": 8,
      "options": [
        "Dog Size",
        "Dog Energy Level"
      ],
      "optionA": {
        "trial_id": "16",
        "task_id": "82",
        "values": "70.0, 9.0",
        "target_value": 8
      },
      "optionB": {
        "trial_id": "14",
        "task_id": "82",
        "values": "40.0, 5.0",
        "target_value": 4
      },
      "choice": {
        "button": "J",
        "selected_option": "OptionB"
      }
    },
    {
      "question": 48,
      "target": "Bike Speed",
      "target_value": 28,
      "options": [
        "Bike Weight",
        "Bike Wheel Size"
      ],
      "optionA": {
        "trial_id": "19",
        "task_id": "107",
        "values": "14.0, 28.5",
        "target_value": 28
      },
      "optionB": {
        "trial_id": "17",
        "task_id": "107",
        "values": "10.0, 26.5",
        "target_value": 24
      },
      "choice": {
        "button": "F",
        "selected_option": "OptionA"
      }
    },
    {
      "question": 49,
      "target": "House Price",
      "target_value": 450,
      "options": [
        "House Size",
        "Neighborhood Rating"
      ],
      "optionA": {
        "trial_id": "7",
        "task_id": "38",
        "values": "2200.0, 9.0",
        "target_value": 450
      },
      "optionB": {
        "trial_id": "2",
        "task_id": "38",
        "values": "1600.0, 7.0",
        "target_value": 340
      },
      "choice": {
        "button": "F",
        "selected_option": "OptionA"
      }
    },
    {
      "question": 50,
      "target": "Tea Strength (1-10)",
      "target_value": 7,
      "options": [
        "Tea Leaf Quality (1-10)",
        "Tea Steeping Time (minutes)"
      ],
      "optionA": {
        "trial_id": "20",
        "task_id": "80",
        "values": "8.0, 4.0",
        "target_value": 7
      },
      "optionB": {
        "trial_id": "17",
        "task_id": "80",
        "values": "7.0, 3.0",
        "target_value": 6
      },
      "choice": {
        "button": "F",
        "selected_option": "OptionA"
      }
    }
  ]
}