{
  "prolific_id": "UNKNOWN",
  "condition_group": "direction",
  "responses": [
    {
      "question": 1,
      "target": "Apartment price",
      "target_value": 1400,
      "options": [
        "Distance from city center",
        "Room size"
      ],
      "optionA": {
        "trial_id": "18",
        "task_id": "58",
        "values": "3.0, 50.0",
        "target_value": 1400
      },
      "optionB": {
        "trial_id": "19",
        "task_id": "58",
        "values": "1.0, 30.0",
        "target_value": 1100
      },
      "choice": {
        "button": "J",
        "selected_option": "OptionB"
      }
    },
    {
      "question": 2,
      "target": "Energy Boost",
      "target_value": 9,
      "options": [
        "Coffee Caffeine Content",
        "Coffee Richness"
      ],
      "optionA": {
        "trial_id": "11",
        "task_id": "4",
        "values": "130.0, 5.0",
        "target_value": 9
      },
      "optionB": {
        "trial_id": "10",
        "task_id": "4",
        "values": "100.0, 4.0",
        "target_value": 7
      },
      "choice": {
        "button": "F",
        "selected_option": "OptionA"
      }
    },
    {
      "question": 3,
      "target": "Recipe Complexity",
      "target_value": 9,
      "options": [
        "Recipe Servings",
        "Recipe Ingredients"
      ],
      "optionA": {
        "trial_id": "5",
        "task_id": "106",
        "values": "8.0, 14.0",
        "target_value": 9
      },
      "optionB": {
        "trial_id": "10",
        "task_id": "106",
        "values": "4.0, 9.0",
        "target_value": 6
      },
      "choice": {
        "button": "F",
        "selected_option": "OptionA"
      }
    },
    {
      "question": 4,
      "target": "User satisfaction",
      "target_value": 6,
      "options": [
        "Screen size (inches)",
        "RAM (GB)"
      ],
      "optionA": {
        "trial_id": "1",
        "task_id": "119",
        "values": "10.0, 2.0",
        "target_value": 6
      },
      "optionB": {
        "trial_id": "3",
        "task_id": "119",
        "values": "12.0, 3.0",
        "target_value": 7
      },
      "choice": {
        "button": "J",
        "selected_option": "OptionB"
      }
    },
    {
      "question": 5,
      "target": "Phone Battery Life",
      "target_value": 36,
      "options": [
        "Phone Battery Capacity",
        "Phone Weight"
      ],
      "optionA": {
        "trial_id": "5",
        "task_id": "108",
        "values": "5000.0, 220.0",
        "target_value": 36
      },
      "optionB": {
        "trial_id": "18",
        "task_id": "108",
        "values": "3500.0, 190.0",
        "target_value": 28
      },
      "choice": {
        "button": "F",
        "selected_option": "OptionA"
      }
    },
    {
      "question": 6,
      "target": "Growth Rate",
      "target_value": 3,
      "options": [
        "Plant Leaf Size",
        "Plant Height"
      ],
      "optionA": {
        "trial_id": "1",
        "task_id": "65",
        "values": "10.0, 50.0",
        "target_value": 3
      },
      "optionB": {
        "trial_id": "1",
        "task_id": "65",
        "values": "10.0, 50.0",
        "target_value": 3
      },
      "choice": {
        "button": "F",
        "selected_option": "OptionA"
      }
    },
    {
      "question": 7,
      "target": "Exercise Intensity",
      "target_value": 4.5,
      "options": [
        "Time to Walk (min)",
        "Number of Steps"
      ],
      "optionA": {
        "trial_id": "16",
        "task_id": "95",
        "values": "9.0, 900.0",
        "target_value": 4.5
      },
      "optionB": {
        "trial_id": "5",
        "task_id": "95",
        "values": "12.0, 1200.0",
        "target_value": 6
      },
      "choice": {
        "button": "J",
        "selected_option": "OptionB"
      }
    },
    {
      "question": 8,
      "target": "Energy Boost",
      "target_value": 7,
      "options": [
        "Coffee Caffeine Content",
        "Coffee Richness"
      ],
      "optionA": {
        "trial_id": "10",
        "task_id": "4",
        "values": "100.0, 4.0",
        "target_value": 7
      },
      "optionB": {
        "trial_id": "4",
        "task_id": "4",
        "values": "70.0, 6.0",
        "target_value": 7
      },
      "choice": {
        "button": "F",
        "selected_option": "OptionA"
      }
    },
    {
      "question": 9,
      "target": "Fuel Consumption (L/100km)",
      "target_value": 8,
      "options": [
        "Engine Size (cc)",
        "Weight (kg)"
      ],
      "optionA": {
        "trial_id": "14",
        "task_id": "11",
        "values": "2000.0, 1300.0",
        "target_value": 8
      },
      "optionB": {
        "trial_id": "14",
        "task_id": "11",
        "values": "2000.0, 1300.0",
        "target_value": 8
      },
      "choice": {
        "button": "F",
        "selected_option": "OptionA"
      }
    },
    {
      "question": "attention_check_9",
      "choice": "J",
      "passed": true,
      "timestamp": 1756155078873
    },
    {
      "question": 10,
      "target": "Taste Rating (1-10)",
      "target_value": 8,
      "options": [
        "Minutes of Cooking",
        "Number of Ingredients"
      ],
      "optionA": {
        "trial_id": "3",
        "task_id": "56",
        "values": "30.0, 6.0",
        "target_value": 8
      },
      "optionB": {
        "trial_id": "20",
        "task_id": "56",
        "values": "55.0, 11.0",
        "target_value": 11
      },
      "choice": {
        "button": "J",
        "selected_option": "OptionB"
      }
    },
    {
      "question": 11,
      "target": "Value Score",
      "target_value": 65,
      "options": [
        "Price ($)",
        "Size (GB)"
      ],
      "optionA": {
        "trial_id": "20",
        "task_id": "99",
        "values": "70.0, 256.0",
        "target_value": 65
      },
      "optionB": {
        "trial_id": "15",
        "task_id": "99",
        "values": "40.0, 128.0",
        "target_value": 70
      },
      "choice": {
        "button": "F",
        "selected_option": "OptionA"
      }
    },
    {
      "question": 12,
      "target": "Distance Covered",
      "target_value": 57,
      "options": [
        "Bike Speed",
        "Bike Weight"
      ],
      "optionA": {
        "trial_id": "16",
        "task_id": "7",
        "values": "24.0, 13.0",
        "target_value": 57
      },
      "optionB": {
        "trial_id": "14",
        "task_id": "7",
        "values": "22.0, 11.0",
        "target_value": 52
      },
      "choice": {
        "button": "F",
        "selected_option": "OptionA"
      }
    },
    {
      "question": 13,
      "target": "Exam Score (out of 100)",
      "target_value": 80,
      "options": [
        "Study Time (hours)",
        "Previous GPA"
      ],
      "optionA": {
        "trial_id": "13",
        "task_id": "18",
        "values": "9.0, 3.5",
        "target_value": 80
      },
      "optionB": {
        "trial_id": "16",
        "task_id": "18",
        "values": "9.0, 3.5",
        "target_value": 80
      },
      "choice": {
        "button": "F",
        "selected_option": "OptionA"
      }
    },
    {
      "question": 14,
      "target": "Fuel Consumption (L)",
      "target_value": 1500,
      "options": [
        "Flight Duration (hours)",
        "Distance (km)"
      ],
      "optionA": {
        "trial_id": "7",
        "task_id": "33",
        "values": "6.0, 1500.0",
        "target_value": 1500
      },
      "optionB": {
        "trial_id": "7",
        "task_id": "33",
        "values": "6.0, 1500.0",
        "target_value": 1500
      },
      "choice": {
        "button": "F",
        "selected_option": "OptionA"
      }
    },
    {
      "question": 15,
      "target": "Performance Rating",
      "target_value": 7,
      "options": [
        "Computer Weight (kg)",
        "RAM (GB)"
      ],
      "optionA": {
        "trial_id": "1",
        "task_id": "34",
        "values": "1.5, 8.0",
        "target_value": 7
      },
      "optionB": {
        "trial_id": "1",
        "task_id": "34",
        "values": "1.5, 8.0",
        "target_value": 7
      },
      "choice": {
        "button": "F",
        "selected_option": "OptionA"
      }
    },
    {
      "question": 16,
      "target": "Light Level",
      "target_value": 8,
      "options": [
        "Room Size (sq ft)",
        "Number of Windows"
      ],
      "optionA": {
        "trial_id": "20",
        "task_id": "35",
        "values": "210.0, 4.0",
        "target_value": 8
      },
      "optionB": {
        "trial_id": "5",
        "task_id": "35",
        "values": "220.0, 4.0",
        "target_value": 8
      },
      "choice": {
        "button": "J",
        "selected_option": "OptionB"
      }
    },
    {
      "question": 17,
      "target": "Exam Score (out of 100)",
      "target_value": 80,
      "options": [
        "Study Time (hours)",
        "Previous GPA"
      ],
      "optionA": {
        "trial_id": "18",
        "task_id": "18",
        "values": "10.0, 3.5",
        "target_value": 80
      },
      "optionB": {
        "trial_id": "18",
        "task_id": "18",
        "values": "10.0, 3.5",
        "target_value": 80
      },
      "choice": {
        "button": "F",
        "selected_option": "OptionA"
      }
    },
    {
      "question": 18,
      "target": "Brightness",
      "target_value": 700,
      "options": [
        "Phone Battery Capacity",
        "Screen Size"
      ],
      "optionA": {
        "trial_id": "6",
        "task_id": "37",
        "values": "4000.0, 6.0",
        "target_value": 700
      },
      "optionB": {
        "trial_id": "16",
        "task_id": "37",
        "values": "4500.0, 3.0",
        "target_value": 610
      },
      "choice": {
        "button": "F",
        "selected_option": "OptionA"
      }
    },
    {
      "question": 19,
      "target": "Fun Score",
      "target_value": 6,
      "options": [
        "Number of Players",
        "Game Length (min)"
      ],
      "optionA": {
        "trial_id": "12",
        "task_id": "98",
        "values": "4.0, 45.0",
        "target_value": 6
      },
      "optionB": {
        "trial_id": "16",
        "task_id": "98",
        "values": "5.0, 55.0",
        "target_value": 7
      },
      "choice": {
        "button": "F",
        "selected_option": "OptionA"
      }
    },
    {
      "question": "attention_check_19",
      "choice": "F",
      "passed": true,
      "timestamp": 1756155172564
    },
    {
      "question": 20,
      "target": "Quality",
      "target_value": 93,
      "options": [
        "Price",
        "Size"
      ],
      "optionA": {
        "trial_id": "20",
        "task_id": "110",
        "values": "160.0, 23.0",
        "target_value": 93
      },
      "optionB": {
        "trial_id": "2",
        "task_id": "110",
        "values": "150.0, 8.0",
        "target_value": 80
      },
      "choice": {
        "button": "J",
        "selected_option": "OptionB"
      }
    },
    {
      "question": 21,
      "target": "Brightness",
      "target_value": 700,
      "options": [
        "Phone Battery Capacity",
        "Screen Size"
      ],
      "optionA": {
        "trial_id": "3",
        "task_id": "37",
        "values": "4000.0, 6.0",
        "target_value": 700
      },
      "optionB": {
        "trial_id": "5",
        "task_id": "37",
        "values": "3500.0, 7.0",
        "target_value": 720
      },
      "choice": {
        "button": "F",
        "selected_option": "OptionA"
      }
    },
    {
      "question": 22,
      "target": "Exam Score (out of 100)",
      "target_value": 75,
      "options": [
        "Time Spent Studying (hours)",
        "Number of Chapters Covered"
      ],
      "optionA": {
        "trial_id": "15",
        "task_id": "94",
        "values": "5.0, 5.0",
        "target_value": 75
      },
      "optionB": {
        "trial_id": "6",
        "task_id": "94",
        "values": "5.0, 6.0",
        "target_value": 80
      },
      "choice": {
        "button": "J",
        "selected_option": "OptionB"
      }
    },
    {
      "question": 23,
      "target": "Restaurant Popularity (on scale 1-10)",
      "target_value": 9,
      "options": [
        "Number of Reviews",
        "Average Rating (out of 5)"
      ],
      "optionA": {
        "trial_id": "19",
        "task_id": "19",
        "values": "220.0, 4.7",
        "target_value": 9
      },
      "optionB": {
        "trial_id": "12",
        "task_id": "19",
        "values": "150.0, 4.2",
        "target_value": 7
      },
      "choice": {
        "button": "F",
        "selected_option": "OptionA"
      }
    },
    {
      "question": 24,
      "target": "Popularity Score",
      "target_value": 120,
      "options": [
        "Number of Likes",
        "Number of Comments"
      ],
      "optionA": {
        "trial_id": "1",
        "task_id": "50",
        "values": "100.0, 20.0",
        "target_value": 120
      },
      "optionB": {
        "trial_id": "4",
        "task_id": "50",
        "values": "170.0, 34.0",
        "target_value": 204
      },
      "choice": {
        "button": "J",
        "selected_option": "OptionB"
      }
    },
    {
      "question": 25,
      "target": "Prep Time (min)",
      "target_value": 27,
      "options": [
        "Number of Ingredients",
        "Cooking Time (min)"
      ],
      "optionA": {
        "trial_id": "7",
        "task_id": "96",
        "values": "10.0, 35.0",
        "target_value": 27
      },
      "optionB": {
        "trial_id": "6",
        "task_id": "96",
        "values": "7.0, 25.0",
        "target_value": 17
      },
      "choice": {
        "button": "F",
        "selected_option": "OptionA"
      }
    },
    {
      "question": 26,
      "target": "Taste Rating",
      "target_value": 7,
      "options": [
        "Number of Ingredients",
        "Cooking Time (minutes)"
      ],
      "optionA": {
        "trial_id": "15",
        "task_id": "14",
        "values": "6.0, 30.0",
        "target_value": 7
      },
      "optionB": {
        "trial_id": "17",
        "task_id": "14",
        "values": "5.0, 28.0",
        "target_value": 6
      },
      "choice": {
        "button": "F",
        "selected_option": "OptionA"
      }
    },
    {
      "question": 27,
      "target": "Natural light",
      "target_value": 8,
      "options": [
        "Room size",
        "Window count"
      ],
      "optionA": {
        "trial_id": "14",
        "task_id": "66",
        "values": "150.0, 4.0",
        "target_value": 8
      },
      "optionB": {
        "trial_id": "2",
        "task_id": "66",
        "values": "120.0, 2.0",
        "target_value": 6
      },
      "choice": {
        "button": "F",
        "selected_option": "OptionA"
      }
    },
    {
      "question": 28,
      "target": "Satiety (on scale 1-10)",
      "target_value": 9,
      "options": [
        "Number of Calories",
        "Protein (g)"
      ],
      "optionA": {
        "trial_id": "6",
        "task_id": "16",
        "values": "500.0, 20.0",
        "target_value": 9
      },
      "optionB": {
        "trial_id": "18",
        "task_id": "16",
        "values": "450.0, 18.0",
        "target_value": 9
      },
      "choice": {
        "button": "F",
        "selected_option": "OptionA"
      }
    },
    {
      "question": 29,
      "target": "Doneness",
      "target_value": 85,
      "options": [
        "Cooking Time",
        "Size"
      ],
      "optionA": {
        "trial_id": "6",
        "task_id": "116",
        "values": "40.0, 260.0",
        "target_value": 85
      },
      "optionB": {
        "trial_id": "15",
        "task_id": "116",
        "values": "25.0, 180.0",
        "target_value": 65
      },
      "choice": {
        "button": "F",
        "selected_option": "OptionA"
      }
    },
    {
      "question": "attention_check_29",
      "choice": "J",
      "passed": true,
      "timestamp": 1756155258500
    },
    {
      "question": 30,
      "target": "Growth Rate (cm/week)",
      "target_value": 2.9,
      "options": [
        "Plant Leaf Size",
        "Plant Water Usage"
      ],
      "optionA": {
        "trial_id": "12",
        "task_id": "83",
        "values": "9.0, 5.0",
        "target_value": 2.9
      },
      "optionB": {
        "trial_id": "17",
        "task_id": "83",
        "values": "10.0, 5.0",
        "target_value": 3
      },
      "choice": {
        "button": "J",
        "selected_option": "OptionB"
      }
    },
    {
      "question": 31,
      "target": "Weight loss",
      "target_value": 1.2,
      "options": [
        "Exercise duration",
        "Intensity level"
      ],
      "optionA": {
        "trial_id": "2",
        "task_id": "67",
        "values": "45.0, 4.0",
        "target_value": 1.2
      },
      "optionB": {
        "trial_id": "4",
        "task_id": "67",
        "values": "30.0, 5.0",
        "target_value": 1.5
      },
      "choice": {
        "button": "J",
        "selected_option": "OptionB"
      }
    },
    {
      "question": 32,
      "target": "Home Comfort (1-10)",
      "target_value": 5,
      "options": [
        "Number of Bedrooms",
        "Square Feet"
      ],
      "optionA": {
        "trial_id": "12",
        "task_id": "9",
        "values": "3.0, 1100.0",
        "target_value": 5
      },
      "optionB": {
        "trial_id": "11",
        "task_id": "9",
        "values": "2.0, 1200.0",
        "target_value": 5
      },
      "choice": {
        "button": "F",
        "selected_option": "OptionA"
      }
    },
    {
      "question": 33,
      "target": "Physical strength",
      "target_value": 50,
      "options": [
        "Height (cm)",
        "Weight (kg)"
      ],
      "optionA": {
        "trial_id": "7",
        "task_id": "84",
        "values": "150.0, 55.0",
        "target_value": 50
      },
      "optionB": {
        "trial_id": "3",
        "task_id": "84",
        "values": "160.0, 65.0",
        "target_value": 65
      },
      "choice": {
        "button": "F",
        "selected_option": "OptionA"
      }
    },
    {
      "question": 34,
      "target": "Phone Performance",
      "target_value": 85,
      "options": [
        "Phone RAM",
        "Phone Screen Size"
      ],
      "optionA": {
        "trial_id": "1",
        "task_id": "103",
        "values": "6.0, 6.1",
        "target_value": 85
      },
      "optionB": {
        "trial_id": "11",
        "task_id": "103",
        "values": "8.0, 6.6",
        "target_value": 92
      },
      "choice": {
        "button": "J",
        "selected_option": "OptionB"
      }
    },
    {
      "question": 35,
      "target": "Natural light",
      "target_value": 7,
      "options": [
        "Room size",
        "Window count"
      ],
      "optionA": {
        "trial_id": "19",
        "task_id": "66",
        "values": "120.0, 3.0",
        "target_value": 7
      },
      "optionB": {
        "trial_id": "12",
        "task_id": "66",
        "values": "100.0, 3.0",
        "target_value": 7
      },
      "choice": {
        "button": "F",
        "selected_option": "OptionA"
      }
    },
    {
      "question": 36,
      "target": "Engagement rate (%)",
      "target_value": 5.4,
      "options": [
        "Number of followers",
        "Post quality score"
      ],
      "optionA": {
        "trial_id": "16",
        "task_id": "71",
        "values": "15000.0, 3.0",
        "target_value": 5.4
      },
      "optionB": {
        "trial_id": "8",
        "task_id": "71",
        "values": "13000.0, 3.0",
        "target_value": 5
      },
      "choice": {
        "button": "F",
        "selected_option": "OptionA"
      }
    },
    {
      "question": 37,
      "target": "Physical strength",
      "target_value": 92,
      "options": [
        "Height (cm)",
        "Weight (kg)"
      ],
      "optionA": {
        "trial_id": "12",
        "task_id": "84",
        "values": "190.0, 90.0",
        "target_value": 92
      },
      "optionB": {
        "trial_id": "16",
        "task_id": "84",
        "values": "180.0, 70.0",
        "target_value": 80
      },
      "choice": {
        "button": "F",
        "selected_option": "OptionA"
      }
    },
    {
      "question": 38,
      "target": "Battery Life",
      "target_value": 15,
      "options": [
        "Battery Capacity",
        "Weight"
      ],
      "optionA": {
        "trial_id": "5",
        "task_id": "114",
        "values": "4000.0, 250.0",
        "target_value": 15
      },
      "optionB": {
        "trial_id": "13",
        "task_id": "114",
        "values": "4000.0, 250.0",
        "target_value": 15
      },
      "choice": {
        "button": "F",
        "selected_option": "OptionA"
      }
    },
    {
      "question": 39,
      "target": "Top Speed",
      "target_value": 150,
      "options": [
        "Engine Size",
        "Horsepower"
      ],
      "optionA": {
        "trial_id": "4",
        "task_id": "113",
        "values": "2.0, 120.0",
        "target_value": 150
      },
      "optionB": {
        "trial_id": "6",
        "task_id": "113",
        "values": "3.5, 180.0",
        "target_value": 190
      },
      "choice": {
        "button": "J",
        "selected_option": "OptionB"
      }
    },
    {
      "question": "attention_check_39",
      "choice": "F",
      "passed": true,
      "timestamp": 1756155341364
    },
    {
      "question": 40,
      "target": "Performance Score",
      "target_value": 92,
      "options": [
        "Hours of Practice",
        "Natural Talent (1-10)"
      ],
      "optionA": {
        "trial_id": "7",
        "task_id": "78",
        "values": "9.0, 9.0",
        "target_value": 92
      },
      "optionB": {
        "trial_id": "7",
        "task_id": "78",
        "values": "9.0, 9.0",
        "target_value": 92
      },
      "choice": {
        "button": "F",
        "selected_option": "OptionA"
      }
    },
    {
      "question": 41,
      "target": "Photo Quality",
      "target_value": 6,
      "options": [
        "Phone Price",
        "Phone Camera Megapixels"
      ],
      "optionA": {
        "trial_id": "7",
        "task_id": "5",
        "values": "400.0, 8.0",
        "target_value": 6
      },
      "optionB": {
        "trial_id": "10",
        "task_id": "5",
        "values": "630.0, 16.0",
        "target_value": 9
      },
      "choice": {
        "button": "J",
        "selected_option": "OptionB"
      }
    },
    {
      "question": 42,
      "target": "Fuel Consumption (L/100km)",
      "target_value": 11,
      "options": [
        "Engine Size (cc)",
        "Weight (kg)"
      ],
      "optionA": {
        "trial_id": "11",
        "task_id": "11",
        "values": "2500.0, 1600.0",
        "target_value": 11
      },
      "optionB": {
        "trial_id": "15",
        "task_id": "11",
        "values": "2300.0, 1400.0",
        "target_value": 9
      },
      "choice": {
        "button": "F",
        "selected_option": "OptionA"
      }
    },
    {
      "question": 43,
      "target": "Popularity Score",
      "target_value": 264,
      "options": [
        "Number of Likes",
        "Number of Comments"
      ],
      "optionA": {
        "trial_id": "8",
        "task_id": "50",
        "values": "220.0, 44.0",
        "target_value": 264
      },
      "optionB": {
        "trial_id": "8",
        "task_id": "50",
        "values": "220.0, 44.0",
        "target_value": 264
      },
      "choice": {
        "button": "F",
        "selected_option": "OptionA"
      }
    },
    {
      "question": 44,
      "target": "Room Size",
      "target_value": 56,
      "options": [
        "Room Width",
        "Room Length"
      ],
      "optionA": {
        "trial_id": "13",
        "task_id": "109",
        "values": "7.0, 8.0",
        "target_value": 56
      },
      "optionB": {
        "trial_id": "18",
        "task_id": "109",
        "values": "4.0, 5.0",
        "target_value": 20
      },
      "choice": {
        "button": "F",
        "selected_option": "OptionA"
      }
    },
    {
      "question": 45,
      "target": "Popularity Score",
      "target_value": 156,
      "options": [
        "Number of Likes",
        "Number of Comments"
      ],
      "optionA": {
        "trial_id": "20",
        "task_id": "50",
        "values": "130.0, 26.0",
        "target_value": 156
      },
      "optionB": {
        "trial_id": "3",
        "task_id": "50",
        "values": "150.0, 30.0",
        "target_value": 180
      },
      "choice": {
        "button": "J",
        "selected_option": "OptionB"
      }
    },
    {
      "question": 46,
      "target": "Comfort",
      "target_value": 65,
      "options": [
        "Shoe Weight",
        "Brand Reputation"
      ],
      "optionA": {
        "trial_id": "15",
        "task_id": "62",
        "values": "170.0, 3.0",
        "target_value": 65
      },
      "optionB": {
        "trial_id": "16",
        "task_id": "62",
        "values": "190.0, 4.0",
        "target_value": 70
      },
      "choice": {
        "button": "F",
        "selected_option": "OptionA"
      }
    },
    {
      "question": 47,
      "target": "Fuel Consumption (L)",
      "target_value": 1375,
      "options": [
        "Flight Duration (hours)",
        "Distance (km)"
      ],
      "optionA": {
        "trial_id": "15",
        "task_id": "33",
        "values": "5.5, 1375.0",
        "target_value": 1375
      },
      "optionB": {
        "trial_id": "15",
        "task_id": "33",
        "values": "5.5, 1375.0",
        "target_value": 1375
      },
      "choice": {
        "button": "F",
        "selected_option": "OptionA"
      }
    },
    {
      "question": 48,
      "target": "Post reach",
      "target_value": 16000,
      "options": [
        "Number of followers",
        "Engagement rate (%)"
      ],
      "optionA": {
        "trial_id": "6",
        "task_id": "92",
        "values": "2000.0, 4.0",
        "target_value": 16000
      },
      "optionB": {
        "trial_id": "6",
        "task_id": "92",
        "values": "2000.0, 4.0",
        "target_value": 16000
      },
      "choice": {
        "button": "F",
        "selected_option": "OptionA"
      }
    },
    {
      "question": 49,
      "target": "Satiety (on scale 1-10)",
      "target_value": 9,
      "options": [
        "Number of Calories",
        "Protein (g)"
      ],
      "optionA": {
        "trial_id": "19",
        "task_id": "16",
        "values": "450.0, 20.0",
        "target_value": 9
      },
      "optionB": {
        "trial_id": "3",
        "task_id": "16",
        "values": "300.0, 12.0",
        "target_value": 7
      },
      "choice": {
        "button": "F",
        "selected_option": "OptionA"
      }
    },
    {
      "question": 50,
      "target": "Natural Light (on scale 1-10)",
      "target_value": 7,
      "options": [
        "Room Area (m2)",
        "Number of Windows"
      ],
      "optionA": {
        "trial_id": "6",
        "task_id": "15",
        "values": "30.0, 3.0",
        "target_value": 7
      },
      "optionB": {
        "trial_id": "14",
        "task_id": "15",
        "values": "24.0, 4.0",
        "target_value": 8
      },
      "choice": {
        "button": "J",
        "selected_option": "OptionB"
      }
    }
  ]
}