{
  "prolific_id": "UNKNOWN",
  "condition_group": "ranking",
  "responses": [
    {
      "question": 1,
      "target": "Speed (km/h)",
      "target_value": 21,
      "options": [
        "Bike wheel size (inches)",
        "Frame weight (kg)"
      ],
      "optionA": {
        "trial_id": "17",
        "task_id": "164",
        "values": "29.0, 2.4",
        "target_value": 21
      },
      "optionB": {
        "trial_id": "4",
        "task_id": "164",
        "values": "24.0, 3.2",
        "target_value": 17
      },
      "choice": {
        "button": "F",
        "selected_option": "OptionA"
      }
    },
    {
      "question": 2,
      "target": "Bicycle Speed",
      "target_value": 21,
      "options": [
        "Bicycle Weight",
        "Bicycle Price"
      ],
      "optionA": {
        "trial_id": "9",
        "task_id": "39",
        "values": "18.0, 420",
        "target_value": 21
      },
      "optionB": {
        "trial_id": "8",
        "task_id": "39",
        "values": "18.0, 420",
        "target_value": 17
      },
      "choice": {
        "button": "F",
        "selected_option": "OptionA"
      }
    },
    {
      "question": 3,
      "target": "Phone Performance Score",
      "target_value": 9.3,
      "options": [
        "Phone Processor Speed",
        "Phone Battery Capacity"
      ],
      "optionA": {
        "trial_id": "5",
        "task_id": "10",
        "values": "4.5, 3000",
        "target_value": 9.3
      },
      "optionB": {
        "trial_id": "6",
        "task_id": "10",
        "values": "4.0, 3500",
        "target_value": 9
      },
      "choice": {
        "button": "J",
        "selected_option": "OptionB"
      }
    },
    {
      "question": 4,
      "target": "Car Fuel Efficiency",
      "target_value": 18,
      "options": [
        "Car Engine Size",
        "Car Weight"
      ],
      "optionA": {
        "trial_id": "18",
        "task_id": "105",
        "values": "2.1, 1550",
        "target_value": 18
      },
      "optionB": {
        "trial_id": "15",
        "task_id": "168",
        "values": "1.5, 3600",
        "target_value": 34
      },
      "choice": {
        "button": "F",
        "selected_option": "OptionA"
      }
    },
    {
      "question": 5,
      "target": "Bike Speed",
      "target_value": 27,
      "options": [
        "Bike Weight",
        "Bike Frame Size"
      ],
      "optionA": {
        "trial_id": "7",
        "task_id": "106",
        "values": "8.0, 17",
        "target_value": 27
      },
      "optionB": {
        "trial_id": "14",
        "task_id": "106",
        "values": "13.0, 22",
        "target_value": 22
      },
      "choice": {
        "button": "F",
        "selected_option": "OptionA"
      }
    },
    {
      "question": 6,
      "target": "Nutritional Value",
      "target_value": 45,
      "options": [
        "Weight",
        "Calories"
      ],
      "optionA": {
        "trial_id": "6",
        "task_id": "136",
        "values": "160.0, 190.0",
        "target_value": 45
      },
      "optionB": {
        "trial_id": "15",
        "task_id": "136",
        "values": "130.0, 160.0",
        "target_value": 55
      },
      "choice": {
        "button": "F",
        "selected_option": "OptionA"
      }
    },
    {
      "question": 7,
      "target": "Weight loss",
      "target_value": 5,
      "options": [
        "Exercise intensity",
        "Exercise duration"
      ],
      "optionA": {
        "trial_id": "16",
        "task_id": "61",
        "values": "8.0, 40.0",
        "target_value": 5
      },
      "optionB": {
        "trial_id": "3",
        "task_id": "61",
        "values": "7.0, 45.0",
        "target_value": 4
      },
      "choice": {
        "button": "F",
        "selected_option": "OptionA"
      }
    },
    {
      "question": 8,
      "target": "100m sprint time (s)",
      "target_value": 11.2,
      "options": [
        "Runner stride length (cm)",
        "Runner age (years)"
      ],
      "optionA": {
        "trial_id": "5",
        "task_id": "145",
        "values": "85.0, 22",
        "target_value": 11.2
      },
      "optionB": {
        "trial_id": "8",
        "task_id": "145",
        "values": "60.0, 30",
        "target_value": 12.4
      },
      "choice": {
        "button": "J",
        "selected_option": "OptionB"
      }
    },
    {
      "question": 9,
      "target": "Fatigue (1-10)",
      "target_value": 7,
      "options": [
        "Exercise Duration (min)",
        "Rest Time (min)"
      ],
      "optionA": {
        "trial_id": "18",
        "task_id": "2",
        "values": "45.0, 15",
        "target_value": 7
      },
      "optionB": {
        "trial_id": "1",
        "task_id": "2",
        "values": "30.0, 10",
        "target_value": 4
      },
      "choice": {
        "button": "J",
        "selected_option": "OptionB"
      }
    },
    {
      "question": "attention_check_9",
      "choice": "J",
      "passed": true,
      "timestamp": 1756154697290
    },
    {
      "question": 10,
      "target": "Energy Level (scale 1-10)",
      "target_value": 5,
      "options": [
        "Age (years)",
        "Number of Pets"
      ],
      "optionA": {
        "trial_id": "4",
        "task_id": "165",
        "values": "4.0, 2",
        "target_value": 5
      },
      "optionB": {
        "trial_id": "15",
        "task_id": "165",
        "values": "3.0, 2",
        "target_value": 6
      },
      "choice": {
        "button": "J",
        "selected_option": "OptionB"
      }
    },
    {
      "question": 11,
      "target": "BMI",
      "target_value": 28.9,
      "options": [
        "Height (inches)",
        "Weight (lbs)"
      ],
      "optionA": {
        "trial_id": "18",
        "task_id": "158",
        "values": "63.0, 145.0",
        "target_value": 28.9
      },
      "optionB": {
        "trial_id": "15",
        "task_id": "158",
        "values": "70.0, 185.0",
        "target_value": 26.9
      },
      "choice": {
        "button": "F",
        "selected_option": "OptionA"
      }
    },
    {
      "question": 12,
      "target": "Fuel Efficiency (km/L)",
      "target_value": 10,
      "options": [
        "Car Weight (kg)",
        "Engine Power (hp)"
      ],
      "optionA": {
        "trial_id": "11",
        "task_id": "3",
        "values": "1600.0, 160",
        "target_value": 10
      },
      "optionB": {
        "trial_id": "11",
        "task_id": "3",
        "values": "1600.0, 160",
        "target_value": 10
      },
      "choice": {
        "button": "F",
        "selected_option": "OptionA"
      }
    },
    {
      "question": 13,
      "target": "Favorability",
      "target_value": 4,
      "options": [
        "Coffee strength",
        "Coffee cream"
      ],
      "optionA": {
        "trial_id": "9",
        "task_id": "57",
        "values": "5.0, 0.6",
        "target_value": 4
      },
      "optionB": {
        "trial_id": "16",
        "task_id": "57",
        "values": "6.0, 0.4",
        "target_value": 5
      },
      "choice": {
        "button": "F",
        "selected_option": "OptionA"
      }
    },
    {
      "question": 14,
      "target": "Maximum heart rate (bpm)",
      "target_value": 175,
      "options": [
        "Age (years)",
        "Height (cm)"
      ],
      "optionA": {
        "trial_id": "12",
        "task_id": "52",
        "values": "35.0, 175",
        "target_value": 175
      },
      "optionB": {
        "trial_id": "12",
        "task_id": "52",
        "values": "35.0, 175",
        "target_value": 175
      },
      "choice": {
        "button": "F",
        "selected_option": "OptionA"
      }
    },
    {
      "question": 15,
      "target": "House Price",
      "target_value": 360,
      "options": [
        "House Size",
        "Housing Age"
      ],
      "optionA": {
        "trial_id": "18",
        "task_id": "99",
        "values": "230.0, 9",
        "target_value": 360
      },
      "optionB": {
        "trial_id": "18",
        "task_id": "99",
        "values": "230.0, 9",
        "target_value": 360
      },
      "choice": {
        "button": "F",
        "selected_option": "OptionA"
      }
    },
    {
      "question": 16,
      "target": "Heating cost (per month)",
      "target_value": 440,
      "options": [
        "House size (sqm)",
        "Number of windows"
      ],
      "optionA": {
        "trial_id": "12",
        "task_id": "151",
        "values": "160.0, 2.0",
        "target_value": 440
      },
      "optionB": {
        "trial_id": "5",
        "task_id": "151",
        "values": "130.0, 4.0",
        "target_value": 380
      },
      "choice": {
        "button": "J",
        "selected_option": "OptionB"
      }
    },
    {
      "question": 17,
      "target": "Value for Money",
      "target_value": 37,
      "options": [
        "Price",
        "Weight"
      ],
      "optionA": {
        "trial_id": "15",
        "task_id": "20",
        "values": "85.0, 3.0",
        "target_value": 37
      },
      "optionB": {
        "trial_id": "20",
        "task_id": "20",
        "values": "85.0, 2.6",
        "target_value": 40
      },
      "choice": {
        "button": "F",
        "selected_option": "OptionA"
      }
    },
    {
      "question": 18,
      "target": "Travel Time (min)",
      "target_value": 10,
      "options": [
        "Distance (km)",
        "Speed (km/h)"
      ],
      "optionA": {
        "trial_id": "1",
        "task_id": "166",
        "values": "10.0, 60",
        "target_value": 10
      },
      "optionB": {
        "trial_id": "6",
        "task_id": "166",
        "values": "16.0, 55",
        "target_value": 18
      },
      "choice": {
        "button": "J",
        "selected_option": "OptionB"
      }
    },
    {
      "question": 19,
      "target": "Freshness",
      "target_value": 8,
      "options": [
        "Cooking Time",
        "Ingredients"
      ],
      "optionA": {
        "trial_id": "13",
        "task_id": "19",
        "values": "28.0, 4.0",
        "target_value": 8
      },
      "optionB": {
        "trial_id": "20",
        "task_id": "65",
        "values": "40.0, 2",
        "target_value": 5
      },
      "choice": {
        "button": "F",
        "selected_option": "OptionA"
      }
    },
    {
      "question": "attention_check_19",
      "choice": "F",
      "passed": true,
      "timestamp": 1756154827928
    },
    {
      "question": 20,
      "target": "Customer Rating (1-10)",
      "target_value": 7,
      "options": [
        "Price ($)",
        "Weight (oz)"
      ],
      "optionA": {
        "trial_id": "19",
        "task_id": "108",
        "values": "12.0, 14",
        "target_value": 7
      },
      "optionB": {
        "trial_id": "20",
        "task_id": "108",
        "values": "10.0, 16",
        "target_value": 8
      },
      "choice": {
        "button": "J",
        "selected_option": "OptionB"
      }
    },
    {
      "question": 21,
      "target": "Cost to travel",
      "target_value": 120,
      "options": [
        "Distance",
        "Speed"
      ],
      "optionA": {
        "trial_id": "16",
        "task_id": "124",
        "values": "240.0, 30.0",
        "target_value": 120
      },
      "optionB": {
        "trial_id": "10",
        "task_id": "124",
        "values": "50.0, 110.0",
        "target_value": 25
      },
      "choice": {
        "button": "J",
        "selected_option": "OptionB"
      }
    },
    {
      "question": 22,
      "target": "Garden yield (kg)",
      "target_value": 45,
      "options": [
        "Amount of fertilizer (grams)",
        "Rainfall (mm/week)"
      ],
      "optionA": {
        "trial_id": "2",
        "task_id": "92",
        "values": "150.0, 150",
        "target_value": 45
      },
      "optionB": {
        "trial_id": "7",
        "task_id": "92",
        "values": "180.0, 120",
        "target_value": 52
      },
      "choice": {
        "button": "F",
        "selected_option": "OptionA"
      }
    },
    {
      "question": 23,
      "target": "Heart Health",
      "target_value": 84,
      "options": [
        "Age",
        "Exercise Hours"
      ],
      "optionA": {
        "trial_id": "19",
        "task_id": "16",
        "values": "30.0, 2",
        "target_value": 84
      },
      "optionB": {
        "trial_id": "10",
        "task_id": "16",
        "values": "70.0, 0",
        "target_value": 63
      },
      "choice": {
        "button": "F",
        "selected_option": "OptionA"
      }
    },
    {
      "question": 24,
      "target": "Battery life",
      "target_value": 15,
      "options": [
        "Battery capacity",
        "Weight"
      ],
      "optionA": {
        "trial_id": "13",
        "task_id": "75",
        "values": "6500.0, 260",
        "target_value": 15
      },
      "optionB": {
        "trial_id": "20",
        "task_id": "75",
        "values": "5000.0, 320",
        "target_value": 12
      },
      "choice": {
        "button": "F",
        "selected_option": "OptionA"
      }
    },
    {
      "question": 25,
      "target": "Exam score",
      "target_value": 60,
      "options": [
        "Study time",
        "Hours slept"
      ],
      "optionA": {
        "trial_id": "3",
        "task_id": "102",
        "values": "1.0, 9",
        "target_value": 60
      },
      "optionB": {
        "trial_id": "10",
        "task_id": "102",
        "values": "2.0, 9",
        "target_value": 70
      },
      "choice": {
        "button": "J",
        "selected_option": "OptionB"
      }
    },
    {
      "question": 26,
      "target": "100m sprint time (s)",
      "target_value": 11.8,
      "options": [
        "Runner stride length (cm)",
        "Runner age (years)"
      ],
      "optionA": {
        "trial_id": "17",
        "task_id": "145",
        "values": "76.0, 26",
        "target_value": 11.8
      },
      "optionB": {
        "trial_id": "15",
        "task_id": "145",
        "values": "81.0, 23",
        "target_value": 11.3
      },
      "choice": {
        "button": "J",
        "selected_option": "OptionB"
      }
    },
    {
      "question": 27,
      "target": "Time to Destination (hours)",
      "target_value": 2,
      "options": [
        "Car Speed (mph)",
        "Fuel Efficiency (mpg)"
      ],
      "optionA": {
        "trial_id": "1",
        "task_id": "32",
        "values": "60.0, 30.0",
        "target_value": 2
      },
      "optionB": {
        "trial_id": "17",
        "task_id": "32",
        "values": "95.0, 12.0",
        "target_value": 0.7
      },
      "choice": {
        "button": "F",
        "selected_option": "OptionA"
      }
    },
    {
      "question": 28,
      "target": "Cooking Time (minutes)",
      "target_value": 18,
      "options": [
        "Number of Ingredients",
        "Prep Time (minutes)"
      ],
      "optionA": {
        "trial_id": "3",
        "task_id": "26",
        "values": "8.0, 15.0",
        "target_value": 18
      },
      "optionB": {
        "trial_id": "14",
        "task_id": "26",
        "values": "10.0, 20.0",
        "target_value": 10
      },
      "choice": {
        "button": "F",
        "selected_option": "OptionA"
      }
    },
    {
      "question": 29,
      "target": "Exam score",
      "target_value": 70,
      "options": [
        "Study hours",
        "Intelligence"
      ],
      "optionA": {
        "trial_id": "5",
        "task_id": "81",
        "values": "3.0, 90",
        "target_value": 70
      },
      "optionB": {
        "trial_id": "5",
        "task_id": "81",
        "values": "3.0, 90",
        "target_value": 70
      },
      "choice": {
        "button": "F",
        "selected_option": "OptionA"
      }
    },
    {
      "question": "attention_check_29",
      "choice": "J",
      "passed": true,
      "timestamp": 1756154958398
    },
    {
      "question": 30,
      "target": "Quality",
      "target_value": 70,
      "options": [
        "Price",
        "Size"
      ],
      "optionA": {
        "trial_id": "5",
        "task_id": "21",
        "values": "130.0, 7.0",
        "target_value": 70
      },
      "optionB": {
        "trial_id": "1",
        "task_id": "67",
        "values": "100.0, 50",
        "target_value": 8
      },
      "choice": {
        "button": "J",
        "selected_option": "OptionB"
      }
    },
    {
      "question": 31,
      "target": "Fatigue (1-10)",
      "target_value": 4,
      "options": [
        "Exercise Duration (min)",
        "Rest Time (min)"
      ],
      "optionA": {
        "trial_id": "4",
        "task_id": "2",
        "values": "30.0, 10",
        "target_value": 4
      },
      "optionB": {
        "trial_id": "20",
        "task_id": "2",
        "values": "30.0, 10",
        "target_value": 4
      },
      "choice": {
        "button": "F",
        "selected_option": "OptionA"
      }
    },
    {
      "question": 32,
      "target": "Battery Life (hours)",
      "target_value": 8,
      "options": [
        "Phone Battery (mAh)",
        "Screen Brightness (%)"
      ],
      "optionA": {
        "trial_id": "20",
        "task_id": "5",
        "values": "3500.0, 70",
        "target_value": 8
      },
      "optionB": {
        "trial_id": "10",
        "task_id": "5",
        "values": "3000.0, 70",
        "target_value": 8
      },
      "choice": {
        "button": "F",
        "selected_option": "OptionA"
      }
    },
    {
      "question": 33,
      "target": "Playfulness score (1-10)",
      "target_value": 4.5,
      "options": [
        "Dog weight (kg)",
        "Dog age (years)"
      ],
      "optionA": {
        "trial_id": "10",
        "task_id": "147",
        "values": "17.0, 6",
        "target_value": 4.5
      },
      "optionB": {
        "trial_id": "13",
        "task_id": "147",
        "values": "8.0, 2",
        "target_value": 9
      },
      "choice": {
        "button": "J",
        "selected_option": "OptionB"
      }
    },
    {
      "question": 34,
      "target": "Battery life (hours)",
      "target_value": 7.1,
      "options": [
        "Laptop weight (kg)",
        "Screen size (inches)"
      ],
      "optionA": {
        "trial_id": "19",
        "task_id": "118",
        "values": "1.7, 13",
        "target_value": 7.1
      },
      "optionB": {
        "trial_id": "16",
        "task_id": "118",
        "values": "1.3, 13",
        "target_value": 7.2
      },
      "choice": {
        "button": "J",
        "selected_option": "OptionB"
      }
    },
    {
      "question": 35,
      "target": "Energy Boost (1-10)",
      "target_value": 4,
      "options": [
        "Number of Calories",
        "Sugar (g)"
      ],
      "optionA": {
        "trial_id": "17",
        "task_id": "111",
        "values": "140.0, 8",
        "target_value": 4
      },
      "optionB": {
        "trial_id": "15",
        "task_id": "111",
        "values": "120.0, 10",
        "target_value": 5
      },
      "choice": {
        "button": "J",
        "selected_option": "OptionB"
      }
    },
    {
      "question": 36,
      "target": "Fuel Efficiency (km/l)",
      "target_value": 11,
      "options": [
        "Car Engine Size (liters)",
        "Weight (kg)"
      ],
      "optionA": {
        "trial_id": "16",
        "task_id": "103",
        "values": "2.5, 1350.0",
        "target_value": 11
      },
      "optionB": {
        "trial_id": "3",
        "task_id": "103",
        "values": "2.5, 1300.0",
        "target_value": 10
      },
      "choice": {
        "button": "J",
        "selected_option": "OptionB"
      }
    },
    {
      "question": 37,
      "target": "Cooling Time (min)",
      "target_value": 26,
      "options": [
        "Room Size (m\u00b2)",
        "Window Size (m\u00b2)"
      ],
      "optionA": {
        "trial_id": "9",
        "task_id": "143",
        "values": "24.0, 3.0",
        "target_value": 26
      },
      "optionB": {
        "trial_id": "16",
        "task_id": "143",
        "values": "25.0, 3.2",
        "target_value": 27
      },
      "choice": {
        "button": "F",
        "selected_option": "OptionA"
      }
    },
    {
      "question": 38,
      "target": "Battery life (hours)",
      "target_value": 7.8,
      "options": [
        "Laptop weight (kg)",
        "Screen size (inches)"
      ],
      "optionA": {
        "trial_id": "3",
        "task_id": "118",
        "values": "1.6, 13",
        "target_value": 7.8
      },
      "optionB": {
        "trial_id": "18",
        "task_id": "118",
        "values": "1.4, 15",
        "target_value": 6.8
      },
      "choice": {
        "button": "F",
        "selected_option": "OptionA"
      }
    },
    {
      "question": 39,
      "target": "Walking speed (km/h)",
      "target_value": 6,
      "options": [
        "Person height (cm)",
        "Age (years)"
      ],
      "optionA": {
        "trial_id": "9",
        "task_id": "163",
        "values": "190.0, 27.0",
        "target_value": 6
      },
      "optionB": {
        "trial_id": "6",
        "task_id": "163",
        "values": "175.0, 45.0",
        "target_value": 4.7
      },
      "choice": {
        "button": "F",
        "selected_option": "OptionA"
      }
    },
    {
      "question": "attention_check_39",
      "choice": "F",
      "passed": true,
      "timestamp": 1756155096022
    },
    {
      "question": 40,
      "target": "Exam score",
      "target_value": 50,
      "options": [
        "Time spent studying",
        "Time spent watching TV"
      ],
      "optionA": {
        "trial_id": "11",
        "task_id": "100",
        "values": "2.0, 5.0",
        "target_value": 50
      },
      "optionB": {
        "trial_id": "20",
        "task_id": "100",
        "values": "4.0, 3.0",
        "target_value": 60
      },
      "choice": {
        "button": "J",
        "selected_option": "OptionB"
      }
    },
    {
      "question": 41,
      "target": "Energy Boost (scale 1-10)",
      "target_value": 6,
      "options": [
        "Coffee Strength (scale 1-10)",
        "Caffeine Content (mg)"
      ],
      "optionA": {
        "trial_id": "20",
        "task_id": "24",
        "values": "6.0, 120",
        "target_value": 6
      },
      "optionB": {
        "trial_id": "3",
        "task_id": "24",
        "values": "6.0, 120",
        "target_value": 6
      },
      "choice": {
        "button": "F",
        "selected_option": "OptionA"
      }
    },
    {
      "question": 42,
      "target": "Cost to travel",
      "target_value": 30,
      "options": [
        "Distance",
        "Speed"
      ],
      "optionA": {
        "trial_id": "9",
        "task_id": "124",
        "values": "60.0, 100.0",
        "target_value": 30
      },
      "optionB": {
        "trial_id": "5",
        "task_id": "124",
        "values": "80.0, 80.0",
        "target_value": 40
      },
      "choice": {
        "button": "J",
        "selected_option": "OptionB"
      }
    },
    {
      "question": 43,
      "target": "Physical Endurance",
      "target_value": 5,
      "options": [
        "Age",
        "Height"
      ],
      "optionA": {
        "trial_id": "20",
        "task_id": "135",
        "values": "50.0, 170.0",
        "target_value": 5
      },
      "optionB": {
        "trial_id": "5",
        "task_id": "123",
        "values": "40.0, 160.0",
        "target_value": 70
      },
      "choice": {
        "button": "J",
        "selected_option": "OptionB"
      }
    },
    {
      "question": 44,
      "target": "Fuel efficiency (km/l)",
      "target_value": 11,
      "options": [
        "Engine power (in horsepower)",
        "Weight (in kg)"
      ],
      "optionA": {
        "trial_id": "16",
        "task_id": "87",
        "values": "150.0, 1200",
        "target_value": 11
      },
      "optionB": {
        "trial_id": "12",
        "task_id": "87",
        "values": "170.0, 1300",
        "target_value": 10
      },
      "choice": {
        "button": "F",
        "selected_option": "OptionA"
      }
    },
    {
      "question": 45,
      "target": "Bike Speed",
      "target_value": 23,
      "options": [
        "Bike Weight",
        "Bike Frame Size"
      ],
      "optionA": {
        "trial_id": "18",
        "task_id": "106",
        "values": "12.0, 20",
        "target_value": 23
      },
      "optionB": {
        "trial_id": "5",
        "task_id": "106",
        "values": "11.0, 21",
        "target_value": 24
      },
      "choice": {
        "button": "J",
        "selected_option": "OptionB"
      }
    },
    {
      "question": 46,
      "target": "Test Score",
      "target_value": 65,
      "options": [
        "Student Study Time",
        "Student Distractions"
      ],
      "optionA": {
        "trial_id": "12",
        "task_id": "72",
        "values": "5.0, 10.0",
        "target_value": 65
      },
      "optionB": {
        "trial_id": "4",
        "task_id": "72",
        "values": "2.0, 5.0",
        "target_value": 65
      },
      "choice": {
        "button": "F",
        "selected_option": "OptionA"
      }
    },
    {
      "question": 47,
      "target": "Skill Level",
      "target_value": 8,
      "options": [
        "Experience",
        "Years of Education"
      ],
      "optionA": {
        "trial_id": "13",
        "task_id": "137",
        "values": "7.0, 12.0",
        "target_value": 8
      },
      "optionB": {
        "trial_id": "9",
        "task_id": "137",
        "values": "12.0, 9.0",
        "target_value": 9
      },
      "choice": {
        "button": "J",
        "selected_option": "OptionB"
      }
    },
    {
      "question": 48,
      "target": "Quality",
      "target_value": 68,
      "options": [
        "Price",
        "Size"
      ],
      "optionA": {
        "trial_id": "13",
        "task_id": "21",
        "values": "120.0, 8.0",
        "target_value": 68
      },
      "optionB": {
        "trial_id": "8",
        "task_id": "67",
        "values": "110.0, 40",
        "target_value": 8
      },
      "choice": {
        "button": "F",
        "selected_option": "OptionA"
      }
    },
    {
      "question": 49,
      "target": "Energy Level (1-10)",
      "target_value": 4,
      "options": [
        "Dog Weight (lbs)",
        "Dog Age (years)"
      ],
      "optionA": {
        "trial_id": "5",
        "task_id": "36",
        "values": "30.0, 4.0",
        "target_value": 4
      },
      "optionB": {
        "trial_id": "19",
        "task_id": "36",
        "values": "42.0, 6.5",
        "target_value": 1.5
      },
      "choice": {
        "button": "F",
        "selected_option": "OptionA"
      }
    },
    {
      "question": 50,
      "target": "Distance",
      "target_value": 420,
      "options": [
        "Fuel Efficiency",
        "Weight"
      ],
      "optionA": {
        "trial_id": "6",
        "task_id": "69",
        "values": "28.0, 1400",
        "target_value": 420
      },
      "optionB": {
        "trial_id": "2",
        "task_id": "69",
        "values": "25.0, 1600",
        "target_value": 400
      },
      "choice": {
        "button": "F",
        "selected_option": "OptionA"
      }
    }
  ]
}