{
  "prolific_id": "UNKNOWN",
  "condition_group": "ranking",
  "responses": [
    {
      "question": 1,
      "target": "Fuel consumption (liters per 100km)",
      "target_value": 9.3,
      "options": [
        "Car engine size (liters)",
        "Car weight (kg)"
      ],
      "optionA": {
        "trial_id": "11",
        "task_id": "113",
        "values": "2.8, 1250",
        "target_value": 9.3
      },
      "optionB": {
        "trial_id": "1",
        "task_id": "113",
        "values": "2.0, 1400",
        "target_value": 7
      },
      "choice": {
        "button": "J",
        "selected_option": "OptionB"
      }
    },
    {
      "question": 2,
      "target": "Fuel consumption (liters per 100km)",
      "target_value": 7.4,
      "options": [
        "Car engine size (liters)",
        "Car weight (kg)"
      ],
      "optionA": {
        "trial_id": "10",
        "task_id": "113",
        "values": "1.9, 1450",
        "target_value": 7.4
      },
      "optionB": {
        "trial_id": "13",
        "task_id": "113",
        "values": "2.5, 1400",
        "target_value": 8.5
      },
      "choice": {
        "button": "J",
        "selected_option": "OptionB"
      }
    },
    {
      "question": 3,
      "target": "Exam score (%)",
      "target_value": 70,
      "options": [
        "Student study hours per week",
        "Student age (years)"
      ],
      "optionA": {
        "trial_id": "14",
        "task_id": "144",
        "values": "3.0, 16",
        "target_value": 70
      },
      "optionB": {
        "trial_id": "9",
        "task_id": "144",
        "values": "9.0, 14",
        "target_value": 82
      },
      "choice": {
        "button": "J",
        "selected_option": "OptionB"
      }
    },
    {
      "question": 4,
      "target": "Growth Rate (cm/week)",
      "target_value": 6,
      "options": [
        "Plant Height (cm)",
        "Sunlight (hours/day)"
      ],
      "optionA": {
        "trial_id": "13",
        "task_id": "4",
        "values": "40.0, 7",
        "target_value": 6
      },
      "optionB": {
        "trial_id": "13",
        "task_id": "4",
        "values": "40.0, 7",
        "target_value": 6
      },
      "choice": {
        "button": "F",
        "selected_option": "OptionA"
      }
    },
    {
      "question": 5,
      "target": "Exam score",
      "target_value": 75,
      "options": [
        "Study hours",
        "Intelligence"
      ],
      "optionA": {
        "trial_id": "20",
        "task_id": "81",
        "values": "4.0, 85",
        "target_value": 75
      },
      "optionB": {
        "trial_id": "14",
        "task_id": "81",
        "values": "3.0, 80",
        "target_value": 78
      },
      "choice": {
        "button": "F",
        "selected_option": "OptionA"
      }
    },
    {
      "question": 6,
      "target": "Cooking time (minutes)",
      "target_value": 24,
      "options": [
        "Number of ingredients",
        "Prep time (minutes)"
      ],
      "optionA": {
        "trial_id": "6",
        "task_id": "140",
        "values": "6.0, 10",
        "target_value": 24
      },
      "optionB": {
        "trial_id": "15",
        "task_id": "140",
        "values": "2.0, 14",
        "target_value": 16
      },
      "choice": {
        "button": "F",
        "selected_option": "OptionA"
      }
    },
    {
      "question": 7,
      "target": "Energy boost",
      "target_value": 70,
      "options": [
        "Coffee strength",
        "Caffeine content"
      ],
      "optionA": {
        "trial_id": "20",
        "task_id": "85",
        "values": "4.0, 90",
        "target_value": 70
      },
      "optionB": {
        "trial_id": "17",
        "task_id": "85",
        "values": "4.0, 60",
        "target_value": 70
      },
      "choice": {
        "button": "F",
        "selected_option": "OptionA"
      }
    },
    {
      "question": 8,
      "target": "Battery life",
      "target_value": 11,
      "options": [
        "Battery capacity",
        "Weight"
      ],
      "optionA": {
        "trial_id": "10",
        "task_id": "75",
        "values": "4500.0, 280",
        "target_value": 11
      },
      "optionB": {
        "trial_id": "3",
        "task_id": "75",
        "values": "6000.0, 220",
        "target_value": 14
      },
      "choice": {
        "button": "J",
        "selected_option": "OptionB"
      }
    },
    {
      "question": 9,
      "target": "Weight loss",
      "target_value": 4,
      "options": [
        "Exercise intensity",
        "Exercise duration"
      ],
      "optionA": {
        "trial_id": "14",
        "task_id": "61",
        "values": "6.0, 50.0",
        "target_value": 4
      },
      "optionB": {
        "trial_id": "19",
        "task_id": "61",
        "values": "9.0, 35.0",
        "target_value": 5
      },
      "choice": {
        "button": "F",
        "selected_option": "OptionA"
      }
    },
    {
      "question": "attention_check_9",
      "choice": "J",
      "passed": true,
      "timestamp": 1756720434682
    },
    {
      "question": 10,
      "target": "Morning alertness (1-10)",
      "target_value": 6,
      "options": [
        "Amount of sleep (hours)",
        "Time to bed (minutes past 10pm)"
      ],
      "optionA": {
        "trial_id": "19",
        "task_id": "96",
        "values": "7.0, 45",
        "target_value": 6
      },
      "optionB": {
        "trial_id": "6",
        "task_id": "96",
        "values": "8.0, 30",
        "target_value": 7
      },
      "choice": {
        "button": "J",
        "selected_option": "OptionB"
      }
    },
    {
      "question": 11,
      "target": "Height (cm)",
      "target_value": 11,
      "options": [
        "Age of the plant (weeks)",
        "Water given (ml/day)"
      ],
      "optionA": {
        "trial_id": "17",
        "task_id": "91",
        "values": "3.0, 700",
        "target_value": 11
      },
      "optionB": {
        "trial_id": "6",
        "task_id": "91",
        "values": "3.0, 600",
        "target_value": 11
      },
      "choice": {
        "button": "F",
        "selected_option": "OptionA"
      }
    },
    {
      "question": 12,
      "target": "Comfort (1-10)",
      "target_value": 8,
      "options": [
        "Shoe Width (cm)",
        "Arch Support (1-10)"
      ],
      "optionA": {
        "trial_id": "14",
        "task_id": "7",
        "values": "9.0, 7",
        "target_value": 8
      },
      "optionB": {
        "trial_id": "12",
        "task_id": "7",
        "values": "10.0, 4",
        "target_value": 7
      },
      "choice": {
        "button": "F",
        "selected_option": "OptionA"
      }
    },
    {
      "question": 13,
      "target": "Ease of Use (1-10)",
      "target_value": 7,
      "options": [
        "Bag Weight (kg)",
        "Number of Compartments"
      ],
      "optionA": {
        "trial_id": "14",
        "task_id": "6",
        "values": "3.0, 4",
        "target_value": 7
      },
      "optionB": {
        "trial_id": "18",
        "task_id": "6",
        "values": "2.5, 3",
        "target_value": 8
      },
      "choice": {
        "button": "J",
        "selected_option": "OptionB"
      }
    },
    {
      "question": 14,
      "target": "Battery Life (hours)",
      "target_value": 9,
      "options": [
        "Phone Battery (mAh)",
        "Screen Brightness (%)"
      ],
      "optionA": {
        "trial_id": "9",
        "task_id": "5",
        "values": "4000.0, 80",
        "target_value": 9
      },
      "optionB": {
        "trial_id": "7",
        "task_id": "5",
        "values": "3500.0, 70",
        "target_value": 9
      },
      "choice": {
        "button": "F",
        "selected_option": "OptionA"
      }
    },
    {
      "question": 15,
      "target": "Walking speed (km/h)",
      "target_value": 4.7,
      "options": [
        "Person height (cm)",
        "Age (years)"
      ],
      "optionA": {
        "trial_id": "6",
        "task_id": "163",
        "values": "175.0, 45.0",
        "target_value": 4.7
      },
      "optionB": {
        "trial_id": "10",
        "task_id": "163",
        "values": "180.0, 37.0",
        "target_value": 5
      },
      "choice": {
        "button": "J",
        "selected_option": "OptionB"
      }
    },
    {
      "question": 16,
      "target": "Energy Boost (scale 1-10)",
      "target_value": 7,
      "options": [
        "Coffee Strength (scale 1-10)",
        "Caffeine Content (mg)"
      ],
      "optionA": {
        "trial_id": "5",
        "task_id": "24",
        "values": "10.0, 90",
        "target_value": 7
      },
      "optionB": {
        "trial_id": "13",
        "task_id": "24",
        "values": "6.0, 125",
        "target_value": 5.5
      },
      "choice": {
        "button": "J",
        "selected_option": "OptionB"
      }
    },
    {
      "question": 17,
      "target": "Value",
      "target_value": 9,
      "options": [
        "Price",
        "Size"
      ],
      "optionA": {
        "trial_id": "3",
        "task_id": "67",
        "values": "80.0, 40",
        "target_value": 9
      },
      "optionB": {
        "trial_id": "9",
        "task_id": "21",
        "values": "70.0, 2.0",
        "target_value": 90
      },
      "choice": {
        "button": "J",
        "selected_option": "OptionB"
      }
    },
    {
      "question": 18,
      "target": "Comfort Rating",
      "target_value": 7.9,
      "options": [
        "Shoe Weight",
        "Brand Popularity"
      ],
      "optionA": {
        "trial_id": "11",
        "task_id": "29",
        "values": "230.0, 9.0",
        "target_value": 7.9
      },
      "optionB": {
        "trial_id": "15",
        "task_id": "29",
        "values": "190.0, 10.0",
        "target_value": 8.4
      },
      "choice": {
        "button": "F",
        "selected_option": "OptionA"
      }
    },
    {
      "question": 19,
      "target": "Taste rating (1-10)",
      "target_value": 6,
      "options": [
        "Number of ingredients (count)",
        "Prep time (minutes)"
      ],
      "optionA": {
        "trial_id": "3",
        "task_id": "97",
        "values": "12.0, 20",
        "target_value": 6
      },
      "optionB": {
        "trial_id": "16",
        "task_id": "97",
        "values": "10.0, 35",
        "target_value": 6
      },
      "choice": {
        "button": "F",
        "selected_option": "OptionA"
      }
    },
    {
      "question": "attention_check_19",
      "choice": "F",
      "passed": true,
      "timestamp": 1756720510887
    },
    {
      "question": 20,
      "target": "Customer Rating (1-10)",
      "target_value": 5,
      "options": [
        "Price ($)",
        "Weight (oz)"
      ],
      "optionA": {
        "trial_id": "10",
        "task_id": "108",
        "values": "20.0, 14",
        "target_value": 5
      },
      "optionB": {
        "trial_id": "10",
        "task_id": "108",
        "values": "20.0, 14",
        "target_value": 5
      },
      "choice": {
        "button": "F",
        "selected_option": "OptionA"
      }
    },
    {
      "question": 21,
      "target": "Mobile Phone Performance",
      "target_value": 65,
      "options": [
        "Mobile Phone RAM",
        "Mobile Phone Battery Size"
      ],
      "optionA": {
        "trial_id": "2",
        "task_id": "40",
        "values": "6.0, 3500",
        "target_value": 65
      },
      "optionB": {
        "trial_id": "12",
        "task_id": "40",
        "values": "16.0, 3000",
        "target_value": 90
      },
      "choice": {
        "button": "J",
        "selected_option": "OptionB"
      }
    },
    {
      "question": 22,
      "target": "Ease of Use (1-10)",
      "target_value": 8,
      "options": [
        "Bag Weight (kg)",
        "Number of Compartments"
      ],
      "optionA": {
        "trial_id": "1",
        "task_id": "6",
        "values": "2.0, 3",
        "target_value": 8
      },
      "optionB": {
        "trial_id": "3",
        "task_id": "6",
        "values": "3.0, 5",
        "target_value": 7
      },
      "choice": {
        "button": "F",
        "selected_option": "OptionA"
      }
    },
    {
      "question": 23,
      "target": "Garden yield (kg)",
      "target_value": 47,
      "options": [
        "Amount of fertilizer (grams)",
        "Rainfall (mm/week)"
      ],
      "optionA": {
        "trial_id": "10",
        "task_id": "92",
        "values": "160.0, 140",
        "target_value": 47
      },
      "optionB": {
        "trial_id": "17",
        "task_id": "92",
        "values": "260.0, 70",
        "target_value": 59
      },
      "choice": {
        "button": "J",
        "selected_option": "OptionB"
      }
    },
    {
      "question": 24,
      "target": "Energy level (1-10)",
      "target_value": 9,
      "options": [
        "Hours of sleep",
        "Caffeine intake (mg)"
      ],
      "optionA": {
        "trial_id": "9",
        "task_id": "54",
        "values": "9.0, 40",
        "target_value": 9
      },
      "optionB": {
        "trial_id": "5",
        "task_id": "54",
        "values": "8.0, 80",
        "target_value": 7
      },
      "choice": {
        "button": "F",
        "selected_option": "OptionA"
      }
    },
    {
      "question": 25,
      "target": "Fuel Efficiency",
      "target_value": 23,
      "options": [
        "Car Engine Size",
        "Car Weight"
      ],
      "optionA": {
        "trial_id": "13",
        "task_id": "168",
        "values": "3.0, 3100",
        "target_value": 23
      },
      "optionB": {
        "trial_id": "1",
        "task_id": "105",
        "values": "2.0, 1500",
        "target_value": 18
      },
      "choice": {
        "button": "F",
        "selected_option": "OptionA"
      }
    },
    {
      "question": 26,
      "target": "Commute time (minutes)",
      "target_value": 30,
      "options": [
        "Distance to work (miles)",
        "Number of traffic lights"
      ],
      "optionA": {
        "trial_id": "8",
        "task_id": "95",
        "values": "5.0, 11",
        "target_value": 30
      },
      "optionB": {
        "trial_id": "17",
        "task_id": "95",
        "values": "3.0, 13",
        "target_value": 26
      },
      "choice": {
        "button": "F",
        "selected_option": "OptionA"
      }
    },
    {
      "question": 27,
      "target": "Portability",
      "target_value": 7,
      "options": [
        "Battery Life",
        "Weight"
      ],
      "optionA": {
        "trial_id": "8",
        "task_id": "68",
        "values": "30.0, 600",
        "target_value": 7
      },
      "optionB": {
        "trial_id": "13",
        "task_id": "68",
        "values": "22.0, 500",
        "target_value": 8
      },
      "choice": {
        "button": "J",
        "selected_option": "OptionB"
      }
    },
    {
      "question": 28,
      "target": "Market value",
      "target_value": 320,
      "options": [
        "House size",
        "House floors"
      ],
      "optionA": {
        "trial_id": "12",
        "task_id": "64",
        "values": "220.0, 2.0",
        "target_value": 320
      },
      "optionB": {
        "trial_id": "16",
        "task_id": "64",
        "values": "190.0, 3.0",
        "target_value": 290
      },
      "choice": {
        "button": "F",
        "selected_option": "OptionA"
      }
    },
    {
      "question": 29,
      "target": "Exam score (points)",
      "target_value": 65,
      "options": [
        "Time spent studying (hours)",
        "Number of breaks (times)"
      ],
      "optionA": {
        "trial_id": "8",
        "task_id": "89",
        "values": "1.0, 2",
        "target_value": 65
      },
      "optionB": {
        "trial_id": "13",
        "task_id": "89",
        "values": "5.0, 2",
        "target_value": 92
      },
      "choice": {
        "button": "J",
        "selected_option": "OptionB"
      }
    },
    {
      "question": "attention_check_29",
      "choice": "J",
      "passed": true,
      "timestamp": 1756720576692
    },
    {
      "question": 30,
      "target": "Flower production",
      "target_value": 12,
      "options": [
        "Plant height",
        "Plant width"
      ],
      "optionA": {
        "trial_id": "13",
        "task_id": "63",
        "values": "70.0, 8.0",
        "target_value": 12
      },
      "optionB": {
        "trial_id": "15",
        "task_id": "63",
        "values": "110.0, 5.0",
        "target_value": 22
      },
      "choice": {
        "button": "F",
        "selected_option": "OptionA"
      }
    },
    {
      "question": 31,
      "target": "Exam score",
      "target_value": 88,
      "options": [
        "Study hours",
        "Intelligence"
      ],
      "optionA": {
        "trial_id": "4",
        "task_id": "81",
        "values": "5.0, 75",
        "target_value": 88
      },
      "optionB": {
        "trial_id": "14",
        "task_id": "81",
        "values": "3.0, 80",
        "target_value": 78
      },
      "choice": {
        "button": "F",
        "selected_option": "OptionA"
      }
    },
    {
      "question": 32,
      "target": "Restaurant Rating",
      "target_value": 4.8,
      "options": [
        "Restaurant Menu Variety",
        "Restaurant Wait Time"
      ],
      "optionA": {
        "trial_id": "5",
        "task_id": "11",
        "values": "70.0, 5",
        "target_value": 4.8
      },
      "optionB": {
        "trial_id": "9",
        "task_id": "11",
        "values": "30.0, 30",
        "target_value": 3.6
      },
      "choice": {
        "button": "F",
        "selected_option": "OptionA"
      }
    },
    {
      "question": 33,
      "target": "Enjoyment Score",
      "target_value": 4.3,
      "options": [
        "Book Thickness",
        "Number of Reviews"
      ],
      "optionA": {
        "trial_id": "11",
        "task_id": "27",
        "values": "450.0, 100.0",
        "target_value": 4.3
      },
      "optionB": {
        "trial_id": "16",
        "task_id": "27",
        "values": "400.0, 100.0",
        "target_value": 4.3
      },
      "choice": {
        "button": "J",
        "selected_option": "OptionB"
      }
    },
    {
      "question": 34,
      "target": "Lighting (lux)",
      "target_value": 700,
      "options": [
        "Room size (m2)",
        "Number of windows"
      ],
      "optionA": {
        "trial_id": "5",
        "task_id": "115",
        "values": "30.0, 2",
        "target_value": 700
      },
      "optionB": {
        "trial_id": "11",
        "task_id": "115",
        "values": "28.0, 2",
        "target_value": 720
      },
      "choice": {
        "button": "J",
        "selected_option": "OptionB"
      }
    },
    {
      "question": 35,
      "target": "Energy boost",
      "target_value": 60,
      "options": [
        "Coffee strength",
        "Caffeine content"
      ],
      "optionA": {
        "trial_id": "14",
        "task_id": "85",
        "values": "6.0, 60",
        "target_value": 60
      },
      "optionB": {
        "trial_id": "11",
        "task_id": "85",
        "values": "3.0, 90",
        "target_value": 80
      },
      "choice": {
        "button": "J",
        "selected_option": "OptionB"
      }
    },
    {
      "question": 36,
      "target": "Amount of natural light (lux)",
      "target_value": 1600,
      "options": [
        "Room size (sq ft)",
        "Number of windows"
      ],
      "optionA": {
        "trial_id": "8",
        "task_id": "94",
        "values": "250.0, 2",
        "target_value": 1600
      },
      "optionB": {
        "trial_id": "1",
        "task_id": "94",
        "values": "200.0, 3",
        "target_value": 1500
      },
      "choice": {
        "button": "J",
        "selected_option": "OptionB"
      }
    },
    {
      "question": 37,
      "target": "Fatigue (1-10)",
      "target_value": 4,
      "options": [
        "Exercise Duration (min)",
        "Rest Time (min)"
      ],
      "optionA": {
        "trial_id": "4",
        "task_id": "2",
        "values": "30.0, 10",
        "target_value": 4
      },
      "optionB": {
        "trial_id": "8",
        "task_id": "2",
        "values": "40.0, 15",
        "target_value": 6
      },
      "choice": {
        "button": "F",
        "selected_option": "OptionA"
      }
    },
    {
      "question": 38,
      "target": "Energy level (1-10)",
      "target_value": 7,
      "options": [
        "Hours of sleep",
        "Caffeine intake (mg)"
      ],
      "optionA": {
        "trial_id": "5",
        "task_id": "54",
        "values": "8.0, 80",
        "target_value": 7
      },
      "optionB": {
        "trial_id": "9",
        "task_id": "54",
        "values": "9.0, 40",
        "target_value": 9
      },
      "choice": {
        "button": "F",
        "selected_option": "OptionA"
      }
    },
    {
      "question": 39,
      "target": "Car Value",
      "target_value": 42000,
      "options": [
        "Age (years)",
        "Mileage (km)"
      ],
      "optionA": {
        "trial_id": "13",
        "task_id": "127",
        "values": "4.0, 15000",
        "target_value": 42000
      },
      "optionB": {
        "trial_id": "2",
        "task_id": "127",
        "values": "3.0, 15000",
        "target_value": 40000
      },
      "choice": {
        "button": "J",
        "selected_option": "OptionB"
      }
    },
    {
      "question": "attention_check_39",
      "choice": "F",
      "passed": true,
      "timestamp": 1756720639076
    },
    {
      "question": 40,
      "target": "Deliciousness",
      "target_value": 9,
      "options": [
        "Cooking Time",
        "Ingredients"
      ],
      "optionA": {
        "trial_id": "13",
        "task_id": "65",
        "values": "15.0, 6",
        "target_value": 9
      },
      "optionB": {
        "trial_id": "9",
        "task_id": "19",
        "values": "20.0, 6.0",
        "target_value": 9
      },
      "choice": {
        "button": "J",
        "selected_option": "OptionB"
      }
    },
    {
      "question": 41,
      "target": "BMI",
      "target_value": 26.9,
      "options": [
        "Height (inches)",
        "Weight (lbs)"
      ],
      "optionA": {
        "trial_id": "15",
        "task_id": "158",
        "values": "70.0, 185.0",
        "target_value": 26.9
      },
      "optionB": {
        "trial_id": "12",
        "task_id": "158",
        "values": "66.0, 170.0",
        "target_value": 30.1
      },
      "choice": {
        "button": "F",
        "selected_option": "OptionA"
      }
    },
    {
      "question": 42,
      "target": "Tastiness",
      "target_value": 6,
      "options": [
        "Pizza size (inches)",
        "Cheese amount (g)"
      ],
      "optionA": {
        "trial_id": "4",
        "task_id": "121",
        "values": "16.0, 150",
        "target_value": 6
      },
      "optionB": {
        "trial_id": "13",
        "task_id": "121",
        "values": "10.0, 180",
        "target_value": 6
      },
      "choice": {
        "button": "J",
        "selected_option": "OptionB"
      }
    },
    {
      "question": 43,
      "target": "Training time",
      "target_value": 28,
      "options": [
        "Dog weight",
        "Dog breed"
      ],
      "optionA": {
        "trial_id": "5",
        "task_id": "59",
        "values": "18.0, 2.0",
        "target_value": 28
      },
      "optionB": {
        "trial_id": "7",
        "task_id": "59",
        "values": "30.0, 1.0",
        "target_value": 40
      },
      "choice": {
        "button": "J",
        "selected_option": "OptionB"
      }
    },
    {
      "question": 44,
      "target": "Taste Rating",
      "target_value": 9,
      "options": [
        "Number of Ingredients",
        "Prep Time (min)"
      ],
      "optionA": {
        "trial_id": "18",
        "task_id": "148",
        "values": "4.0, 20.0",
        "target_value": 9
      },
      "optionB": {
        "trial_id": "14",
        "task_id": "148",
        "values": "5.0, 25.0",
        "target_value": 8
      },
      "choice": {
        "button": "J",
        "selected_option": "OptionB"
      }
    },
    {
      "question": 45,
      "target": "100m sprint time (s)",
      "target_value": 11.5,
      "options": [
        "Runner stride length (cm)",
        "Runner age (years)"
      ],
      "optionA": {
        "trial_id": "1",
        "task_id": "145",
        "values": "80.0, 25",
        "target_value": 11.5
      },
      "optionB": {
        "trial_id": "7",
        "task_id": "145",
        "values": "70.0, 26",
        "target_value": 11.9
      },
      "choice": {
        "button": "F",
        "selected_option": "OptionA"
      }
    },
    {
      "question": 46,
      "target": "Muscle gain",
      "target_value": 60,
      "options": [
        "Exercise intensity",
        "Water intake"
      ],
      "optionA": {
        "trial_id": "20",
        "task_id": "86",
        "values": "5.0, 6",
        "target_value": 60
      },
      "optionB": {
        "trial_id": "11",
        "task_id": "86",
        "values": "7.0, 1",
        "target_value": 70
      },
      "choice": {
        "button": "J",
        "selected_option": "OptionB"
      }
    },
    {
      "question": 47,
      "target": "Training time",
      "target_value": 40,
      "options": [
        "Dog weight",
        "Dog breed"
      ],
      "optionA": {
        "trial_id": "7",
        "task_id": "59",
        "values": "30.0, 1.0",
        "target_value": 40
      },
      "optionB": {
        "trial_id": "18",
        "task_id": "59",
        "values": "10.0, 3.0",
        "target_value": 20
      },
      "choice": {
        "button": "J",
        "selected_option": "OptionB"
      }
    },
    {
      "question": 48,
      "target": "Bicycle Speed",
      "target_value": 17,
      "options": [
        "Bicycle Weight",
        "Bicycle Price"
      ],
      "optionA": {
        "trial_id": "17",
        "task_id": "39",
        "values": "26.0, 340",
        "target_value": 17
      },
      "optionB": {
        "trial_id": "3",
        "task_id": "39",
        "values": "12.0, 480",
        "target_value": 24
      },
      "choice": {
        "button": "J",
        "selected_option": "OptionB"
      }
    },
    {
      "question": 49,
      "target": "Fuel Efficiency (km/l)",
      "target_value": 10,
      "options": [
        "Car Engine Size (liters)",
        "Weight (kg)"
      ],
      "optionA": {
        "trial_id": "3",
        "task_id": "103",
        "values": "2.5, 1300.0",
        "target_value": 10
      },
      "optionB": {
        "trial_id": "20",
        "task_id": "103",
        "values": "3.2, 1500.0",
        "target_value": 8
      },
      "choice": {
        "button": "F",
        "selected_option": "OptionA"
      }
    },
    {
      "question": 50,
      "target": "Energy Boost (scale 1-10)",
      "target_value": 6,
      "options": [
        "Coffee Strength (scale 1-10)",
        "Caffeine Content (mg)"
      ],
      "optionA": {
        "trial_id": "9",
        "task_id": "24",
        "values": "9.0, 80",
        "target_value": 6
      },
      "optionB": {
        "trial_id": "12",
        "task_id": "24",
        "values": "9.0, 80",
        "target_value": 6
      },
      "choice": {
        "button": "F",
        "selected_option": "OptionA"
      }
    }
  ]
}