{
  "prolific_id": "UNKNOWN",
  "condition_group": "direction",
  "responses": [
    {
      "question": 1,
      "target": "Restaurant Customer Satisfaction",
      "target_value": 8.3,
      "options": [
        "Restaurant Menu Size",
        "Restaurant Price Rating"
      ],
      "optionA": {
        "trial_id": "5",
        "task_id": "25",
        "values": "18.0, 4.5",
        "target_value": 8.3
      },
      "optionB": {
        "trial_id": "20",
        "task_id": "25",
        "values": "22.0, 4.6",
        "target_value": 8.4
      },
      "choice": {
        "button": "J",
        "selected_option": "OptionB"
      }
    },
    {
      "question": 2,
      "target": "Recipe difficulty",
      "target_value": 6,
      "options": [
        "Number of ingredients",
        "Prep time (minutes)"
      ],
      "optionA": {
        "trial_id": "1",
        "task_id": "60",
        "values": "5.0, 15.0",
        "target_value": 6
      },
      "optionB": {
        "trial_id": "1",
        "task_id": "60",
        "values": "5.0, 15.0",
        "target_value": 6
      },
      "choice": {
        "button": "F",
        "selected_option": "OptionA"
      }
    },
    {
      "question": 3,
      "target": "Plant Growth Rate",
      "target_value": 2.4,
      "options": [
        "Plant Height",
        "Plant Width"
      ],
      "optionA": {
        "trial_id": "2",
        "task_id": "104",
        "values": "1.2, 0.4",
        "target_value": 2.4
      },
      "optionB": {
        "trial_id": "16",
        "task_id": "104",
        "values": "1.2, 0.4",
        "target_value": 2.3
      },
      "choice": {
        "button": "F",
        "selected_option": "OptionA"
      }
    },
    {
      "question": 4,
      "target": "Energy Level",
      "target_value": 8,
      "options": [
        "Hours of Sleep",
        "Caffeine Intake (mg)"
      ],
      "optionA": {
        "trial_id": "9",
        "task_id": "45",
        "values": "8.0, 70.0",
        "target_value": 8
      },
      "optionB": {
        "trial_id": "11",
        "task_id": "45",
        "values": "7.0, 50.0",
        "target_value": 6
      },
      "choice": {
        "button": "F",
        "selected_option": "OptionA"
      }
    },
    {
      "question": 5,
      "target": "Deliciousness",
      "target_value": 65,
      "options": [
        "Cooking time",
        "Ingredients count"
      ],
      "optionA": {
        "trial_id": "14",
        "task_id": "27",
        "values": "10.0, 5.0",
        "target_value": 65
      },
      "optionB": {
        "trial_id": "13",
        "task_id": "27",
        "values": "15.0, 4.0",
        "target_value": 60
      },
      "choice": {
        "button": "F",
        "selected_option": "OptionA"
      }
    },
    {
      "question": 6,
      "target": "Fat Burn (in grams)",
      "target_value": 20,
      "options": [
        "Exercise Time (minutes)",
        "Heart Rate (bpm)"
      ],
      "optionA": {
        "trial_id": "6",
        "task_id": "20",
        "values": "60.0, 130.0",
        "target_value": 20
      },
      "optionB": {
        "trial_id": "3",
        "task_id": "20",
        "values": "40.0, 130.0",
        "target_value": 18
      },
      "choice": {
        "button": "F",
        "selected_option": "OptionA"
      }
    },
    {
      "question": 7,
      "target": "Post reach",
      "target_value": 18000,
      "options": [
        "Number of followers",
        "Engagement rate (%)"
      ],
      "optionA": {
        "trial_id": "5",
        "task_id": "92",
        "values": "1500.0, 6.0",
        "target_value": 18000
      },
      "optionB": {
        "trial_id": "6",
        "task_id": "92",
        "values": "2000.0, 4.0",
        "target_value": 16000
      },
      "choice": {
        "button": "F",
        "selected_option": "OptionA"
      }
    },
    {
      "question": 8,
      "target": "Battery Life",
      "target_value": 10,
      "options": [
        "Battery Capacity",
        "Weight"
      ],
      "optionA": {
        "trial_id": "15",
        "task_id": "114",
        "values": "2500.0, 180.0",
        "target_value": 10
      },
      "optionB": {
        "trial_id": "1",
        "task_id": "114",
        "values": "3000.0, 200.0",
        "target_value": 12
      },
      "choice": {
        "button": "J",
        "selected_option": "OptionB"
      }
    },
    {
      "question": 9,
      "target": "House Price ($1000s)",
      "target_value": 270,
      "options": [
        "Number of Rooms",
        "Square Feet"
      ],
      "optionA": {
        "trial_id": "16",
        "task_id": "77",
        "values": "4.0, 1700.0",
        "target_value": 270
      },
      "optionB": {
        "trial_id": "9",
        "task_id": "77",
        "values": "3.0, 1700.0",
        "target_value": 270
      },
      "choice": {
        "button": "F",
        "selected_option": "OptionA"
      }
    },
    {
      "question": "attention_check_9",
      "choice": "J",
      "passed": true,
      "timestamp": 1756154516755
    },
    {
      "question": 10,
      "target": "House Price ($1000s)",
      "target_value": 270,
      "options": [
        "Number of Rooms",
        "Square Feet"
      ],
      "optionA": {
        "trial_id": "16",
        "task_id": "77",
        "values": "4.0, 1700.0",
        "target_value": 270
      },
      "optionB": {
        "trial_id": "13",
        "task_id": "77",
        "values": "4.0, 2000.0",
        "target_value": 320
      },
      "choice": {
        "button": "J",
        "selected_option": "OptionB"
      }
    },
    {
      "question": 11,
      "target": "Exam Score (out of 100)",
      "target_value": 70,
      "options": [
        "Time Spent Studying (hours)",
        "Number of Chapters Covered"
      ],
      "optionA": {
        "trial_id": "1",
        "task_id": "94",
        "values": "3.0, 4.0",
        "target_value": 70
      },
      "optionB": {
        "trial_id": "7",
        "task_id": "94",
        "values": "3.0, 2.0",
        "target_value": 55
      },
      "choice": {
        "button": "F",
        "selected_option": "OptionA"
      }
    },
    {
      "question": 12,
      "target": "Restaurant Customer Satisfaction",
      "target_value": 8.8,
      "options": [
        "Restaurant Menu Size",
        "Restaurant Online Rating"
      ],
      "optionA": {
        "trial_id": "15",
        "task_id": "24",
        "values": "20.0, 4.7",
        "target_value": 8.8
      },
      "optionB": {
        "trial_id": "10",
        "task_id": "24",
        "values": "25.0, 4.5",
        "target_value": 8.6
      },
      "choice": {
        "button": "F",
        "selected_option": "OptionA"
      }
    },
    {
      "question": 13,
      "target": "Durability Perception (1-10)",
      "target_value": 6,
      "options": [
        "Price ($)",
        "Warranty (years)"
      ],
      "optionA": {
        "trial_id": "5",
        "task_id": "8",
        "values": "180.0, 2.0",
        "target_value": 6
      },
      "optionB": {
        "trial_id": "14",
        "task_id": "8",
        "values": "260.0, 3.0",
        "target_value": 6
      },
      "choice": {
        "button": "J",
        "selected_option": "OptionB"
      }
    },
    {
      "question": 14,
      "target": "Enjoyment",
      "target_value": 10,
      "options": [
        "Coffee price",
        "Coffee acidity"
      ],
      "optionA": {
        "trial_id": "8",
        "task_id": "101",
        "values": "7.0, 8.0",
        "target_value": 10
      },
      "optionB": {
        "trial_id": "13",
        "task_id": "101",
        "values": "2.0, 3.0",
        "target_value": 5
      },
      "choice": {
        "button": "J",
        "selected_option": "OptionB"
      }
    },
    {
      "question": 15,
      "target": "Taste Rating",
      "target_value": 8,
      "options": [
        "Number of Ingredients",
        "Cooking Time (minutes)"
      ],
      "optionA": {
        "trial_id": "6",
        "task_id": "14",
        "values": "7.0, 30.0",
        "target_value": 8
      },
      "optionB": {
        "trial_id": "10",
        "task_id": "14",
        "values": "6.0, 28.0",
        "target_value": 7
      },
      "choice": {
        "button": "F",
        "selected_option": "OptionA"
      }
    },
    {
      "question": 16,
      "target": "Market value ($)",
      "target_value": 270000,
      "options": [
        "Number of bedrooms",
        "House size (sq ft)"
      ],
      "optionA": {
        "trial_id": "10",
        "task_id": "90",
        "values": "4.0, 1300.0",
        "target_value": 270000
      },
      "optionB": {
        "trial_id": "4",
        "task_id": "90",
        "values": "5.0, 1200.0",
        "target_value": 280000
      },
      "choice": {
        "button": "J",
        "selected_option": "OptionB"
      }
    },
    {
      "question": 17,
      "target": "Popularity Score",
      "target_value": 75,
      "options": [
        "Price ($)",
        "Rating (1-10)"
      ],
      "optionA": {
        "trial_id": "14",
        "task_id": "97",
        "values": "70.0, 8.0",
        "target_value": 75
      },
      "optionB": {
        "trial_id": "4",
        "task_id": "97",
        "values": "80.0, 6.0",
        "target_value": 72
      },
      "choice": {
        "button": "F",
        "selected_option": "OptionA"
      }
    },
    {
      "question": 18,
      "target": "Bike Speed",
      "target_value": 30,
      "options": [
        "Bike Weight",
        "Bike Wheel Size"
      ],
      "optionA": {
        "trial_id": "13",
        "task_id": "107",
        "values": "16.0, 29.0",
        "target_value": 30
      },
      "optionB": {
        "trial_id": "12",
        "task_id": "107",
        "values": "14.0, 27.0",
        "target_value": 25
      },
      "choice": {
        "button": "J",
        "selected_option": "OptionB"
      }
    },
    {
      "question": 19,
      "target": "Energy Boost",
      "target_value": 6,
      "options": [
        "Coffee Caffeine Content",
        "Coffee Richness"
      ],
      "optionA": {
        "trial_id": "2",
        "task_id": "4",
        "values": "90.0, 4.0",
        "target_value": 6
      },
      "optionB": {
        "trial_id": "1",
        "task_id": "4",
        "values": "100.0, 3.0",
        "target_value": 7
      },
      "choice": {
        "button": "J",
        "selected_option": "OptionB"
      }
    },
    {
      "question": "attention_check_19",
      "choice": "F",
      "passed": true,
      "timestamp": 1756154595561
    },
    {
      "question": 20,
      "target": "Fun Level",
      "target_value": 9,
      "options": [
        "Number of Players",
        "Game Duration (minutes)"
      ],
      "optionA": {
        "trial_id": "11",
        "task_id": "13",
        "values": "7.0, 65.0",
        "target_value": 9
      },
      "optionB": {
        "trial_id": "19",
        "task_id": "13",
        "values": "3.0, 45.0",
        "target_value": 6
      },
      "choice": {
        "button": "F",
        "selected_option": "OptionA"
      }
    },
    {
      "question": 21,
      "target": "App Popularity",
      "target_value": 65,
      "options": [
        "App User Ratings (1-5)",
        "Number of Reviews"
      ],
      "optionA": {
        "trial_id": "14",
        "task_id": "42",
        "values": "4.0, 100.0",
        "target_value": 65
      },
      "optionB": {
        "trial_id": "17",
        "task_id": "42",
        "values": "4.0, 80.0",
        "target_value": 65
      },
      "choice": {
        "button": "F",
        "selected_option": "OptionA"
      }
    },
    {
      "question": 22,
      "target": "Energy Level",
      "target_value": 9,
      "options": [
        "Dog Size",
        "Exercise Needs"
      ],
      "optionA": {
        "trial_id": "4",
        "task_id": "88",
        "values": "35.0, 8.0",
        "target_value": 9
      },
      "optionB": {
        "trial_id": "19",
        "task_id": "88",
        "values": "45.0, 9.0",
        "target_value": 10
      },
      "choice": {
        "button": "J",
        "selected_option": "OptionB"
      }
    },
    {
      "question": 23,
      "target": "Strength",
      "target_value": 13,
      "options": [
        "Coffee Beans",
        "Water"
      ],
      "optionA": {
        "trial_id": "3",
        "task_id": "112",
        "values": "8.0, 180.0",
        "target_value": 13
      },
      "optionB": {
        "trial_id": "12",
        "task_id": "112",
        "values": "12.0, 240.0",
        "target_value": 16
      },
      "choice": {
        "button": "J",
        "selected_option": "OptionB"
      }
    },
    {
      "question": 24,
      "target": "Energy Level",
      "target_value": 9,
      "options": [
        "Dog Size",
        "Exercise Needs"
      ],
      "optionA": {
        "trial_id": "1",
        "task_id": "88",
        "values": "50.0, 8.0",
        "target_value": 9
      },
      "optionB": {
        "trial_id": "10",
        "task_id": "88",
        "values": "40.0, 7.0",
        "target_value": 8
      },
      "choice": {
        "button": "F",
        "selected_option": "OptionA"
      }
    },
    {
      "question": 25,
      "target": "Satiety (on scale 1-10)",
      "target_value": 9,
      "options": [
        "Number of Calories",
        "Protein (g)"
      ],
      "optionA": {
        "trial_id": "18",
        "task_id": "16",
        "values": "450.0, 18.0",
        "target_value": 9
      },
      "optionB": {
        "trial_id": "6",
        "task_id": "16",
        "values": "500.0, 20.0",
        "target_value": 9
      },
      "choice": {
        "button": "J",
        "selected_option": "OptionB"
      }
    },
    {
      "question": 26,
      "target": "Phone Battery Life",
      "target_value": 30,
      "options": [
        "Phone Battery Capacity",
        "Phone Weight"
      ],
      "optionA": {
        "trial_id": "20",
        "task_id": "108",
        "values": "4000.0, 200.0",
        "target_value": 30
      },
      "optionB": {
        "trial_id": "13",
        "task_id": "108",
        "values": "5000.0, 225.0",
        "target_value": 37
      },
      "choice": {
        "button": "J",
        "selected_option": "OptionB"
      }
    },
    {
      "question": 27,
      "target": "Restaurant Customer Satisfaction",
      "target_value": 8.8,
      "options": [
        "Restaurant Menu Size",
        "Restaurant Online Rating"
      ],
      "optionA": {
        "trial_id": "1",
        "task_id": "24",
        "values": "20.0, 4.6",
        "target_value": 8.8
      },
      "optionB": {
        "trial_id": "4",
        "task_id": "24",
        "values": "22.0, 4.7",
        "target_value": 8.7
      },
      "choice": {
        "button": "J",
        "selected_option": "OptionB"
      }
    },
    {
      "question": 28,
      "target": "Home Comfort (1-10)",
      "target_value": 5,
      "options": [
        "Number of Bedrooms",
        "Square Feet"
      ],
      "optionA": {
        "trial_id": "11",
        "task_id": "9",
        "values": "2.0, 1200.0",
        "target_value": 5
      },
      "optionB": {
        "trial_id": "15",
        "task_id": "9",
        "values": "4.0, 1650.0",
        "target_value": 8
      },
      "choice": {
        "button": "J",
        "selected_option": "OptionB"
      }
    },
    {
      "question": 29,
      "target": "Book Rating",
      "target_value": 4.7,
      "options": [
        "Book Page Count",
        "Author Rating"
      ],
      "optionA": {
        "trial_id": "15",
        "task_id": "22",
        "values": "450.0, 4.7",
        "target_value": 4.7
      },
      "optionB": {
        "trial_id": "18",
        "task_id": "22",
        "values": "400.0, 4.7",
        "target_value": 4.6
      },
      "choice": {
        "button": "F",
        "selected_option": "OptionA"
      }
    },
    {
      "question": "attention_check_29",
      "choice": "J",
      "passed": true,
      "timestamp": 1756154660536
    },
    {
      "question": 30,
      "target": "Jump Height",
      "target_value": 90,
      "options": [
        "Height",
        "Arm Length"
      ],
      "optionA": {
        "trial_id": "13",
        "task_id": "115",
        "values": "190.0, 75.0",
        "target_value": 90
      },
      "optionB": {
        "trial_id": "20",
        "task_id": "115",
        "values": "170.0, 63.0",
        "target_value": 73
      },
      "choice": {
        "button": "F",
        "selected_option": "OptionA"
      }
    },
    {
      "question": 31,
      "target": "Fat Burn (in grams)",
      "target_value": 24,
      "options": [
        "Exercise Time (minutes)",
        "Heart Rate (bpm)"
      ],
      "optionA": {
        "trial_id": "20",
        "task_id": "20",
        "values": "70.0, 140.0",
        "target_value": 24
      },
      "optionB": {
        "trial_id": "19",
        "task_id": "20",
        "values": "60.0, 150.0",
        "target_value": 26
      },
      "choice": {
        "button": "J",
        "selected_option": "OptionB"
      }
    },
    {
      "question": 32,
      "target": "Bike Speed",
      "target_value": 28,
      "options": [
        "Bike Weight",
        "Bike Wheel Size"
      ],
      "optionA": {
        "trial_id": "3",
        "task_id": "107",
        "values": "12.0, 29.0",
        "target_value": 28
      },
      "optionB": {
        "trial_id": "18",
        "task_id": "107",
        "values": "12.0, 26.0",
        "target_value": 22
      },
      "choice": {
        "button": "F",
        "selected_option": "OptionA"
      }
    },
    {
      "question": 33,
      "target": "Cooking Time (min)",
      "target_value": 35,
      "options": [
        "Number of Ingredients",
        "Prep Time (min)"
      ],
      "optionA": {
        "trial_id": "6",
        "task_id": "48",
        "values": "7.0, 14.0",
        "target_value": 35
      },
      "optionB": {
        "trial_id": "3",
        "task_id": "48",
        "values": "4.0, 8.0",
        "target_value": 20
      },
      "choice": {
        "button": "F",
        "selected_option": "OptionA"
      }
    },
    {
      "question": 34,
      "target": "Exam Score",
      "target_value": 60,
      "options": [
        "Hours of Study",
        "Difficulty Level"
      ],
      "optionA": {
        "trial_id": "7",
        "task_id": "12",
        "values": "3.0, 1.0",
        "target_value": 60
      },
      "optionB": {
        "trial_id": "6",
        "task_id": "12",
        "values": "7.0, 5.0",
        "target_value": 77
      },
      "choice": {
        "button": "J",
        "selected_option": "OptionB"
      }
    },
    {
      "question": 35,
      "target": "Growth Rate (cm/week)",
      "target_value": 3,
      "options": [
        "Plant Leaf Size",
        "Plant Water Usage"
      ],
      "optionA": {
        "trial_id": "20",
        "task_id": "83",
        "values": "10.0, 5.0",
        "target_value": 3
      },
      "optionB": {
        "trial_id": "3",
        "task_id": "83",
        "values": "12.0, 6.0",
        "target_value": 3.5
      },
      "choice": {
        "button": "J",
        "selected_option": "OptionB"
      }
    },
    {
      "question": 36,
      "target": "Battery Life",
      "target_value": 32,
      "options": [
        "Phone Weight",
        "Battery Capacity"
      ],
      "optionA": {
        "trial_id": "1",
        "task_id": "54",
        "values": "200.0, 4000.0",
        "target_value": 32
      },
      "optionB": {
        "trial_id": "2",
        "task_id": "54",
        "values": "250.0, 3800.0",
        "target_value": 30
      },
      "choice": {
        "button": "F",
        "selected_option": "OptionA"
      }
    },
    {
      "question": 37,
      "target": "Growth Rate",
      "target_value": 4,
      "options": [
        "Plant Leaf Size",
        "Plant Height"
      ],
      "optionA": {
        "trial_id": "9",
        "task_id": "65",
        "values": "12.0, 60.0",
        "target_value": 4
      },
      "optionB": {
        "trial_id": "13",
        "task_id": "65",
        "values": "16.0, 80.0",
        "target_value": 6
      },
      "choice": {
        "button": "J",
        "selected_option": "OptionB"
      }
    },
    {
      "question": 38,
      "target": "Strength",
      "target_value": 18,
      "options": [
        "Coffee Beans",
        "Water"
      ],
      "optionA": {
        "trial_id": "6",
        "task_id": "112",
        "values": "14.0, 260.0",
        "target_value": 18
      },
      "optionB": {
        "trial_id": "7",
        "task_id": "112",
        "values": "6.0, 160.0",
        "target_value": 11
      },
      "choice": {
        "button": "F",
        "selected_option": "OptionA"
      }
    },
    {
      "question": 39,
      "target": "Comfort Score",
      "target_value": 10,
      "options": [
        "Price ($)",
        "Size (sqft)"
      ],
      "optionA": {
        "trial_id": "19",
        "task_id": "44",
        "values": "340000.0, 200.0",
        "target_value": 10
      },
      "optionB": {
        "trial_id": "8",
        "task_id": "44",
        "values": "320000.0, 170.0",
        "target_value": 8
      },
      "choice": {
        "button": "F",
        "selected_option": "OptionA"
      }
    },
    {
      "question": "attention_check_39",
      "choice": "F",
      "passed": true,
      "timestamp": 1756154735923
    },
    {
      "question": 40,
      "target": "Physical strength",
      "target_value": 70,
      "options": [
        "Height (cm)",
        "Weight (kg)"
      ],
      "optionA": {
        "trial_id": "10",
        "task_id": "84",
        "values": "160.0, 75.0",
        "target_value": 70
      },
      "optionB": {
        "trial_id": "18",
        "task_id": "84",
        "values": "170.0, 65.0",
        "target_value": 68
      },
      "choice": {
        "button": "F",
        "selected_option": "OptionA"
      }
    },
    {
      "question": 41,
      "target": "Speed",
      "target_value": 90,
      "options": [
        "Car Engine Size",
        "Horsepower"
      ],
      "optionA": {
        "trial_id": "7",
        "task_id": "61",
        "values": "1.4, 100.0",
        "target_value": 90
      },
      "optionB": {
        "trial_id": "20",
        "task_id": "61",
        "values": "1.3, 100.0",
        "target_value": 90
      },
      "choice": {
        "button": "F",
        "selected_option": "OptionA"
      }
    },
    {
      "question": 42,
      "target": "Room Area (m\u00b2)",
      "target_value": 36,
      "options": [
        "Room Length (m)",
        "Room Width (m)"
      ],
      "optionA": {
        "trial_id": "19",
        "task_id": "89",
        "values": "6.0, 6.0",
        "target_value": 36
      },
      "optionB": {
        "trial_id": "9",
        "task_id": "89",
        "values": "7.0, 3.0",
        "target_value": 21
      },
      "choice": {
        "button": "F",
        "selected_option": "OptionA"
      }
    },
    {
      "question": 43,
      "target": "Popularity Score",
      "target_value": 168,
      "options": [
        "Number of Likes",
        "Number of Comments"
      ],
      "optionA": {
        "trial_id": "10",
        "task_id": "50",
        "values": "140.0, 28.0",
        "target_value": 168
      },
      "optionB": {
        "trial_id": "12",
        "task_id": "50",
        "values": "120.0, 24.0",
        "target_value": 144
      },
      "choice": {
        "button": "F",
        "selected_option": "OptionA"
      }
    },
    {
      "question": 44,
      "target": "Book Knowledge Content",
      "target_value": 5,
      "options": [
        "Book Page Count",
        "Book Reading Level"
      ],
      "optionA": {
        "trial_id": "5",
        "task_id": "1",
        "values": "200.0, 2.0",
        "target_value": 5
      },
      "optionB": {
        "trial_id": "2",
        "task_id": "1",
        "values": "250.0, 4.0",
        "target_value": 6
      },
      "choice": {
        "button": "J",
        "selected_option": "OptionB"
      }
    },
    {
      "question": 45,
      "target": "Enjoyment",
      "target_value": 7.8,
      "options": [
        "Tea Strength",
        "Flavor Variety"
      ],
      "optionA": {
        "trial_id": "7",
        "task_id": "55",
        "values": "6.0, 5.0",
        "target_value": 7.8
      },
      "optionB": {
        "trial_id": "17",
        "task_id": "55",
        "values": "6.0, 2.0",
        "target_value": 7.1
      },
      "choice": {
        "button": "F",
        "selected_option": "OptionA"
      }
    },
    {
      "question": 46,
      "target": "Fitness Level",
      "target_value": 6,
      "options": [
        "Exercise Time (min/day)",
        "Healthy Diet (%)"
      ],
      "optionA": {
        "trial_id": "3",
        "task_id": "46",
        "values": "40.0, 60.0",
        "target_value": 6
      },
      "optionB": {
        "trial_id": "13",
        "task_id": "46",
        "values": "30.0, 65.0",
        "target_value": 6
      },
      "choice": {
        "button": "J",
        "selected_option": "OptionB"
      }
    },
    {
      "question": 47,
      "target": "Fuel Consumption (L/100km)",
      "target_value": 6,
      "options": [
        "Speed (km/h)",
        "Weight (kg)"
      ],
      "optionA": {
        "trial_id": "11",
        "task_id": "43",
        "values": "100.0, 1300.0",
        "target_value": 6
      },
      "optionB": {
        "trial_id": "3",
        "task_id": "43",
        "values": "130.0, 1600.0",
        "target_value": 10
      },
      "choice": {
        "button": "J",
        "selected_option": "OptionB"
      }
    },
    {
      "question": 48,
      "target": "Apartment price",
      "target_value": 1700,
      "options": [
        "Distance from city center",
        "Room size"
      ],
      "optionA": {
        "trial_id": "9",
        "task_id": "58",
        "values": "5.0, 70.0",
        "target_value": 1700
      },
      "optionB": {
        "trial_id": "5",
        "task_id": "58",
        "values": "1.0, 30.0",
        "target_value": 1000
      },
      "choice": {
        "button": "J",
        "selected_option": "OptionB"
      }
    },
    {
      "question": 49,
      "target": "Bike Speed",
      "target_value": 130,
      "options": [
        "Bike Weight",
        "Bike Power"
      ],
      "optionA": {
        "trial_id": "20",
        "task_id": "87",
        "values": "30.0, 650.0",
        "target_value": 130
      },
      "optionB": {
        "trial_id": "20",
        "task_id": "87",
        "values": "30.0, 650.0",
        "target_value": 130
      },
      "choice": {
        "button": "J",
        "selected_option": "OptionB"
      }
    },
    {
      "question": 50,
      "target": "Growth Rate",
      "target_value": 3,
      "options": [
        "Plant Leaf Size",
        "Plant Height"
      ],
      "optionA": {
        "trial_id": "1",
        "task_id": "65",
        "values": "10.0, 50.0",
        "target_value": 3
      },
      "optionB": {
        "trial_id": "7",
        "task_id": "65",
        "values": "6.0, 30.0",
        "target_value": 1
      },
      "choice": {
        "button": "F",
        "selected_option": "OptionA"
      }
    }
  ]
}