{
  "prolific_id": "UNKNOWN",
  "condition_group": "ranking",
  "responses": [
    {
      "question": 1,
      "target": "Market value",
      "target_value": 300,
      "options": [
        "House size",
        "House floors"
      ],
      "optionA": {
        "trial_id": "1",
        "task_id": "64",
        "values": "200.0, 2.0",
        "target_value": 300
      },
      "optionB": {
        "trial_id": "14",
        "task_id": "64",
        "values": "150.0, 5.0",
        "target_value": 230
      },
      "choice": {
        "button": "F",
        "selected_option": "OptionA"
      }
    },
    {
      "question": 2,
      "target": "Comfort Level",
      "target_value": 6,
      "options": [
        "Room Size",
        "Lighting"
      ],
      "optionA": {
        "trial_id": "7",
        "task_id": "132",
        "values": "35.0, 2.0",
        "target_value": 6
      },
      "optionB": {
        "trial_id": "5",
        "task_id": "132",
        "values": "30.0, 3.0",
        "target_value": 6.5
      },
      "choice": {
        "button": "J",
        "selected_option": "OptionB"
      }
    },
    {
      "question": 3,
      "target": "Reading Enjoyment",
      "target_value": 16,
      "options": [
        "Book Length",
        "Author Fame"
      ],
      "optionA": {
        "trial_id": "18",
        "task_id": "131",
        "values": "1200.0, 0.25",
        "target_value": 16
      },
      "optionB": {
        "trial_id": "9",
        "task_id": "131",
        "values": "700.0, 4.0",
        "target_value": 11
      },
      "choice": {
        "button": "J",
        "selected_option": "OptionB"
      }
    },
    {
      "question": 4,
      "target": "Fuel efficiency (km/l)",
      "target_value": 13,
      "options": [
        "Engine size (cc)",
        "Weight (kg)"
      ],
      "optionA": {
        "trial_id": "15",
        "task_id": "51",
        "values": "1650.0, 1270",
        "target_value": 13
      },
      "optionB": {
        "trial_id": "6",
        "task_id": "51",
        "values": "1900.0, 1400",
        "target_value": 11
      },
      "choice": {
        "button": "F",
        "selected_option": "OptionA"
      }
    },
    {
      "question": 5,
      "target": "Calories burned",
      "target_value": 320,
      "options": [
        "Exercise time (min)",
        "Heart rate (bpm)"
      ],
      "optionA": {
        "trial_id": "4",
        "task_id": "116",
        "values": "35.0, 105",
        "target_value": 320
      },
      "optionB": {
        "trial_id": "13",
        "task_id": "116",
        "values": "20.0, 120",
        "target_value": 230
      },
      "choice": {
        "button": "F",
        "selected_option": "OptionA"
      }
    },
    {
      "question": 6,
      "target": "Value",
      "target_value": 8,
      "options": [
        "Price",
        "Size"
      ],
      "optionA": {
        "trial_id": "4",
        "task_id": "67",
        "values": "100.0, 50",
        "target_value": 8
      },
      "optionB": {
        "trial_id": "9",
        "task_id": "67",
        "values": "110.0, 50",
        "target_value": 7
      },
      "choice": {
        "button": "J",
        "selected_option": "OptionB"
      }
    },
    {
      "question": 7,
      "target": "Skill Level",
      "target_value": 8,
      "options": [
        "Experience",
        "Years of Education"
      ],
      "optionA": {
        "trial_id": "13",
        "task_id": "137",
        "values": "7.0, 12.0",
        "target_value": 8
      },
      "optionB": {
        "trial_id": "1",
        "task_id": "137",
        "values": "5.0, 12.0",
        "target_value": 7
      },
      "choice": {
        "button": "F",
        "selected_option": "OptionA"
      }
    },
    {
      "question": 8,
      "target": "Calories burned",
      "target_value": 280,
      "options": [
        "Exercise time (min)",
        "Heart rate (bpm)"
      ],
      "optionA": {
        "trial_id": "9",
        "task_id": "116",
        "values": "35.0, 90",
        "target_value": 280
      },
      "optionB": {
        "trial_id": "16",
        "task_id": "116",
        "values": "25.0, 115",
        "target_value": 280
      },
      "choice": {
        "button": "F",
        "selected_option": "OptionA"
      }
    },
    {
      "question": 9,
      "target": "Reaction Time (ms)",
      "target_value": 245,
      "options": [
        "Age (years)",
        "Driving Experience (years)"
      ],
      "optionA": {
        "trial_id": "19",
        "task_id": "25",
        "values": "38.0, 18.0",
        "target_value": 245
      },
      "optionB": {
        "trial_id": "3",
        "task_id": "25",
        "values": "25.0, 5.0",
        "target_value": 280
      },
      "choice": {
        "button": "F",
        "selected_option": "OptionA"
      }
    },
    {
      "question": "attention_check_9",
      "choice": "J",
      "passed": true,
      "timestamp": 1756720810710
    },
    {
      "question": 10,
      "target": "Exam score",
      "target_value": 83,
      "options": [
        "Study hours",
        "Intelligence score"
      ],
      "optionA": {
        "trial_id": "4",
        "task_id": "122",
        "values": "5.0, 70.0",
        "target_value": 83
      },
      "optionB": {
        "trial_id": "2",
        "task_id": "122",
        "values": "4.0, 80.0",
        "target_value": 82
      },
      "choice": {
        "button": "F",
        "selected_option": "OptionA"
      }
    },
    {
      "question": 11,
      "target": "Reading Enjoyment",
      "target_value": 14,
      "options": [
        "Book Length",
        "Author Fame"
      ],
      "optionA": {
        "trial_id": "15",
        "task_id": "131",
        "values": "1000.0, 1.0",
        "target_value": 14
      },
      "optionB": {
        "trial_id": "2",
        "task_id": "131",
        "values": "400.0, 7.0",
        "target_value": 8
      },
      "choice": {
        "button": "J",
        "selected_option": "OptionB"
      }
    },
    {
      "question": 12,
      "target": "Value for Money",
      "target_value": 41,
      "options": [
        "Price",
        "Weight"
      ],
      "optionA": {
        "trial_id": "19",
        "task_id": "20",
        "values": "95.0, 2.4",
        "target_value": 41
      },
      "optionB": {
        "trial_id": "7",
        "task_id": "20",
        "values": "90.0, 2.5",
        "target_value": 42
      },
      "choice": {
        "button": "J",
        "selected_option": "OptionB"
      }
    },
    {
      "question": 13,
      "target": "Exam score",
      "target_value": 95,
      "options": [
        "Study hours",
        "Intelligence score"
      ],
      "optionA": {
        "trial_id": "15",
        "task_id": "122",
        "values": "9.0, 50.0",
        "target_value": 95
      },
      "optionB": {
        "trial_id": "18",
        "task_id": "122",
        "values": "0.0, 130.0",
        "target_value": 59
      },
      "choice": {
        "button": "F",
        "selected_option": "OptionA"
      }
    },
    {
      "question": 14,
      "target": "House Price",
      "target_value": 420000,
      "options": [
        "House Square Feet",
        "House Age"
      ],
      "optionA": {
        "trial_id": "15",
        "task_id": "9",
        "values": "2600.0, 3",
        "target_value": 420000
      },
      "optionB": {
        "trial_id": "7",
        "task_id": "9",
        "values": "1600.0, 20",
        "target_value": 280000
      },
      "choice": {
        "button": "F",
        "selected_option": "OptionA"
      }
    },
    {
      "question": 15,
      "target": "Taste rating (1-10)",
      "target_value": 6,
      "options": [
        "Number of ingredients (count)",
        "Prep time (minutes)"
      ],
      "optionA": {
        "trial_id": "3",
        "task_id": "97",
        "values": "12.0, 20",
        "target_value": 6
      },
      "optionB": {
        "trial_id": "14",
        "task_id": "97",
        "values": "14.0, 20",
        "target_value": 5
      },
      "choice": {
        "button": "J",
        "selected_option": "OptionB"
      }
    },
    {
      "question": 16,
      "target": "Battery Life",
      "target_value": 18,
      "options": [
        "Phone Battery Capacity",
        "Number of Apps Installed"
      ],
      "optionA": {
        "trial_id": "19",
        "task_id": "78",
        "values": "3200.0, 50",
        "target_value": 18
      },
      "optionB": {
        "trial_id": "20",
        "task_id": "78",
        "values": "3400.0, 40",
        "target_value": 20
      },
      "choice": {
        "button": "J",
        "selected_option": "OptionB"
      }
    },
    {
      "question": 17,
      "target": "Battery life",
      "target_value": 30,
      "options": [
        "Phone battery",
        "Phone size"
      ],
      "optionA": {
        "trial_id": "20",
        "task_id": "62",
        "values": "4800.0, 12.0",
        "target_value": 30
      },
      "optionB": {
        "trial_id": "8",
        "task_id": "62",
        "values": "3000.0, 22.0",
        "target_value": 20
      },
      "choice": {
        "button": "F",
        "selected_option": "OptionA"
      }
    },
    {
      "question": 18,
      "target": "Physical Endurance",
      "target_value": 9,
      "options": [
        "Age",
        "Height"
      ],
      "optionA": {
        "trial_id": "6",
        "task_id": "135",
        "values": "20.0, 160.0",
        "target_value": 9
      },
      "optionB": {
        "trial_id": "13",
        "task_id": "123",
        "values": "60.0, 140.0",
        "target_value": 60
      },
      "choice": {
        "button": "F",
        "selected_option": "OptionA"
      }
    },
    {
      "question": 19,
      "target": "Battery Life",
      "target_value": 21,
      "options": [
        "Phone Battery Capacity",
        "Number of Apps Installed"
      ],
      "optionA": {
        "trial_id": "10",
        "task_id": "78",
        "values": "3500.0, 35",
        "target_value": 21
      },
      "optionB": {
        "trial_id": "9",
        "task_id": "78",
        "values": "2800.0, 70",
        "target_value": 16
      },
      "choice": {
        "button": "F",
        "selected_option": "OptionA"
      }
    },
    {
      "question": "attention_check_19",
      "choice": "F",
      "passed": true,
      "timestamp": 1756720960541
    },
    {
      "question": 20,
      "target": "Bike Speed",
      "target_value": 25,
      "options": [
        "Bike Weight",
        "Bike Frame Size"
      ],
      "optionA": {
        "trial_id": "9",
        "task_id": "106",
        "values": "10.0, 19",
        "target_value": 25
      },
      "optionB": {
        "trial_id": "18",
        "task_id": "106",
        "values": "12.0, 20",
        "target_value": 23
      },
      "choice": {
        "button": "J",
        "selected_option": "OptionB"
      }
    },
    {
      "question": 21,
      "target": "Distance",
      "target_value": 420,
      "options": [
        "Fuel Efficiency",
        "Weight"
      ],
      "optionA": {
        "trial_id": "13",
        "task_id": "69",
        "values": "30.0, 1600",
        "target_value": 420
      },
      "optionB": {
        "trial_id": "19",
        "task_id": "69",
        "values": "30.0, 1500",
        "target_value": 450
      },
      "choice": {
        "button": "J",
        "selected_option": "OptionB"
      }
    },
    {
      "question": 22,
      "target": "Rent (per month)",
      "target_value": 1300,
      "options": [
        "Distance from center (km)",
        "Size (m\u00b2)"
      ],
      "optionA": {
        "trial_id": "9",
        "task_id": "53",
        "values": "4.0, 50",
        "target_value": 1300
      },
      "optionB": {
        "trial_id": "11",
        "task_id": "53",
        "values": "7.0, 70",
        "target_value": 1000
      },
      "choice": {
        "button": "F",
        "selected_option": "OptionA"
      }
    },
    {
      "question": 23,
      "target": "Health index",
      "target_value": 65,
      "options": [
        "Age",
        "Exercise hours"
      ],
      "optionA": {
        "trial_id": "8",
        "task_id": "82",
        "values": "55.0, 2",
        "target_value": 65
      },
      "optionB": {
        "trial_id": "9",
        "task_id": "77",
        "values": "35.0, 5",
        "target_value": 68
      },
      "choice": {
        "button": "J",
        "selected_option": "OptionB"
      }
    },
    {
      "question": 24,
      "target": "Battery Life",
      "target_value": 16,
      "options": [
        "Phone Battery Capacity",
        "Screen Size"
      ],
      "optionA": {
        "trial_id": "5",
        "task_id": "28",
        "values": "3500.0, 6.0",
        "target_value": 16
      },
      "optionB": {
        "trial_id": "8",
        "task_id": "28",
        "values": "3000.0, 6.3",
        "target_value": 14
      },
      "choice": {
        "button": "F",
        "selected_option": "OptionA"
      }
    },
    {
      "question": 25,
      "target": "Battery life",
      "target_value": 11,
      "options": [
        "Battery capacity",
        "Weight"
      ],
      "optionA": {
        "trial_id": "10",
        "task_id": "75",
        "values": "4500.0, 280",
        "target_value": 11
      },
      "optionB": {
        "trial_id": "19",
        "task_id": "75",
        "values": "6000.0, 270",
        "target_value": 14
      },
      "choice": {
        "button": "J",
        "selected_option": "OptionB"
      }
    },
    {
      "question": 26,
      "target": "Physical Endurance",
      "target_value": 5,
      "options": [
        "Age",
        "Height"
      ],
      "optionA": {
        "trial_id": "20",
        "task_id": "135",
        "values": "50.0, 170.0",
        "target_value": 5
      },
      "optionB": {
        "trial_id": "13",
        "task_id": "135",
        "values": "20.0, 160.0",
        "target_value": 9
      },
      "choice": {
        "button": "J",
        "selected_option": "OptionB"
      }
    },
    {
      "question": 27,
      "target": "Training time",
      "target_value": 20,
      "options": [
        "Dog weight",
        "Dog breed"
      ],
      "optionA": {
        "trial_id": "18",
        "task_id": "59",
        "values": "10.0, 3.0",
        "target_value": 20
      },
      "optionB": {
        "trial_id": "10",
        "task_id": "59",
        "values": "12.0, 3.0",
        "target_value": 20
      },
      "choice": {
        "button": "F",
        "selected_option": "OptionA"
      }
    },
    {
      "question": 28,
      "target": "Fuel consumption (liters per 100km)",
      "target_value": 6.3,
      "options": [
        "Car engine size (liters)",
        "Car weight (kg)"
      ],
      "optionA": {
        "trial_id": "20",
        "task_id": "113",
        "values": "1.4, 1750",
        "target_value": 6.3
      },
      "optionB": {
        "trial_id": "20",
        "task_id": "113",
        "values": "1.4, 1750",
        "target_value": 6.3
      },
      "choice": {
        "button": "J",
        "selected_option": "OptionB"
      }
    },
    {
      "question": 29,
      "target": "Resale value (in $)",
      "target_value": 25000,
      "options": [
        "Age of car (years)",
        "Mileage (km)"
      ],
      "optionA": {
        "trial_id": "9",
        "task_id": "55",
        "values": "2.0, 20000",
        "target_value": 25000
      },
      "optionB": {
        "trial_id": "5",
        "task_id": "55",
        "values": "6.0, 60000",
        "target_value": 12000
      },
      "choice": {
        "button": "F",
        "selected_option": "OptionA"
      }
    },
    {
      "question": "attention_check_29",
      "choice": "J",
      "passed": true,
      "timestamp": 1756721076507
    },
    {
      "question": 30,
      "target": "Fuel efficiency (km/l)",
      "target_value": 7,
      "options": [
        "Engine power (in horsepower)",
        "Weight (in kg)"
      ],
      "optionA": {
        "trial_id": "18",
        "task_id": "87",
        "values": "230.0, 1500",
        "target_value": 7
      },
      "optionB": {
        "trial_id": "6",
        "task_id": "87",
        "values": "160.0, 1300",
        "target_value": 10
      },
      "choice": {
        "button": "J",
        "selected_option": "OptionB"
      }
    },
    {
      "question": 31,
      "target": "Lighting (lux)",
      "target_value": 620,
      "options": [
        "Room size (m2)",
        "Number of windows"
      ],
      "optionA": {
        "trial_id": "9",
        "task_id": "115",
        "values": "22.0, 1",
        "target_value": 620
      },
      "optionB": {
        "trial_id": "7",
        "task_id": "115",
        "values": "18.0, 3",
        "target_value": 500
      },
      "choice": {
        "button": "J",
        "selected_option": "OptionB"
      }
    },
    {
      "question": 32,
      "target": "Fuel Efficiency (km/L)",
      "target_value": 14,
      "options": [
        "Car Weight (kg)",
        "Engine Power (hp)"
      ],
      "optionA": {
        "trial_id": "3",
        "task_id": "3",
        "values": "1300.0, 90",
        "target_value": 14
      },
      "optionB": {
        "trial_id": "19",
        "task_id": "3",
        "values": "1400.0, 150",
        "target_value": 11
      },
      "choice": {
        "button": "F",
        "selected_option": "OptionA"
      }
    },
    {
      "question": 33,
      "target": "House Price",
      "target_value": 340,
      "options": [
        "House Size",
        "Housing Age"
      ],
      "optionA": {
        "trial_id": "11",
        "task_id": "99",
        "values": "220.0, 10",
        "target_value": 340
      },
      "optionB": {
        "trial_id": "9",
        "task_id": "99",
        "values": "180.0, 12",
        "target_value": 300
      },
      "choice": {
        "button": "F",
        "selected_option": "OptionA"
      }
    },
    {
      "question": 34,
      "target": "Cooking time (minutes)",
      "target_value": 22,
      "options": [
        "Number of ingredients",
        "Prep time (minutes)"
      ],
      "optionA": {
        "trial_id": "7",
        "task_id": "140",
        "values": "7.0, 5",
        "target_value": 22
      },
      "optionB": {
        "trial_id": "12",
        "task_id": "140",
        "values": "5.0, 10",
        "target_value": 25
      },
      "choice": {
        "button": "J",
        "selected_option": "OptionB"
      }
    },
    {
      "question": 35,
      "target": "BMI",
      "target_value": 28.7,
      "options": [
        "Height",
        "Weight"
      ],
      "optionA": {
        "trial_id": "16",
        "task_id": "17",
        "values": "145.0, 60",
        "target_value": 28.7
      },
      "optionB": {
        "trial_id": "14",
        "task_id": "17",
        "values": "175.0, 90",
        "target_value": 29.4
      },
      "choice": {
        "button": "J",
        "selected_option": "OptionB"
      }
    },
    {
      "question": 36,
      "target": "Energy level (1-10)",
      "target_value": 10,
      "options": [
        "Hours of sleep",
        "Caffeine intake (mg)"
      ],
      "optionA": {
        "trial_id": "13",
        "task_id": "54",
        "values": "10.0, 30",
        "target_value": 10
      },
      "optionB": {
        "trial_id": "18",
        "task_id": "54",
        "values": "9.0, 40",
        "target_value": 8
      },
      "choice": {
        "button": "J",
        "selected_option": "OptionB"
      }
    },
    {
      "question": 37,
      "target": "BMI",
      "target_value": 29.3,
      "options": [
        "Height (inches)",
        "Weight (lbs)"
      ],
      "optionA": {
        "trial_id": "10",
        "task_id": "158",
        "values": "64.0, 150.0",
        "target_value": 29.3
      },
      "optionB": {
        "trial_id": "14",
        "task_id": "158",
        "values": "62.0, 130.0",
        "target_value": 27.8
      },
      "choice": {
        "button": "F",
        "selected_option": "OptionA"
      }
    },
    {
      "question": 38,
      "target": "Car speed (mph)",
      "target_value": 100,
      "options": [
        "Engine power (hp)",
        "Weight (kg)"
      ],
      "optionA": {
        "trial_id": "12",
        "task_id": "90",
        "values": "150.0, 1500",
        "target_value": 100
      },
      "optionB": {
        "trial_id": "15",
        "task_id": "90",
        "values": "190.0, 1400",
        "target_value": 108
      },
      "choice": {
        "button": "J",
        "selected_option": "OptionB"
      }
    },
    {
      "question": 39,
      "target": "Fuel Efficiency",
      "target_value": 30,
      "options": [
        "Car Engine Size",
        "Car Weight"
      ],
      "optionA": {
        "trial_id": "1",
        "task_id": "168",
        "values": "2.0, 3500",
        "target_value": 30
      },
      "optionB": {
        "trial_id": "7",
        "task_id": "168",
        "values": "2.0, 3600",
        "target_value": 29
      },
      "choice": {
        "button": "F",
        "selected_option": "OptionA"
      }
    },
    {
      "question": "attention_check_39",
      "choice": "F",
      "passed": true,
      "timestamp": 1756721180451
    },
    {
      "question": 40,
      "target": "Plant Health",
      "target_value": 16,
      "options": [
        "Plant Height",
        "Water Amount"
      ],
      "optionA": {
        "trial_id": "19",
        "task_id": "169",
        "values": "120.0, 1",
        "target_value": 16
      },
      "optionB": {
        "trial_id": "13",
        "task_id": "169",
        "values": "90.0, 1",
        "target_value": 13
      },
      "choice": {
        "button": "F",
        "selected_option": "OptionA"
      }
    },
    {
      "question": 41,
      "target": "Fuel Efficiency (km/L)",
      "target_value": 12,
      "options": [
        "Car Weight (kg)",
        "Engine Power (hp)"
      ],
      "optionA": {
        "trial_id": "9",
        "task_id": "3",
        "values": "1400.0, 130",
        "target_value": 12
      },
      "optionB": {
        "trial_id": "1",
        "task_id": "3",
        "values": "1200.0, 100",
        "target_value": 15
      },
      "choice": {
        "button": "J",
        "selected_option": "OptionB"
      }
    },
    {
      "question": 42,
      "target": "Portability",
      "target_value": 7,
      "options": [
        "Battery Life",
        "Weight"
      ],
      "optionA": {
        "trial_id": "18",
        "task_id": "68",
        "values": "30.0, 600",
        "target_value": 7
      },
      "optionB": {
        "trial_id": "7",
        "task_id": "68",
        "values": "20.0, 500",
        "target_value": 8
      },
      "choice": {
        "button": "J",
        "selected_option": "OptionB"
      }
    },
    {
      "question": 43,
      "target": "Exam Score",
      "target_value": 85,
      "options": [
        "Study Time (hours)",
        "Difficulty Level (1-10)"
      ],
      "optionA": {
        "trial_id": "14",
        "task_id": "128",
        "values": "6.0, 4",
        "target_value": 85
      },
      "optionB": {
        "trial_id": "9",
        "task_id": "128",
        "values": "3.0, 5",
        "target_value": 70
      },
      "choice": {
        "button": "F",
        "selected_option": "OptionA"
      }
    },
    {
      "question": 44,
      "target": "Dog Obedience Score",
      "target_value": 8.8,
      "options": [
        "Dog Training Hours",
        "Dog Distractions"
      ],
      "optionA": {
        "trial_id": "3",
        "task_id": "12",
        "values": "12.0, 1",
        "target_value": 8.8
      },
      "optionB": {
        "trial_id": "9",
        "task_id": "12",
        "values": "6.0, 5",
        "target_value": 7.5
      },
      "choice": {
        "button": "F",
        "selected_option": "OptionA"
      }
    },
    {
      "question": 45,
      "target": "Fuel efficiency (km/l)",
      "target_value": 13,
      "options": [
        "Car weight (kg)",
        "Engine size (cc)"
      ],
      "optionA": {
        "trial_id": "11",
        "task_id": "153",
        "values": "1400.0, 1400.0",
        "target_value": 13
      },
      "optionB": {
        "trial_id": "8",
        "task_id": "153",
        "values": "1700.0, 1600.0",
        "target_value": 9
      },
      "choice": {
        "button": "F",
        "selected_option": "OptionA"
      }
    },
    {
      "question": 46,
      "target": "Travel Time (min)",
      "target_value": 13,
      "options": [
        "Distance (km)",
        "Speed (km/h)"
      ],
      "optionA": {
        "trial_id": "12",
        "task_id": "166",
        "values": "13.0, 60",
        "target_value": 13
      },
      "optionB": {
        "trial_id": "14",
        "task_id": "166",
        "values": "17.0, 60",
        "target_value": 14
      },
      "choice": {
        "button": "J",
        "selected_option": "OptionB"
      }
    },
    {
      "question": 47,
      "target": "Maximum heart rate (bpm)",
      "target_value": 185,
      "options": [
        "Age (years)",
        "Height (cm)"
      ],
      "optionA": {
        "trial_id": "10",
        "task_id": "52",
        "values": "30.0, 165",
        "target_value": 185
      },
      "optionB": {
        "trial_id": "1",
        "task_id": "52",
        "values": "25.0, 170",
        "target_value": 190
      },
      "choice": {
        "button": "F",
        "selected_option": "OptionA"
      }
    },
    {
      "question": 48,
      "target": "Exam Score",
      "target_value": 95,
      "options": [
        "Student Study Time",
        "Student Sleep Hours"
      ],
      "optionA": {
        "trial_id": "7",
        "task_id": "38",
        "values": "8.0, 4",
        "target_value": 95
      },
      "optionB": {
        "trial_id": "18",
        "task_id": "38",
        "values": "12.0, 0",
        "target_value": 115
      },
      "choice": {
        "button": "F",
        "selected_option": "OptionA"
      }
    },
    {
      "question": 49,
      "target": "Reliability",
      "target_value": 70,
      "options": [
        "Car age",
        "Maintenance cost"
      ],
      "optionA": {
        "trial_id": "1",
        "task_id": "83",
        "values": "5.0, 1000",
        "target_value": 70
      },
      "optionB": {
        "trial_id": "18",
        "task_id": "83",
        "values": "2.0, 2700",
        "target_value": 98
      },
      "choice": {
        "button": "J",
        "selected_option": "OptionB"
      }
    },
    {
      "question": 50,
      "target": "Strength",
      "target_value": 7,
      "options": [
        "Tea leaves (g)",
        "Water temperature (\u00b0C)"
      ],
      "optionA": {
        "trial_id": "19",
        "task_id": "120",
        "values": "6.0, 86",
        "target_value": 7
      },
      "optionB": {
        "trial_id": "4",
        "task_id": "120",
        "values": "7.0, 90",
        "target_value": 6
      },
      "choice": {
        "button": "J",
        "selected_option": "OptionB"
      }
    }
  ]
}