{
  "prolific_id": "UNKNOWN",
  "condition_group": "ranking",
  "responses": [
    {
      "question": 1,
      "target": "Engagement rate (%)",
      "target_value": 5,
      "options": [
        "Number of followers (count)",
        "Time posted (hours ago)"
      ],
      "optionA": {
        "trial_id": "6",
        "task_id": "98",
        "values": "1100.0, 2",
        "target_value": 5
      },
      "optionB": {
        "trial_id": "11",
        "task_id": "98",
        "values": "1300.0, 2",
        "target_value": 6
      },
      "choice": {
        "button": "J",
        "selected_option": "OptionB"
      }
    },
    {
      "question": 2,
      "target": "Growth Rate (cm/week)",
      "target_value": 4,
      "options": [
        "Plant Height (cm)",
        "Sunlight (hours/day)"
      ],
      "optionA": {
        "trial_id": "5",
        "task_id": "4",
        "values": "20.0, 7",
        "target_value": 4
      },
      "optionB": {
        "trial_id": "16",
        "task_id": "4",
        "values": "45.0, 6",
        "target_value": 6
      },
      "choice": {
        "button": "J",
        "selected_option": "OptionB"
      }
    },
    {
      "question": 3,
      "target": "Battery Life (hours)",
      "target_value": 18,
      "options": [
        "Phone RAM (GB)",
        "Screen Size (inches)"
      ],
      "optionA": {
        "trial_id": "15",
        "task_id": "104",
        "values": "5.0, 6.1",
        "target_value": 18
      },
      "optionB": {
        "trial_id": "16",
        "task_id": "104",
        "values": "7.0, 6.9",
        "target_value": 15
      },
      "choice": {
        "button": "J",
        "selected_option": "OptionB"
      }
    },
    {
      "question": 4,
      "target": "Deliciousness",
      "target_value": 8,
      "options": [
        "Cooking Time",
        "Ingredients"
      ],
      "optionA": {
        "trial_id": "17",
        "task_id": "65",
        "values": "20.0, 4",
        "target_value": 8
      },
      "optionB": {
        "trial_id": "3",
        "task_id": "65",
        "values": "20.0, 6",
        "target_value": 8
      },
      "choice": {
        "button": "F",
        "selected_option": "OptionA"
      }
    },
    {
      "question": 5,
      "target": "Fatigue (1-10)",
      "target_value": 6,
      "options": [
        "Exercise Duration (min)",
        "Rest Time (min)"
      ],
      "optionA": {
        "trial_id": "13",
        "task_id": "2",
        "values": "45.0, 10",
        "target_value": 6
      },
      "optionB": {
        "trial_id": "3",
        "task_id": "2",
        "values": "40.0, 5",
        "target_value": 6
      },
      "choice": {
        "button": "F",
        "selected_option": "OptionA"
      }
    },
    {
      "question": 6,
      "target": "Walking speed (km/h)",
      "target_value": 5.7,
      "options": [
        "Person height (cm)",
        "Age (years)"
      ],
      "optionA": {
        "trial_id": "19",
        "task_id": "163",
        "values": "178.0, 33.0",
        "target_value": 5.7
      },
      "optionB": {
        "trial_id": "7",
        "task_id": "163",
        "values": "170.0, 28.0",
        "target_value": 5
      },
      "choice": {
        "button": "F",
        "selected_option": "OptionA"
      }
    },
    {
      "question": 7,
      "target": "Salary",
      "target_value": 85000,
      "options": [
        "Experience",
        "Years since graduation"
      ],
      "optionA": {
        "trial_id": "3",
        "task_id": "76",
        "values": "12.0, 6",
        "target_value": 85000
      },
      "optionB": {
        "trial_id": "8",
        "task_id": "76",
        "values": "13.0, 9",
        "target_value": 85000
      },
      "choice": {
        "button": "F",
        "selected_option": "OptionA"
      }
    },
    {
      "question": 8,
      "target": "Bike Speed",
      "target_value": 25,
      "options": [
        "Bike Weight",
        "Bike Frame Size"
      ],
      "optionA": {
        "trial_id": "8",
        "task_id": "106",
        "values": "10.0, 18",
        "target_value": 25
      },
      "optionB": {
        "trial_id": "15",
        "task_id": "106",
        "values": "8.0, 17",
        "target_value": 27
      },
      "choice": {
        "button": "F",
        "selected_option": "OptionA"
      }
    },
    {
      "question": 9,
      "target": "Energy boost",
      "target_value": 85,
      "options": [
        "Coffee strength",
        "Caffeine content"
      ],
      "optionA": {
        "trial_id": "8",
        "task_id": "85",
        "values": "3.0, 130",
        "target_value": 85
      },
      "optionB": {
        "trial_id": "17",
        "task_id": "85",
        "values": "4.0, 60",
        "target_value": 70
      },
      "choice": {
        "button": "J",
        "selected_option": "OptionB"
      }
    },
    {
      "question": "attention_check_9",
      "choice": "J",
      "passed": true,
      "timestamp": 1756154422115
    },
    {
      "question": 10,
      "target": "Battery Life",
      "target_value": 16,
      "options": [
        "Phone Battery Capacity",
        "Screen Size"
      ],
      "optionA": {
        "trial_id": "5",
        "task_id": "28",
        "values": "3500.0, 6.0",
        "target_value": 16
      },
      "optionB": {
        "trial_id": "4",
        "task_id": "28",
        "values": "4500.0, 6.7",
        "target_value": 20
      },
      "choice": {
        "button": "J",
        "selected_option": "OptionB"
      }
    },
    {
      "question": 11,
      "target": "Post reach (people)",
      "target_value": 4500,
      "options": [
        "Number of likes (count)",
        "Time posted (hours ago)"
      ],
      "optionA": {
        "trial_id": "12",
        "task_id": "93",
        "values": "900.0, 6",
        "target_value": 4500
      },
      "optionB": {
        "trial_id": "11",
        "task_id": "93",
        "values": "1300.0, 2",
        "target_value": 6500
      },
      "choice": {
        "button": "J",
        "selected_option": "OptionB"
      }
    },
    {
      "question": 12,
      "target": "Tastiness",
      "target_value": 7,
      "options": [
        "Pizza size (inches)",
        "Cheese amount (g)"
      ],
      "optionA": {
        "trial_id": "5",
        "task_id": "121",
        "values": "10.0, 160",
        "target_value": 7
      },
      "optionB": {
        "trial_id": "12",
        "task_id": "121",
        "values": "16.0, 170",
        "target_value": 5
      },
      "choice": {
        "button": "J",
        "selected_option": "OptionB"
      }
    },
    {
      "question": 13,
      "target": "Weight loss",
      "target_value": 5,
      "options": [
        "Exercise intensity",
        "Exercise duration"
      ],
      "optionA": {
        "trial_id": "7",
        "task_id": "61",
        "values": "9.0, 30.0",
        "target_value": 5
      },
      "optionB": {
        "trial_id": "14",
        "task_id": "61",
        "values": "6.0, 50.0",
        "target_value": 4
      },
      "choice": {
        "button": "F",
        "selected_option": "OptionA"
      }
    },
    {
      "question": 14,
      "target": "Height (cm)",
      "target_value": 14,
      "options": [
        "Age of the plant (weeks)",
        "Water given (ml/day)"
      ],
      "optionA": {
        "trial_id": "16",
        "task_id": "91",
        "values": "5.0, 400",
        "target_value": 14
      },
      "optionB": {
        "trial_id": "18",
        "task_id": "91",
        "values": "4.0, 500",
        "target_value": 13
      },
      "choice": {
        "button": "F",
        "selected_option": "OptionA"
      }
    },
    {
      "question": 15,
      "target": "Reaction Time (ms)",
      "target_value": 280,
      "options": [
        "Age (years)",
        "Driving Experience (years)"
      ],
      "optionA": {
        "trial_id": "3",
        "task_id": "25",
        "values": "25.0, 5.0",
        "target_value": 280
      },
      "optionB": {
        "trial_id": "14",
        "task_id": "25",
        "values": "20.0, 2.0",
        "target_value": 320
      },
      "choice": {
        "button": "F",
        "selected_option": "OptionA"
      }
    },
    {
      "question": 16,
      "target": "Exam Score (points)",
      "target_value": 75,
      "options": [
        "Study Time (hours)",
        "Distractions (number)"
      ],
      "optionA": {
        "trial_id": "6",
        "task_id": "23",
        "values": "5.0, 2",
        "target_value": 75
      },
      "optionB": {
        "trial_id": "1",
        "task_id": "23",
        "values": "5.0, 2",
        "target_value": 80
      },
      "choice": {
        "button": "J",
        "selected_option": "OptionB"
      }
    },
    {
      "question": 17,
      "target": "Energy Level (1-10)",
      "target_value": 4,
      "options": [
        "Dog Weight (lbs)",
        "Dog Age (years)"
      ],
      "optionA": {
        "trial_id": "4",
        "task_id": "36",
        "values": "35.0, 2.0",
        "target_value": 4
      },
      "optionB": {
        "trial_id": "9",
        "task_id": "36",
        "values": "40.0, 6.0",
        "target_value": 2
      },
      "choice": {
        "button": "F",
        "selected_option": "OptionA"
      }
    },
    {
      "question": 18,
      "target": "Quality",
      "target_value": 81,
      "options": [
        "Price",
        "Size"
      ],
      "optionA": {
        "trial_id": "16",
        "task_id": "21",
        "values": "90.0, 6.0",
        "target_value": 81
      },
      "optionB": {
        "trial_id": "11",
        "task_id": "67",
        "values": "100.0, 40",
        "target_value": 8
      },
      "choice": {
        "button": "J",
        "selected_option": "OptionB"
      }
    },
    {
      "question": 19,
      "target": "Engagement rate (%)",
      "target_value": 4,
      "options": [
        "Number of followers (count)",
        "Time posted (hours ago)"
      ],
      "optionA": {
        "trial_id": "5",
        "task_id": "98",
        "values": "800.0, 3",
        "target_value": 4
      },
      "optionB": {
        "trial_id": "12",
        "task_id": "98",
        "values": "900.0, 6",
        "target_value": 3
      },
      "choice": {
        "button": "J",
        "selected_option": "OptionB"
      }
    },
    {
      "question": "attention_check_19",
      "choice": "F",
      "passed": true,
      "timestamp": 1756154482481
    },
    {
      "question": 20,
      "target": "Exam Score",
      "target_value": 75,
      "options": [
        "Study Time (hours)",
        "Difficulty Level (1-10)"
      ],
      "optionA": {
        "trial_id": "7",
        "task_id": "128",
        "values": "4.0, 4",
        "target_value": 75
      },
      "optionB": {
        "trial_id": "13",
        "task_id": "128",
        "values": "7.0, 3",
        "target_value": 90
      },
      "choice": {
        "button": "J",
        "selected_option": "OptionB"
      }
    },
    {
      "question": 21,
      "target": "Fuel Consumption (mpg)",
      "target_value": 36,
      "options": [
        "Speed (mph)",
        "Engine Size (L)"
      ],
      "optionA": {
        "trial_id": "17",
        "task_id": "156",
        "values": "55.0, 2.0",
        "target_value": 36
      },
      "optionB": {
        "trial_id": "19",
        "task_id": "156",
        "values": "70.0, 3.0",
        "target_value": 25
      },
      "choice": {
        "button": "J",
        "selected_option": "OptionB"
      }
    },
    {
      "question": 22,
      "target": "100m sprint time (s)",
      "target_value": 11.5,
      "options": [
        "Runner stride length (cm)",
        "Runner age (years)"
      ],
      "optionA": {
        "trial_id": "19",
        "task_id": "145",
        "values": "79.0, 24",
        "target_value": 11.5
      },
      "optionB": {
        "trial_id": "5",
        "task_id": "145",
        "values": "85.0, 22",
        "target_value": 11.2
      },
      "choice": {
        "button": "J",
        "selected_option": "OptionB"
      }
    },
    {
      "question": 23,
      "target": "Training time",
      "target_value": 34,
      "options": [
        "Dog weight",
        "Dog breed"
      ],
      "optionA": {
        "trial_id": "19",
        "task_id": "59",
        "values": "24.0, 2.0",
        "target_value": 34
      },
      "optionB": {
        "trial_id": "3",
        "task_id": "59",
        "values": "25.0, 1.0",
        "target_value": 35
      },
      "choice": {
        "button": "J",
        "selected_option": "OptionB"
      }
    },
    {
      "question": 24,
      "target": "Calories burned",
      "target_value": 360,
      "options": [
        "Exercise time (min)",
        "Heart rate (bpm)"
      ],
      "optionA": {
        "trial_id": "12",
        "task_id": "116",
        "values": "40.0, 115",
        "target_value": 360
      },
      "optionB": {
        "trial_id": "10",
        "task_id": "116",
        "values": "30.0, 100",
        "target_value": 300
      },
      "choice": {
        "button": "F",
        "selected_option": "OptionA"
      }
    },
    {
      "question": 25,
      "target": "Usage Time",
      "target_value": 10,
      "options": [
        "Battery Capacity",
        "Weight"
      ],
      "optionA": {
        "trial_id": "18",
        "task_id": "22",
        "values": "3600.0, 240.0",
        "target_value": 10
      },
      "optionB": {
        "trial_id": "7",
        "task_id": "22",
        "values": "4500.0, 190.0",
        "target_value": 13
      },
      "choice": {
        "button": "J",
        "selected_option": "OptionB"
      }
    },
    {
      "question": 26,
      "target": "Maximum heart rate (bpm)",
      "target_value": 175,
      "options": [
        "Age (years)",
        "Height (cm)"
      ],
      "optionA": {
        "trial_id": "12",
        "task_id": "52",
        "values": "35.0, 175",
        "target_value": 175
      },
      "optionB": {
        "trial_id": "13",
        "task_id": "52",
        "values": "28.0, 168",
        "target_value": 188
      },
      "choice": {
        "button": "F",
        "selected_option": "OptionA"
      }
    },
    {
      "question": 27,
      "target": "Fuel consumption (liters per 100km)",
      "target_value": 7.8,
      "options": [
        "Car engine size (liters)",
        "Car weight (kg)"
      ],
      "optionA": {
        "trial_id": "7",
        "task_id": "113",
        "values": "2.2, 1600",
        "target_value": 7.8
      },
      "optionB": {
        "trial_id": "16",
        "task_id": "113",
        "values": "1.6, 1600",
        "target_value": 6.8
      },
      "choice": {
        "button": "F",
        "selected_option": "OptionA"
      }
    },
    {
      "question": 28,
      "target": "Project Success (%)",
      "target_value": 90,
      "options": [
        "Experience (years)",
        "Team Size"
      ],
      "optionA": {
        "trial_id": "4",
        "task_id": "110",
        "values": "7.0, 3",
        "target_value": 90
      },
      "optionB": {
        "trial_id": "13",
        "task_id": "110",
        "values": "11.0, 6",
        "target_value": 89
      },
      "choice": {
        "button": "J",
        "selected_option": "OptionB"
      }
    },
    {
      "question": 29,
      "target": "Daily travel cost ($)",
      "target_value": 30,
      "options": [
        "Distance to work (miles)",
        "Commute time (minutes)"
      ],
      "optionA": {
        "trial_id": "6",
        "task_id": "138",
        "values": "6.0, 14",
        "target_value": 30
      },
      "optionB": {
        "trial_id": "11",
        "task_id": "138",
        "values": "4.0, 14",
        "target_value": 20
      },
      "choice": {
        "button": "F",
        "selected_option": "OptionA"
      }
    },
    {
      "question": "attention_check_29",
      "choice": "J",
      "passed": true,
      "timestamp": 1756154496830
    },
    {
      "question": 30,
      "target": "Cost to travel",
      "target_value": 60,
      "options": [
        "Distance",
        "Speed"
      ],
      "optionA": {
        "trial_id": "3",
        "task_id": "124",
        "values": "120.0, 50.0",
        "target_value": 60
      },
      "optionB": {
        "trial_id": "8",
        "task_id": "124",
        "values": "140.0, 50.0",
        "target_value": 70
      },
      "choice": {
        "button": "J",
        "selected_option": "OptionB"
      }
    },
    {
      "question": 31,
      "target": "Speed on Flat Ground",
      "target_value": 22,
      "options": [
        "Bike Weight",
        "Wheel Size"
      ],
      "optionA": {
        "trial_id": "18",
        "task_id": "30",
        "values": "11.0, 29.0",
        "target_value": 22
      },
      "optionB": {
        "trial_id": "11",
        "task_id": "30",
        "values": "13.0, 27.0",
        "target_value": 22
      },
      "choice": {
        "button": "J",
        "selected_option": "OptionB"
      }
    },
    {
      "question": 32,
      "target": "House price (thousands)",
      "target_value": 360,
      "options": [
        "House size (m2)",
        "Number of bedrooms"
      ],
      "optionA": {
        "trial_id": "20",
        "task_id": "117",
        "values": "130.0, 3",
        "target_value": 360
      },
      "optionB": {
        "trial_id": "20",
        "task_id": "117",
        "values": "130.0, 3",
        "target_value": 360
      },
      "choice": {
        "button": "F",
        "selected_option": "OptionA"
      }
    },
    {
      "question": 33,
      "target": "Commute time (minutes)",
      "target_value": 34,
      "options": [
        "Distance to work (miles)",
        "Number of traffic lights"
      ],
      "optionA": {
        "trial_id": "6",
        "task_id": "95",
        "values": "8.0, 10",
        "target_value": 34
      },
      "optionB": {
        "trial_id": "12",
        "task_id": "95",
        "values": "6.0, 10",
        "target_value": 31
      },
      "choice": {
        "button": "F",
        "selected_option": "OptionA"
      }
    },
    {
      "question": 34,
      "target": "Engagement rate (%)",
      "target_value": 3,
      "options": [
        "Number of followers (count)",
        "Time posted (hours ago)"
      ],
      "optionA": {
        "trial_id": "4",
        "task_id": "98",
        "values": "900.0, 5",
        "target_value": 3
      },
      "optionB": {
        "trial_id": "18",
        "task_id": "98",
        "values": "1000.0, 4",
        "target_value": 4
      },
      "choice": {
        "button": "J",
        "selected_option": "OptionB"
      }
    },
    {
      "question": 35,
      "target": "Exam Score",
      "target_value": 92,
      "options": [
        "Student Study Time",
        "Time Spent on Social Media"
      ],
      "optionA": {
        "trial_id": "7",
        "task_id": "79",
        "values": "7.0, 2",
        "target_value": 92
      },
      "optionB": {
        "trial_id": "8",
        "task_id": "79",
        "values": "6.0, 1",
        "target_value": 90
      },
      "choice": {
        "button": "F",
        "selected_option": "OptionA"
      }
    },
    {
      "question": 36,
      "target": "Energy Boost (1-10)",
      "target_value": 3,
      "options": [
        "Number of Calories",
        "Sugar (g)"
      ],
      "optionA": {
        "trial_id": "8",
        "task_id": "111",
        "values": "180.0, 12",
        "target_value": 3
      },
      "optionB": {
        "trial_id": "13",
        "task_id": "111",
        "values": "100.0, 12",
        "target_value": 6
      },
      "choice": {
        "button": "F",
        "selected_option": "OptionA"
      }
    },
    {
      "question": 37,
      "target": "Battery life",
      "target_value": 35,
      "options": [
        "Phone battery",
        "Phone size"
      ],
      "optionA": {
        "trial_id": "5",
        "task_id": "62",
        "values": "6000.0, 8.0",
        "target_value": 35
      },
      "optionB": {
        "trial_id": "16",
        "task_id": "62",
        "values": "4500.0, 16.0",
        "target_value": 27
      },
      "choice": {
        "button": "F",
        "selected_option": "OptionA"
      }
    },
    {
      "question": 38,
      "target": "Tastiness",
      "target_value": 6,
      "options": [
        "Pizza size (inches)",
        "Cheese amount (g)"
      ],
      "optionA": {
        "trial_id": "10",
        "task_id": "121",
        "values": "14.0, 180",
        "target_value": 6
      },
      "optionB": {
        "trial_id": "20",
        "task_id": "121",
        "values": "16.0, 180",
        "target_value": 5
      },
      "choice": {
        "button": "J",
        "selected_option": "OptionB"
      }
    },
    {
      "question": 39,
      "target": "Exercise Burned Calories",
      "target_value": 300,
      "options": [
        "Exercise Intensity",
        "Exercise Duration"
      ],
      "optionA": {
        "trial_id": "4",
        "task_id": "13",
        "values": "7.0, 30",
        "target_value": 300
      },
      "optionB": {
        "trial_id": "15",
        "task_id": "13",
        "values": "10.0, 10",
        "target_value": 360
      },
      "choice": {
        "button": "F",
        "selected_option": "OptionA"
      }
    },
    {
      "question": "attention_check_39",
      "choice": "F",
      "passed": true,
      "timestamp": 1756154524248
    },
    {
      "question": 40,
      "target": "Heart rate",
      "target_value": 60,
      "options": [
        "Age",
        "Exercise hours"
      ],
      "optionA": {
        "trial_id": "5",
        "task_id": "77",
        "values": "25.0, 6",
        "target_value": 60
      },
      "optionB": {
        "trial_id": "13",
        "task_id": "77",
        "values": "60.0, 2",
        "target_value": 80
      },
      "choice": {
        "button": "F",
        "selected_option": "OptionA"
      }
    },
    {
      "question": 41,
      "target": "Customer satisfaction (1-10)",
      "target_value": 7.5,
      "options": [
        "Number of reviews",
        "Price (in $)"
      ],
      "optionA": {
        "trial_id": "6",
        "task_id": "56",
        "values": "100.0, 55",
        "target_value": 7.5
      },
      "optionB": {
        "trial_id": "7",
        "task_id": "56",
        "values": "80.0, 65",
        "target_value": 6.5
      },
      "choice": {
        "button": "J",
        "selected_option": "OptionB"
      }
    },
    {
      "question": 42,
      "target": "Taste rating (1-10)",
      "target_value": 8,
      "options": [
        "Number of ingredients",
        "Prep time (in minutes)"
      ],
      "optionA": {
        "trial_id": "4",
        "task_id": "88",
        "values": "5.0, 25",
        "target_value": 8
      },
      "optionB": {
        "trial_id": "6",
        "task_id": "88",
        "values": "7.0, 20",
        "target_value": 6
      },
      "choice": {
        "button": "J",
        "selected_option": "OptionB"
      }
    },
    {
      "question": 43,
      "target": "User Satisfaction",
      "target_value": 8.5,
      "options": [
        "Smartphone Price",
        "Battery Capacity"
      ],
      "optionA": {
        "trial_id": "16",
        "task_id": "31",
        "values": "620.0, 3700.0",
        "target_value": 8.5
      },
      "optionB": {
        "trial_id": "1",
        "task_id": "31",
        "values": "600.0, 4000.0",
        "target_value": 8.5
      },
      "choice": {
        "button": "J",
        "selected_option": "OptionB"
      }
    },
    {
      "question": 44,
      "target": "Exam score (%)",
      "target_value": 85,
      "options": [
        "Student study hours per week",
        "Student age (years)"
      ],
      "optionA": {
        "trial_id": "19",
        "task_id": "144",
        "values": "9.0, 15",
        "target_value": 85
      },
      "optionB": {
        "trial_id": "1",
        "task_id": "144",
        "values": "10.0, 15",
        "target_value": 85
      },
      "choice": {
        "button": "J",
        "selected_option": "OptionB"
      }
    },
    {
      "question": 45,
      "target": "Comfort",
      "target_value": 6,
      "options": [
        "Age",
        "Size"
      ],
      "optionA": {
        "trial_id": "12",
        "task_id": "66",
        "values": "10.0, 30",
        "target_value": 6
      },
      "optionB": {
        "trial_id": "5",
        "task_id": "66",
        "values": "10.0, 15",
        "target_value": 6
      },
      "choice": {
        "button": "J",
        "selected_option": "OptionB"
      }
    },
    {
      "question": 46,
      "target": "Strength",
      "target_value": 7,
      "options": [
        "Tea leaves (g)",
        "Water temperature (\u00b0C)"
      ],
      "optionA": {
        "trial_id": "18",
        "task_id": "120",
        "values": "6.0, 99",
        "target_value": 7
      },
      "optionB": {
        "trial_id": "8",
        "task_id": "120",
        "values": "8.0, 85",
        "target_value": 5
      },
      "choice": {
        "button": "F",
        "selected_option": "OptionA"
      }
    },
    {
      "question": 47,
      "target": "Playfulness score (1-10)",
      "target_value": 8.5,
      "options": [
        "Dog weight (kg)",
        "Dog age (years)"
      ],
      "optionA": {
        "trial_id": "7",
        "task_id": "147",
        "values": "9.0, 2",
        "target_value": 8.5
      },
      "optionB": {
        "trial_id": "14",
        "task_id": "147",
        "values": "13.0, 5",
        "target_value": 6
      },
      "choice": {
        "button": "F",
        "selected_option": "OptionA"
      }
    },
    {
      "question": 48,
      "target": "Tree trunk volume (m\u00b3)",
      "target_value": 2,
      "options": [
        "Height (cm)",
        "Width (cm)"
      ],
      "optionA": {
        "trial_id": "20",
        "task_id": "162",
        "values": "130.0, 49",
        "target_value": 2
      },
      "optionB": {
        "trial_id": "8",
        "task_id": "162",
        "values": "160.0, 38",
        "target_value": 3
      },
      "choice": {
        "button": "J",
        "selected_option": "OptionB"
      }
    },
    {
      "question": 49,
      "target": "Enjoyment",
      "target_value": 90,
      "options": [
        "Book pages",
        "Author fame"
      ],
      "optionA": {
        "trial_id": "4",
        "task_id": "84",
        "values": "450.0, 7",
        "target_value": 90
      },
      "optionB": {
        "trial_id": "3",
        "task_id": "84",
        "values": "500.0, 6",
        "target_value": 85
      },
      "choice": {
        "button": "F",
        "selected_option": "OptionA"
      }
    },
    {
      "question": 50,
      "target": "Cooling Time (min)",
      "target_value": 30,
      "options": [
        "Room Size (m\u00b2)",
        "Window Size (m\u00b2)"
      ],
      "optionA": {
        "trial_id": "4",
        "task_id": "143",
        "values": "22.0, 2.5",
        "target_value": 30
      },
      "optionB": {
        "trial_id": "20",
        "task_id": "143",
        "values": "27.0, 3.5",
        "target_value": 25
      },
      "choice": {
        "button": "F",
        "selected_option": "OptionA"
      }
    }
  ]
}