{
  "condition_group": "ranking_A",
  "submission_number": "1",
  "responses": [
    {
      "question": 1,
      "target": "Cooking Time (minutes)",
      "options": [
        "Number of Ingredients",
        "Prep Time (minutes)"
      ],
      "optionA": {
        "trial_id": "4",
        "task_id": "16",
        "values": "12.0, 25.0",
        "target_value": 10
      },
      "optionB": {
        "trial_id": "3",
        "task_id": "16",
        "values": "8.0, 15.0",
        "target_value": 18
      },
      "choice": {
        "button": "F",
        "selected_option": "OptionA"
      }
    },
    {
      "question": 2,
      "target": "Exam points",
      "options": [
        "Time spent studying (hours)",
        "Number of breaks (times)"
      ],
      "optionA": {
        "trial_id": "1",
        "task_id": "50",
        "values": "3.0, 2",
        "target_value": 85
      },
      "optionB": {
        "trial_id": "3",
        "task_id": "50",
        "values": "4.0, 1",
        "target_value": 90
      },
      "choice": {
        "button": "F",
        "selected_option": "OptionA"
      }
    },
    {
      "question": 3,
      "target": "BMI",
      "options": [
        "Height",
        "Weight"
      ],
      "optionA": {
        "trial_id": "17",
        "task_id": "12",
        "values": "175.0, 75",
        "target_value": 24.9
      },
      "optionB": {
        "trial_id": "12",
        "task_id": "12",
        "values": "160.0, 77",
        "target_value": 30.1
      },
      "choice": {
        "button": "F",
        "selected_option": "OptionA"
      }
    },
    {
      "question": 4,
      "target": "Heart rate",
      "options": [
        "Age",
        "Exercise hours"
      ],
      "optionA": {
        "trial_id": "1",
        "task_id": "43",
        "values": "30.0, 5",
        "target_value": 65
      },
      "optionB": {
        "trial_id": "6",
        "task_id": "43",
        "values": "35.0, 4",
        "target_value": 65
      },
      "choice": {
        "button": "J",
        "selected_option": "OptionB"
      }
    },
    {
      "question": 5,
      "target": "Salary",
      "options": [
        "Experience",
        "Years since graduation"
      ],
      "optionA": {
        "trial_id": "14",
        "task_id": "42",
        "values": "12.0, 10",
        "target_value": 83000
      },
      "optionB": {
        "trial_id": "7",
        "task_id": "42",
        "values": "15.0, 7",
        "target_value": 90000
      },
      "choice": {
        "button": "J",
        "selected_option": "OptionB"
      }
    },
    {
      "question": 6,
      "target": "Enjoyment (1-10)",
      "options": [
        "Book Thickness (cm)",
        "Author Fame (1-10)"
      ],
      "optionA": {
        "trial_id": "9",
        "task_id": "1",
        "values": "7.0, 4",
        "target_value": 9
      },
      "optionB": {
        "trial_id": "20",
        "task_id": "1",
        "values": "6.0, 5",
        "target_value": 6
      },
      "choice": {
        "button": "F",
        "selected_option": "OptionA"
      }
    },
    {
      "question": 7,
      "target": "Student Exam Score",
      "options": [
        "Student Study Hours",
        "Student Distractions"
      ],
      "optionA": {
        "trial_id": "15",
        "task_id": "4",
        "values": "16.0, 0",
        "target_value": 92
      },
      "optionB": {
        "trial_id": "16",
        "task_id": "4",
        "values": "14.0, 0",
        "target_value": 90
      },
      "choice": {
        "button": "F",
        "selected_option": "OptionA"
      }
    },
    {
      "question": 8,
      "target": "Customer satisfaction (1-10)",
      "options": [
        "Number of reviews",
        "Price (in $)"
      ],
      "optionA": {
        "trial_id": "2",
        "task_id": "28",
        "values": "200.0, 40",
        "target_value": 9
      },
      "optionB": {
        "trial_id": "5",
        "task_id": "28",
        "values": "150.0, 45",
        "target_value": 8.5
      },
      "choice": {
        "button": "F",
        "selected_option": "OptionA"
      }
    },
    {
      "question": 9,
      "target": "Enjoyment",
      "options": [
        "Book pages",
        "Author fame"
      ],
      "optionA": {
        "trial_id": "13",
        "task_id": "46",
        "values": "550.0, 5",
        "target_value": 85
      },
      "optionB": {
        "trial_id": "17",
        "task_id": "46",
        "values": "700.0, 3",
        "target_value": 95
      },
      "choice": {
        "button": "J",
        "selected_option": "OptionB"
      }
    },
    {
      "question": "attention_check_9",
      "choice": "J",
      "passed": true,
      "timestamp": 1758804695874
    },
    {
      "question": 10,
      "target": "Energy boost",
      "options": [
        "Coffee strength",
        "Caffeine content"
      ],
      "optionA": {
        "trial_id": "1",
        "task_id": "47",
        "values": "4.0, 80",
        "target_value": 70
      },
      "optionB": {
        "trial_id": "2",
        "task_id": "47",
        "values": "5.0, 90",
        "target_value": 65
      },
      "choice": {
        "button": "J",
        "selected_option": "OptionB"
      }
    },
    {
      "question": 11,
      "target": "Comfort",
      "options": [
        "Age",
        "Size"
      ],
      "optionA": {
        "trial_id": "20",
        "task_id": "35",
        "values": "4.0, 30",
        "target_value": 7
      },
      "optionB": {
        "trial_id": "5",
        "task_id": "35",
        "values": "10.0, 15",
        "target_value": 6
      },
      "choice": {
        "button": "J",
        "selected_option": "OptionB"
      }
    },
    {
      "question": 12,
      "target": "Dog Obedience Score",
      "options": [
        "Dog Training Hours",
        "Dog Distractions"
      ],
      "optionA": {
        "trial_id": "8",
        "task_id": "8",
        "values": "6.0, 5",
        "target_value": 7.5
      },
      "optionB": {
        "trial_id": "16",
        "task_id": "8",
        "values": "14.0, 0",
        "target_value": 9
      },
      "choice": {
        "button": "F",
        "selected_option": "OptionA"
      }
    },
    {
      "question": 13,
      "target": "Phone Performance Score",
      "options": [
        "Phone Processor Speed",
        "Phone Battery Capacity"
      ],
      "optionA": {
        "trial_id": "8",
        "task_id": "6",
        "values": "2.5, 5500",
        "target_value": 8.2
      },
      "optionB": {
        "trial_id": "6",
        "task_id": "6",
        "values": "4.0, 3500",
        "target_value": 9
      },
      "choice": {
        "button": "J",
        "selected_option": "OptionB"
      }
    },
    {
      "question": 14,
      "target": "House Price",
      "options": [
        "House Square Feet",
        "House Age"
      ],
      "optionA": {
        "trial_id": "5",
        "task_id": "5",
        "values": "2400.0, 5",
        "target_value": 400000
      },
      "optionB": {
        "trial_id": "4",
        "task_id": "5",
        "values": "2000.0, 10",
        "target_value": 350000
      },
      "choice": {
        "button": "F",
        "selected_option": "OptionA"
      }
    },
    {
      "question": 15,
      "target": "Fuel efficiency (km/l)",
      "options": [
        "Engine size (cc)",
        "Weight (kg)"
      ],
      "optionA": {
        "trial_id": "3",
        "task_id": "25",
        "values": "1600.0, 1100",
        "target_value": 14
      },
      "optionB": {
        "trial_id": "20",
        "task_id": "25",
        "values": "1650.0, 1280",
        "target_value": 13
      },
      "choice": {
        "button": "J",
        "selected_option": "OptionB"
      }
    },
    {
      "question": 16,
      "target": "Quality",
      "options": [
        "Price",
        "Size"
      ],
      "optionA": {
        "trial_id": "3",
        "task_id": "14",
        "values": "80.0, 4.0",
        "target_value": 85
      },
      "optionB": {
        "trial_id": "12",
        "task_id": "14",
        "values": "100.0, 7.0",
        "target_value": 78
      },
      "choice": {
        "button": "J",
        "selected_option": "OptionB"
      }
    },
    {
      "question": 17,
      "target": "Comfort (1-10)",
      "options": [
        "Shoe Width (cm)",
        "Arch Support (1-10)"
      ],
      "optionA": {
        "trial_id": "19",
        "task_id": "3",
        "values": "9.0, 5",
        "target_value": 8
      },
      "optionB": {
        "trial_id": "1",
        "task_id": "3",
        "values": "9.0, 6",
        "target_value": 8
      },
      "choice": {
        "button": "F",
        "selected_option": "OptionA"
      }
    },
    {
      "question": 18,
      "target": "Wait Time (minutes)",
      "options": [
        "Restaurant Size",
        "Restaurant Reviews"
      ],
      "optionA": {
        "trial_id": "16",
        "task_id": "40",
        "values": "105.0, 4.0",
        "target_value": 31
      },
      "optionB": {
        "trial_id": "20",
        "task_id": "40",
        "values": "115.0, 4.1",
        "target_value": 33
      },
      "choice": {
        "button": "J",
        "selected_option": "OptionB"
      }
    },
    {
      "question": 19,
      "target": "Price",
      "options": [
        "House Size",
        "Bedrooms"
      ],
      "optionA": {
        "trial_id": "4",
        "task_id": "10",
        "values": "2000.0, 3",
        "target_value": 380000
      },
      "optionB": {
        "trial_id": "3",
        "task_id": "10",
        "values": "2200.0, 2",
        "target_value": 400000
      },
      "choice": {
        "button": "J",
        "selected_option": "OptionB"
      }
    },
    {
      "question": "attention_check_19",
      "choice": "F",
      "passed": true,
      "timestamp": 1758804723728
    },
    {
      "question": 20,
      "target": "Exercise Burned Calories",
      "options": [
        "Exercise Intensity",
        "Exercise Duration"
      ],
      "optionA": {
        "trial_id": "9",
        "task_id": "9",
        "values": "5.0, 60",
        "target_value": 250
      },
      "optionB": {
        "trial_id": "12",
        "task_id": "9",
        "values": "3.0, 80",
        "target_value": 210
      },
      "choice": {
        "button": "F",
        "selected_option": "OptionA"
      }
    },
    {
      "question": 21,
      "target": "Exam Score",
      "options": [
        "Student Study Time",
        "Time Spent on Social Media"
      ],
      "optionA": {
        "trial_id": "13",
        "task_id": "44",
        "values": "4.0, 2",
        "target_value": 80
      },
      "optionB": {
        "trial_id": "1",
        "task_id": "44",
        "values": "5.0, 1",
        "target_value": 85
      },
      "choice": {
        "button": "J",
        "selected_option": "OptionB"
      }
    },
    {
      "question": 22,
      "target": "Energy level (1-10)",
      "options": [
        "Hours of sleep",
        "Caffeine intake (mg)"
      ],
      "optionA": {
        "trial_id": "19",
        "task_id": "27",
        "values": "5.0, 180",
        "target_value": 4
      },
      "optionB": {
        "trial_id": "10",
        "task_id": "27",
        "values": "6.0, 180",
        "target_value": 4
      },
      "choice": {
        "button": "J",
        "selected_option": "OptionB"
      }
    },
    {
      "question": 23,
      "target": "Mobile Phone Performance",
      "options": [
        "Mobile Phone RAM",
        "Mobile Phone Battery Size"
      ],
      "optionA": {
        "trial_id": "6",
        "task_id": "24",
        "values": "10.0, 3300",
        "target_value": 75
      },
      "optionB": {
        "trial_id": "15",
        "task_id": "24",
        "values": "18.0, 2600",
        "target_value": 105
      },
      "choice": {
        "button": "F",
        "selected_option": "OptionA"
      }
    },
    {
      "question": 24,
      "target": "Weight loss",
      "options": [
        "Exercise intensity",
        "Exercise duration"
      ],
      "optionA": {
        "trial_id": "6",
        "task_id": "31",
        "values": "8.0, 30.0",
        "target_value": 5
      },
      "optionB": {
        "trial_id": "5",
        "task_id": "31",
        "values": "10.0, 20.0",
        "target_value": 6
      },
      "choice": {
        "button": "F",
        "selected_option": "OptionA"
      }
    },
    {
      "question": 25,
      "target": "Comfort Rating",
      "options": [
        "Shoe Weight",
        "Brand Popularity"
      ],
      "optionA": {
        "trial_id": "6",
        "task_id": "17",
        "values": "260.0, 6.0",
        "target_value": 7.3
      },
      "optionB": {
        "trial_id": "7",
        "task_id": "17",
        "values": "210.0, 10.0",
        "target_value": 8.1
      },
      "choice": {
        "button": "F",
        "selected_option": "OptionA"
      }
    },
    {
      "question": 26,
      "target": "Time to Destination (hours)",
      "options": [
        "Car Speed (mph)",
        "Fuel Efficiency (mpg)"
      ],
      "optionA": {
        "trial_id": "1",
        "task_id": "18",
        "values": "60.0, 30.0",
        "target_value": 2
      },
      "optionB": {
        "trial_id": "9",
        "task_id": "18",
        "values": "100.0, 10.0",
        "target_value": 0.6
      },
      "choice": {
        "button": "J",
        "selected_option": "OptionB"
      }
    },
    {
      "question": 27,
      "target": "Energy Boost (scale 1-10)",
      "options": [
        "Coffee Strength (scale 1-10)",
        "Caffeine Content (mg)"
      ],
      "optionA": {
        "trial_id": "7",
        "task_id": "15",
        "values": "7.0, 110",
        "target_value": 6
      },
      "optionB": {
        "trial_id": "17",
        "task_id": "15",
        "values": "10.0, 90",
        "target_value": 7
      },
      "choice": {
        "button": "J",
        "selected_option": "OptionB"
      }
    },
    {
      "question": 28,
      "target": "Deliciousness",
      "options": [
        "Cooking Time",
        "Ingredients"
      ],
      "optionA": {
        "trial_id": "1",
        "task_id": "34",
        "values": "30.0, 5",
        "target_value": 7
      },
      "optionB": {
        "trial_id": "4",
        "task_id": "34",
        "values": "35.0, 3",
        "target_value": 7
      },
      "choice": {
        "button": "F",
        "selected_option": "OptionA"
      }
    },
    {
      "question": 29,
      "target": "Muscle gain",
      "options": [
        "Exercise intensity",
        "Water intake"
      ],
      "optionA": {
        "trial_id": "11",
        "task_id": "48",
        "values": "7.0, 1",
        "target_value": 70
      },
      "optionB": {
        "trial_id": "13",
        "task_id": "48",
        "values": "6.0, 2",
        "target_value": 80
      },
      "choice": {
        "button": "F",
        "selected_option": "OptionA"
      }
    },
    {
      "question": "attention_check_29",
      "choice": "F",
      "passed": false,
      "timestamp": 1758804766087
    },
    {
      "question": 30,
      "target": "Heart Health",
      "options": [
        "Age",
        "Exercise Hours"
      ],
      "optionA": {
        "trial_id": "2",
        "task_id": "11",
        "values": "40.0, 2",
        "target_value": 85
      },
      "optionB": {
        "trial_id": "11",
        "task_id": "11",
        "values": "35.0, 3",
        "target_value": 85
      },
      "choice": {
        "button": "F",
        "selected_option": "OptionA"
      }
    },
    {
      "question": 31,
      "target": "Test Score",
      "options": [
        "Student Study Time",
        "Student Distractions"
      ],
      "optionA": {
        "trial_id": "4",
        "task_id": "38",
        "values": "2.0, 5.0",
        "target_value": 65
      },
      "optionB": {
        "trial_id": "13",
        "task_id": "38",
        "values": "2.0, 5.0",
        "target_value": 73
      },
      "choice": {
        "button": "J",
        "selected_option": "OptionB"
      }
    },
    {
      "question": 32,
      "target": "Battery life",
      "options": [
        "Battery capacity",
        "Weight"
      ],
      "optionA": {
        "trial_id": "4",
        "task_id": "41",
        "values": "5000.0, 270",
        "target_value": 12
      },
      "optionB": {
        "trial_id": "2",
        "task_id": "41",
        "values": "4000.0, 250",
        "target_value": 10
      },
      "choice": {
        "button": "F",
        "selected_option": "OptionA"
      }
    },
    {
      "question": 33,
      "target": "Fatigue (1-10)",
      "options": [
        "Exercise Duration (min)",
        "Rest Time (min)"
      ],
      "optionA": {
        "trial_id": "8",
        "task_id": "2",
        "values": "40.0, 15",
        "target_value": 6
      },
      "optionB": {
        "trial_id": "1",
        "task_id": "2",
        "values": "30.0, 10",
        "target_value": 4
      },
      "choice": {
        "button": "F",
        "selected_option": "OptionA"
      }
    },
    {
      "question": 34,
      "target": "Shade Area (sq ft)",
      "options": [
        "Tree Height (ft)",
        "Tree Diameter (in)"
      ],
      "optionA": {
        "trial_id": "4",
        "task_id": "19",
        "values": "40.0, 10.0",
        "target_value": 120
      },
      "optionB": {
        "trial_id": "3",
        "task_id": "19",
        "values": "50.0, 8.0",
        "target_value": 150
      },
      "choice": {
        "button": "J",
        "selected_option": "OptionB"
      }
    },
    {
      "question": 35,
      "target": "Rent (per month)",
      "options": [
        "Distance from center (km)",
        "Size (m²)"
      ],
      "optionA": {
        "trial_id": "14",
        "task_id": "26",
        "values": "2.0, 50",
        "target_value": 1500
      },
      "optionB": {
        "trial_id": "1",
        "task_id": "26",
        "values": "5.0, 50",
        "target_value": 1200
      },
      "choice": {
        "button": "J",
        "selected_option": "OptionB"
      }
    },
    {
      "question": 36,
      "target": "Restaurant Rating",
      "options": [
        "Restaurant Menu Variety",
        "Restaurant Wait Time"
      ],
      "optionA": {
        "trial_id": "8",
        "task_id": "7",
        "values": "30.0, 30",
        "target_value": 3.6
      },
      "optionB": {
        "trial_id": "2",
        "task_id": "7",
        "values": "40.0, 20",
        "target_value": 4
      },
      "choice": {
        "button": "J",
        "selected_option": "OptionB"
      }
    },
    {
      "question": 37,
      "target": "Warmth Rating (1-10)",
      "options": [
        "Shirt Thickness (mm)",
        "Shirt Weight (g)"
      ],
      "optionA": {
        "trial_id": "4",
        "task_id": "20",
        "values": "2.0, 150.0",
        "target_value": 7
      },
      "optionB": {
        "trial_id": "1",
        "task_id": "20",
        "values": "2.0, 150.0",
        "target_value": 7
      },
      "choice": {
        "button": "F",
        "selected_option": "OptionA"
      }
    },
    {
      "question": 38,
      "target": "Calories Burned",
      "options": [
        "Exercise Duration",
        "Exercise Intensity"
      ],
      "optionA": {
        "trial_id": "16",
        "task_id": "37",
        "values": "40.0, 4.0",
        "target_value": 210
      },
      "optionB": {
        "trial_id": "18",
        "task_id": "37",
        "values": "45.0, 3.0",
        "target_value": 190
      },
      "choice": {
        "button": "J",
        "selected_option": "OptionB"
      }
    },
    {
      "question": 39,
      "target": "Bicycle Speed",
      "options": [
        "Bicycle Weight",
        "Bicycle Price"
      ],
      "optionA": {
        "trial_id": "12",
        "task_id": "23",
        "values": "22.0, 400",
        "target_value": 15
      },
      "optionB": {
        "trial_id": "1",
        "task_id": "23",
        "values": "10.0, 500",
        "target_value": 25
      },
      "choice": {
        "button": "F",
        "selected_option": "OptionA"
      }
    },
    {
      "question": "attention_check_39",
      "choice": "F",
      "passed": true,
      "timestamp": 1758804804619
    },
    {
      "question": 40,
      "target": "Race Finish Time (minutes)",
      "options": [
        "Runner Speed (mph)",
        "Runner Weight (lbs)"
      ],
      "optionA": {
        "trial_id": "14",
        "task_id": "21",
        "values": "6.5, 155.0",
        "target_value": 19.5
      },
      "optionB": {
        "trial_id": "4",
        "task_id": "21",
        "values": "6.0, 150.0",
        "target_value": 20
      },
      "choice": {
        "button": "F",
        "selected_option": "OptionA"
      }
    },
    {
      "question": 41,
      "target": "Car efficiency",
      "options": [
        "Engine power (in horsepower)",
        "Weight (in kg)"
      ],
      "optionA": {
        "trial_id": "4",
        "task_id": "49",
        "values": "220.0, 1500",
        "target_value": 8
      },
      "optionB": {
        "trial_id": "3",
        "task_id": "49",
        "values": "250.0, 1600",
        "target_value": 7
      },
      "choice": {
        "button": "J",
        "selected_option": "OptionB"
      }
    },
    {
      "question": 42,
      "target": "Coffee Rating",
      "options": [
        "Coffee Amount",
        "Sugar Amount"
      ],
      "optionA": {
        "trial_id": "9",
        "task_id": "13",
        "values": "2.0, 1",
        "target_value": 5.5
      },
      "optionB": {
        "trial_id": "8",
        "task_id": "13",
        "values": "4.0, 4",
        "target_value": 5.5
      },
      "choice": {
        "button": "J",
        "selected_option": "OptionB"
      }
    },
    {
      "question": 43,
      "target": "Distance",
      "options": [
        "Fuel Efficiency",
        "Weight"
      ],
      "optionA": {
        "trial_id": "10",
        "task_id": "36",
        "values": "27.0, 1500",
        "target_value": 405
      },
      "optionB": {
        "trial_id": "3",
        "task_id": "36",
        "values": "28.0, 1400",
        "target_value": 420
      },
      "choice": {
        "button": "F",
        "selected_option": "OptionA"
      }
    },
    {
      "question": 44,
      "target": "School Success",
      "options": [
        "Student Study Time",
        "Student Sleep Hours"
      ],
      "optionA": {
        "trial_id": "18",
        "task_id": "22",
        "values": "12.0, 0",
        "target_value": 115
      },
      "optionB": {
        "trial_id": "19",
        "task_id": "22",
        "values": "14.0, 2",
        "target_value": 125
      },
      "choice": {
        "button": "J",
        "selected_option": "OptionB"
      }
    },
    {
      "question": 45,
      "target": "Shadow coverage",
      "options": [
        "Tree height",
        "Tree thickness"
      ],
      "optionA": {
        "trial_id": "7",
        "task_id": "29",
        "values": "15.0, 2.0",
        "target_value": 85
      },
      "optionB": {
        "trial_id": "9",
        "task_id": "29",
        "values": "9.0, 3.0",
        "target_value": 70
      },
      "choice": {
        "button": "J",
        "selected_option": "OptionB"
      }
    },
    {
      "question": 46,
      "target": "Flower production",
      "options": [
        "Plant height",
        "Plant width"
      ],
      "optionA": {
        "trial_id": "4",
        "task_id": "32",
        "values": "100.0, 5.0",
        "target_value": 20
      },
      "optionB": {
        "trial_id": "1",
        "task_id": "32",
        "values": "100.0, 5.0",
        "target_value": 20
      },
      "choice": {
        "button": "J",
        "selected_option": "OptionB"
      }
    },
    {
      "question": 47,
      "target": "Water Usage (ml/day)",
      "options": [
        "Plant Height",
        "Plant Leaves"
      ],
      "optionA": {
        "trial_id": "13",
        "task_id": "39",
        "values": "29.0, 10.0",
        "target_value": 185
      },
      "optionB": {
        "trial_id": "4",
        "task_id": "39",
        "values": "35.0, 10.0",
        "target_value": 160
      },
      "choice": {
        "button": "J",
        "selected_option": "OptionB"
      }
    },
    {
      "question": 48,
      "target": "Market value",
      "options": [
        "House size",
        "House floors"
      ],
      "optionA": {
        "trial_id": "18",
        "task_id": "33",
        "values": "210.0, 4.0",
        "target_value": 310
      },
      "optionB": {
        "trial_id": "20",
        "task_id": "33",
        "values": "180.0, 3.0",
        "target_value": 280
      },
      "choice": {
        "button": "F",
        "selected_option": "OptionA"
      }
    },
    {
      "question": 49,
      "target": "Health index",
      "options": [
        "Age",
        "Exercise hours"
      ],
      "optionA": {
        "trial_id": "5",
        "task_id": "45",
        "values": "30.0, 4",
        "target_value": 90
      },
      "optionB": {
        "trial_id": "15",
        "task_id": "45",
        "values": "55.0, 1",
        "target_value": 75
      },
      "choice": {
        "button": "J",
        "selected_option": "OptionB"
      }
    },
    {
      "question": 50,
      "target": "Comfort level",
      "options": [
        "Room size",
        "Room furniture"
      ],
      "optionA": {
        "trial_id": "16",
        "task_id": "30",
        "values": "14.0, 3.0",
        "target_value": 7
      },
      "optionB": {
        "trial_id": "11",
        "task_id": "30",
        "values": "22.0, 1.0",
        "target_value": 11
      },
      "choice": {
        "button": "F",
        "selected_option": "OptionA"
      }
    }
  ]
}