{
  "prolific_id": "UNKNOWN",
  "condition_group": "direction",
  "responses": [
    {
      "question": 1,
      "target": "Strength",
      "target_value": 16,
      "options": [
        "Coffee Beans",
        "Water"
      ],
      "optionA": {
        "trial_id": "12",
        "task_id": "112",
        "values": "12.0, 240.0",
        "target_value": 16
      },
      "optionB": {
        "trial_id": "14",
        "task_id": "112",
        "values": "14.0, 280.0",
        "target_value": 18
      },
      "choice": {
        "button": "F",
        "selected_option": "OptionA"
      }
    },
    {
      "question": 2,
      "target": "Recipe difficulty",
      "target_value": 5,
      "options": [
        "Number of ingredients",
        "Prep time (minutes)"
      ],
      "optionA": {
        "trial_id": "3",
        "task_id": "60",
        "values": "4.0, 10.0",
        "target_value": 5
      },
      "optionB": {
        "trial_id": "10",
        "task_id": "60",
        "values": "4.0, 12.0",
        "target_value": 5
      },
      "choice": {
        "button": "J",
        "selected_option": "OptionB"
      }
    },
    {
      "question": 3,
      "target": "Plant Growth Rate",
      "target_value": 2.5,
      "options": [
        "Plant Height",
        "Plant Width"
      ],
      "optionA": {
        "trial_id": "10",
        "task_id": "104",
        "values": "1.4, 0.4",
        "target_value": 2.5
      },
      "optionB": {
        "trial_id": "15",
        "task_id": "104",
        "values": "1.4, 0.5",
        "target_value": 2.6
      },
      "choice": {
        "button": "J",
        "selected_option": "OptionB"
      }
    },
    {
      "question": 4,
      "target": "Enjoyment",
      "target_value": 9,
      "options": [
        "Coffee price",
        "Coffee acidity"
      ],
      "optionA": {
        "trial_id": "6",
        "task_id": "101",
        "values": "6.0, 7.0",
        "target_value": 9
      },
      "optionB": {
        "trial_id": "20",
        "task_id": "101",
        "values": "0.5, 1.0",
        "target_value": 3
      },
      "choice": {
        "button": "J",
        "selected_option": "OptionB"
      }
    },
    {
      "question": 5,
      "target": "Jump Height",
      "target_value": 93,
      "options": [
        "Height",
        "Arm Length"
      ],
      "optionA": {
        "trial_id": "6",
        "task_id": "115",
        "values": "200.0, 77.0",
        "target_value": 93
      },
      "optionB": {
        "trial_id": "1",
        "task_id": "115",
        "values": "180.0, 70.0",
        "target_value": 80
      },
      "choice": {
        "button": "F",
        "selected_option": "OptionA"
      }
    },
    {
      "question": 6,
      "target": "Phone Performance",
      "target_value": 85,
      "options": [
        "Phone RAM",
        "Phone Screen Size"
      ],
      "optionA": {
        "trial_id": "1",
        "task_id": "103",
        "values": "6.0, 6.1",
        "target_value": 85
      },
      "optionB": {
        "trial_id": "16",
        "task_id": "103",
        "values": "4.0, 5.7",
        "target_value": 72
      },
      "choice": {
        "button": "F",
        "selected_option": "OptionA"
      }
    },
    {
      "question": 7,
      "target": "Deliciousness",
      "target_value": 65,
      "options": [
        "Cooking time",
        "Ingredients count"
      ],
      "optionA": {
        "trial_id": "18",
        "task_id": "27",
        "values": "30.0, 4.0",
        "target_value": 65
      },
      "optionB": {
        "trial_id": "18",
        "task_id": "27",
        "values": "30.0, 4.0",
        "target_value": 65
      },
      "choice": {
        "button": "F",
        "selected_option": "OptionA"
      }
    },
    {
      "question": 8,
      "target": "Energy Level",
      "target_value": 9,
      "options": [
        "Dog Size",
        "Exercise Needs"
      ],
      "optionA": {
        "trial_id": "20",
        "task_id": "88",
        "values": "35.0, 8.0",
        "target_value": 9
      },
      "optionB": {
        "trial_id": "2",
        "task_id": "88",
        "values": "40.0, 7.0",
        "target_value": 8
      },
      "choice": {
        "button": "F",
        "selected_option": "OptionA"
      }
    },
    {
      "question": 9,
      "target": "House Price ($1000s)",
      "target_value": 350,
      "options": [
        "Number of Rooms",
        "Square Feet"
      ],
      "optionA": {
        "trial_id": "8",
        "task_id": "77",
        "values": "5.0, 2100.0",
        "target_value": 350
      },
      "optionB": {
        "trial_id": "12",
        "task_id": "77",
        "values": "3.0, 1800.0",
        "target_value": 280
      },
      "choice": {
        "button": "F",
        "selected_option": "OptionA"
      }
    },
    {
      "question": "attention_check_9",
      "choice": "J",
      "passed": true,
      "timestamp": 1756154626818
    },
    {
      "question": 10,
      "target": "Fat Burn (g)",
      "target_value": 40,
      "options": [
        "Exercise Time (min)",
        "Heart Rate (bpm)"
      ],
      "optionA": {
        "trial_id": "11",
        "task_id": "28",
        "values": "25.0, 125.0",
        "target_value": 40
      },
      "optionB": {
        "trial_id": "5",
        "task_id": "28",
        "values": "20.0, 120.0",
        "target_value": 35
      },
      "choice": {
        "button": "F",
        "selected_option": "OptionA"
      }
    },
    {
      "question": 11,
      "target": "Dog Activity Level",
      "target_value": 6,
      "options": [
        "Dog Size",
        "Dog Exercise Needs"
      ],
      "optionA": {
        "trial_id": "15",
        "task_id": "3",
        "values": "35.0, 2.0",
        "target_value": 6
      },
      "optionB": {
        "trial_id": "19",
        "task_id": "3",
        "values": "20.0, 1.0",
        "target_value": 3
      },
      "choice": {
        "button": "F",
        "selected_option": "OptionA"
      }
    },
    {
      "question": 12,
      "target": "Enjoyment Score",
      "target_value": 9.5,
      "options": [
        "Book Length (pages)",
        "Author Fame (1-10)"
      ],
      "optionA": {
        "trial_id": "15",
        "task_id": "29",
        "values": "400.0, 10.0",
        "target_value": 9.5
      },
      "optionB": {
        "trial_id": "9",
        "task_id": "29",
        "values": "250.0, 7.0",
        "target_value": 8
      },
      "choice": {
        "button": "F",
        "selected_option": "OptionA"
      }
    },
    {
      "question": 13,
      "target": "Enjoyment",
      "target_value": 6,
      "options": [
        "Tea Strength",
        "Flavor Variety"
      ],
      "optionA": {
        "trial_id": "11",
        "task_id": "55",
        "values": "5.0, 1.0",
        "target_value": 6
      },
      "optionB": {
        "trial_id": "11",
        "task_id": "55",
        "values": "5.0, 1.0",
        "target_value": 6
      },
      "choice": {
        "button": "F",
        "selected_option": "OptionA"
      }
    },
    {
      "question": 14,
      "target": "Dog Activity Level",
      "target_value": 3,
      "options": [
        "Dog Size",
        "Dog Exercise Needs"
      ],
      "optionA": {
        "trial_id": "19",
        "task_id": "3",
        "values": "20.0, 1.0",
        "target_value": 3
      },
      "optionB": {
        "trial_id": "7",
        "task_id": "3",
        "values": "40.0, 2.0",
        "target_value": 6
      },
      "choice": {
        "button": "J",
        "selected_option": "OptionB"
      }
    },
    {
      "question": 15,
      "target": "Doneness",
      "target_value": 60,
      "options": [
        "Cooking Time",
        "Size"
      ],
      "optionA": {
        "trial_id": "7",
        "task_id": "116",
        "values": "20.0, 160.0",
        "target_value": 60
      },
      "optionB": {
        "trial_id": "19",
        "task_id": "116",
        "values": "20.0, 160.0",
        "target_value": 60
      },
      "choice": {
        "button": "F",
        "selected_option": "OptionA"
      }
    },
    {
      "question": 16,
      "target": "Post reach",
      "target_value": 16000,
      "options": [
        "Number of followers",
        "Engagement rate (%)"
      ],
      "optionA": {
        "trial_id": "2",
        "task_id": "92",
        "values": "2000.0, 3.0",
        "target_value": 16000
      },
      "optionB": {
        "trial_id": "2",
        "task_id": "92",
        "values": "2000.0, 3.0",
        "target_value": 16000
      },
      "choice": {
        "button": "F",
        "selected_option": "OptionA"
      }
    },
    {
      "question": 17,
      "target": "Natural light",
      "target_value": 7,
      "options": [
        "Room size",
        "Window count"
      ],
      "optionA": {
        "trial_id": "13",
        "task_id": "66",
        "values": "130.0, 3.0",
        "target_value": 7
      },
      "optionB": {
        "trial_id": "7",
        "task_id": "66",
        "values": "90.0, 1.0",
        "target_value": 5
      },
      "choice": {
        "button": "F",
        "selected_option": "OptionA"
      }
    },
    {
      "question": 18,
      "target": "Restaurant Customer Satisfaction",
      "target_value": 8.9,
      "options": [
        "Restaurant Menu Size",
        "Restaurant Online Rating"
      ],
      "optionA": {
        "trial_id": "7",
        "task_id": "24",
        "values": "22.0, 4.8",
        "target_value": 8.9
      },
      "optionB": {
        "trial_id": "15",
        "task_id": "24",
        "values": "20.0, 4.7",
        "target_value": 8.8
      },
      "choice": {
        "button": "F",
        "selected_option": "OptionA"
      }
    },
    {
      "question": 19,
      "target": "Light Level",
      "target_value": 5,
      "options": [
        "Room Size (sq ft)",
        "Number of Windows"
      ],
      "optionA": {
        "trial_id": "17",
        "task_id": "35",
        "values": "160.0, 2.0",
        "target_value": 5
      },
      "optionB": {
        "trial_id": "17",
        "task_id": "35",
        "values": "160.0, 2.0",
        "target_value": 5
      },
      "choice": {
        "button": "F",
        "selected_option": "OptionA"
      }
    },
    {
      "question": "attention_check_19",
      "choice": "F",
      "passed": true,
      "timestamp": 1756154739436
    },
    {
      "question": 20,
      "target": "Performance Quality (on scale 1-10)",
      "target_value": 9,
      "options": [
        "Hours of Practice",
        "Musical Experience (years)"
      ],
      "optionA": {
        "trial_id": "17",
        "task_id": "17",
        "values": "80.0, 5.0",
        "target_value": 9
      },
      "optionB": {
        "trial_id": "5",
        "task_id": "17",
        "values": "80.0, 2.0",
        "target_value": 7
      },
      "choice": {
        "button": "F",
        "selected_option": "OptionA"
      }
    },
    {
      "question": 21,
      "target": "Exam Score",
      "target_value": 70,
      "options": [
        "Student Study Time (hours)",
        "Class Attendance (%)"
      ],
      "optionA": {
        "trial_id": "1",
        "task_id": "40",
        "values": "5.0, 80.0",
        "target_value": 70
      },
      "optionB": {
        "trial_id": "3",
        "task_id": "40",
        "values": "4.0, 90.0",
        "target_value": 72
      },
      "choice": {
        "button": "F",
        "selected_option": "OptionA"
      }
    },
    {
      "question": 22,
      "target": "Popularity Score",
      "target_value": 60,
      "options": [
        "Price ($)",
        "Rating (1-10)"
      ],
      "optionA": {
        "trial_id": "19",
        "task_id": "97",
        "values": "60.0, 5.0",
        "target_value": 60
      },
      "optionB": {
        "trial_id": "17",
        "task_id": "97",
        "values": "70.0, 8.0",
        "target_value": 73
      },
      "choice": {
        "button": "J",
        "selected_option": "OptionB"
      }
    },
    {
      "question": 23,
      "target": "Social Engagement (on scale 1-10)",
      "target_value": 9,
      "options": [
        "Number of Friends",
        "Average Message Frequency"
      ],
      "optionA": {
        "trial_id": "7",
        "task_id": "21",
        "values": "110.0, 5.0",
        "target_value": 9
      },
      "optionB": {
        "trial_id": "16",
        "task_id": "21",
        "values": "140.0, 5.0",
        "target_value": 9
      },
      "choice": {
        "button": "J",
        "selected_option": "OptionB"
      }
    },
    {
      "question": 24,
      "target": "Cooking Time (min)",
      "target_value": 35,
      "options": [
        "Number of Ingredients",
        "Prep Time (min)"
      ],
      "optionA": {
        "trial_id": "6",
        "task_id": "48",
        "values": "7.0, 14.0",
        "target_value": 35
      },
      "optionB": {
        "trial_id": "13",
        "task_id": "48",
        "values": "4.0, 9.0",
        "target_value": 21
      },
      "choice": {
        "button": "F",
        "selected_option": "OptionA"
      }
    },
    {
      "question": 25,
      "target": "Dog Activity Level",
      "target_value": 6,
      "options": [
        "Dog Size",
        "Dog Exercise Needs"
      ],
      "optionA": {
        "trial_id": "7",
        "task_id": "3",
        "values": "40.0, 2.0",
        "target_value": 6
      },
      "optionB": {
        "trial_id": "9",
        "task_id": "3",
        "values": "25.0, 1.0",
        "target_value": 4
      },
      "choice": {
        "button": "F",
        "selected_option": "OptionA"
      }
    },
    {
      "question": 26,
      "target": "Dog Activity Level",
      "target_value": 6,
      "options": [
        "Dog Size",
        "Dog Exercise Needs"
      ],
      "optionA": {
        "trial_id": "4",
        "task_id": "3",
        "values": "35.0, 2.0",
        "target_value": 6
      },
      "optionB": {
        "trial_id": "5",
        "task_id": "3",
        "values": "60.0, 4.0",
        "target_value": 9
      },
      "choice": {
        "button": "J",
        "selected_option": "OptionB"
      }
    },
    {
      "question": 27,
      "target": "Speed (km/h)",
      "target_value": 190,
      "options": [
        "Engine Horsepower",
        "Weight (kg)"
      ],
      "optionA": {
        "trial_id": "6",
        "task_id": "47",
        "values": "190.0, 1400.0",
        "target_value": 190
      },
      "optionB": {
        "trial_id": "2",
        "task_id": "47",
        "values": "180.0, 1300.0",
        "target_value": 185
      },
      "choice": {
        "button": "J",
        "selected_option": "OptionB"
      }
    },
    {
      "question": 28,
      "target": "Growth Rate (cm/week)",
      "target_value": 2.4,
      "options": [
        "Plant Leaf Size",
        "Plant Water Usage"
      ],
      "optionA": {
        "trial_id": "10",
        "task_id": "83",
        "values": "7.0, 4.0",
        "target_value": 2.4
      },
      "optionB": {
        "trial_id": "8",
        "task_id": "83",
        "values": "12.0, 6.0",
        "target_value": 3.5
      },
      "choice": {
        "button": "J",
        "selected_option": "OptionB"
      }
    },
    {
      "question": 29,
      "target": "Top Speed",
      "target_value": 140,
      "options": [
        "Engine Size",
        "Horsepower"
      ],
      "optionA": {
        "trial_id": "3",
        "task_id": "113",
        "values": "1.8, 110.0",
        "target_value": 140
      },
      "optionB": {
        "trial_id": "12",
        "task_id": "113",
        "values": "2.2, 130.0",
        "target_value": 155
      },
      "choice": {
        "button": "J",
        "selected_option": "OptionB"
      }
    },
    {
      "question": "attention_check_29",
      "choice": "J",
      "passed": true,
      "timestamp": 1756154840467
    },
    {
      "question": 30,
      "target": "Bike Speed",
      "target_value": 30,
      "options": [
        "Bike Weight",
        "Bike Wheel Size"
      ],
      "optionA": {
        "trial_id": "5",
        "task_id": "107",
        "values": "14.0, 29.5",
        "target_value": 30
      },
      "optionB": {
        "trial_id": "10",
        "task_id": "107",
        "values": "12.0, 26.5",
        "target_value": 22
      },
      "choice": {
        "button": "F",
        "selected_option": "OptionA"
      }
    },
    {
      "question": 31,
      "target": "Customer Satisfaction",
      "target_value": 8,
      "options": [
        "Price ($)",
        "Quality Rating (1-10)"
      ],
      "optionA": {
        "trial_id": "19",
        "task_id": "49",
        "values": "110.0, 8.0",
        "target_value": 8
      },
      "optionB": {
        "trial_id": "8",
        "task_id": "49",
        "values": "220.0, 10.0",
        "target_value": 9.5
      },
      "choice": {
        "button": "J",
        "selected_option": "OptionB"
      }
    },
    {
      "question": 32,
      "target": "App Popularity",
      "target_value": 60,
      "options": [
        "App User Ratings (1-5)",
        "Number of Reviews"
      ],
      "optionA": {
        "trial_id": "10",
        "task_id": "42",
        "values": "3.0, 200.0",
        "target_value": 60
      },
      "optionB": {
        "trial_id": "10",
        "task_id": "42",
        "values": "3.0, 200.0",
        "target_value": 60
      },
      "choice": {
        "button": "F",
        "selected_option": "OptionA"
      }
    },
    {
      "question": 33,
      "target": "Popularity Score",
      "target_value": 65,
      "options": [
        "Price ($)",
        "Rating (1-10)"
      ],
      "optionA": {
        "trial_id": "16",
        "task_id": "97",
        "values": "50.0, 8.0",
        "target_value": 65
      },
      "optionB": {
        "trial_id": "3",
        "task_id": "97",
        "values": "60.0, 8.0",
        "target_value": 70
      },
      "choice": {
        "button": "F",
        "selected_option": "OptionA"
      }
    },
    {
      "question": 34,
      "target": "Quality",
      "target_value": 90,
      "options": [
        "Price",
        "Size"
      ],
      "optionA": {
        "trial_id": "7",
        "task_id": "110",
        "values": "180.0, 20.0",
        "target_value": 90
      },
      "optionB": {
        "trial_id": "5",
        "task_id": "110",
        "values": "80.0, 5.0",
        "target_value": 60
      },
      "choice": {
        "button": "F",
        "selected_option": "OptionA"
      }
    },
    {
      "question": 35,
      "target": "Phone Performance",
      "target_value": 90,
      "options": [
        "Phone RAM",
        "Phone Screen Size"
      ],
      "optionA": {
        "trial_id": "17",
        "task_id": "103",
        "values": "8.0, 6.4",
        "target_value": 90
      },
      "optionB": {
        "trial_id": "10",
        "task_id": "103",
        "values": "4.0, 5.9",
        "target_value": 75
      },
      "choice": {
        "button": "F",
        "selected_option": "OptionA"
      }
    },
    {
      "question": 36,
      "target": "Prep Time (min)",
      "target_value": 19,
      "options": [
        "Number of Ingredients",
        "Cooking Time (min)"
      ],
      "optionA": {
        "trial_id": "16",
        "task_id": "96",
        "values": "5.0, 28.0",
        "target_value": 19
      },
      "optionB": {
        "trial_id": "11",
        "task_id": "96",
        "values": "7.0, 28.0",
        "target_value": 20
      },
      "choice": {
        "button": "J",
        "selected_option": "OptionB"
      }
    },
    {
      "question": 37,
      "target": "Plant Growth Rate (cm/week)",
      "target_value": 8,
      "options": [
        "Plant Soil Quality (1-10)",
        "Plant Water Frequency (times/week)"
      ],
      "optionA": {
        "trial_id": "16",
        "task_id": "81",
        "values": "10.0, 6.0",
        "target_value": 8
      },
      "optionB": {
        "trial_id": "6",
        "task_id": "81",
        "values": "7.0, 3.0",
        "target_value": 5
      },
      "choice": {
        "button": "F",
        "selected_option": "OptionA"
      }
    },
    {
      "question": 38,
      "target": "Home Comfort (1-10)",
      "target_value": 6,
      "options": [
        "Number of Bedrooms",
        "Square Feet"
      ],
      "optionA": {
        "trial_id": "16",
        "task_id": "9",
        "values": "3.0, 1550.0",
        "target_value": 6
      },
      "optionB": {
        "trial_id": "11",
        "task_id": "9",
        "values": "2.0, 1200.0",
        "target_value": 5
      },
      "choice": {
        "button": "F",
        "selected_option": "OptionA"
      }
    },
    {
      "question": 39,
      "target": "Natural Light",
      "target_value": 6,
      "options": [
        "Room Size",
        "Number of Windows"
      ],
      "optionA": {
        "trial_id": "17",
        "task_id": "53",
        "values": "190.0, 3.0",
        "target_value": 6
      },
      "optionB": {
        "trial_id": "15",
        "task_id": "53",
        "values": "260.0, 5.0",
        "target_value": 9
      },
      "choice": {
        "button": "J",
        "selected_option": "OptionB"
      }
    },
    {
      "question": "attention_check_39",
      "choice": "F",
      "passed": true,
      "timestamp": 1756154927779
    },
    {
      "question": 40,
      "target": "Cooking Time (min)",
      "target_value": 21,
      "options": [
        "Number of Ingredients",
        "Prep Time (min)"
      ],
      "optionA": {
        "trial_id": "13",
        "task_id": "48",
        "values": "4.0, 9.0",
        "target_value": 21
      },
      "optionB": {
        "trial_id": "6",
        "task_id": "48",
        "values": "7.0, 14.0",
        "target_value": 35
      },
      "choice": {
        "button": "J",
        "selected_option": "OptionB"
      }
    },
    {
      "question": 41,
      "target": "Taste Rating (1-10)",
      "target_value": 8,
      "options": [
        "Minutes of Cooking",
        "Number of Ingredients"
      ],
      "optionA": {
        "trial_id": "14",
        "task_id": "56",
        "values": "25.0, 5.0",
        "target_value": 8
      },
      "optionB": {
        "trial_id": "20",
        "task_id": "56",
        "values": "55.0, 11.0",
        "target_value": 11
      },
      "choice": {
        "button": "J",
        "selected_option": "OptionB"
      }
    },
    {
      "question": 42,
      "target": "Growth Rate",
      "target_value": 5,
      "options": [
        "Plant Leaf Size",
        "Plant Height"
      ],
      "optionA": {
        "trial_id": "17",
        "task_id": "65",
        "values": "14.0, 70.0",
        "target_value": 5
      },
      "optionB": {
        "trial_id": "5",
        "task_id": "65",
        "values": "14.0, 70.0",
        "target_value": 5
      },
      "choice": {
        "button": "F",
        "selected_option": "OptionA"
      }
    },
    {
      "question": 43,
      "target": "Enjoyment Rating (1-10)",
      "target_value": 7,
      "options": [
        "Number of Pages",
        "Reading Time (minutes)"
      ],
      "optionA": {
        "trial_id": "19",
        "task_id": "10",
        "values": "310.0, 125.0",
        "target_value": 7
      },
      "optionB": {
        "trial_id": "8",
        "task_id": "10",
        "values": "450.0, 170.0",
        "target_value": 6
      },
      "choice": {
        "button": "J",
        "selected_option": "OptionB"
      }
    },
    {
      "question": 44,
      "target": "User satisfaction",
      "target_value": 7,
      "options": [
        "Screen size (inches)",
        "RAM (GB)"
      ],
      "optionA": {
        "trial_id": "3",
        "task_id": "119",
        "values": "12.0, 3.0",
        "target_value": 7
      },
      "optionB": {
        "trial_id": "17",
        "task_id": "119",
        "values": "26.0, 10.0",
        "target_value": 14
      },
      "choice": {
        "button": "J",
        "selected_option": "OptionB"
      }
    },
    {
      "question": 45,
      "target": "Weight loss",
      "target_value": 1.5,
      "options": [
        "Exercise duration",
        "Intensity level"
      ],
      "optionA": {
        "trial_id": "4",
        "task_id": "67",
        "values": "30.0, 5.0",
        "target_value": 1.5
      },
      "optionB": {
        "trial_id": "5",
        "task_id": "67",
        "values": "60.0, 7.0",
        "target_value": 2.2
      },
      "choice": {
        "button": "J",
        "selected_option": "OptionB"
      }
    },
    {
      "question": 46,
      "target": "Light amount",
      "target_value": 7,
      "options": [
        "Room size (m2)",
        "Number of windows"
      ],
      "optionA": {
        "trial_id": "8",
        "task_id": "85",
        "values": "35.0, 2.0",
        "target_value": 7
      },
      "optionB": {
        "trial_id": "6",
        "task_id": "85",
        "values": "18.0, 3.0",
        "target_value": 7
      },
      "choice": {
        "button": "J",
        "selected_option": "OptionB"
      }
    },
    {
      "question": 47,
      "target": "Training Difficulty (1-10)",
      "target_value": 5,
      "options": [
        "Dog Size",
        "Dog Energy Level"
      ],
      "optionA": {
        "trial_id": "9",
        "task_id": "82",
        "values": "55.0, 6.0",
        "target_value": 5
      },
      "optionB": {
        "trial_id": "4",
        "task_id": "82",
        "values": "55.0, 7.0",
        "target_value": 6
      },
      "choice": {
        "button": "J",
        "selected_option": "OptionB"
      }
    },
    {
      "question": 48,
      "target": "Fuel Consumption (L)",
      "target_value": 1125,
      "options": [
        "Flight Duration (hours)",
        "Distance (km)"
      ],
      "optionA": {
        "trial_id": "11",
        "task_id": "33",
        "values": "4.5, 1125.0",
        "target_value": 1125
      },
      "optionB": {
        "trial_id": "2",
        "task_id": "33",
        "values": "3.0, 750.0",
        "target_value": 750
      },
      "choice": {
        "button": "F",
        "selected_option": "OptionA"
      }
    },
    {
      "question": 49,
      "target": "Bike Speed",
      "target_value": 30,
      "options": [
        "Bike Weight",
        "Bike Wheel Size"
      ],
      "optionA": {
        "trial_id": "5",
        "task_id": "107",
        "values": "14.0, 29.5",
        "target_value": 30
      },
      "optionB": {
        "trial_id": "15",
        "task_id": "107",
        "values": "8.0, 25.0",
        "target_value": 22
      },
      "choice": {
        "button": "F",
        "selected_option": "OptionA"
      }
    },
    {
      "question": 50,
      "target": "Post reach",
      "target_value": 22000,
      "options": [
        "Number of followers",
        "Engagement rate (%)"
      ],
      "optionA": {
        "trial_id": "14",
        "task_id": "92",
        "values": "2500.0, 6.0",
        "target_value": 22000
      },
      "optionB": {
        "trial_id": "16",
        "task_id": "92",
        "values": "3000.0, 5.0",
        "target_value": 20000
      },
      "choice": {
        "button": "F",
        "selected_option": "OptionA"
      }
    }
  ]
}