{
  "prolific_id": "UNKNOWN",
  "condition_group": "direction",
  "responses": [
    {
      "question": 1,
      "target": "Tea Strength (1-10)",
      "target_value": 7,
      "options": [
        "Tea Leaf Quality (1-10)",
        "Tea Steeping Time (minutes)"
      ],
      "optionA": {
        "trial_id": "20",
        "task_id": "80",
        "values": "8.0, 4.0",
        "target_value": 7
      },
      "optionB": {
        "trial_id": "5",
        "task_id": "80",
        "values": "8.0, 4.0",
        "target_value": 7
      },
      "choice": {
        "button": "F",
        "selected_option": "OptionA"
      }
    },
    {
      "question": 2,
      "target": "Home value",
      "target_value": 310000,
      "options": [
        "House size",
        "Neighborhood quality"
      ],
      "optionA": {
        "trial_id": "14",
        "task_id": "70",
        "values": "140.0, 9.0",
        "target_value": 310000
      },
      "optionB": {
        "trial_id": "17",
        "task_id": "70",
        "values": "120.0, 8.0",
        "target_value": 300000
      },
      "choice": {
        "button": "F",
        "selected_option": "OptionA"
      }
    },
    {
      "question": 3,
      "target": "Battery Life",
      "target_value": 18,
      "options": [
        "Battery Capacity",
        "Weight"
      ],
      "optionA": {
        "trial_id": "18",
        "task_id": "114",
        "values": "5500.0, 320.0",
        "target_value": 18
      },
      "optionB": {
        "trial_id": "16",
        "task_id": "114",
        "values": "3000.0, 200.0",
        "target_value": 12
      },
      "choice": {
        "button": "F",
        "selected_option": "OptionA"
      }
    },
    {
      "question": 4,
      "target": "Market value ($)",
      "target_value": 270000,
      "options": [
        "Number of bedrooms",
        "House size (sq ft)"
      ],
      "optionA": {
        "trial_id": "10",
        "task_id": "90",
        "values": "4.0, 1300.0",
        "target_value": 270000
      },
      "optionB": {
        "trial_id": "13",
        "task_id": "90",
        "values": "2.0, 1100.0",
        "target_value": 220000
      },
      "choice": {
        "button": "J",
        "selected_option": "OptionB"
      }
    },
    {
      "question": 5,
      "target": "Taste score",
      "target_value": 8,
      "options": [
        "Coffee strength",
        "Bean quality"
      ],
      "optionA": {
        "trial_id": "17",
        "task_id": "68",
        "values": "4.0, 7.0",
        "target_value": 8
      },
      "optionB": {
        "trial_id": "9",
        "task_id": "68",
        "values": "4.0, 6.0",
        "target_value": 7
      },
      "choice": {
        "button": "F",
        "selected_option": "OptionA"
      }
    },
    {
      "question": 6,
      "target": "Performance Quality (on scale 1-10)",
      "target_value": 9,
      "options": [
        "Hours of Practice",
        "Musical Experience (years)"
      ],
      "optionA": {
        "trial_id": "20",
        "task_id": "17",
        "values": "110.0, 4.0",
        "target_value": 9
      },
      "optionB": {
        "trial_id": "3",
        "task_id": "17",
        "values": "60.0, 4.0",
        "target_value": 8
      },
      "choice": {
        "button": "F",
        "selected_option": "OptionA"
      }
    },
    {
      "question": 7,
      "target": "Exam Score (out of 100)",
      "target_value": 60,
      "options": [
        "Time Spent Studying (hours)",
        "Number of Chapters Covered"
      ],
      "optionA": {
        "trial_id": "8",
        "task_id": "94",
        "values": "4.0, 3.0",
        "target_value": 60
      },
      "optionB": {
        "trial_id": "11",
        "task_id": "94",
        "values": "3.0, 3.0",
        "target_value": 65
      },
      "choice": {
        "button": "F",
        "selected_option": "OptionA"
      }
    },
    {
      "question": 8,
      "target": "Fat Burn (in grams)",
      "target_value": 20,
      "options": [
        "Exercise Time (minutes)",
        "Heart Rate (bpm)"
      ],
      "optionA": {
        "trial_id": "6",
        "task_id": "20",
        "values": "60.0, 130.0",
        "target_value": 20
      },
      "optionB": {
        "trial_id": "10",
        "task_id": "20",
        "values": "55.0, 125.0",
        "target_value": 18
      },
      "choice": {
        "button": "J",
        "selected_option": "OptionB"
      }
    },
    {
      "question": 9,
      "target": "User satisfaction",
      "target_value": 10,
      "options": [
        "Screen size (inches)",
        "RAM (GB)"
      ],
      "optionA": {
        "trial_id": "8",
        "task_id": "119",
        "values": "18.0, 6.0",
        "target_value": 10
      },
      "optionB": {
        "trial_id": "3",
        "task_id": "119",
        "values": "12.0, 3.0",
        "target_value": 7
      },
      "choice": {
        "button": "F",
        "selected_option": "OptionA"
      }
    },
    {
      "question": "attention_check_9",
      "choice": "J",
      "passed": true,
      "timestamp": 1756154724734
    },
    {
      "question": 10,
      "target": "Tea Strength (1-10)",
      "target_value": 6,
      "options": [
        "Tea Leaf Quality (1-10)",
        "Tea Steeping Time (minutes)"
      ],
      "optionA": {
        "trial_id": "9",
        "task_id": "80",
        "values": "7.0, 3.0",
        "target_value": 6
      },
      "optionB": {
        "trial_id": "5",
        "task_id": "80",
        "values": "8.0, 4.0",
        "target_value": 7
      },
      "choice": {
        "button": "J",
        "selected_option": "OptionB"
      }
    },
    {
      "question": 11,
      "target": "Book Rating",
      "target_value": 4.6,
      "options": [
        "Book Page Count",
        "Author Rating"
      ],
      "optionA": {
        "trial_id": "18",
        "task_id": "22",
        "values": "400.0, 4.7",
        "target_value": 4.6
      },
      "optionB": {
        "trial_id": "16",
        "task_id": "22",
        "values": "500.0, 4.6",
        "target_value": 4.6
      },
      "choice": {
        "button": "J",
        "selected_option": "OptionB"
      }
    },
    {
      "question": 12,
      "target": "Job Success",
      "target_value": 75,
      "options": [
        "Age",
        "Experience"
      ],
      "optionA": {
        "trial_id": "2",
        "task_id": "117",
        "values": "35.0, 6.0",
        "target_value": 75
      },
      "optionB": {
        "trial_id": "18",
        "task_id": "117",
        "values": "50.0, 13.0",
        "target_value": 95
      },
      "choice": {
        "button": "J",
        "selected_option": "OptionB"
      }
    },
    {
      "question": 13,
      "target": "Light amount",
      "target_value": 7,
      "options": [
        "Room size (m2)",
        "Number of windows"
      ],
      "optionA": {
        "trial_id": "8",
        "task_id": "85",
        "values": "35.0, 2.0",
        "target_value": 7
      },
      "optionB": {
        "trial_id": "9",
        "task_id": "85",
        "values": "20.0, 4.0",
        "target_value": 9
      },
      "choice": {
        "button": "J",
        "selected_option": "OptionB"
      }
    },
    {
      "question": 14,
      "target": "Comfort",
      "target_value": 80,
      "options": [
        "Shoe Weight",
        "Brand Reputation"
      ],
      "optionA": {
        "trial_id": "6",
        "task_id": "62",
        "values": "230.0, 6.0",
        "target_value": 80
      },
      "optionB": {
        "trial_id": "6",
        "task_id": "62",
        "values": "230.0, 6.0",
        "target_value": 80
      },
      "choice": {
        "button": "J",
        "selected_option": "OptionB"
      }
    },
    {
      "question": 15,
      "target": "Fat Burn (g)",
      "target_value": 60,
      "options": [
        "Exercise Time (min)",
        "Heart Rate (bpm)"
      ],
      "optionA": {
        "trial_id": "3",
        "task_id": "28",
        "values": "40.0, 140.0",
        "target_value": 60
      },
      "optionB": {
        "trial_id": "12",
        "task_id": "28",
        "values": "35.0, 115.0",
        "target_value": 35
      },
      "choice": {
        "button": "F",
        "selected_option": "OptionA"
      }
    },
    {
      "question": 16,
      "target": "Light amount",
      "target_value": 8,
      "options": [
        "Room size (m2)",
        "Number of windows"
      ],
      "optionA": {
        "trial_id": "1",
        "task_id": "85",
        "values": "20.0, 3.0",
        "target_value": 8
      },
      "optionB": {
        "trial_id": "11",
        "task_id": "85",
        "values": "18.0, 2.0",
        "target_value": 6
      },
      "choice": {
        "button": "F",
        "selected_option": "OptionA"
      }
    },
    {
      "question": 17,
      "target": "Enjoyment",
      "target_value": 6.1,
      "options": [
        "Tea Strength",
        "Flavor Variety"
      ],
      "optionA": {
        "trial_id": "20",
        "task_id": "55",
        "values": "3.0, 1.0",
        "target_value": 6.1
      },
      "optionB": {
        "trial_id": "19",
        "task_id": "55",
        "values": "2.0, 2.0",
        "target_value": 6.3
      },
      "choice": {
        "button": "F",
        "selected_option": "OptionA"
      }
    },
    {
      "question": 18,
      "target": "Fuel Consumption (L/100km)",
      "target_value": 9,
      "options": [
        "Engine Size (cc)",
        "Weight (kg)"
      ],
      "optionA": {
        "trial_id": "3",
        "task_id": "11",
        "values": "2200.0, 1400.0",
        "target_value": 9
      },
      "optionB": {
        "trial_id": "10",
        "task_id": "11",
        "values": "1900.0, 1200.0",
        "target_value": 7
      },
      "choice": {
        "button": "F",
        "selected_option": "OptionA"
      }
    },
    {
      "question": 19,
      "target": "Weight Loss",
      "target_value": 1.5,
      "options": [
        "Calories",
        "Exercise Time"
      ],
      "optionA": {
        "trial_id": "14",
        "task_id": "51",
        "values": "500.0, 30.0",
        "target_value": 1.5
      },
      "optionB": {
        "trial_id": "15",
        "task_id": "51",
        "values": "500.0, 50.0",
        "target_value": 1.5
      },
      "choice": {
        "button": "J",
        "selected_option": "OptionB"
      }
    },
    {
      "question": "attention_check_19",
      "choice": "F",
      "passed": true,
      "timestamp": 1756154859943
    },
    {
      "question": 20,
      "target": "Photo Quality",
      "target_value": 8,
      "options": [
        "Phone Price",
        "Phone Camera Megapixels"
      ],
      "optionA": {
        "trial_id": "15",
        "task_id": "5",
        "values": "550.0, 12.0",
        "target_value": 8
      },
      "optionB": {
        "trial_id": "7",
        "task_id": "5",
        "values": "400.0, 8.0",
        "target_value": 6
      },
      "choice": {
        "button": "F",
        "selected_option": "OptionA"
      }
    },
    {
      "question": 21,
      "target": "Tea Strength (1-10)",
      "target_value": 4,
      "options": [
        "Tea Leaf Quality (1-10)",
        "Tea Steeping Time (minutes)"
      ],
      "optionA": {
        "trial_id": "15",
        "task_id": "80",
        "values": "5.0, 1.0",
        "target_value": 4
      },
      "optionB": {
        "trial_id": "9",
        "task_id": "80",
        "values": "7.0, 3.0",
        "target_value": 6
      },
      "choice": {
        "button": "J",
        "selected_option": "OptionB"
      }
    },
    {
      "question": 22,
      "target": "Durability Perception (1-10)",
      "target_value": 6,
      "options": [
        "Price ($)",
        "Warranty (years)"
      ],
      "optionA": {
        "trial_id": "14",
        "task_id": "8",
        "values": "260.0, 3.0",
        "target_value": 6
      },
      "optionB": {
        "trial_id": "1",
        "task_id": "8",
        "values": "200.0, 3.0",
        "target_value": 7
      },
      "choice": {
        "button": "F",
        "selected_option": "OptionA"
      }
    },
    {
      "question": 23,
      "target": "Distance Traveled",
      "target_value": 340,
      "options": [
        "Speed",
        "Weight"
      ],
      "optionA": {
        "trial_id": "19",
        "task_id": "111",
        "values": "80.0, 1500.0",
        "target_value": 340
      },
      "optionB": {
        "trial_id": "8",
        "task_id": "111",
        "values": "50.0, 800.0",
        "target_value": 280
      },
      "choice": {
        "button": "F",
        "selected_option": "OptionA"
      }
    },
    {
      "question": 24,
      "target": "Fuel Consumption (L)",
      "target_value": 875,
      "options": [
        "Flight Duration (hours)",
        "Distance (km)"
      ],
      "optionA": {
        "trial_id": "9",
        "task_id": "33",
        "values": "3.5, 875.0",
        "target_value": 875
      },
      "optionB": {
        "trial_id": "2",
        "task_id": "33",
        "values": "3.0, 750.0",
        "target_value": 750
      },
      "choice": {
        "button": "F",
        "selected_option": "OptionA"
      }
    },
    {
      "question": 25,
      "target": "House Price",
      "target_value": 430,
      "options": [
        "House Size",
        "Neighborhood Rating"
      ],
      "optionA": {
        "trial_id": "20",
        "task_id": "38",
        "values": "2100.0, 8.0",
        "target_value": 430
      },
      "optionB": {
        "trial_id": "10",
        "task_id": "38",
        "values": "1700.0, 6.0",
        "target_value": 290
      },
      "choice": {
        "button": "F",
        "selected_option": "OptionA"
      }
    },
    {
      "question": 26,
      "target": "User Satisfaction",
      "target_value": 6,
      "options": [
        "Screen Size",
        "Battery Life"
      ],
      "optionA": {
        "trial_id": "14",
        "task_id": "52",
        "values": "6.0, 30.0",
        "target_value": 6
      },
      "optionB": {
        "trial_id": "3",
        "task_id": "52",
        "values": "7.0, 35.0",
        "target_value": 8
      },
      "choice": {
        "button": "J",
        "selected_option": "OptionB"
      }
    },
    {
      "question": 27,
      "target": "Value Score",
      "target_value": 70,
      "options": [
        "Price ($)",
        "Size (GB)"
      ],
      "optionA": {
        "trial_id": "6",
        "task_id": "99",
        "values": "50.0, 128.0",
        "target_value": 70
      },
      "optionB": {
        "trial_id": "20",
        "task_id": "99",
        "values": "70.0, 256.0",
        "target_value": 65
      },
      "choice": {
        "button": "J",
        "selected_option": "OptionB"
      }
    },
    {
      "question": 28,
      "target": "Book Rating",
      "target_value": 4.7,
      "options": [
        "Book Page Count",
        "Author Rating"
      ],
      "optionA": {
        "trial_id": "1",
        "task_id": "22",
        "values": "400.0, 4.8",
        "target_value": 4.7
      },
      "optionB": {
        "trial_id": "19",
        "task_id": "22",
        "values": "250.0, 4.5",
        "target_value": 4.4
      },
      "choice": {
        "button": "F",
        "selected_option": "OptionA"
      }
    },
    {
      "question": 29,
      "target": "Weight loss",
      "target_value": 1.5,
      "options": [
        "Exercise duration",
        "Intensity level"
      ],
      "optionA": {
        "trial_id": "1",
        "task_id": "67",
        "values": "30.0, 5.0",
        "target_value": 1.5
      },
      "optionB": {
        "trial_id": "19",
        "task_id": "67",
        "values": "30.0, 5.0",
        "target_value": 1.5
      },
      "choice": {
        "button": "F",
        "selected_option": "OptionA"
      }
    },
    {
      "question": "attention_check_29",
      "choice": "J",
      "passed": true,
      "timestamp": 1756154918051
    },
    {
      "question": 30,
      "target": "Room Size",
      "target_value": 30,
      "options": [
        "Room Width",
        "Room Length"
      ],
      "optionA": {
        "trial_id": "12",
        "task_id": "109",
        "values": "5.0, 6.0",
        "target_value": 30
      },
      "optionB": {
        "trial_id": "19",
        "task_id": "109",
        "values": "6.0, 7.0",
        "target_value": 42
      },
      "choice": {
        "button": "J",
        "selected_option": "OptionB"
      }
    },
    {
      "question": 31,
      "target": "Social Engagement (on scale 1-10)",
      "target_value": 9,
      "options": [
        "Number of Friends",
        "Average Message Frequency"
      ],
      "optionA": {
        "trial_id": "19",
        "task_id": "21",
        "values": "150.0, 5.0",
        "target_value": 9
      },
      "optionB": {
        "trial_id": "13",
        "task_id": "21",
        "values": "160.0, 4.0",
        "target_value": 8
      },
      "choice": {
        "button": "J",
        "selected_option": "OptionB"
      }
    },
    {
      "question": 32,
      "target": "Exam Score",
      "target_value": 76,
      "options": [
        "Student Study Time (hours)",
        "Class Attendance (%)"
      ],
      "optionA": {
        "trial_id": "13",
        "task_id": "40",
        "values": "8.0, 80.0",
        "target_value": 76
      },
      "optionB": {
        "trial_id": "10",
        "task_id": "40",
        "values": "7.0, 90.0",
        "target_value": 82
      },
      "choice": {
        "button": "J",
        "selected_option": "OptionB"
      }
    },
    {
      "question": 33,
      "target": "Engagement rate (%)",
      "target_value": 6.1,
      "options": [
        "Number of followers",
        "Post quality score"
      ],
      "optionA": {
        "trial_id": "14",
        "task_id": "71",
        "values": "14000.0, 6.0",
        "target_value": 6.1
      },
      "optionB": {
        "trial_id": "11",
        "task_id": "71",
        "values": "13000.0, 6.0",
        "target_value": 5.5
      },
      "choice": {
        "button": "F",
        "selected_option": "OptionA"
      }
    },
    {
      "question": 34,
      "target": "Natural Light",
      "target_value": 8,
      "options": [
        "Room Size",
        "Number of Windows"
      ],
      "optionA": {
        "trial_id": "6",
        "task_id": "53",
        "values": "260.0, 4.0",
        "target_value": 8
      },
      "optionB": {
        "trial_id": "1",
        "task_id": "53",
        "values": "200.0, 2.0",
        "target_value": 6
      },
      "choice": {
        "button": "F",
        "selected_option": "OptionA"
      }
    },
    {
      "question": 35,
      "target": "Flavor Strength",
      "target_value": 9,
      "options": [
        "Coffee Bean Size",
        "Bean Roast"
      ],
      "optionA": {
        "trial_id": "10",
        "task_id": "64",
        "values": "6.0, 4.0",
        "target_value": 9
      },
      "optionB": {
        "trial_id": "19",
        "task_id": "64",
        "values": "5.0, 2.0",
        "target_value": 7
      },
      "choice": {
        "button": "F",
        "selected_option": "OptionA"
      }
    },
    {
      "question": 36,
      "target": "Light Level",
      "target_value": 7,
      "options": [
        "Room Size (sq ft)",
        "Number of Windows"
      ],
      "optionA": {
        "trial_id": "4",
        "task_id": "35",
        "values": "170.0, 3.0",
        "target_value": 7
      },
      "optionB": {
        "trial_id": "7",
        "task_id": "35",
        "values": "180.0, 2.0",
        "target_value": 6
      },
      "choice": {
        "button": "F",
        "selected_option": "OptionA"
      }
    },
    {
      "question": 37,
      "target": "Fun Level",
      "target_value": 8,
      "options": [
        "Number of Players",
        "Game Duration (minutes)"
      ],
      "optionA": {
        "trial_id": "10",
        "task_id": "13",
        "values": "7.0, 55.0",
        "target_value": 8
      },
      "optionB": {
        "trial_id": "20",
        "task_id": "13",
        "values": "5.0, 50.0",
        "target_value": 7
      },
      "choice": {
        "button": "F",
        "selected_option": "OptionA"
      }
    },
    {
      "question": 38,
      "target": "Performance Rating",
      "target_value": 5.5,
      "options": [
        "Computer Weight (kg)",
        "RAM (GB)"
      ],
      "optionA": {
        "trial_id": "13",
        "task_id": "34",
        "values": "1.2, 4.0",
        "target_value": 5.5
      },
      "optionB": {
        "trial_id": "17",
        "task_id": "34",
        "values": "1.4, 8.0",
        "target_value": 7
      },
      "choice": {
        "button": "J",
        "selected_option": "OptionB"
      }
    },
    {
      "question": 39,
      "target": "Dog Activity Level",
      "target_value": 8,
      "options": [
        "Dog Size",
        "Dog Exercise Needs"
      ],
      "optionA": {
        "trial_id": "2",
        "task_id": "3",
        "values": "45.0, 3.0",
        "target_value": 8
      },
      "optionB": {
        "trial_id": "12",
        "task_id": "3",
        "values": "65.0, 6.0",
        "target_value": 11
      },
      "choice": {
        "button": "J",
        "selected_option": "OptionB"
      }
    },
    {
      "question": "attention_check_39",
      "choice": "F",
      "passed": true,
      "timestamp": 1756155036624
    },
    {
      "question": 40,
      "target": "Fitness Level",
      "target_value": 7,
      "options": [
        "Exercise Time (min/day)",
        "Healthy Diet (%)"
      ],
      "optionA": {
        "trial_id": "17",
        "task_id": "46",
        "values": "35.0, 75.0",
        "target_value": 7
      },
      "optionB": {
        "trial_id": "8",
        "task_id": "46",
        "values": "40.0, 70.0",
        "target_value": 6
      },
      "choice": {
        "button": "F",
        "selected_option": "OptionA"
      }
    },
    {
      "question": 41,
      "target": "Room Size",
      "target_value": 20,
      "options": [
        "Room Width",
        "Room Length"
      ],
      "optionA": {
        "trial_id": "7",
        "task_id": "109",
        "values": "4.0, 5.0",
        "target_value": 20
      },
      "optionB": {
        "trial_id": "16",
        "task_id": "109",
        "values": "3.0, 4.0",
        "target_value": 12
      },
      "choice": {
        "button": "F",
        "selected_option": "OptionA"
      }
    },
    {
      "question": 42,
      "target": "Growth Rate",
      "target_value": 1,
      "options": [
        "Plant Leaf Size",
        "Plant Height"
      ],
      "optionA": {
        "trial_id": "7",
        "task_id": "65",
        "values": "6.0, 30.0",
        "target_value": 1
      },
      "optionB": {
        "trial_id": "4",
        "task_id": "65",
        "values": "10.0, 50.0",
        "target_value": 3
      },
      "choice": {
        "button": "J",
        "selected_option": "OptionB"
      }
    },
    {
      "question": 43,
      "target": "Battery life hours",
      "target_value": 16,
      "options": [
        "Phone battery capacity",
        "Phone weight"
      ],
      "optionA": {
        "trial_id": "17",
        "task_id": "73",
        "values": "3800.0, 210.0",
        "target_value": 16
      },
      "optionB": {
        "trial_id": "5",
        "task_id": "73",
        "values": "4500.0, 220.0",
        "target_value": 18
      },
      "choice": {
        "button": "F",
        "selected_option": "OptionA"
      }
    },
    {
      "question": 44,
      "target": "Customer Satisfaction",
      "target_value": 9,
      "options": [
        "Price ($)",
        "Quality Rating (1-10)"
      ],
      "optionA": {
        "trial_id": "4",
        "task_id": "49",
        "values": "170.0, 9.0",
        "target_value": 9
      },
      "optionB": {
        "trial_id": "14",
        "task_id": "49",
        "values": "120.0, 8.0",
        "target_value": 8
      },
      "choice": {
        "button": "F",
        "selected_option": "OptionA"
      }
    },
    {
      "question": 45,
      "target": "Phone Performance",
      "target_value": 72,
      "options": [
        "Phone RAM",
        "Phone Screen Size"
      ],
      "optionA": {
        "trial_id": "7",
        "task_id": "103",
        "values": "4.0, 5.5",
        "target_value": 72
      },
      "optionB": {
        "trial_id": "13",
        "task_id": "103",
        "values": "10.0, 6.8",
        "target_value": 94
      },
      "choice": {
        "button": "J",
        "selected_option": "OptionB"
      }
    },
    {
      "question": 46,
      "target": "Movie enjoyment",
      "target_value": 8,
      "options": [
        "Movie runtime",
        "Movie rating"
      ],
      "optionA": {
        "trial_id": "17",
        "task_id": "75",
        "values": "120.0, 7.5",
        "target_value": 8
      },
      "optionB": {
        "trial_id": "8",
        "task_id": "75",
        "values": "120.0, 7.5",
        "target_value": 8
      },
      "choice": {
        "button": "F",
        "selected_option": "OptionA"
      }
    },
    {
      "question": 47,
      "target": "Plant Growth Rate (cm/week)",
      "target_value": 6,
      "options": [
        "Plant Soil Quality (1-10)",
        "Plant Water Frequency (times/week)"
      ],
      "optionA": {
        "trial_id": "13",
        "task_id": "81",
        "values": "8.0, 4.0",
        "target_value": 6
      },
      "optionB": {
        "trial_id": "4",
        "task_id": "81",
        "values": "9.0, 5.0",
        "target_value": 7
      },
      "choice": {
        "button": "J",
        "selected_option": "OptionB"
      }
    },
    {
      "question": 48,
      "target": "Performance Score (1-100)",
      "target_value": 55,
      "options": [
        "Hours of Practice",
        "Number of Lessons"
      ],
      "optionA": {
        "trial_id": "6",
        "task_id": "57",
        "values": "8.0, 4.0",
        "target_value": 55
      },
      "optionB": {
        "trial_id": "19",
        "task_id": "57",
        "values": "30.0, 12.0",
        "target_value": 90
      },
      "choice": {
        "button": "J",
        "selected_option": "OptionB"
      }
    },
    {
      "question": 49,
      "target": "House Price",
      "target_value": 430,
      "options": [
        "House Size",
        "Neighborhood Rating"
      ],
      "optionA": {
        "trial_id": "20",
        "task_id": "38",
        "values": "2100.0, 8.0",
        "target_value": 430
      },
      "optionB": {
        "trial_id": "16",
        "task_id": "38",
        "values": "2100.0, 9.0",
        "target_value": 490
      },
      "choice": {
        "button": "J",
        "selected_option": "OptionB"
      }
    },
    {
      "question": 50,
      "target": "Dog Energy Level",
      "target_value": 7,
      "options": [
        "Dog Weight",
        "Dog Activity Level"
      ],
      "optionA": {
        "trial_id": "18",
        "task_id": "105",
        "values": "22.0, 4.0",
        "target_value": 7
      },
      "optionB": {
        "trial_id": "12",
        "task_id": "105",
        "values": "28.0, 5.0",
        "target_value": 8
      },
      "choice": {
        "button": "J",
        "selected_option": "OptionB"
      }
    }
  ]
}