{
  "prolific_id": "UNKNOWN",
  "condition_group": "ranking",
  "responses": [
    {
      "question": 1,
      "target": "Battery life",
      "target_value": 8,
      "options": [
        "Battery capacity",
        "Weight"
      ],
      "optionA": {
        "trial_id": "15",
        "task_id": "75",
        "values": "3000.0, 300",
        "target_value": 8
      },
      "optionB": {
        "trial_id": "2",
        "task_id": "75",
        "values": "4000.0, 250",
        "target_value": 10
      },
      "choice": {
        "button": "J",
        "selected_option": "OptionB"
      }
    },
    {
      "question": 2,
      "target": "Battery Life (hours)",
      "target_value": 10,
      "options": [
        "Phone Battery Capacity (mAh)",
        "Phone Brand (1=Premium, 2=Budget)"
      ],
      "optionA": {
        "trial_id": "16",
        "task_id": "175",
        "values": "2700.0, 2",
        "target_value": 10
      },
      "optionB": {
        "trial_id": "13",
        "task_id": "175",
        "values": "4400.0, 1",
        "target_value": 23
      },
      "choice": {
        "button": "J",
        "selected_option": "OptionB"
      }
    },
    {
      "question": 3,
      "target": "Battery Life (hours)",
      "target_value": 10,
      "options": [
        "Phone Battery (mAh)",
        "Screen Brightness (%)"
      ],
      "optionA": {
        "trial_id": "15",
        "task_id": "5",
        "values": "4500.0, 70",
        "target_value": 10
      },
      "optionB": {
        "trial_id": "9",
        "task_id": "5",
        "values": "4000.0, 80",
        "target_value": 9
      },
      "choice": {
        "button": "F",
        "selected_option": "OptionA"
      }
    },
    {
      "question": 4,
      "target": "Heating cost (per month)",
      "target_value": 360,
      "options": [
        "House size (sqm)",
        "Number of windows"
      ],
      "optionA": {
        "trial_id": "16",
        "task_id": "151",
        "values": "130.0, 5.0",
        "target_value": 360
      },
      "optionB": {
        "trial_id": "2",
        "task_id": "151",
        "values": "120.0, 5.0",
        "target_value": 350
      },
      "choice": {
        "button": "F",
        "selected_option": "OptionA"
      }
    },
    {
      "question": 5,
      "target": "Battery life",
      "target_value": 24,
      "options": [
        "Phone battery",
        "Phone size"
      ],
      "optionA": {
        "trial_id": "13",
        "task_id": "62",
        "values": "4000.0, 18.0",
        "target_value": 24
      },
      "optionB": {
        "trial_id": "5",
        "task_id": "62",
        "values": "6000.0, 8.0",
        "target_value": 35
      },
      "choice": {
        "button": "J",
        "selected_option": "OptionB"
      }
    },
    {
      "question": 6,
      "target": "Health index",
      "target_value": 88,
      "options": [
        "Age",
        "Exercise hours"
      ],
      "optionA": {
        "trial_id": "6",
        "task_id": "82",
        "values": "35.0, 3",
        "target_value": 88
      },
      "optionB": {
        "trial_id": "11",
        "task_id": "77",
        "values": "20.0, 7",
        "target_value": 58
      },
      "choice": {
        "button": "F",
        "selected_option": "OptionA"
      }
    },
    {
      "question": 7,
      "target": "Growth Rate (cm/week)",
      "target_value": 6,
      "options": [
        "Plant Height (cm)",
        "Sunlight (hours/day)"
      ],
      "optionA": {
        "trial_id": "10",
        "task_id": "4",
        "values": "40.0, 7",
        "target_value": 6
      },
      "optionB": {
        "trial_id": "17",
        "task_id": "4",
        "values": "20.0, 5",
        "target_value": 3
      },
      "choice": {
        "button": "F",
        "selected_option": "OptionA"
      }
    },
    {
      "question": 8,
      "target": "Fuel Efficiency",
      "target_value": 29,
      "options": [
        "Car Engine Size",
        "Car Weight"
      ],
      "optionA": {
        "trial_id": "6",
        "task_id": "168",
        "values": "2.2, 3400",
        "target_value": 29
      },
      "optionB": {
        "trial_id": "9",
        "task_id": "105",
        "values": "1.8, 1550",
        "target_value": 20
      },
      "choice": {
        "button": "J",
        "selected_option": "OptionB"
      }
    },
    {
      "question": 9,
      "target": "Shadow coverage",
      "target_value": 75,
      "options": [
        "Tree height",
        "Tree thickness"
      ],
      "optionA": {
        "trial_id": "19",
        "task_id": "58",
        "values": "10.0, 4.0",
        "target_value": 75
      },
      "optionB": {
        "trial_id": "15",
        "task_id": "58",
        "values": "11.0, 3.0",
        "target_value": 75
      },
      "choice": {
        "button": "J",
        "selected_option": "OptionB"
      }
    },
    {
      "question": "attention_check_9",
      "choice": "F",
      "passed": false,
      "timestamp": 1756154793834
    },
    {
      "question": 10,
      "target": "Commute time (minutes)",
      "target_value": 32,
      "options": [
        "Distance to work (miles)",
        "Number of traffic lights"
      ],
      "optionA": {
        "trial_id": "15",
        "task_id": "95",
        "values": "6.0, 12",
        "target_value": 32
      },
      "optionB": {
        "trial_id": "12",
        "task_id": "95",
        "values": "6.0, 10",
        "target_value": 31
      },
      "choice": {
        "button": "J",
        "selected_option": "OptionB"
      }
    },
    {
      "question": 11,
      "target": "Water Usage (ml/day)",
      "target_value": 160,
      "options": [
        "Plant Height",
        "Plant Leaves"
      ],
      "optionA": {
        "trial_id": "4",
        "task_id": "73",
        "values": "35.0, 10.0",
        "target_value": 160
      },
      "optionB": {
        "trial_id": "16",
        "task_id": "73",
        "values": "36.0, 11.0",
        "target_value": 160
      },
      "choice": {
        "button": "J",
        "selected_option": "OptionB"
      }
    },
    {
      "question": 12,
      "target": "Customer Satisfaction",
      "target_value": 6,
      "options": [
        "Restaurant Wait Time (in mins)",
        "Restaurant Rating (1-5)"
      ],
      "optionA": {
        "trial_id": "10",
        "task_id": "174",
        "values": "22.0, 2",
        "target_value": 6
      },
      "optionB": {
        "trial_id": "2",
        "task_id": "174",
        "values": "20.0, 3",
        "target_value": 6
      },
      "choice": {
        "button": "F",
        "selected_option": "OptionA"
      }
    },
    {
      "question": 13,
      "target": "Fuel Efficiency (km/L)",
      "target_value": 6,
      "options": [
        "Car Engine Size (L)",
        "Weight (kg)"
      ],
      "optionA": {
        "trial_id": "10",
        "task_id": "107",
        "values": "5.0, 1700",
        "target_value": 6
      },
      "optionB": {
        "trial_id": "3",
        "task_id": "107",
        "values": "2.5, 1300",
        "target_value": 11
      },
      "choice": {
        "button": "F",
        "selected_option": "OptionA"
      }
    },
    {
      "question": 14,
      "target": "Quality",
      "target_value": 75,
      "options": [
        "Price",
        "Size"
      ],
      "optionA": {
        "trial_id": "11",
        "task_id": "21",
        "values": "110.0, 6.0",
        "target_value": 75
      },
      "optionB": {
        "trial_id": "8",
        "task_id": "21",
        "values": "100.0, 4.0",
        "target_value": 84
      },
      "choice": {
        "button": "F",
        "selected_option": "OptionA"
      }
    },
    {
      "question": 15,
      "target": "Exam Score",
      "target_value": 75,
      "options": [
        "Study Time (hours)",
        "Difficulty Level (1-10)"
      ],
      "optionA": {
        "trial_id": "11",
        "task_id": "128",
        "values": "5.0, 6",
        "target_value": 75
      },
      "optionB": {
        "trial_id": "1",
        "task_id": "128",
        "values": "5.0, 3",
        "target_value": 85
      },
      "choice": {
        "button": "F",
        "selected_option": "OptionA"
      }
    },
    {
      "question": 16,
      "target": "Energy boost",
      "target_value": 65,
      "options": [
        "Coffee strength",
        "Caffeine content"
      ],
      "optionA": {
        "trial_id": "2",
        "task_id": "85",
        "values": "5.0, 90",
        "target_value": 65
      },
      "optionB": {
        "trial_id": "3",
        "task_id": "85",
        "values": "3.0, 100",
        "target_value": 85
      },
      "choice": {
        "button": "J",
        "selected_option": "OptionB"
      }
    },
    {
      "question": 17,
      "target": "Customer satisfaction (1-10)",
      "target_value": 9,
      "options": [
        "Number of reviews",
        "Price (in $)"
      ],
      "optionA": {
        "trial_id": "9",
        "task_id": "56",
        "values": "200.0, 40",
        "target_value": 9
      },
      "optionB": {
        "trial_id": "11",
        "task_id": "56",
        "values": "120.0, 50",
        "target_value": 8
      },
      "choice": {
        "button": "F",
        "selected_option": "OptionA"
      }
    },
    {
      "question": 18,
      "target": "Job Success",
      "target_value": 5.5,
      "options": [
        "Age",
        "Experience"
      ],
      "optionA": {
        "trial_id": "7",
        "task_id": "133",
        "values": "45.0, 2.0",
        "target_value": 5.5
      },
      "optionB": {
        "trial_id": "5",
        "task_id": "133",
        "values": "40.0, 3.0",
        "target_value": 6
      },
      "choice": {
        "button": "J",
        "selected_option": "OptionB"
      }
    },
    {
      "question": 19,
      "target": "App Performance",
      "target_value": 2,
      "options": [
        "Phone RAM",
        "Phone Storage"
      ],
      "optionA": {
        "trial_id": "12",
        "task_id": "170",
        "values": "2.0, 128",
        "target_value": 2
      },
      "optionB": {
        "trial_id": "2",
        "task_id": "170",
        "values": "4.0, 128",
        "target_value": 3
      },
      "choice": {
        "button": "J",
        "selected_option": "OptionB"
      }
    },
    {
      "question": "attention_check_19",
      "choice": "F",
      "passed": true,
      "timestamp": 1756154813324
    },
    {
      "question": 20,
      "target": "Energy Boost (1-10)",
      "target_value": 7,
      "options": [
        "Number of Calories",
        "Sugar (g)"
      ],
      "optionA": {
        "trial_id": "1",
        "task_id": "111",
        "values": "100.0, 10",
        "target_value": 7
      },
      "optionB": {
        "trial_id": "13",
        "task_id": "111",
        "values": "100.0, 12",
        "target_value": 6
      },
      "choice": {
        "button": "J",
        "selected_option": "OptionB"
      }
    },
    {
      "question": 21,
      "target": "Flower blooming time",
      "target_value": 2,
      "options": [
        "Hours of sunlight",
        "Humidity"
      ],
      "optionA": {
        "trial_id": "9",
        "task_id": "101",
        "values": "9.0, 40.0",
        "target_value": 2
      },
      "optionB": {
        "trial_id": "12",
        "task_id": "101",
        "values": "5.0, 85.0",
        "target_value": 5
      },
      "choice": {
        "button": "F",
        "selected_option": "OptionA"
      }
    },
    {
      "question": 22,
      "target": "Phone Performance Score",
      "target_value": 9.3,
      "options": [
        "Phone Processor Speed",
        "Phone Battery Capacity"
      ],
      "optionA": {
        "trial_id": "5",
        "task_id": "10",
        "values": "4.5, 3000",
        "target_value": 9.3
      },
      "optionB": {
        "trial_id": "12",
        "task_id": "10",
        "values": "1.5, 6500",
        "target_value": 7.8
      },
      "choice": {
        "button": "F",
        "selected_option": "OptionA"
      }
    },
    {
      "question": 23,
      "target": "Phone price ($)",
      "target_value": 600,
      "options": [
        "Phone battery capacity (mAh)",
        "Phone screen size (inches)"
      ],
      "optionA": {
        "trial_id": "19",
        "task_id": "154",
        "values": "4200.0, 6.2",
        "target_value": 600
      },
      "optionB": {
        "trial_id": "15",
        "task_id": "154",
        "values": "4000.0, 6.0",
        "target_value": 590
      },
      "choice": {
        "button": "F",
        "selected_option": "OptionA"
      }
    },
    {
      "question": 24,
      "target": "Taste Rating",
      "target_value": 6,
      "options": [
        "Coffee Amount",
        "Sugar Amount"
      ],
      "optionA": {
        "trial_id": "4",
        "task_id": "18",
        "values": "3.0, 3",
        "target_value": 6
      },
      "optionB": {
        "trial_id": "9",
        "task_id": "18",
        "values": "2.0, 1",
        "target_value": 5.5
      },
      "choice": {
        "button": "F",
        "selected_option": "OptionA"
      }
    },
    {
      "question": 25,
      "target": "Wait Time (minutes)",
      "target_value": 29,
      "options": [
        "Restaurant Size",
        "Restaurant Reviews"
      ],
      "optionA": {
        "trial_id": "12",
        "task_id": "74",
        "values": "90.0, 3.9",
        "target_value": 29
      },
      "optionB": {
        "trial_id": "8",
        "task_id": "74",
        "values": "110.0, 4.1",
        "target_value": 32
      },
      "choice": {
        "button": "J",
        "selected_option": "OptionB"
      }
    },
    {
      "question": 26,
      "target": "Rent (per month)",
      "target_value": 1000,
      "options": [
        "Distance from center (km)",
        "Size (m²)"
      ],
      "optionA": {
        "trial_id": "11",
        "task_id": "53",
        "values": "7.0, 70",
        "target_value": 1000
      },
      "optionB": {
        "trial_id": "11",
        "task_id": "53",
        "values": "7.0, 70",
        "target_value": 1000
      },
      "choice": {
        "button": "F",
        "selected_option": "OptionA"
      }
    },
    {
      "question": 27,
      "target": "Project Success (%)",
      "target_value": 91,
      "options": [
        "Experience (years)",
        "Team Size"
      ],
      "optionA": {
        "trial_id": "10",
        "task_id": "110",
        "values": "10.0, 6",
        "target_value": 91
      },
      "optionB": {
        "trial_id": "18",
        "task_id": "110",
        "values": "14.0, 8",
        "target_value": 83
      },
      "choice": {
        "button": "J",
        "selected_option": "OptionB"
      }
    },
    {
      "question": 28,
      "target": "Wait Time (minutes)",
      "target_value": 27,
      "options": [
        "Restaurant Size",
        "Restaurant Reviews"
      ],
      "optionA": {
        "trial_id": "17",
        "task_id": "74",
        "values": "115.0, 4.6",
        "target_value": 27
      },
      "optionB": {
        "trial_id": "6",
        "task_id": "74",
        "values": "130.0, 4.3",
        "target_value": 33
      },
      "choice": {
        "button": "J",
        "selected_option": "OptionB"
      }
    },
    {
      "question": 29,
      "target": "Fuel efficiency (km/L)",
      "target_value": 17,
      "options": [
        "Car engine size (L)",
        "Car weight (kg)"
      ],
      "optionA": {
        "trial_id": "11",
        "task_id": "150",
        "values": "1.8, 1250.0",
        "target_value": 17
      },
      "optionB": {
        "trial_id": "11",
        "task_id": "150",
        "values": "1.8, 1250.0",
        "target_value": 17
      },
      "choice": {
        "button": "F",
        "selected_option": "OptionA"
      }
    },
    {
      "question": "attention_check_29",
      "choice": "J",
      "passed": true,
      "timestamp": 1756154978148
    },
    {
      "question": 30,
      "target": "Exam score",
      "target_value": 70,
      "options": [
        "Study time",
        "Hours slept"
      ],
      "optionA": {
        "trial_id": "1",
        "task_id": "102",
        "values": "2.0, 8",
        "target_value": 70
      },
      "optionB": {
        "trial_id": "11",
        "task_id": "102",
        "values": "5.0, 5",
        "target_value": 90
      },
      "choice": {
        "button": "J",
        "selected_option": "OptionB"
      }
    },
    {
      "question": 31,
      "target": "Reliability",
      "target_value": 85,
      "options": [
        "Car age",
        "Maintenance cost"
      ],
      "optionA": {
        "trial_id": "3",
        "task_id": "83",
        "values": "3.0, 1500",
        "target_value": 85
      },
      "optionB": {
        "trial_id": "1",
        "task_id": "83",
        "values": "5.0, 1000",
        "target_value": 70
      },
      "choice": {
        "button": "J",
        "selected_option": "OptionB"
      }
    },
    {
      "question": 32,
      "target": "Battery Life",
      "target_value": 20,
      "options": [
        "Phone Battery Capacity",
        "Screen Size"
      ],
      "optionA": {
        "trial_id": "11",
        "task_id": "28",
        "values": "4200.0, 5.9",
        "target_value": 20
      },
      "optionB": {
        "trial_id": "3",
        "task_id": "28",
        "values": "5000.0, 5.8",
        "target_value": 22
      },
      "choice": {
        "button": "J",
        "selected_option": "OptionB"
      }
    },
    {
      "question": 33,
      "target": "Retention Rate (%)",
      "target_value": 75,
      "options": [
        "Study Time (hours)",
        "Number of Distractions"
      ],
      "optionA": {
        "trial_id": "9",
        "task_id": "161",
        "values": "3.0, 1",
        "target_value": 75
      },
      "optionB": {
        "trial_id": "19",
        "task_id": "161",
        "values": "4.0, 0",
        "target_value": 90
      },
      "choice": {
        "button": "J",
        "selected_option": "OptionB"
      }
    },
    {
      "question": 34,
      "target": "Battery Life (hours)",
      "target_value": 20,
      "options": [
        "Phone Battery Capacity (mAh)",
        "Phone Brand (1=Premium, 2=Budget)"
      ],
      "optionA": {
        "trial_id": "19",
        "task_id": "175",
        "values": "3900.0, 1",
        "target_value": 20
      },
      "optionB": {
        "trial_id": "2",
        "task_id": "175",
        "values": "3000.0, 2",
        "target_value": 12
      },
      "choice": {
        "button": "F",
        "selected_option": "OptionA"
      }
    },
    {
      "question": 35,
      "target": "Cooling Time (min)",
      "target_value": 35,
      "options": [
        "Room Size (m²)",
        "Window Size (m²)"
      ],
      "optionA": {
        "trial_id": "3",
        "task_id": "143",
        "values": "18.0, 1.5",
        "target_value": 35
      },
      "optionB": {
        "trial_id": "12",
        "task_id": "143",
        "values": "21.0, 2.2",
        "target_value": 33
      },
      "choice": {
        "button": "J",
        "selected_option": "OptionB"
      }
    },
    {
      "question": 36,
      "target": "Muscle gain",
      "target_value": 70,
      "options": [
        "Exercise intensity",
        "Water intake"
      ],
      "optionA": {
        "trial_id": "10",
        "task_id": "86",
        "values": "5.0, 5",
        "target_value": 70
      },
      "optionB": {
        "trial_id": "7",
        "task_id": "86",
        "values": "8.0, 2",
        "target_value": 85
      },
      "choice": {
        "button": "J",
        "selected_option": "OptionB"
      }
    },
    {
      "question": 37,
      "target": "Exam Score",
      "target_value": 95,
      "options": [
        "Student Study Time",
        "Student Sleep Hours"
      ],
      "optionA": {
        "trial_id": "10",
        "task_id": "38",
        "values": "8.0, 4",
        "target_value": 95
      },
      "optionB": {
        "trial_id": "3",
        "task_id": "38",
        "values": "6.0, 6",
        "target_value": 85
      },
      "choice": {
        "button": "F",
        "selected_option": "OptionA"
      }
    },
    {
      "question": 38,
      "target": "Exam score",
      "target_value": 65,
      "options": [
        "Study hours",
        "Intelligence score"
      ],
      "optionA": {
        "trial_id": "13",
        "task_id": "122",
        "values": "2.0, 100.0",
        "target_value": 65
      },
      "optionB": {
        "trial_id": "11",
        "task_id": "122",
        "values": "8.0, 60.0",
        "target_value": 92
      },
      "choice": {
        "button": "F",
        "selected_option": "OptionA"
      }
    },
    {
      "question": 39,
      "target": "BMI",
      "target_value": 25.8,
      "options": [
        "Height (inches)",
        "Weight (lbs)"
      ],
      "optionA": {
        "trial_id": "3",
        "task_id": "158",
        "values": "68.0, 160.0",
        "target_value": 25.8
      },
      "optionB": {
        "trial_id": "19",
        "task_id": "158",
        "values": "72.0, 210.0",
        "target_value": 28.7
      },
      "choice": {
        "button": "J",
        "selected_option": "OptionB"
      }
    },
    {
      "question": "attention_check_39",
      "choice": "J",
      "passed": false,
      "timestamp": 1756155109588
    },
    {
      "question": 40,
      "target": "Lighting (lux)",
      "target_value": 620,
      "options": [
        "Room size (m2)",
        "Number of windows"
      ],
      "optionA": {
        "trial_id": "9",
        "task_id": "115",
        "values": "22.0, 1",
        "target_value": 620
      },
      "optionB": {
        "trial_id": "6",
        "task_id": "115",
        "values": "28.0, 3",
        "target_value": 650
      },
      "choice": {
        "button": "J",
        "selected_option": "OptionB"
      }
    },
    {
      "question": 41,
      "target": "House Price",
      "target_value": 380000,
      "options": [
        "House Square Feet",
        "House Age"
      ],
      "optionA": {
        "trial_id": "3",
        "task_id": "9",
        "values": "2200.0, 8",
        "target_value": 380000
      },
      "optionB": {
        "trial_id": "15",
        "task_id": "9",
        "values": "2600.0, 3",
        "target_value": 420000
      },
      "choice": {
        "button": "F",
        "selected_option": "OptionA"
      }
    },
    {
      "question": 42,
      "target": "Shadow coverage",
      "target_value": 80,
      "options": [
        "Tree height",
        "Tree thickness"
      ],
      "optionA": {
        "trial_id": "11",
        "task_id": "58",
        "values": "14.0, 1.0",
        "target_value": 80
      },
      "optionB": {
        "trial_id": "13",
        "task_id": "58",
        "values": "7.0, 5.0",
        "target_value": 60
      },
      "choice": {
        "button": "F",
        "selected_option": "OptionA"
      }
    },
    {
      "question": 43,
      "target": "Taste Score",
      "target_value": 6.3,
      "options": [
        "Cooking Time",
        "Spice Level"
      ],
      "optionA": {
        "trial_id": "14",
        "task_id": "130",
        "values": "55.0, 10.0",
        "target_value": 6.3
      },
      "optionB": {
        "trial_id": "19",
        "task_id": "130",
        "values": "65.0, 14.0",
        "target_value": 5.8
      },
      "choice": {
        "button": "J",
        "selected_option": "OptionB"
      }
    },
    {
      "question": 44,
      "target": "Test Score",
      "target_value": 74,
      "options": [
        "Student Study Time",
        "Student Distractions"
      ],
      "optionA": {
        "trial_id": "19",
        "task_id": "72",
        "values": "2.0, 6.0",
        "target_value": 74
      },
      "optionB": {
        "trial_id": "2",
        "task_id": "72",
        "values": "3.0, 6.0",
        "target_value": 70
      },
      "choice": {
        "button": "J",
        "selected_option": "OptionB"
      }
    },
    {
      "question": 45,
      "target": "Comfort",
      "target_value": 6,
      "options": [
        "Age",
        "Size"
      ],
      "optionA": {
        "trial_id": "19",
        "task_id": "66",
        "values": "7.0, 25",
        "target_value": 6
      },
      "optionB": {
        "trial_id": "17",
        "task_id": "66",
        "values": "5.0, 20",
        "target_value": 7
      },
      "choice": {
        "button": "J",
        "selected_option": "OptionB"
      }
    },
    {
      "question": 46,
      "target": "Market value",
      "target_value": 300,
      "options": [
        "House size",
        "House floors"
      ],
      "optionA": {
        "trial_id": "1",
        "task_id": "64",
        "values": "200.0, 2.0",
        "target_value": 300
      },
      "optionB": {
        "trial_id": "10",
        "task_id": "64",
        "values": "170.0, 4.0",
        "target_value": 260
      },
      "choice": {
        "button": "J",
        "selected_option": "OptionB"
      }
    },
    {
      "question": 47,
      "target": "Reading Enjoyment",
      "target_value": 9,
      "options": [
        "Book Length",
        "Author Fame"
      ],
      "optionA": {
        "trial_id": "4",
        "task_id": "131",
        "values": "500.0, 6.0",
        "target_value": 9
      },
      "optionB": {
        "trial_id": "12",
        "task_id": "131",
        "values": "900.0, 2.0",
        "target_value": 13
      },
      "choice": {
        "button": "F",
        "selected_option": "OptionA"
      }
    },
    {
      "question": 48,
      "target": "Battery life",
      "target_value": 38,
      "options": [
        "Phone battery",
        "Phone size"
      ],
      "optionA": {
        "trial_id": "11",
        "task_id": "62",
        "values": "6500.0, 9.0",
        "target_value": 38
      },
      "optionB": {
        "trial_id": "17",
        "task_id": "62",
        "values": "4800.0, 16.0",
        "target_value": 28
      },
      "choice": {
        "button": "J",
        "selected_option": "OptionB"
      }
    },
    {
      "question": 49,
      "target": "Enjoyment (1-10)",
      "target_value": 5,
      "options": [
        "Book Thickness (cm)",
        "Author Fame (1-10)"
      ],
      "optionA": {
        "trial_id": "8",
        "task_id": "1",
        "values": "3.0, 4",
        "target_value": 5
      },
      "optionB": {
        "trial_id": "2",
        "task_id": "1",
        "values": "5.0, 8",
        "target_value": 6
      },
      "choice": {
        "button": "J",
        "selected_option": "OptionB"
      }
    },
    {
      "question": 50,
      "target": "Deliciousness",
      "target_value": 1,
      "options": [
        "Cooking time",
        "Ingredients"
      ],
      "optionA": {
        "trial_id": "19",
        "task_id": "125",
        "values": "90.0, -1.0",
        "target_value": 1
      },
      "optionB": {
        "trial_id": "10",
        "task_id": "125",
        "values": "5.0, 10.0",
        "target_value": 10
      },
      "choice": {
        "button": "F",
        "selected_option": "OptionA"
      }
    }
  ]
}