{
  "prolific_id": "UNKNOWN",
  "condition_group": "ranking",
  "responses": [
    {
      "question": 1,
      "target": "Exam score",
      "target_value": 70,
      "options": [
        "Study hours",
        "Intelligence"
      ],
      "optionA": {
        "trial_id": "5",
        "task_id": "81",
        "values": "3.0, 90",
        "target_value": 70
      },
      "optionB": {
        "trial_id": "14",
        "task_id": "81",
        "values": "3.0, 80",
        "target_value": 78
      },
      "choice": {
        "button": "F",
        "selected_option": "OptionA"
      }
    },
    {
      "question": 2,
      "target": "Skill Level",
      "target_value": 8,
      "options": [
        "Experience",
        "Years of Education"
      ],
      "optionA": {
        "trial_id": "7",
        "task_id": "137",
        "values": "8.0, 11.0",
        "target_value": 8
      },
      "optionB": {
        "trial_id": "15",
        "task_id": "137",
        "values": "9.0, 10.0",
        "target_value": 8
      },
      "choice": {
        "button": "J",
        "selected_option": "OptionB"
      }
    },
    {
      "question": 3,
      "target": "Taste Rating",
      "target_value": 6,
      "options": [
        "Coffee Amount",
        "Sugar Amount"
      ],
      "optionA": {
        "trial_id": "11",
        "task_id": "18",
        "values": "3.0, 2",
        "target_value": 6
      },
      "optionB": {
        "trial_id": "9",
        "task_id": "18",
        "values": "2.0, 1",
        "target_value": 5.5
      },
      "choice": {
        "button": "F",
        "selected_option": "OptionA"
      }
    },
    {
      "question": 4,
      "target": "Taste Rating",
      "target_value": 10,
      "options": [
        "Number of Ingredients",
        "Prep Time (min)"
      ],
      "optionA": {
        "trial_id": "7",
        "task_id": "148",
        "values": "3.0, 10.0",
        "target_value": 10
      },
      "optionB": {
        "trial_id": "1",
        "task_id": "148",
        "values": "5.0, 20.0",
        "target_value": 8
      },
      "choice": {
        "button": "J",
        "selected_option": "OptionB"
      }
    },
    {
      "question": 5,
      "target": "Price",
      "target_value": 430000,
      "options": [
        "House Size",
        "Bedrooms"
      ],
      "optionA": {
        "trial_id": "8",
        "task_id": "15",
        "values": "2200.0, 4",
        "target_value": 430000
      },
      "optionB": {
        "trial_id": "15",
        "task_id": "15",
        "values": "2000.0, 4",
        "target_value": 360000
      },
      "choice": {
        "button": "F",
        "selected_option": "OptionA"
      }
    },
    {
      "question": 6,
      "target": "Reading time (hours)",
      "target_value": 7,
      "options": [
        "Book pages",
        "Book weight (g)"
      ],
      "optionA": {
        "trial_id": "5",
        "task_id": "114",
        "values": "600.0, 310",
        "target_value": 7
      },
      "optionB": {
        "trial_id": "2",
        "task_id": "114",
        "values": "300.0, 350",
        "target_value": 4.2
      },
      "choice": {
        "button": "F",
        "selected_option": "OptionA"
      }
    },
    {
      "question": 7,
      "target": "Daily travel cost ($)",
      "target_value": 10,
      "options": [
        "Distance to work (miles)",
        "Commute time (minutes)"
      ],
      "optionA": {
        "trial_id": "15",
        "task_id": "138",
        "values": "2.0, 16",
        "target_value": 10
      },
      "optionB": {
        "trial_id": "19",
        "task_id": "138",
        "values": "5.0, 12",
        "target_value": 30
      },
      "choice": {
        "button": "J",
        "selected_option": "OptionB"
      }
    },
    {
      "question": 8,
      "target": "Reading Enjoyment",
      "target_value": 7,
      "options": [
        "Book Length",
        "Author Fame"
      ],
      "optionA": {
        "trial_id": "1",
        "task_id": "131",
        "values": "300.0, 8.0",
        "target_value": 7
      },
      "optionB": {
        "trial_id": "19",
        "task_id": "131",
        "values": "1200.0, 0.25",
        "target_value": 16
      },
      "choice": {
        "button": "F",
        "selected_option": "OptionA"
      }
    },
    {
      "question": 9,
      "target": "Heart rate",
      "target_value": 63,
      "options": [
        "Age",
        "Exercise hours"
      ],
      "optionA": {
        "trial_id": "12",
        "task_id": "77",
        "values": "30.0, 5",
        "target_value": 63
      },
      "optionB": {
        "trial_id": "20",
        "task_id": "82",
        "values": "47.0, 2",
        "target_value": 85
      },
      "choice": {
        "button": "J",
        "selected_option": "OptionB"
      }
    },
    {
      "question": "attention_check_9",
      "choice": "F",
      "passed": false,
      "timestamp": 1756721706016
    },
    {
      "question": 10,
      "target": "Exam Score",
      "target_value": 78,
      "options": [
        "Student Study Time",
        "Time Spent on Social Media"
      ],
      "optionA": {
        "trial_id": "5",
        "task_id": "79",
        "values": "4.0, 3",
        "target_value": 78
      },
      "optionB": {
        "trial_id": "14",
        "task_id": "79",
        "values": "3.0, 3",
        "target_value": 75
      },
      "choice": {
        "button": "F",
        "selected_option": "OptionA"
      }
    },
    {
      "question": 11,
      "target": "Car Value",
      "target_value": 27000,
      "options": [
        "Age (years)",
        "Mileage (km)"
      ],
      "optionA": {
        "trial_id": "11",
        "task_id": "127",
        "values": "8.0, 40000",
        "target_value": 27000
      },
      "optionB": {
        "trial_id": "2",
        "task_id": "127",
        "values": "3.0, 15000",
        "target_value": 40000
      },
      "choice": {
        "button": "J",
        "selected_option": "OptionB"
      }
    },
    {
      "question": 12,
      "target": "Battery Life",
      "target_value": 27,
      "options": [
        "Phone Battery Capacity",
        "Number of Apps Installed"
      ],
      "optionA": {
        "trial_id": "15",
        "task_id": "78",
        "values": "4800.0, 25",
        "target_value": 27
      },
      "optionB": {
        "trial_id": "1",
        "task_id": "78",
        "values": "4000.0, 50",
        "target_value": 24
      },
      "choice": {
        "button": "F",
        "selected_option": "OptionA"
      }
    },
    {
      "question": 13,
      "target": "Calories Burned",
      "target_value": 180,
      "options": [
        "Exercise Duration",
        "Exercise Intensity"
      ],
      "optionA": {
        "trial_id": "19",
        "task_id": "71",
        "values": "25.0, 5.0",
        "target_value": 180
      },
      "optionB": {
        "trial_id": "13",
        "task_id": "71",
        "values": "45.0, 3.0",
        "target_value": 200
      },
      "choice": {
        "button": "F",
        "selected_option": "OptionA"
      }
    },
    {
      "question": 14,
      "target": "App Performance",
      "target_value": 5,
      "options": [
        "Phone RAM",
        "Phone Storage"
      ],
      "optionA": {
        "trial_id": "18",
        "task_id": "170",
        "values": "8.0, 128",
        "target_value": 5
      },
      "optionB": {
        "trial_id": "4",
        "task_id": "170",
        "values": "6.0, 128",
        "target_value": 4
      },
      "choice": {
        "button": "F",
        "selected_option": "OptionA"
      }
    },
    {
      "question": 15,
      "target": "Shadow coverage",
      "target_value": 65,
      "options": [
        "Tree height",
        "Tree thickness"
      ],
      "optionA": {
        "trial_id": "10",
        "task_id": "58",
        "values": "7.0, 4.0",
        "target_value": 65
      },
      "optionB": {
        "trial_id": "17",
        "task_id": "58",
        "values": "13.0, 2.0",
        "target_value": 80
      },
      "choice": {
        "button": "F",
        "selected_option": "OptionA"
      }
    },
    {
      "question": 16,
      "target": "Comfort level",
      "target_value": 9,
      "options": [
        "Room size",
        "Room furniture"
      ],
      "optionA": {
        "trial_id": "19",
        "task_id": "60",
        "values": "19.0, 2.0",
        "target_value": 9
      },
      "optionB": {
        "trial_id": "1",
        "task_id": "60",
        "values": "15.0, 2.0",
        "target_value": 8
      },
      "choice": {
        "button": "F",
        "selected_option": "OptionA"
      }
    },
    {
      "question": 17,
      "target": "Restaurant Rating",
      "target_value": 5,
      "options": [
        "Restaurant Menu Variety",
        "Restaurant Wait Time"
      ],
      "optionA": {
        "trial_id": "18",
        "task_id": "11",
        "values": "80.0, 0",
        "target_value": 5
      },
      "optionB": {
        "trial_id": "17",
        "task_id": "11",
        "values": "90.0, 0",
        "target_value": 5.2
      },
      "choice": {
        "button": "J",
        "selected_option": "OptionB"
      }
    },
    {
      "question": 18,
      "target": "Cooling Time (min)",
      "target_value": 38,
      "options": [
        "Room Size (m²)",
        "Window Size (m²)"
      ],
      "optionA": {
        "trial_id": "11",
        "task_id": "143",
        "values": "16.0, 1.2",
        "target_value": 38
      },
      "optionB": {
        "trial_id": "7",
        "task_id": "143",
        "values": "15.0, 1.0",
        "target_value": 40
      },
      "choice": {
        "button": "J",
        "selected_option": "OptionB"
      }
    },
    {
      "question": 19,
      "target": "Test Score",
      "target_value": 71,
      "options": [
        "Student Study Time",
        "Student Distractions"
      ],
      "optionA": {
        "trial_id": "17",
        "task_id": "72",
        "values": "3.0, 8.0",
        "target_value": 71
      },
      "optionB": {
        "trial_id": "17",
        "task_id": "72",
        "values": "3.0, 8.0",
        "target_value": 71
      },
      "choice": {
        "button": "F",
        "selected_option": "OptionA"
      }
    },
    {
      "question": "attention_check_19",
      "choice": "J",
      "passed": false,
      "timestamp": 1756721964389
    },
    {
      "question": 20,
      "target": "Resale value ($)",
      "target_value": 10000,
      "options": [
        "Age of car (years)",
        "Mileage (thousands)"
      ],
      "optionA": {
        "trial_id": "3",
        "task_id": "141",
        "values": "7.0, 60",
        "target_value": 10000
      },
      "optionB": {
        "trial_id": "19",
        "task_id": "141",
        "values": "4.0, 80",
        "target_value": 12500
      },
      "choice": {
        "button": "J",
        "selected_option": "OptionB"
      }
    },
    {
      "question": 21,
      "target": "Comfort level",
      "target_value": 4,
      "options": [
        "Room size",
        "Room furniture"
      ],
      "optionA": {
        "trial_id": "14",
        "task_id": "60",
        "values": "10.0, 5.0",
        "target_value": 4
      },
      "optionB": {
        "trial_id": "18",
        "task_id": "60",
        "values": "11.0, 4.0",
        "target_value": 5
      },
      "choice": {
        "button": "F",
        "selected_option": "OptionA"
      }
    },
    {
      "question": 22,
      "target": "Commute time (minutes)",
      "target_value": 34,
      "options": [
        "Distance to work (miles)",
        "Number of traffic lights"
      ],
      "optionA": {
        "trial_id": "6",
        "task_id": "95",
        "values": "8.0, 10",
        "target_value": 34
      },
      "optionB": {
        "trial_id": "8",
        "task_id": "95",
        "values": "5.0, 11",
        "target_value": 30
      },
      "choice": {
        "button": "J",
        "selected_option": "OptionB"
      }
    },
    {
      "question": 23,
      "target": "Warmth Rating (1-10)",
      "target_value": 11,
      "options": [
        "Shirt Thickness (mm)",
        "Shirt Weight (g)"
      ],
      "optionA": {
        "trial_id": "9",
        "task_id": "35",
        "values": "6.0, 110.0",
        "target_value": 11
      },
      "optionB": {
        "trial_id": "16",
        "task_id": "35",
        "values": "3.5, 145.0",
        "target_value": 8.5
      },
      "choice": {
        "button": "F",
        "selected_option": "OptionA"
      }
    },
    {
      "question": 24,
      "target": "House price (thousands)",
      "target_value": 375,
      "options": [
        "House size (m2)",
        "Number of bedrooms"
      ],
      "optionA": {
        "trial_id": "14",
        "task_id": "117",
        "values": "135.0, 3",
        "target_value": 375
      },
      "optionB": {
        "trial_id": "4",
        "task_id": "117",
        "values": "120.0, 3",
        "target_value": 350
      },
      "choice": {
        "button": "F",
        "selected_option": "OptionA"
      }
    },
    {
      "question": 25,
      "target": "Student Exam Score",
      "target_value": 70,
      "options": [
        "Student Study Hours",
        "Student Distractions"
      ],
      "optionA": {
        "trial_id": "13",
        "task_id": "8",
        "values": "2.0, 7",
        "target_value": 70
      },
      "optionB": {
        "trial_id": "15",
        "task_id": "8",
        "values": "16.0, 0",
        "target_value": 92
      },
      "choice": {
        "button": "J",
        "selected_option": "OptionB"
      }
    },
    {
      "question": 26,
      "target": "Speed on Flat Ground",
      "target_value": 23,
      "options": [
        "Bike Weight",
        "Wheel Size"
      ],
      "optionA": {
        "trial_id": "17",
        "task_id": "30",
        "values": "12.0, 26.0",
        "target_value": 23
      },
      "optionB": {
        "trial_id": "14",
        "task_id": "30",
        "values": "14.0, 29.0",
        "target_value": 19
      },
      "choice": {
        "button": "J",
        "selected_option": "OptionB"
      }
    },
    {
      "question": 27,
      "target": "Strength",
      "target_value": 7,
      "options": [
        "Tea leaves (g)",
        "Water temperature (°C)"
      ],
      "optionA": {
        "trial_id": "18",
        "task_id": "120",
        "values": "6.0, 99",
        "target_value": 7
      },
      "optionB": {
        "trial_id": "9",
        "task_id": "120",
        "values": "5.0, 92",
        "target_value": 8
      },
      "choice": {
        "button": "F",
        "selected_option": "OptionA"
      }
    },
    {
      "question": 28,
      "target": "Skill Level",
      "target_value": 9,
      "options": [
        "Experience",
        "Years of Education"
      ],
      "optionA": {
        "trial_id": "9",
        "task_id": "137",
        "values": "12.0, 9.0",
        "target_value": 9
      },
      "optionB": {
        "trial_id": "4",
        "task_id": "137",
        "values": "8.0, 12.0",
        "target_value": 9
      },
      "choice": {
        "button": "F",
        "selected_option": "OptionA"
      }
    },
    {
      "question": 29,
      "target": "Resale value (in $)",
      "target_value": 18000,
      "options": [
        "Age of car (years)",
        "Mileage (km)"
      ],
      "optionA": {
        "trial_id": "12",
        "task_id": "55",
        "values": "4.0, 40000",
        "target_value": 18000
      },
      "optionB": {
        "trial_id": "1",
        "task_id": "55",
        "values": "5.0, 50000",
        "target_value": 15000
      },
      "choice": {
        "button": "F",
        "selected_option": "OptionA"
      }
    },
    {
      "question": "attention_check_29",
      "choice": "J",
      "passed": true,
      "timestamp": 1756722490979
    },
    {
      "question": 30,
      "target": "Resale value ($)",
      "target_value": 12000,
      "options": [
        "Age of car (years)",
        "Mileage (thousands)"
      ],
      "optionA": {
        "trial_id": "2",
        "task_id": "141",
        "values": "3.0, 120",
        "target_value": 12000
      },
      "optionB": {
        "trial_id": "15",
        "task_id": "141",
        "values": "3.0, 70",
        "target_value": 14500
      },
      "choice": {
        "button": "J",
        "selected_option": "OptionB"
      }
    },
    {
      "question": 31,
      "target": "Cost to travel",
      "target_value": 20,
      "options": [
        "Distance",
        "Speed"
      ],
      "optionA": {
        "trial_id": "13",
        "task_id": "124",
        "values": "40.0, 120.0",
        "target_value": 20
      },
      "optionB": {
        "trial_id": "10",
        "task_id": "124",
        "values": "50.0, 110.0",
        "target_value": 25
      },
      "choice": {
        "button": "J",
        "selected_option": "OptionB"
      }
    },
    {
      "question": 32,
      "target": "Battery life (hours)",
      "target_value": 6.4,
      "options": [
        "Laptop weight (kg)",
        "Screen size (inches)"
      ],
      "optionA": {
        "trial_id": "12",
        "task_id": "118",
        "values": "1.7, 12",
        "target_value": 6.4
      },
      "optionB": {
        "trial_id": "6",
        "task_id": "118",
        "values": "1.5, 13",
        "target_value": 7
      },
      "choice": {
        "button": "J",
        "selected_option": "OptionB"
      }
    },
    {
      "question": 33,
      "target": "Exam Score (points)",
      "target_value": 75,
      "options": [
        "Study Time (hours)",
        "Distractions (number)"
      ],
      "optionA": {
        "trial_id": "6",
        "task_id": "23",
        "values": "5.0, 2",
        "target_value": 75
      },
      "optionB": {
        "trial_id": "6",
        "task_id": "23",
        "values": "5.0, 2",
        "target_value": 75
      },
      "choice": {
        "button": "J",
        "selected_option": "OptionB"
      }
    },
    {
      "question": 34,
      "target": "Cooking Time (minutes)",
      "target_value": 15,
      "options": [
        "Number of Ingredients",
        "Prep Time (minutes)"
      ],
      "optionA": {
        "trial_id": "5",
        "task_id": "26",
        "values": "3.0, 5.0",
        "target_value": 15
      },
      "optionB": {
        "trial_id": "20",
        "task_id": "26",
        "values": "10.0, 20.0",
        "target_value": 12
      },
      "choice": {
        "button": "J",
        "selected_option": "OptionB"
      }
    },
    {
      "question": 35,
      "target": "Calories Burned",
      "target_value": 210,
      "options": [
        "Exercise Duration",
        "Exercise Intensity"
      ],
      "optionA": {
        "trial_id": "6",
        "task_id": "71",
        "values": "50.0, 3.0",
        "target_value": 210
      },
      "optionB": {
        "trial_id": "2",
        "task_id": "71",
        "values": "45.0, 4.0",
        "target_value": 210
      },
      "choice": {
        "button": "J",
        "selected_option": "OptionB"
      }
    },
    {
      "question": 36,
      "target": "Fuel consumption (liters per 100km)",
      "target_value": 8.5,
      "options": [
        "Car engine size (liters)",
        "Car weight (kg)"
      ],
      "optionA": {
        "trial_id": "13",
        "task_id": "113",
        "values": "2.5, 1400",
        "target_value": 8.5
      },
      "optionB": {
        "trial_id": "6",
        "task_id": "113",
        "values": "2.0, 1350",
        "target_value": 7.9
      },
      "choice": {
        "button": "J",
        "selected_option": "OptionB"
      }
    },
    {
      "question": 37,
      "target": "Water Usage (ml/day)",
      "target_value": 155,
      "options": [
        "Plant Height",
        "Plant Leaves"
      ],
      "optionA": {
        "trial_id": "10",
        "task_id": "73",
        "values": "37.0, 10.0",
        "target_value": 155
      },
      "optionB": {
        "trial_id": "19",
        "task_id": "73",
        "values": "28.0, 10.0",
        "target_value": 185
      },
      "choice": {
        "button": "J",
        "selected_option": "OptionB"
      }
    },
    {
      "question": 38,
      "target": "Training time",
      "target_value": 25,
      "options": [
        "Dog weight",
        "Dog breed"
      ],
      "optionA": {
        "trial_id": "9",
        "task_id": "59",
        "values": "15.0, 2.0",
        "target_value": 25
      },
      "optionB": {
        "trial_id": "5",
        "task_id": "59",
        "values": "18.0, 2.0",
        "target_value": 28
      },
      "choice": {
        "button": "F",
        "selected_option": "OptionA"
      }
    },
    {
      "question": 39,
      "target": "Time to Destination (hours)",
      "target_value": 2,
      "options": [
        "Car Speed (mph)",
        "Fuel Efficiency (mpg)"
      ],
      "optionA": {
        "trial_id": "1",
        "task_id": "32",
        "values": "60.0, 30.0",
        "target_value": 2
      },
      "optionB": {
        "trial_id": "16",
        "task_id": "32",
        "values": "75.0, 20.0",
        "target_value": 1.4
      },
      "choice": {
        "button": "J",
        "selected_option": "OptionB"
      }
    },
    {
      "question": "attention_check_39",
      "choice": "J",
      "passed": false,
      "timestamp": 1756722865015
    },
    {
      "question": 40,
      "target": "Mood Score (1-10)",
      "target_value": 10,
      "options": [
        "Hours of Sleep",
        "Screen Time (hours)"
      ],
      "optionA": {
        "trial_id": "7",
        "task_id": "109",
        "values": "9.0, 1",
        "target_value": 10
      },
      "optionB": {
        "trial_id": "4",
        "task_id": "109",
        "values": "6.0, 2",
        "target_value": 7
      },
      "choice": {
        "button": "F",
        "selected_option": "OptionA"
      }
    },
    {
      "question": 41,
      "target": "Taste Rating (scale 1-10)",
      "target_value": 8,
      "options": [
        "Number of Ingredients",
        "Cooking Time (minutes)"
      ],
      "optionA": {
        "trial_id": "6",
        "task_id": "167",
        "values": "9.0, 30",
        "target_value": 8
      },
      "optionB": {
        "trial_id": "19",
        "task_id": "167",
        "values": "8.0, 25",
        "target_value": 8
      },
      "choice": {
        "button": "F",
        "selected_option": "OptionA"
      }
    },
    {
      "question": 42,
      "target": "Time to Destination (hours)",
      "target_value": 1.5,
      "options": [
        "Car Speed (mph)",
        "Fuel Efficiency (mpg)"
      ],
      "optionA": {
        "trial_id": "8",
        "task_id": "32",
        "values": "70.0, 20.0",
        "target_value": 1.5
      },
      "optionB": {
        "trial_id": "13",
        "task_id": "32",
        "values": "75.0, 22.0",
        "target_value": 1.3
      },
      "choice": {
        "button": "J",
        "selected_option": "OptionB"
      }
    },
    {
      "question": 43,
      "target": "Garden yield (kg)",
      "target_value": 48,
      "options": [
        "Amount of fertilizer (grams)",
        "Rainfall (mm/week)"
      ],
      "optionA": {
        "trial_id": "6",
        "task_id": "92",
        "values": "180.0, 130",
        "target_value": 48
      },
      "optionB": {
        "trial_id": "20",
        "task_id": "92",
        "values": "180.0, 120",
        "target_value": 50
      },
      "choice": {
        "button": "F",
        "selected_option": "OptionA"
      }
    },
    {
      "question": 44,
      "target": "Job Success",
      "target_value": 6,
      "options": [
        "Age",
        "Experience"
      ],
      "optionA": {
        "trial_id": "5",
        "task_id": "133",
        "values": "40.0, 3.0",
        "target_value": 6
      },
      "optionB": {
        "trial_id": "4",
        "task_id": "133",
        "values": "40.0, 3.0",
        "target_value": 6
      },
      "choice": {
        "button": "J",
        "selected_option": "OptionB"
      }
    },
    {
      "question": 45,
      "target": "Speed (km/h)",
      "target_value": 17,
      "options": [
        "Bike wheel size (inches)",
        "Frame weight (kg)"
      ],
      "optionA": {
        "trial_id": "20",
        "task_id": "164",
        "values": "23.0, 3.2",
        "target_value": 17
      },
      "optionB": {
        "trial_id": "4",
        "task_id": "164",
        "values": "24.0, 3.2",
        "target_value": 17
      },
      "choice": {
        "button": "F",
        "selected_option": "OptionA"
      }
    },
    {
      "question": 46,
      "target": "How many people buy it",
      "target_value": 40,
      "options": [
        "Shoe price (in USD)",
        "Comfort rating (1-10)"
      ],
      "optionA": {
        "trial_id": "5",
        "task_id": "126",
        "values": "110.0, 9.0",
        "target_value": 40
      },
      "optionB": {
        "trial_id": "17",
        "task_id": "126",
        "values": "80.0, 6.0",
        "target_value": 70
      },
      "choice": {
        "button": "F",
        "selected_option": "OptionA"
      }
    },
    {
      "question": 47,
      "target": "Battery life",
      "target_value": 11,
      "options": [
        "Battery capacity",
        "Weight"
      ],
      "optionA": {
        "trial_id": "11",
        "task_id": "75",
        "values": "4500.0, 280",
        "target_value": 11
      },
      "optionB": {
        "trial_id": "14",
        "task_id": "75",
        "values": "5500.0, 310",
        "target_value": 13
      },
      "choice": {
        "button": "J",
        "selected_option": "OptionB"
      }
    },
    {
      "question": 48,
      "target": "Deliciousness",
      "target_value": 5,
      "options": [
        "Cooking time",
        "Ingredients"
      ],
      "optionA": {
        "trial_id": "7",
        "task_id": "125",
        "values": "50.0, 3.0",
        "target_value": 5
      },
      "optionB": {
        "trial_id": "12",
        "task_id": "125",
        "values": "55.0, 3.0",
        "target_value": 5
      },
      "choice": {
        "button": "J",
        "selected_option": "OptionB"
      }
    },
    {
      "question": 49,
      "target": "Reliability",
      "target_value": 75,
      "options": [
        "Car age",
        "Maintenance cost"
      ],
      "optionA": {
        "trial_id": "11",
        "task_id": "83",
        "values": "6.0, 900",
        "target_value": 75
      },
      "optionB": {
        "trial_id": "5",
        "task_id": "83",
        "values": "10.0, 500",
        "target_value": 50
      },
      "choice": {
        "button": "F",
        "selected_option": "OptionA"
      }
    },
    {
      "question": 50,
      "target": "Shadow coverage",
      "target_value": 80,
      "options": [
        "Tree height",
        "Tree thickness"
      ],
      "optionA": {
        "trial_id": "11",
        "task_id": "58",
        "values": "14.0, 1.0",
        "target_value": 80
      },
      "optionB": {
        "trial_id": "14",
        "task_id": "58",
        "values": "5.0, 6.0",
        "target_value": 55
      },
      "choice": {
        "button": "J",
        "selected_option": "OptionB"
      }
    }
  ]
}