{
  "prolific_id": "UNKNOWN",
  "condition_group": "direction",
  "responses": [
    {
      "question": 1,
      "target": "Exam Score (out of 100)",
      "target_value": 80,
      "options": [
        "Time Spent Studying (hours)",
        "Number of Chapters Covered"
      ],
      "optionA": {
        "trial_id": "16",
        "task_id": "94",
        "values": "6.0, 6.0",
        "target_value": 80
      },
      "optionB": {
        "trial_id": "10",
        "task_id": "94",
        "values": "5.0, 5.0",
        "target_value": 75
      },
      "choice": {
        "button": "F",
        "selected_option": "OptionA"
      }
    },
    {
      "question": 2,
      "target": "Customer Satisfaction",
      "target_value": 9,
      "options": [
        "Price ($)",
        "Quality Rating (1-10)"
      ],
      "optionA": {
        "trial_id": "12",
        "task_id": "49",
        "values": "140.0, 9.0",
        "target_value": 9
      },
      "optionB": {
        "trial_id": "5",
        "task_id": "49",
        "values": "80.0, 6.0",
        "target_value": 7
      },
      "choice": {
        "button": "F",
        "selected_option": "OptionA"
      }
    },
    {
      "question": 3,
      "target": "App Popularity",
      "target_value": 60,
      "options": [
        "App User Ratings (1-5)",
        "Number of Reviews"
      ],
      "optionA": {
        "trial_id": "13",
        "task_id": "42",
        "values": "3.0, 100.0",
        "target_value": 60
      },
      "optionB": {
        "trial_id": "19",
        "task_id": "42",
        "values": "3.0, 180.0",
        "target_value": 62
      },
      "choice": {
        "button": "J",
        "selected_option": "OptionB"
      }
    },
    {
      "question": 4,
      "target": "Training Difficulty (1-10)",
      "target_value": 9,
      "options": [
        "Dog Size",
        "Dog Energy Level"
      ],
      "optionA": {
        "trial_id": "15",
        "task_id": "82",
        "values": "75.0, 10.0",
        "target_value": 9
      },
      "optionB": {
        "trial_id": "12",
        "task_id": "82",
        "values": "60.0, 7.0",
        "target_value": 6
      },
      "choice": {
        "button": "F",
        "selected_option": "OptionA"
      }
    },
    {
      "question": 5,
      "target": "Battery Life",
      "target_value": 30,
      "options": [
        "Phone Weight",
        "Battery Capacity"
      ],
      "optionA": {
        "trial_id": "2",
        "task_id": "54",
        "values": "250.0, 3800.0",
        "target_value": 30
      },
      "optionB": {
        "trial_id": "6",
        "task_id": "54",
        "values": "240.0, 4400.0",
        "target_value": 34
      },
      "choice": {
        "button": "J",
        "selected_option": "OptionB"
      }
    },
    {
      "question": 6,
      "target": "Satiety (on scale 1-10)",
      "target_value": 9,
      "options": [
        "Number of Calories",
        "Protein (g)"
      ],
      "optionA": {
        "trial_id": "6",
        "task_id": "16",
        "values": "500.0, 20.0",
        "target_value": 9
      },
      "optionB": {
        "trial_id": "19",
        "task_id": "16",
        "values": "450.0, 20.0",
        "target_value": 9
      },
      "choice": {
        "button": "F",
        "selected_option": "OptionA"
      }
    },
    {
      "question": 7,
      "target": "Taste Rating (1-10)",
      "target_value": 7,
      "options": [
        "Minutes of Cooking",
        "Number of Ingredients"
      ],
      "optionA": {
        "trial_id": "7",
        "task_id": "56",
        "values": "25.0, 5.0",
        "target_value": 7
      },
      "optionB": {
        "trial_id": "20",
        "task_id": "56",
        "values": "55.0, 11.0",
        "target_value": 11
      },
      "choice": {
        "button": "J",
        "selected_option": "OptionB"
      }
    },
    {
      "question": 8,
      "target": "Bike Speed",
      "target_value": 70,
      "options": [
        "Bike Weight",
        "Bike Power"
      ],
      "optionA": {
        "trial_id": "9",
        "task_id": "87",
        "values": "18.0, 350.0",
        "target_value": 70
      },
      "optionB": {
        "trial_id": "11",
        "task_id": "87",
        "values": "20.0, 400.0",
        "target_value": 80
      },
      "choice": {
        "button": "J",
        "selected_option": "OptionB"
      }
    },
    {
      "question": 9,
      "target": "Top Speed",
      "target_value": 145,
      "options": [
        "Car Engine Size",
        "Horsepower"
      ],
      "optionA": {
        "trial_id": "11",
        "task_id": "36",
        "values": "2.7, 230.0",
        "target_value": 145
      },
      "optionB": {
        "trial_id": "7",
        "task_id": "36",
        "values": "1.6, 160.0",
        "target_value": 120
      },
      "choice": {
        "button": "F",
        "selected_option": "OptionA"
      }
    },
    {
      "question": "attention_check_9",
      "choice": "J",
      "passed": true,
      "timestamp": 1756154575689
    },
    {
      "question": 10,
      "target": "Enjoyment Score",
      "target_value": 7,
      "options": [
        "Book Length (pages)",
        "Author Fame (1-10)"
      ],
      "optionA": {
        "trial_id": "5",
        "task_id": "29",
        "values": "150.0, 6.0",
        "target_value": 7
      },
      "optionB": {
        "trial_id": "4",
        "task_id": "29",
        "values": "350.0, 7.0",
        "target_value": 8
      },
      "choice": {
        "button": "J",
        "selected_option": "OptionB"
      }
    },
    {
      "question": 11,
      "target": "Enjoyment",
      "target_value": 6.7,
      "options": [
        "Tea Strength",
        "Flavor Variety"
      ],
      "optionA": {
        "trial_id": "10",
        "task_id": "55",
        "values": "3.0, 4.0",
        "target_value": 6.7
      },
      "optionB": {
        "trial_id": "1",
        "task_id": "55",
        "values": "5.0, 3.0",
        "target_value": 7.2
      },
      "choice": {
        "button": "F",
        "selected_option": "OptionA"
      }
    },
    {
      "question": 12,
      "target": "Speed (km/h)",
      "target_value": 183,
      "options": [
        "Engine Horsepower",
        "Weight (kg)"
      ],
      "optionA": {
        "trial_id": "17",
        "task_id": "47",
        "values": "180.0, 1350.0",
        "target_value": 183
      },
      "optionB": {
        "trial_id": "15",
        "task_id": "47",
        "values": "210.0, 1450.0",
        "target_value": 192
      },
      "choice": {
        "button": "J",
        "selected_option": "OptionB"
      }
    },
    {
      "question": 13,
      "target": "Market value ($)",
      "target_value": 250000,
      "options": [
        "Number of bedrooms",
        "House size (sq ft)"
      ],
      "optionA": {
        "trial_id": "18",
        "task_id": "90",
        "values": "4.0, 1200.0",
        "target_value": 250000
      },
      "optionB": {
        "trial_id": "18",
        "task_id": "90",
        "values": "4.0, 1200.0",
        "target_value": 250000
      },
      "choice": {
        "button": "F",
        "selected_option": "OptionA"
      }
    },
    {
      "question": 14,
      "target": "Home Comfort (1-10)",
      "target_value": 5,
      "options": [
        "Number of Bedrooms",
        "Square Feet"
      ],
      "optionA": {
        "trial_id": "18",
        "task_id": "9",
        "values": "3.0, 1150.0",
        "target_value": 5
      },
      "optionB": {
        "trial_id": "6",
        "task_id": "9",
        "values": "3.0, 1200.0",
        "target_value": 5
      },
      "choice": {
        "button": "J",
        "selected_option": "OptionB"
      }
    },
    {
      "question": 15,
      "target": "Enjoyment Score",
      "target_value": 8,
      "options": [
        "Book Length (pages)",
        "Author Fame (1-10)"
      ],
      "optionA": {
        "trial_id": "20",
        "task_id": "29",
        "values": "350.0, 7.0",
        "target_value": 8
      },
      "optionB": {
        "trial_id": "6",
        "task_id": "29",
        "values": "200.0, 5.0",
        "target_value": 6.5
      },
      "choice": {
        "button": "F",
        "selected_option": "OptionA"
      }
    },
    {
      "question": 16,
      "target": "Home value",
      "target_value": 280000,
      "options": [
        "House size",
        "Neighborhood quality"
      ],
      "optionA": {
        "trial_id": "11",
        "task_id": "70",
        "values": "130.0, 7.0",
        "target_value": 280000
      },
      "optionB": {
        "trial_id": "6",
        "task_id": "70",
        "values": "140.0, 8.0",
        "target_value": 310000
      },
      "choice": {
        "button": "J",
        "selected_option": "OptionB"
      }
    },
    {
      "question": 17,
      "target": "Battery Life (hours)",
      "target_value": 10,
      "options": [
        "Phone Weight (g)",
        "Battery Capacity (mAh)"
      ],
      "optionA": {
        "trial_id": "4",
        "task_id": "30",
        "values": "160.0, 4000.0",
        "target_value": 10
      },
      "optionB": {
        "trial_id": "10",
        "task_id": "30",
        "values": "150.0, 3800.0",
        "target_value": 10
      },
      "choice": {
        "button": "F",
        "selected_option": "OptionA"
      }
    },
    {
      "question": 18,
      "target": "Room Area (m²)",
      "target_value": 15,
      "options": [
        "Room Length (m)",
        "Room Width (m)"
      ],
      "optionA": {
        "trial_id": "18",
        "task_id": "89",
        "values": "5.0, 3.0",
        "target_value": 15
      },
      "optionB": {
        "trial_id": "17",
        "task_id": "89",
        "values": "3.0, 5.0",
        "target_value": 15
      },
      "choice": {
        "button": "F",
        "selected_option": "OptionA"
      }
    },
    {
      "question": 19,
      "target": "Exercise Intensity",
      "target_value": 5,
      "options": [
        "Time to Walk (min)",
        "Number of Steps"
      ],
      "optionA": {
        "trial_id": "1",
        "task_id": "95",
        "values": "10.0, 1000.0",
        "target_value": 5
      },
      "optionB": {
        "trial_id": "6",
        "task_id": "95",
        "values": "14.0, 1400.0",
        "target_value": 7
      },
      "choice": {
        "button": "J",
        "selected_option": "OptionB"
      }
    },
    {
      "question": "attention_check_19",
      "choice": "F",
      "passed": true,
      "timestamp": 1756154642295
    },
    {
      "question": 20,
      "target": "House Price",
      "target_value": 470000,
      "options": [
        "House Size sqft",
        "House Location Rating"
      ],
      "optionA": {
        "trial_id": "18",
        "task_id": "23",
        "values": "2400.0, 9.0",
        "target_value": 470000
      },
      "optionB": {
        "trial_id": "20",
        "task_id": "23",
        "values": "2000.0, 8.0",
        "target_value": 410000
      },
      "choice": {
        "button": "F",
        "selected_option": "OptionA"
      }
    },
    {
      "question": 21,
      "target": "Natural Light (on scale 1-10)",
      "target_value": 8,
      "options": [
        "Room Area (m2)",
        "Number of Windows"
      ],
      "optionA": {
        "trial_id": "12",
        "task_id": "15",
        "values": "30.0, 4.0",
        "target_value": 8
      },
      "optionB": {
        "trial_id": "5",
        "task_id": "15",
        "values": "25.0, 5.0",
        "target_value": 9
      },
      "choice": {
        "button": "J",
        "selected_option": "OptionB"
      }
    },
    {
      "question": 22,
      "target": "Post reach",
      "target_value": 18000,
      "options": [
        "Number of followers",
        "Engagement rate (%)"
      ],
      "optionA": {
        "trial_id": "18",
        "task_id": "92",
        "values": "2000.0, 5.0",
        "target_value": 18000
      },
      "optionB": {
        "trial_id": "6",
        "task_id": "92",
        "values": "2000.0, 4.0",
        "target_value": 16000
      },
      "choice": {
        "button": "F",
        "selected_option": "OptionA"
      }
    },
    {
      "question": 23,
      "target": "Time to destination (hours)",
      "target_value": 0.43,
      "options": [
        "Distance (miles)",
        "Speed (mph)"
      ],
      "optionA": {
        "trial_id": "20",
        "task_id": "118",
        "values": "30.0, 80.0",
        "target_value": 0.43
      },
      "optionB": {
        "trial_id": "2",
        "task_id": "118",
        "values": "12.0, 35.0",
        "target_value": 0.34
      },
      "choice": {
        "button": "J",
        "selected_option": "OptionB"
      }
    },
    {
      "question": 24,
      "target": "Fun Score",
      "target_value": 6,
      "options": [
        "Number of Players",
        "Game Length (min)"
      ],
      "optionA": {
        "trial_id": "7",
        "task_id": "98",
        "values": "4.0, 55.0",
        "target_value": 6
      },
      "optionB": {
        "trial_id": "15",
        "task_id": "98",
        "values": "4.0, 50.0",
        "target_value": 6
      },
      "choice": {
        "button": "J",
        "selected_option": "OptionB"
      }
    },
    {
      "question": 25,
      "target": "Popularity Score",
      "target_value": 72,
      "options": [
        "Price ($)",
        "Rating (1-10)"
      ],
      "optionA": {
        "trial_id": "4",
        "task_id": "97",
        "values": "80.0, 6.0",
        "target_value": 72
      },
      "optionB": {
        "trial_id": "1",
        "task_id": "97",
        "values": "50.0, 7.0",
        "target_value": 60
      },
      "choice": {
        "button": "J",
        "selected_option": "OptionB"
      }
    },
    {
      "question": 26,
      "target": "Performance Quality (on scale 1-10)",
      "target_value": 9,
      "options": [
        "Hours of Practice",
        "Musical Experience (years)"
      ],
      "optionA": {
        "trial_id": "7",
        "task_id": "17",
        "values": "70.0, 5.0",
        "target_value": 9
      },
      "optionB": {
        "trial_id": "10",
        "task_id": "17",
        "values": "100.0, 4.0",
        "target_value": 9
      },
      "choice": {
        "button": "J",
        "selected_option": "OptionB"
      }
    },
    {
      "question": 27,
      "target": "Fuel Consumption (L/100km)",
      "target_value": 7,
      "options": [
        "Engine Size (cc)",
        "Weight (kg)"
      ],
      "optionA": {
        "trial_id": "5",
        "task_id": "11",
        "values": "1800.0, 1100.0",
        "target_value": 7
      },
      "optionB": {
        "trial_id": "14",
        "task_id": "11",
        "values": "2000.0, 1300.0",
        "target_value": 8
      },
      "choice": {
        "button": "F",
        "selected_option": "OptionA"
      }
    },
    {
      "question": 28,
      "target": "Distance Traveled",
      "target_value": 290,
      "options": [
        "Speed",
        "Weight"
      ],
      "optionA": {
        "trial_id": "17",
        "task_id": "111",
        "values": "50.0, 900.0",
        "target_value": 290
      },
      "optionB": {
        "trial_id": "11",
        "task_id": "111",
        "values": "60.0, 1000.0",
        "target_value": 300
      },
      "choice": {
        "button": "J",
        "selected_option": "OptionB"
      }
    },
    {
      "question": 29,
      "target": "Natural Light",
      "target_value": 4,
      "options": [
        "Room Size",
        "Number of Windows"
      ],
      "optionA": {
        "trial_id": "13",
        "task_id": "53",
        "values": "210.0, 1.0",
        "target_value": 4
      },
      "optionB": {
        "trial_id": "9",
        "task_id": "53",
        "values": "250.0, 4.0",
        "target_value": 8
      },
      "choice": {
        "button": "J",
        "selected_option": "OptionB"
      }
    },
    {
      "question": "attention_check_29",
      "choice": "F",
      "passed": false,
      "timestamp": 1756154728679
    },
    {
      "question": 30,
      "target": "Energy Boost",
      "target_value": 8,
      "options": [
        "Coffee Caffeine Content",
        "Coffee Richness"
      ],
      "optionA": {
        "trial_id": "3",
        "task_id": "4",
        "values": "80.0, 5.0",
        "target_value": 8
      },
      "optionB": {
        "trial_id": "5",
        "task_id": "4",
        "values": "120.0, 2.0",
        "target_value": 6
      },
      "choice": {
        "button": "F",
        "selected_option": "OptionA"
      }
    },
    {
      "question": 31,
      "target": "Social Engagement (on scale 1-10)",
      "target_value": 9,
      "options": [
        "Number of Friends",
        "Average Message Frequency"
      ],
      "optionA": {
        "trial_id": "7",
        "task_id": "21",
        "values": "110.0, 5.0",
        "target_value": 9
      },
      "optionB": {
        "trial_id": "19",
        "task_id": "21",
        "values": "150.0, 5.0",
        "target_value": 9
      },
      "choice": {
        "button": "J",
        "selected_option": "OptionB"
      }
    },
    {
      "question": 32,
      "target": "Exam Score (out of 100)",
      "target_value": 75,
      "options": [
        "Study Time (hours)",
        "Previous GPA"
      ],
      "optionA": {
        "trial_id": "15",
        "task_id": "18",
        "values": "7.0, 3.2",
        "target_value": 75
      },
      "optionB": {
        "trial_id": "7",
        "task_id": "18",
        "values": "8.0, 3.2",
        "target_value": 76
      },
      "choice": {
        "button": "J",
        "selected_option": "OptionB"
      }
    },
    {
      "question": 33,
      "target": "Time to destination (hours)",
      "target_value": 0.42,
      "options": [
        "Distance (miles)",
        "Speed (mph)"
      ],
      "optionA": {
        "trial_id": "19",
        "task_id": "118",
        "values": "28.0, 75.0",
        "target_value": 0.42
      },
      "optionB": {
        "trial_id": "2",
        "task_id": "118",
        "values": "12.0, 35.0",
        "target_value": 0.34
      },
      "choice": {
        "button": "F",
        "selected_option": "OptionA"
      }
    },
    {
      "question": 34,
      "target": "House Price (thousands)",
      "target_value": 340,
      "options": [
        "House Size (m²)",
        "House Distance to City (km)"
      ],
      "optionA": {
        "trial_id": "12",
        "task_id": "79",
        "values": "140.0, 10.0",
        "target_value": 340
      },
      "optionB": {
        "trial_id": "16",
        "task_id": "79",
        "values": "130.0, 8.0",
        "target_value": 320
      },
      "choice": {
        "button": "J",
        "selected_option": "OptionB"
      }
    },
    {
      "question": 35,
      "target": "Phone Performance",
      "target_value": 100,
      "options": [
        "Phone RAM",
        "Phone Storage"
      ],
      "optionA": {
        "trial_id": "7",
        "task_id": "86",
        "values": "12.0, 512.0",
        "target_value": 100
      },
      "optionB": {
        "trial_id": "14",
        "task_id": "86",
        "values": "64.0, 8192.0",
        "target_value": 140
      },
      "choice": {
        "button": "J",
        "selected_option": "OptionB"
      }
    },
    {
      "question": 36,
      "target": "User Satisfaction",
      "target_value": 6,
      "options": [
        "Screen Size",
        "Battery Life"
      ],
      "optionA": {
        "trial_id": "15",
        "task_id": "52",
        "values": "8.0, 25.0",
        "target_value": 6
      },
      "optionB": {
        "trial_id": "2",
        "task_id": "52",
        "values": "7.0, 25.0",
        "target_value": 6
      },
      "choice": {
        "button": "F",
        "selected_option": "OptionA"
      }
    },
    {
      "question": 37,
      "target": "Battery Life (hours)",
      "target_value": 11,
      "options": [
        "Phone Weight (g)",
        "Battery Capacity (mAh)"
      ],
      "optionA": {
        "trial_id": "12",
        "task_id": "30",
        "values": "160.0, 4400.0",
        "target_value": 11
      },
      "optionB": {
        "trial_id": "19",
        "task_id": "30",
        "values": "165.0, 4300.0",
        "target_value": 10.8
      },
      "choice": {
        "button": "F",
        "selected_option": "OptionA"
      }
    },
    {
      "question": 38,
      "target": "Plant Sunlight Needs",
      "target_value": 4,
      "options": [
        "Plant Height",
        "Plant Leaf Size"
      ],
      "optionA": {
        "trial_id": "6",
        "task_id": "2",
        "values": "110.0, 8.0",
        "target_value": 4
      },
      "optionB": {
        "trial_id": "10",
        "task_id": "2",
        "values": "140.0, 9.0",
        "target_value": 5
      },
      "choice": {
        "button": "F",
        "selected_option": "OptionA"
      }
    },
    {
      "question": 39,
      "target": "Plant Sunlight Needs",
      "target_value": 4,
      "options": [
        "Plant Height",
        "Plant Leaf Size"
      ],
      "optionA": {
        "trial_id": "6",
        "task_id": "2",
        "values": "110.0, 8.0",
        "target_value": 4
      },
      "optionB": {
        "trial_id": "9",
        "task_id": "2",
        "values": "130.0, 7.0",
        "target_value": 4
      },
      "choice": {
        "button": "F",
        "selected_option": "OptionA"
      }
    },
    {
      "question": "attention_check_39",
      "choice": "F",
      "passed": true,
      "timestamp": 1756154807747
    },
    {
      "question": 40,
      "target": "Fat Burn (in grams)",
      "target_value": 19,
      "options": [
        "Exercise Time (minutes)",
        "Heart Rate (bpm)"
      ],
      "optionA": {
        "trial_id": "18",
        "task_id": "20",
        "values": "60.0, 130.0",
        "target_value": 19
      },
      "optionB": {
        "trial_id": "19",
        "task_id": "20",
        "values": "60.0, 150.0",
        "target_value": 26
      },
      "choice": {
        "button": "F",
        "selected_option": "OptionA"
      }
    },
    {
      "question": 41,
      "target": "Fuel Consumption (L/100km)",
      "target_value": 10,
      "options": [
        "Speed (km/h)",
        "Weight (kg)"
      ],
      "optionA": {
        "trial_id": "4",
        "task_id": "43",
        "values": "110.0, 1700.0",
        "target_value": 10
      },
      "optionB": {
        "trial_id": "13",
        "task_id": "43",
        "values": "115.0, 1450.0",
        "target_value": 8
      },
      "choice": {
        "button": "F",
        "selected_option": "OptionA"
      }
    },
    {
      "question": 42,
      "target": "Photo Quality",
      "target_value": 7,
      "options": [
        "Phone Price",
        "Phone Camera Megapixels"
      ],
      "optionA": {
        "trial_id": "13",
        "task_id": "5",
        "values": "450.0, 10.0",
        "target_value": 7
      },
      "optionB": {
        "trial_id": "16",
        "task_id": "5",
        "values": "530.0, 14.0",
        "target_value": 9
      },
      "choice": {
        "button": "J",
        "selected_option": "OptionB"
      }
    },
    {
      "question": 43,
      "target": "Enjoyment",
      "target_value": 9,
      "options": [
        "Taste rating",
        "Price"
      ],
      "optionA": {
        "trial_id": "3",
        "task_id": "26",
        "values": "7.0, 3.0",
        "target_value": 9
      },
      "optionB": {
        "trial_id": "8",
        "task_id": "26",
        "values": "5.0, 3.0",
        "target_value": 7
      },
      "choice": {
        "button": "F",
        "selected_option": "OptionA"
      }
    },
    {
      "question": 44,
      "target": "Distance Traveled",
      "target_value": 280,
      "options": [
        "Speed",
        "Weight"
      ],
      "optionA": {
        "trial_id": "3",
        "task_id": "111",
        "values": "50.0, 800.0",
        "target_value": 280
      },
      "optionB": {
        "trial_id": "19",
        "task_id": "111",
        "values": "80.0, 1500.0",
        "target_value": 340
      },
      "choice": {
        "button": "J",
        "selected_option": "OptionB"
      }
    },
    {
      "question": 45,
      "target": "Recipe difficulty",
      "target_value": 8,
      "options": [
        "Number of ingredients",
        "Prep time (minutes)"
      ],
      "optionA": {
        "trial_id": "17",
        "task_id": "60",
        "values": "7.0, 25.0",
        "target_value": 8
      },
      "optionB": {
        "trial_id": "10",
        "task_id": "60",
        "values": "4.0, 12.0",
        "target_value": 5
      },
      "choice": {
        "button": "F",
        "selected_option": "OptionA"
      }
    },
    {
      "question": 46,
      "target": "Value Score",
      "target_value": 65,
      "options": [
        "Price ($)",
        "Size (GB)"
      ],
      "optionA": {
        "trial_id": "20",
        "task_id": "99",
        "values": "70.0, 256.0",
        "target_value": 65
      },
      "optionB": {
        "trial_id": "18",
        "task_id": "99",
        "values": "80.0, 512.0",
        "target_value": 75
      },
      "choice": {
        "button": "J",
        "selected_option": "OptionB"
      }
    },
    {
      "question": 47,
      "target": "House Price ($1000s)",
      "target_value": 360,
      "options": [
        "Number of Rooms",
        "Square Feet"
      ],
      "optionA": {
        "trial_id": "14",
        "task_id": "77",
        "values": "5.0, 2200.0",
        "target_value": 360
      },
      "optionB": {
        "trial_id": "5",
        "task_id": "77",
        "values": "5.0, 2000.0",
        "target_value": 340
      },
      "choice": {
        "button": "F",
        "selected_option": "OptionA"
      }
    },
    {
      "question": 48,
      "target": "Battery Life",
      "target_value": 10,
      "options": [
        "Battery Capacity",
        "Weight"
      ],
      "optionA": {
        "trial_id": "8",
        "task_id": "114",
        "values": "2500.0, 180.0",
        "target_value": 10
      },
      "optionB": {
        "trial_id": "17",
        "task_id": "114",
        "values": "5000.0, 300.0",
        "target_value": 17
      },
      "choice": {
        "button": "J",
        "selected_option": "OptionB"
      }
    },
    {
      "question": 49,
      "target": "Fat Burn (g)",
      "target_value": 55,
      "options": [
        "Exercise Time (min)",
        "Heart Rate (bpm)"
      ],
      "optionA": {
        "trial_id": "4",
        "task_id": "28",
        "values": "50.0, 130.0",
        "target_value": 55
      },
      "optionB": {
        "trial_id": "4",
        "task_id": "28",
        "values": "50.0, 130.0",
        "target_value": 55
      },
      "choice": {
        "button": "F",
        "selected_option": "OptionA"
      }
    },
    {
      "question": 50,
      "target": "Restaurant Popularity (on scale 1-10)",
      "target_value": 8,
      "options": [
        "Number of Reviews",
        "Average Rating (out of 5)"
      ],
      "optionA": {
        "trial_id": "18",
        "task_id": "19",
        "values": "250.0, 4.4",
        "target_value": 8
      },
      "optionB": {
        "trial_id": "7",
        "task_id": "19",
        "values": "150.0, 4.3",
        "target_value": 7
      },
      "choice": {
        "button": "F",
        "selected_option": "OptionA"
      }
    }
  ]
}