{
  "prolific_id": "UNKNOWN",
  "condition_group": "ranking",
  "responses": [
    {
      "question": 1,
      "target": "Post reach (people)",
      "target_value": 6000,
      "options": [
        "Number of likes (count)",
        "Time posted (hours ago)"
      ],
      "optionA": {
        "trial_id": "17",
        "task_id": "93",
        "values": "1200.0, 5",
        "target_value": 6000
      },
      "optionB": {
        "trial_id": "4",
        "task_id": "93",
        "values": "900.0, 5",
        "target_value": 4500
      },
      "choice": {
        "button": "F",
        "selected_option": "OptionA"
      }
    },
    {
      "question": 2,
      "target": "Warmth Rating (1-10)",
      "target_value": 8.5,
      "options": [
        "Shirt Thickness (mm)",
        "Shirt Weight (g)"
      ],
      "optionA": {
        "trial_id": "16",
        "task_id": "35",
        "values": "3.5, 145.0",
        "target_value": 8.5
      },
      "optionB": {
        "trial_id": "12",
        "task_id": "35",
        "values": "1.5, 165.0",
        "target_value": 6.5
      },
      "choice": {
        "button": "F",
        "selected_option": "OptionA"
      }
    },
    {
      "question": 3,
      "target": "Water Usage (ml/day)",
      "target_value": 160,
      "options": [
        "Plant Height",
        "Plant Leaves"
      ],
      "optionA": {
        "trial_id": "16",
        "task_id": "73",
        "values": "36.0, 11.0",
        "target_value": 160
      },
      "optionB": {
        "trial_id": "14",
        "task_id": "73",
        "values": "39.0, 12.0",
        "target_value": 165
      },
      "choice": {
        "button": "J",
        "selected_option": "OptionB"
      }
    },
    {
      "question": 4,
      "target": "Cooling Time (min)",
      "target_value": 30,
      "options": [
        "Room Size (m²)",
        "Window Size (m²)"
      ],
      "optionA": {
        "trial_id": "1",
        "task_id": "143",
        "values": "20.0, 2.0",
        "target_value": 30
      },
      "optionB": {
        "trial_id": "11",
        "task_id": "143",
        "values": "16.0, 1.2",
        "target_value": 38
      },
      "choice": {
        "button": "J",
        "selected_option": "OptionB"
      }
    },
    {
      "question": 5,
      "target": "Heating cost (per month)",
      "target_value": 420,
      "options": [
        "House size (sqm)",
        "Number of windows"
      ],
      "optionA": {
        "trial_id": "18",
        "task_id": "151",
        "values": "150.0, 1.0",
        "target_value": 420
      },
      "optionB": {
        "trial_id": "4",
        "task_id": "151",
        "values": "110.0, 6.0",
        "target_value": 320
      },
      "choice": {
        "button": "J",
        "selected_option": "OptionB"
      }
    },
    {
      "question": 6,
      "target": "Energy level (1-10)",
      "target_value": 9,
      "options": [
        "Hours of sleep",
        "Caffeine intake (mg)"
      ],
      "optionA": {
        "trial_id": "9",
        "task_id": "54",
        "values": "9.0, 40",
        "target_value": 9
      },
      "optionB": {
        "trial_id": "11",
        "task_id": "54",
        "values": "7.0, 120",
        "target_value": 5
      },
      "choice": {
        "button": "F",
        "selected_option": "OptionA"
      }
    },
    {
      "question": 7,
      "target": "Comfort Rating",
      "target_value": 8,
      "options": [
        "Shoe Weight",
        "Brand Popularity"
      ],
      "optionA": {
        "trial_id": "1",
        "task_id": "29",
        "values": "200.0, 8.0",
        "target_value": 8
      },
      "optionB": {
        "trial_id": "9",
        "task_id": "29",
        "values": "190.0, 8.0",
        "target_value": 8.3
      },
      "choice": {
        "button": "F",
        "selected_option": "OptionA"
      }
    },
    {
      "question": 8,
      "target": "Lighting (lux)",
      "target_value": 480,
      "options": [
        "Room size (m2)",
        "Number of windows"
      ],
      "optionA": {
        "trial_id": "2",
        "task_id": "115",
        "values": "18.0, 3",
        "target_value": 480
      },
      "optionB": {
        "trial_id": "17",
        "task_id": "115",
        "values": "26.0, 2",
        "target_value": 710
      },
      "choice": {
        "button": "F",
        "selected_option": "OptionA"
      }
    },
    {
      "question": 9,
      "target": "Value for Money",
      "target_value": 35,
      "options": [
        "Price",
        "Weight"
      ],
      "optionA": {
        "trial_id": "9",
        "task_id": "20",
        "values": "70.0, 3.5",
        "target_value": 35
      },
      "optionB": {
        "trial_id": "9",
        "task_id": "20",
        "values": "70.0, 3.5",
        "target_value": 35
      },
      "choice": {
        "button": "F",
        "selected_option": "OptionA"
      }
    },
    {
      "question": "attention_check_9",
      "choice": "J",
      "passed": true,
      "timestamp": 1756154492181
    },
    {
      "question": 10,
      "target": "Speed on Flat Ground",
      "target_value": 19,
      "options": [
        "Bike Weight",
        "Wheel Size"
      ],
      "optionA": {
        "trial_id": "14",
        "task_id": "30",
        "values": "14.0, 29.0",
        "target_value": 19
      },
      "optionB": {
        "trial_id": "10",
        "task_id": "30",
        "values": "13.0, 26.0",
        "target_value": 21
      },
      "choice": {
        "button": "J",
        "selected_option": "OptionB"
      }
    },
    {
      "question": 11,
      "target": "Value for Money",
      "target_value": 37,
      "options": [
        "Price",
        "Weight"
      ],
      "optionA": {
        "trial_id": "15",
        "task_id": "20",
        "values": "85.0, 3.0",
        "target_value": 37
      },
      "optionB": {
        "trial_id": "4",
        "task_id": "20",
        "values": "90.0, 2.5",
        "target_value": 42
      },
      "choice": {
        "button": "F",
        "selected_option": "OptionA"
      }
    },
    {
      "question": 12,
      "target": "Shade Area (sq ft)",
      "target_value": 160,
      "options": [
        "Tree Height (ft)",
        "Tree Diameter (in)"
      ],
      "optionA": {
        "trial_id": "16",
        "task_id": "33",
        "values": "55.0, 9.0",
        "target_value": 160
      },
      "optionB": {
        "trial_id": "3",
        "task_id": "33",
        "values": "50.0, 8.0",
        "target_value": 150
      },
      "choice": {
        "button": "F",
        "selected_option": "OptionA"
      }
    },
    {
      "question": 13,
      "target": "Salary",
      "target_value": 75000,
      "options": [
        "Experience",
        "Years since graduation"
      ],
      "optionA": {
        "trial_id": "2",
        "task_id": "76",
        "values": "8.0, 7",
        "target_value": 75000
      },
      "optionB": {
        "trial_id": "6",
        "task_id": "76",
        "values": "6.0, 12",
        "target_value": 65000
      },
      "choice": {
        "button": "F",
        "selected_option": "OptionA"
      }
    },
    {
      "question": 14,
      "target": "Student Exam Score",
      "target_value": 85,
      "options": [
        "Student Study Hours",
        "Student Distractions"
      ],
      "optionA": {
        "trial_id": "1",
        "task_id": "8",
        "values": "10.0, 2",
        "target_value": 85
      },
      "optionB": {
        "trial_id": "14",
        "task_id": "8",
        "values": "0.0, 8",
        "target_value": 65
      },
      "choice": {
        "button": "F",
        "selected_option": "OptionA"
      }
    },
    {
      "question": 15,
      "target": "Calories Burned",
      "target_value": 200,
      "options": [
        "Exercise Duration",
        "Exercise Intensity"
      ],
      "optionA": {
        "trial_id": "17",
        "task_id": "71",
        "values": "35.0, 4.0",
        "target_value": 200
      },
      "optionB": {
        "trial_id": "1",
        "task_id": "71",
        "values": "30.0, 5.0",
        "target_value": 200
      },
      "choice": {
        "button": "F",
        "selected_option": "OptionA"
      }
    },
    {
      "question": 16,
      "target": "Customer satisfaction (1-10)",
      "target_value": 6.5,
      "options": [
        "Number of reviews",
        "Price (in $)"
      ],
      "optionA": {
        "trial_id": "7",
        "task_id": "56",
        "values": "80.0, 65",
        "target_value": 6.5
      },
      "optionB": {
        "trial_id": "8",
        "task_id": "56",
        "values": "200.0, 55",
        "target_value": 8.5
      },
      "choice": {
        "button": "F",
        "selected_option": "OptionA"
      }
    },
    {
      "question": 17,
      "target": "Customer Satisfaction",
      "target_value": 6,
      "options": [
        "Restaurant Wait Time (in mins)",
        "Restaurant Rating (1-5)"
      ],
      "optionA": {
        "trial_id": "7",
        "task_id": "174",
        "values": "20.0, 5",
        "target_value": 6
      },
      "optionB": {
        "trial_id": "10",
        "task_id": "174",
        "values": "22.0, 2",
        "target_value": 6
      },
      "choice": {
        "button": "F",
        "selected_option": "OptionA"
      }
    },
    {
      "question": 18,
      "target": "Fuel Efficiency (km/l)",
      "target_value": 15,
      "options": [
        "Car Engine Size (liters)",
        "Weight (kg)"
      ],
      "optionA": {
        "trial_id": "5",
        "task_id": "103",
        "values": "1.6, 1200.0",
        "target_value": 15
      },
      "optionB": {
        "trial_id": "15",
        "task_id": "103",
        "values": "1.7, 1250.0",
        "target_value": 14
      },
      "choice": {
        "button": "F",
        "selected_option": "OptionA"
      }
    },
    {
      "question": 19,
      "target": "Price",
      "target_value": 400000,
      "options": [
        "House Size",
        "Bedrooms"
      ],
      "optionA": {
        "trial_id": "3",
        "task_id": "15",
        "values": "2200.0, 2",
        "target_value": 400000
      },
      "optionB": {
        "trial_id": "16",
        "task_id": "15",
        "values": "1800.0, 5",
        "target_value": 340000
      },
      "choice": {
        "button": "F",
        "selected_option": "OptionA"
      }
    },
    {
      "question": "attention_check_19",
      "choice": "F",
      "passed": true,
      "timestamp": 1756154570498
    },
    {
      "question": 20,
      "target": "Shadow coverage",
      "target_value": 75,
      "options": [
        "Tree height",
        "Tree thickness"
      ],
      "optionA": {
        "trial_id": "12",
        "task_id": "58",
        "values": "12.0, 2.0",
        "target_value": 75
      },
      "optionB": {
        "trial_id": "17",
        "task_id": "58",
        "values": "13.0, 2.0",
        "target_value": 80
      },
      "choice": {
        "button": "J",
        "selected_option": "OptionB"
      }
    },
    {
      "question": 21,
      "target": "Fuel Efficiency (km/L)",
      "target_value": 16,
      "options": [
        "Car Weight (kg)",
        "Engine Power (hp)"
      ],
      "optionA": {
        "trial_id": "7",
        "task_id": "3",
        "values": "1100.0, 110",
        "target_value": 16
      },
      "optionB": {
        "trial_id": "5",
        "task_id": "3",
        "values": "1500.0, 150",
        "target_value": 11
      },
      "choice": {
        "button": "F",
        "selected_option": "OptionA"
      }
    },
    {
      "question": 22,
      "target": "House price (thousands)",
      "target_value": 385,
      "options": [
        "House size (m2)",
        "Number of bedrooms"
      ],
      "optionA": {
        "trial_id": "13",
        "task_id": "117",
        "values": "145.0, 2",
        "target_value": 385
      },
      "optionB": {
        "trial_id": "19",
        "task_id": "117",
        "values": "140.0, 2",
        "target_value": 370
      },
      "choice": {
        "button": "F",
        "selected_option": "OptionA"
      }
    },
    {
      "question": 23,
      "target": "Enjoyment",
      "target_value": 80,
      "options": [
        "Book pages",
        "Author fame"
      ],
      "optionA": {
        "trial_id": "8",
        "task_id": "84",
        "values": "380.0, 6",
        "target_value": 80
      },
      "optionB": {
        "trial_id": "8",
        "task_id": "84",
        "values": "380.0, 6",
        "target_value": 80
      },
      "choice": {
        "button": "F",
        "selected_option": "OptionA"
      }
    },
    {
      "question": 24,
      "target": "Warmth Rating (1-10)",
      "target_value": 9,
      "options": [
        "Shirt Thickness (mm)",
        "Shirt Weight (g)"
      ],
      "optionA": {
        "trial_id": "5",
        "task_id": "35",
        "values": "4.0, 130.0",
        "target_value": 9
      },
      "optionB": {
        "trial_id": "6",
        "task_id": "35",
        "values": "3.0, 140.0",
        "target_value": 8
      },
      "choice": {
        "button": "F",
        "selected_option": "OptionA"
      }
    },
    {
      "question": 25,
      "target": "Shade Area (sq ft)",
      "target_value": 220,
      "options": [
        "Tree Height (ft)",
        "Tree Diameter (in)"
      ],
      "optionA": {
        "trial_id": "17",
        "task_id": "33",
        "values": "75.0, 6.0",
        "target_value": 220
      },
      "optionB": {
        "trial_id": "14",
        "task_id": "33",
        "values": "45.0, 11.0",
        "target_value": 130
      },
      "choice": {
        "button": "J",
        "selected_option": "OptionB"
      }
    },
    {
      "question": 26,
      "target": "Heart Health Score",
      "target_value": 81,
      "options": [
        "Age (years)",
        "Exercise Frequency"
      ],
      "optionA": {
        "trial_id": "12",
        "task_id": "149",
        "values": "42.0, 5.0",
        "target_value": 81
      },
      "optionB": {
        "trial_id": "13",
        "task_id": "149",
        "values": "27.0, 6.0",
        "target_value": 91
      },
      "choice": {
        "button": "J",
        "selected_option": "OptionB"
      }
    },
    {
      "question": 27,
      "target": "Phone Performance Score",
      "target_value": 8.5,
      "options": [
        "Phone Processor Speed",
        "Phone Battery Capacity"
      ],
      "optionA": {
        "trial_id": "2",
        "task_id": "10",
        "values": "3.0, 4500",
        "target_value": 8.5
      },
      "optionB": {
        "trial_id": "20",
        "task_id": "10",
        "values": "5.5, 2000",
        "target_value": 9.9
      },
      "choice": {
        "button": "J",
        "selected_option": "OptionB"
      }
    },
    {
      "question": 28,
      "target": "Bike Speed",
      "target_value": 23,
      "options": [
        "Bike Weight",
        "Bike Frame Size"
      ],
      "optionA": {
        "trial_id": "18",
        "task_id": "106",
        "values": "12.0, 20",
        "target_value": 23
      },
      "optionB": {
        "trial_id": "9",
        "task_id": "106",
        "values": "10.0, 19",
        "target_value": 25
      },
      "choice": {
        "button": "F",
        "selected_option": "OptionA"
      }
    },
    {
      "question": 29,
      "target": "Reliability",
      "target_value": 55,
      "options": [
        "Car age",
        "Maintenance cost"
      ],
      "optionA": {
        "trial_id": "6",
        "task_id": "83",
        "values": "9.0, 600",
        "target_value": 55
      },
      "optionB": {
        "trial_id": "17",
        "task_id": "83",
        "values": "1.0, 2500",
        "target_value": 100
      },
      "choice": {
        "button": "J",
        "selected_option": "OptionB"
      }
    },
    {
      "question": "attention_check_29",
      "choice": "J",
      "passed": true,
      "timestamp": 1756154621416
    },
    {
      "question": 30,
      "target": "Fuel Efficiency (km per liter)",
      "target_value": 14,
      "options": [
        "Car Engine Size (in liters)",
        "Car Weight (in kg)"
      ],
      "optionA": {
        "trial_id": "3",
        "task_id": "173",
        "values": "1.5, 1400",
        "target_value": 14
      },
      "optionB": {
        "trial_id": "19",
        "task_id": "173",
        "values": "2.3, 1400",
        "target_value": 11
      },
      "choice": {
        "button": "J",
        "selected_option": "OptionB"
      }
    },
    {
      "question": 31,
      "target": "House price ($)",
      "target_value": 280000,
      "options": [
        "House size (sq ft)",
        "House age (years)"
      ],
      "optionA": {
        "trial_id": "17",
        "task_id": "155",
        "values": "2050.0, 9.0",
        "target_value": 280000
      },
      "optionB": {
        "trial_id": "20",
        "task_id": "155",
        "values": "2550.0, 21.0",
        "target_value": 275000
      },
      "choice": {
        "button": "J",
        "selected_option": "OptionB"
      }
    },
    {
      "question": 32,
      "target": "House price (thousands)",
      "target_value": 350,
      "options": [
        "House size (m2)",
        "Number of bedrooms"
      ],
      "optionA": {
        "trial_id": "4",
        "task_id": "117",
        "values": "120.0, 3",
        "target_value": 350
      },
      "optionB": {
        "trial_id": "9",
        "task_id": "117",
        "values": "125.0, 2",
        "target_value": 355
      },
      "choice": {
        "button": "J",
        "selected_option": "OptionB"
      }
    },
    {
      "question": 33,
      "target": "Warmth Rating (1-10)",
      "target_value": 5,
      "options": [
        "Shirt Thickness (mm)",
        "Shirt Weight (g)"
      ],
      "optionA": {
        "trial_id": "2",
        "task_id": "35",
        "values": "1.0, 160.0",
        "target_value": 5
      },
      "optionB": {
        "trial_id": "17",
        "task_id": "35",
        "values": "5.5, 125.0",
        "target_value": 10.5
      },
      "choice": {
        "button": "J",
        "selected_option": "OptionB"
      }
    },
    {
      "question": 34,
      "target": "Restaurant Rating",
      "target_value": 4.2,
      "options": [
        "Restaurant Menu Variety",
        "Restaurant Wait Time"
      ],
      "optionA": {
        "trial_id": "4",
        "task_id": "11",
        "values": "50.0, 15",
        "target_value": 4.2
      },
      "optionB": {
        "trial_id": "11",
        "task_id": "11",
        "values": "20.0, 35",
        "target_value": 3.4
      },
      "choice": {
        "button": "F",
        "selected_option": "OptionA"
      }
    },
    {
      "question": 35,
      "target": "Commute time (minutes)",
      "target_value": 33,
      "options": [
        "Distance to work (miles)",
        "Number of traffic lights"
      ],
      "optionA": {
        "trial_id": "4",
        "task_id": "95",
        "values": "7.0, 9",
        "target_value": 33
      },
      "optionB": {
        "trial_id": "12",
        "task_id": "95",
        "values": "6.0, 10",
        "target_value": 31
      },
      "choice": {
        "button": "F",
        "selected_option": "OptionA"
      }
    },
    {
      "question": 36,
      "target": "Exam Score",
      "target_value": 90,
      "options": [
        "Study Time (hours)",
        "Difficulty Level (1-10)"
      ],
      "optionA": {
        "trial_id": "3",
        "task_id": "128",
        "values": "6.0, 2",
        "target_value": 90
      },
      "optionB": {
        "trial_id": "2",
        "task_id": "128",
        "values": "4.0, 5",
        "target_value": 80
      },
      "choice": {
        "button": "F",
        "selected_option": "OptionA"
      }
    },
    {
      "question": 37,
      "target": "Exam Score",
      "target_value": 90,
      "options": [
        "Study Time",
        "Coffee Consumption"
      ],
      "optionA": {
        "trial_id": "7",
        "task_id": "14",
        "values": "7.0, 1",
        "target_value": 90
      },
      "optionB": {
        "trial_id": "2",
        "task_id": "14",
        "values": "4.0, 5",
        "target_value": 75
      },
      "choice": {
        "button": "F",
        "selected_option": "OptionA"
      }
    },
    {
      "question": 38,
      "target": "Rent (per month)",
      "target_value": 1300,
      "options": [
        "Distance from center (km)",
        "Size (m²)"
      ],
      "optionA": {
        "trial_id": "3",
        "task_id": "53",
        "values": "3.0, 40",
        "target_value": 1300
      },
      "optionB": {
        "trial_id": "12",
        "task_id": "53",
        "values": "5.0, 80",
        "target_value": 1300
      },
      "choice": {
        "button": "J",
        "selected_option": "OptionB"
      }
    },
    {
      "question": 39,
      "target": "Exam score",
      "target_value": 65,
      "options": [
        "Study time",
        "Hours slept"
      ],
      "optionA": {
        "trial_id": "13",
        "task_id": "102",
        "values": "1.0, 10",
        "target_value": 65
      },
      "optionB": {
        "trial_id": "13",
        "task_id": "102",
        "values": "1.0, 10",
        "target_value": 65
      },
      "choice": {
        "button": "F",
        "selected_option": "OptionA"
      }
    },
    {
      "question": "attention_check_39",
      "choice": "F",
      "passed": true,
      "timestamp": 1756154670478
    },
    {
      "question": 40,
      "target": "Battery life",
      "target_value": 34,
      "options": [
        "Phone battery",
        "Phone size"
      ],
      "optionA": {
        "trial_id": "12",
        "task_id": "62",
        "values": "6000.0, 11.0",
        "target_value": 34
      },
      "optionB": {
        "trial_id": "17",
        "task_id": "62",
        "values": "4800.0, 16.0",
        "target_value": 28
      },
      "choice": {
        "button": "F",
        "selected_option": "OptionA"
      }
    },
    {
      "question": 41,
      "target": "100m sprint time (s)",
      "target_value": 11.4,
      "options": [
        "Runner stride length (cm)",
        "Runner age (years)"
      ],
      "optionA": {
        "trial_id": "9",
        "task_id": "145",
        "values": "82.0, 24",
        "target_value": 11.4
      },
      "optionB": {
        "trial_id": "16",
        "task_id": "145",
        "values": "71.0, 27",
        "target_value": 11.9
      },
      "choice": {
        "button": "F",
        "selected_option": "OptionA"
      }
    },
    {
      "question": 42,
      "target": "Salary",
      "target_value": 80000,
      "options": [
        "Experience",
        "Years since graduation"
      ],
      "optionA": {
        "trial_id": "1",
        "task_id": "76",
        "values": "10.0, 5",
        "target_value": 80000
      },
      "optionB": {
        "trial_id": "11",
        "task_id": "76",
        "values": "11.0, 9",
        "target_value": 82000
      },
      "choice": {
        "button": "J",
        "selected_option": "OptionB"
      }
    },
    {
      "question": 43,
      "target": "Reaction Time (ms)",
      "target_value": 220,
      "options": [
        "Age (years)",
        "Driving Experience (years)"
      ],
      "optionA": {
        "trial_id": "15",
        "task_id": "25",
        "values": "50.0, 30.0",
        "target_value": 220
      },
      "optionB": {
        "trial_id": "7",
        "task_id": "25",
        "values": "35.0, 15.0",
        "target_value": 240
      },
      "choice": {
        "button": "J",
        "selected_option": "OptionB"
      }
    },
    {
      "question": 44,
      "target": "Daily travel cost ($)",
      "target_value": 25,
      "options": [
        "Distance to work (miles)",
        "Commute time (minutes)"
      ],
      "optionA": {
        "trial_id": "12",
        "task_id": "138",
        "values": "5.0, 18",
        "target_value": 25
      },
      "optionB": {
        "trial_id": "4",
        "task_id": "138",
        "values": "4.0, 18",
        "target_value": 24
      },
      "choice": {
        "button": "F",
        "selected_option": "OptionA"
      }
    },
    {
      "question": 45,
      "target": "Calories burned",
      "target_value": 250,
      "options": [
        "Exercise time (min)",
        "Heart rate (bpm)"
      ],
      "optionA": {
        "trial_id": "1",
        "task_id": "116",
        "values": "30.0, 100",
        "target_value": 250
      },
      "optionB": {
        "trial_id": "19",
        "task_id": "116",
        "values": "50.0, 95",
        "target_value": 360
      },
      "choice": {
        "button": "J",
        "selected_option": "OptionB"
      }
    },
    {
      "question": 46,
      "target": "Exam Score (points)",
      "target_value": 88,
      "options": [
        "Study Time (hours)",
        "Distractions (number)"
      ],
      "optionA": {
        "trial_id": "17",
        "task_id": "23",
        "values": "7.0, 1",
        "target_value": 88
      },
      "optionB": {
        "trial_id": "19",
        "task_id": "23",
        "values": "4.0, 2",
        "target_value": 70
      },
      "choice": {
        "button": "F",
        "selected_option": "OptionA"
      }
    },
    {
      "question": 47,
      "target": "Fuel consumption (liters per 100km)",
      "target_value": 7,
      "options": [
        "Car engine size (liters)",
        "Car weight (kg)"
      ],
      "optionA": {
        "trial_id": "1",
        "task_id": "113",
        "values": "2.0, 1400",
        "target_value": 7
      },
      "optionB": {
        "trial_id": "3",
        "task_id": "113",
        "values": "2.4, 1300",
        "target_value": 8.2
      },
      "choice": {
        "button": "F",
        "selected_option": "OptionA"
      }
    },
    {
      "question": 48,
      "target": "App Performance",
      "target_value": 3,
      "options": [
        "Phone RAM",
        "Phone Storage"
      ],
      "optionA": {
        "trial_id": "13",
        "task_id": "170",
        "values": "4.0, 64",
        "target_value": 3
      },
      "optionB": {
        "trial_id": "3",
        "task_id": "170",
        "values": "6.0, 64",
        "target_value": 4
      },
      "choice": {
        "button": "J",
        "selected_option": "OptionB"
      }
    },
    {
      "question": 49,
      "target": "Exam Score (points)",
      "target_value": 75,
      "options": [
        "Study Time (hours)",
        "Distractions (number)"
      ],
      "optionA": {
        "trial_id": "20",
        "task_id": "23",
        "values": "5.0, 1",
        "target_value": 75
      },
      "optionB": {
        "trial_id": "19",
        "task_id": "23",
        "values": "4.0, 2",
        "target_value": 70
      },
      "choice": {
        "button": "F",
        "selected_option": "OptionA"
      }
    },
    {
      "question": 50,
      "target": "Dog Obedience Score",
      "target_value": 7,
      "options": [
        "Dog Training Hours",
        "Dog Distractions"
      ],
      "optionA": {
        "trial_id": "13",
        "task_id": "12",
        "values": "2.0, 7",
        "target_value": 7
      },
      "optionB": {
        "trial_id": "9",
        "task_id": "12",
        "values": "6.0, 5",
        "target_value": 7.5
      },
      "choice": {
        "button": "J",
        "selected_option": "OptionB"
      }
    }
  ]
}