{
  "prolific_id": "UNKNOWN",
  "condition_group": "ranking",
  "responses": [
    {
      "question": 1,
      "target": "Fuel efficiency (km/l)",
      "target_value": 15,
      "options": [
        "Engine size (cc)",
        "Weight (kg)"
      ],
      "optionA": {
        "trial_id": "18",
        "task_id": "51",
        "values": "1550.0, 1210",
        "target_value": 15
      },
      "optionB": {
        "trial_id": "4",
        "task_id": "51",
        "values": "1700.0, 1200",
        "target_value": 13
      },
      "choice": {
        "button": "F",
        "selected_option": "OptionA"
      }
    },
    {
      "question": 2,
      "target": "Bicycle Speed",
      "target_value": 20,
      "options": [
        "Bicycle Weight",
        "Bicycle Price"
      ],
      "optionA": {
        "trial_id": "2",
        "task_id": "39",
        "values": "12.0, 450",
        "target_value": 20
      },
      "optionB": {
        "trial_id": "3",
        "task_id": "39",
        "values": "12.0, 480",
        "target_value": 24
      },
      "choice": {
        "button": "F",
        "selected_option": "OptionA"
      }
    },
    {
      "question": 3,
      "target": "Exam Score",
      "target_value": 90,
      "options": [
        "Study Time (hours)",
        "Difficulty Level (1-10)"
      ],
      "optionA": {
        "trial_id": "16",
        "task_id": "128",
        "values": "7.0, 3",
        "target_value": 90
      },
      "optionB": {
        "trial_id": "9",
        "task_id": "128",
        "values": "3.0, 5",
        "target_value": 70
      },
      "choice": {
        "button": "F",
        "selected_option": "OptionA"
      }
    },
    {
      "question": 4,
      "target": "Exam score",
      "target_value": 78,
      "options": [
        "Study hours",
        "Intelligence"
      ],
      "optionA": {
        "trial_id": "14",
        "task_id": "81",
        "values": "3.0, 80",
        "target_value": 78
      },
      "optionB": {
        "trial_id": "19",
        "task_id": "81",
        "values": "3.0, 80",
        "target_value": 70
      },
      "choice": {
        "button": "F",
        "selected_option": "OptionA"
      }
    },
    {
      "question": 5,
      "target": "Exercise Burned Calories",
      "target_value": 270,
      "options": [
        "Exercise Intensity",
        "Exercise Duration"
      ],
      "optionA": {
        "trial_id": "7",
        "task_id": "13",
        "values": "6.0, 50",
        "target_value": 270
      },
      "optionB": {
        "trial_id": "11",
        "task_id": "13",
        "values": "4.0, 70",
        "target_value": 230
      },
      "choice": {
        "button": "F",
        "selected_option": "OptionA"
      }
    },
    {
      "question": 6,
      "target": "Battery life",
      "target_value": 12,
      "options": [
        "Battery capacity",
        "Weight"
      ],
      "optionA": {
        "trial_id": "4",
        "task_id": "75",
        "values": "5000.0, 270",
        "target_value": 12
      },
      "optionB": {
        "trial_id": "12",
        "task_id": "75",
        "values": "3500.0, 330",
        "target_value": 9
      },
      "choice": {
        "button": "F",
        "selected_option": "OptionA"
      }
    },
    {
      "question": 7,
      "target": "Morning Alertness",
      "target_value": 8,
      "options": [
        "Hours of Sleep",
        "Number of Alarms"
      ],
      "optionA": {
        "trial_id": "13",
        "task_id": "160",
        "values": "8.0, 1",
        "target_value": 8
      },
      "optionB": {
        "trial_id": "4",
        "task_id": "160",
        "values": "7.0, 1",
        "target_value": 7
      },
      "choice": {
        "button": "F",
        "selected_option": "OptionA"
      }
    },
    {
      "question": 8,
      "target": "Amount of natural light (lux)",
      "target_value": 1600,
      "options": [
        "Room size (sq ft)",
        "Number of windows"
      ],
      "optionA": {
        "trial_id": "9",
        "task_id": "94",
        "values": "240.0, 3",
        "target_value": 1600
      },
      "optionB": {
        "trial_id": "1",
        "task_id": "94",
        "values": "200.0, 3",
        "target_value": 1500
      },
      "choice": {
        "button": "F",
        "selected_option": "OptionA"
      }
    },
    {
      "question": 9,
      "target": "Speed",
      "target_value": 14,
      "options": [
        "Bike Weight",
        "Bike Tire Size"
      ],
      "optionA": {
        "trial_id": "2",
        "task_id": "172",
        "values": "10.0, 3",
        "target_value": 14
      },
      "optionB": {
        "trial_id": "8",
        "task_id": "172",
        "values": "16.0, 3",
        "target_value": 11
      },
      "choice": {
        "button": "F",
        "selected_option": "OptionA"
      }
    },
    {
      "question": "attention_check_9",
      "choice": "F",
      "passed": false,
      "timestamp": 1756154449339
    },
    {
      "question": 10,
      "target": "Mobile Phone Performance",
      "target_value": 75,
      "options": [
        "Mobile Phone RAM",
        "Mobile Phone Battery Size"
      ],
      "optionA": {
        "trial_id": "3",
        "task_id": "40",
        "values": "6.0, 3800",
        "target_value": 75
      },
      "optionB": {
        "trial_id": "8",
        "task_id": "40",
        "values": "12.0, 3200",
        "target_value": 80
      },
      "choice": {
        "button": "F",
        "selected_option": "OptionA"
      }
    },
    {
      "question": 11,
      "target": "Flower production",
      "target_value": 20,
      "options": [
        "Plant height",
        "Plant width"
      ],
      "optionA": {
        "trial_id": "1",
        "task_id": "63",
        "values": "100.0, 5.0",
        "target_value": 20
      },
      "optionB": {
        "trial_id": "19",
        "task_id": "63",
        "values": "100.0, 6.0",
        "target_value": 20
      },
      "choice": {
        "button": "F",
        "selected_option": "OptionA"
      }
    },
    {
      "question": 12,
      "target": "Growth Rate (cm/week)",
      "target_value": 6,
      "options": [
        "Plant Height (cm)",
        "Sunlight (hours/day)"
      ],
      "optionA": {
        "trial_id": "8",
        "task_id": "4",
        "values": "40.0, 5",
        "target_value": 6
      },
      "optionB": {
        "trial_id": "17",
        "task_id": "4",
        "values": "20.0, 5",
        "target_value": 3
      },
      "choice": {
        "button": "F",
        "selected_option": "OptionA"
      }
    },
    {
      "question": 13,
      "target": "Energy Boost (1-10)",
      "target_value": 6,
      "options": [
        "Number of Calories",
        "Sugar (g)"
      ],
      "optionA": {
        "trial_id": "2",
        "task_id": "111",
        "values": "120.0, 12",
        "target_value": 6
      },
      "optionB": {
        "trial_id": "8",
        "task_id": "111",
        "values": "180.0, 12",
        "target_value": 3
      },
      "choice": {
        "button": "F",
        "selected_option": "OptionA"
      }
    },
    {
      "question": 14,
      "target": "Flower Size (inches)",
      "target_value": 2,
      "options": [
        "Plant Height (inches)",
        "Plant Width (inches)"
      ],
      "optionA": {
        "trial_id": "14",
        "task_id": "152",
        "values": "9.0, 8.0",
        "target_value": 2
      },
      "optionB": {
        "trial_id": "16",
        "task_id": "152",
        "values": "15.0, 5.0",
        "target_value": 6
      },
      "choice": {
        "button": "F",
        "selected_option": "OptionA"
      }
    },
    {
      "question": 15,
      "target": "Speed (km/h)",
      "target_value": 22,
      "options": [
        "Bicycle weight (kg)",
        "Wheel size (inches)"
      ],
      "optionA": {
        "trial_id": "8",
        "task_id": "119",
        "values": "14.0, 25",
        "target_value": 22
      },
      "optionB": {
        "trial_id": "18",
        "task_id": "119",
        "values": "13.0, 27",
        "target_value": 23
      },
      "choice": {
        "button": "F",
        "selected_option": "OptionA"
      }
    },
    {
      "question": 16,
      "target": "Quality",
      "target_value": 68,
      "options": [
        "Price",
        "Size"
      ],
      "optionA": {
        "trial_id": "13",
        "task_id": "21",
        "values": "120.0, 8.0",
        "target_value": 68
      },
      "optionB": {
        "trial_id": "8",
        "task_id": "21",
        "values": "100.0, 4.0",
        "target_value": 84
      },
      "choice": {
        "button": "F",
        "selected_option": "OptionA"
      }
    },
    {
      "question": 17,
      "target": "App Performance",
      "target_value": 4,
      "options": [
        "Phone RAM",
        "Phone Storage"
      ],
      "optionA": {
        "trial_id": "16",
        "task_id": "170",
        "values": "6.0, 128",
        "target_value": 4
      },
      "optionB": {
        "trial_id": "19",
        "task_id": "170",
        "values": "12.0, 64",
        "target_value": 6
      },
      "choice": {
        "button": "F",
        "selected_option": "OptionA"
      }
    },
    {
      "question": 18,
      "target": "Energy Boost (scale 1-10)",
      "target_value": 6,
      "options": [
        "Coffee Strength (scale 1-10)",
        "Caffeine Content (mg)"
      ],
      "optionA": {
        "trial_id": "7",
        "task_id": "24",
        "values": "7.0, 110",
        "target_value": 6
      },
      "optionB": {
        "trial_id": "5",
        "task_id": "24",
        "values": "10.0, 90",
        "target_value": 7
      },
      "choice": {
        "button": "F",
        "selected_option": "OptionA"
      }
    },
    {
      "question": 19,
      "target": "Morning alertness (1-10)",
      "target_value": 9,
      "options": [
        "Amount of sleep (hours)",
        "Time to bed (minutes past 10pm)"
      ],
      "optionA": {
        "trial_id": "15",
        "task_id": "96",
        "values": "9.0, 15",
        "target_value": 9
      },
      "optionB": {
        "trial_id": "3",
        "task_id": "96",
        "values": "7.0, 45",
        "target_value": 6
      },
      "choice": {
        "button": "F",
        "selected_option": "OptionA"
      }
    },
    {
      "question": "attention_check_19",
      "choice": "F",
      "passed": true,
      "timestamp": 1756154449669
    },
    {
      "question": 20,
      "target": "Cost to travel",
      "target_value": 35,
      "options": [
        "Distance",
        "Speed"
      ],
      "optionA": {
        "trial_id": "6",
        "task_id": "124",
        "values": "70.0, 90.0",
        "target_value": 35
      },
      "optionB": {
        "trial_id": "14",
        "task_id": "124",
        "values": "30.0, 130.0",
        "target_value": 15
      },
      "choice": {
        "button": "F",
        "selected_option": "OptionA"
      }
    },
    {
      "question": 21,
      "target": "Fuel Consumption (mpg)",
      "target_value": 32,
      "options": [
        "Speed (mph)",
        "Engine Size (L)"
      ],
      "optionA": {
        "trial_id": "15",
        "task_id": "156",
        "values": "60.0, 2.2",
        "target_value": 32
      },
      "optionB": {
        "trial_id": "13",
        "task_id": "156",
        "values": "80.0, 3.5",
        "target_value": 18
      },
      "choice": {
        "button": "F",
        "selected_option": "OptionA"
      }
    },
    {
      "question": 22,
      "target": "Quality",
      "target_value": 68,
      "options": [
        "Price",
        "Size"
      ],
      "optionA": {
        "trial_id": "13",
        "task_id": "21",
        "values": "120.0, 8.0",
        "target_value": 68
      },
      "optionB": {
        "trial_id": "19",
        "task_id": "67",
        "values": "120.0, 50",
        "target_value": 7
      },
      "choice": {
        "button": "F",
        "selected_option": "OptionA"
      }
    },
    {
      "question": 23,
      "target": "Wait Time (minutes)",
      "target_value": 25,
      "options": [
        "Restaurant Size",
        "Restaurant Reviews"
      ],
      "optionA": {
        "trial_id": "3",
        "task_id": "74",
        "values": "80.0, 4.3",
        "target_value": 25
      },
      "optionB": {
        "trial_id": "12",
        "task_id": "74",
        "values": "90.0, 3.9",
        "target_value": 29
      },
      "choice": {
        "button": "F",
        "selected_option": "OptionA"
      }
    },
    {
      "question": 24,
      "target": "Cooking Time (minutes)",
      "target_value": 15,
      "options": [
        "Number of Ingredients",
        "Prep Time (minutes)"
      ],
      "optionA": {
        "trial_id": "5",
        "task_id": "26",
        "values": "3.0, 5.0",
        "target_value": 15
      },
      "optionB": {
        "trial_id": "20",
        "task_id": "26",
        "values": "10.0, 20.0",
        "target_value": 12
      },
      "choice": {
        "button": "F",
        "selected_option": "OptionA"
      }
    },
    {
      "question": 25,
      "target": "Taste Rating",
      "target_value": 7,
      "options": [
        "Number of Ingredients",
        "Prep Time (min)"
      ],
      "optionA": {
        "trial_id": "2",
        "task_id": "148",
        "values": "6.0, 30.0",
        "target_value": 7
      },
      "optionB": {
        "trial_id": "3",
        "task_id": "148",
        "values": "4.0, 15.0",
        "target_value": 9
      },
      "choice": {
        "button": "F",
        "selected_option": "OptionA"
      }
    },
    {
      "question": 26,
      "target": "Phone Performance Score",
      "target_value": 8,
      "options": [
        "Phone Processor Speed",
        "Phone Battery Capacity"
      ],
      "optionA": {
        "trial_id": "10",
        "task_id": "10",
        "values": "2.0, 6000",
        "target_value": 8
      },
      "optionB": {
        "trial_id": "7",
        "task_id": "10",
        "values": "3.0, 5000",
        "target_value": 8.4
      },
      "choice": {
        "button": "F",
        "selected_option": "OptionA"
      }
    },
    {
      "question": 27,
      "target": "Resale value ($)",
      "target_value": 11000,
      "options": [
        "Age of car (years)",
        "Mileage (thousands)"
      ],
      "optionA": {
        "trial_id": "6",
        "task_id": "141",
        "values": "6.0, 70",
        "target_value": 11000
      },
      "optionB": {
        "trial_id": "4",
        "task_id": "141",
        "values": "4.0, 100",
        "target_value": 13000
      },
      "choice": {
        "button": "F",
        "selected_option": "OptionA"
      }
    },
    {
      "question": 28,
      "target": "Freshness",
      "target_value": 6,
      "options": [
        "Cooking Time",
        "Ingredients"
      ],
      "optionA": {
        "trial_id": "2",
        "task_id": "19",
        "values": "40.0, 6.0",
        "target_value": 6
      },
      "optionB": {
        "trial_id": "8",
        "task_id": "19",
        "values": "40.0, 3.0",
        "target_value": 5
      },
      "choice": {
        "button": "F",
        "selected_option": "OptionA"
      }
    },
    {
      "question": 29,
      "target": "Fuel Efficiency (km per liter)",
      "target_value": 13,
      "options": [
        "Car Engine Size (in liters)",
        "Car Weight (in kg)"
      ],
      "optionA": {
        "trial_id": "6",
        "task_id": "173",
        "values": "1.8, 1400",
        "target_value": 13
      },
      "optionB": {
        "trial_id": "9",
        "task_id": "173",
        "values": "2.2, 1400",
        "target_value": 10
      },
      "choice": {
        "button": "J",
        "selected_option": "OptionB"
      }
    },
    {
      "question": "attention_check_29",
      "choice": "J",
      "passed": true,
      "timestamp": 1756154467074
    },
    {
      "question": 30,
      "target": "Mood Score (1-10)",
      "target_value": 7,
      "options": [
        "Hours of Sleep",
        "Screen Time (hours)"
      ],
      "optionA": {
        "trial_id": "17",
        "task_id": "109",
        "values": "6.0, 1",
        "target_value": 7
      },
      "optionB": {
        "trial_id": "12",
        "task_id": "109",
        "values": "9.0, 1",
        "target_value": 9
      },
      "choice": {
        "button": "J",
        "selected_option": "OptionB"
      }
    },
    {
      "question": 31,
      "target": "Energy boost",
      "target_value": 85,
      "options": [
        "Coffee strength",
        "Caffeine content"
      ],
      "optionA": {
        "trial_id": "3",
        "task_id": "85",
        "values": "3.0, 100",
        "target_value": 85
      },
      "optionB": {
        "trial_id": "4",
        "task_id": "85",
        "values": "4.0, 110",
        "target_value": 80
      },
      "choice": {
        "button": "J",
        "selected_option": "OptionB"
      }
    },
    {
      "question": 32,
      "target": "Exam score",
      "target_value": 95,
      "options": [
        "Study hours",
        "Intelligence"
      ],
      "optionA": {
        "trial_id": "7",
        "task_id": "81",
        "values": "7.0, 60",
        "target_value": 95
      },
      "optionB": {
        "trial_id": "9",
        "task_id": "81",
        "values": "2.0, 85",
        "target_value": 60
      },
      "choice": {
        "button": "F",
        "selected_option": "OptionA"
      }
    },
    {
      "question": 33,
      "target": "Retention Rate (%)",
      "target_value": 85,
      "options": [
        "Study Time (hours)",
        "Number of Distractions"
      ],
      "optionA": {
        "trial_id": "8",
        "task_id": "161",
        "values": "4.0, 1",
        "target_value": 85
      },
      "optionB": {
        "trial_id": "9",
        "task_id": "161",
        "values": "3.0, 1",
        "target_value": 75
      },
      "choice": {
        "button": "F",
        "selected_option": "OptionA"
      }
    },
    {
      "question": 34,
      "target": "Lighting (lux)",
      "target_value": 550,
      "options": [
        "Room size (m2)",
        "Number of windows"
      ],
      "optionA": {
        "trial_id": "20",
        "task_id": "115",
        "values": "18.0, 4",
        "target_value": 550
      },
      "optionB": {
        "trial_id": "12",
        "task_id": "115",
        "values": "25.0, 3",
        "target_value": 680
      },
      "choice": {
        "button": "J",
        "selected_option": "OptionB"
      }
    },
    {
      "question": 35,
      "target": "Distance",
      "target_value": 420,
      "options": [
        "Fuel Efficiency",
        "Weight"
      ],
      "optionA": {
        "trial_id": "13",
        "task_id": "69",
        "values": "30.0, 1600",
        "target_value": 420
      },
      "optionB": {
        "trial_id": "4",
        "task_id": "69",
        "values": "32.0, 1500",
        "target_value": 480
      },
      "choice": {
        "button": "F",
        "selected_option": "OptionA"
      }
    },
    {
      "question": 36,
      "target": "Battery Life (hours)",
      "target_value": 10,
      "options": [
        "Phone Battery Capacity (mAh)",
        "Phone Brand (1=Premium, 2=Budget)"
      ],
      "optionA": {
        "trial_id": "16",
        "task_id": "175",
        "values": "2700.0, 2",
        "target_value": 10
      },
      "optionB": {
        "trial_id": "13",
        "task_id": "175",
        "values": "4400.0, 1",
        "target_value": 23
      },
      "choice": {
        "button": "J",
        "selected_option": "OptionB"
      }
    },
    {
      "question": 37,
      "target": "Exam score",
      "target_value": 75,
      "options": [
        "Time spent studying",
        "Time spent watching TV"
      ],
      "optionA": {
        "trial_id": "13",
        "task_id": "100",
        "values": "5.0, 3.0",
        "target_value": 75
      },
      "optionB": {
        "trial_id": "18",
        "task_id": "100",
        "values": "5.0, 1.0",
        "target_value": 65
      },
      "choice": {
        "button": "F",
        "selected_option": "OptionA"
      }
    },
    {
      "question": 38,
      "target": "Exam Score",
      "target_value": 75,
      "options": [
        "Student Study Time",
        "Time Spent on Social Media"
      ],
      "optionA": {
        "trial_id": "14",
        "task_id": "79",
        "values": "3.0, 3",
        "target_value": 75
      },
      "optionB": {
        "trial_id": "15",
        "task_id": "79",
        "values": "6.0, 1",
        "target_value": 88
      },
      "choice": {
        "button": "J",
        "selected_option": "OptionB"
      }
    },
    {
      "question": 39,
      "target": "Reading Enjoyment",
      "target_value": 12,
      "options": [
        "Book Length",
        "Author Fame"
      ],
      "optionA": {
        "trial_id": "11",
        "task_id": "131",
        "values": "800.0, 3.0",
        "target_value": 12
      },
      "optionB": {
        "trial_id": "5",
        "task_id": "131",
        "values": "500.0, 6.0",
        "target_value": 9
      },
      "choice": {
        "button": "F",
        "selected_option": "OptionA"
      }
    },
    {
      "question": "attention_check_39",
      "choice": "F",
      "passed": true,
      "timestamp": 1756154528668
    },
    {
      "question": 40,
      "target": "Calories burned",
      "target_value": 300,
      "options": [
        "Exercise time (min)",
        "Heart rate (bpm)"
      ],
      "optionA": {
        "trial_id": "3",
        "task_id": "116",
        "values": "40.0, 95",
        "target_value": 300
      },
      "optionB": {
        "trial_id": "10",
        "task_id": "116",
        "values": "30.0, 100",
        "target_value": 300
      },
      "choice": {
        "button": "F",
        "selected_option": "OptionA"
      }
    },
    {
      "question": 41,
      "target": "Energy Level",
      "target_value": 8,
      "options": [
        "Age of Dog (years)",
        "Size (lbs)"
      ],
      "optionA": {
        "trial_id": "1",
        "task_id": "159",
        "values": "2.0, 10.0",
        "target_value": 8
      },
      "optionB": {
        "trial_id": "8",
        "task_id": "159",
        "values": "4.0, 20.0",
        "target_value": 5
      },
      "choice": {
        "button": "J",
        "selected_option": "OptionB"
      }
    },
    {
      "question": 42,
      "target": "Value for Money",
      "target_value": 32,
      "options": [
        "Price",
        "Weight"
      ],
      "optionA": {
        "trial_id": "10",
        "task_id": "20",
        "values": "85.0, 3.0",
        "target_value": 32
      },
      "optionB": {
        "trial_id": "2",
        "task_id": "20",
        "values": "120.0, 1.5",
        "target_value": 40
      },
      "choice": {
        "button": "J",
        "selected_option": "OptionB"
      }
    },
    {
      "question": 43,
      "target": "Market value",
      "target_value": 330,
      "options": [
        "House size",
        "House floors"
      ],
      "optionA": {
        "trial_id": "17",
        "task_id": "64",
        "values": "230.0, 3.0",
        "target_value": 330
      },
      "optionB": {
        "trial_id": "6",
        "task_id": "64",
        "values": "160.0, 4.0",
        "target_value": 250
      },
      "choice": {
        "button": "F",
        "selected_option": "OptionA"
      }
    },
    {
      "question": 44,
      "target": "Exam score",
      "target_value": 70,
      "options": [
        "Study hours",
        "Intelligence"
      ],
      "optionA": {
        "trial_id": "19",
        "task_id": "81",
        "values": "3.0, 80",
        "target_value": 70
      },
      "optionB": {
        "trial_id": "13",
        "task_id": "81",
        "values": "4.0, 75",
        "target_value": 80
      },
      "choice": {
        "button": "F",
        "selected_option": "OptionA"
      }
    },
    {
      "question": 45,
      "target": "House Price",
      "target_value": 380,
      "options": [
        "House Size",
        "Housing Age"
      ],
      "optionA": {
        "trial_id": "12",
        "task_id": "99",
        "values": "260.0, 12",
        "target_value": 380
      },
      "optionB": {
        "trial_id": "12",
        "task_id": "99",
        "values": "260.0, 12",
        "target_value": 380
      },
      "choice": {
        "button": "F",
        "selected_option": "OptionA"
      }
    },
    {
      "question": 46,
      "target": "Heart Health Score",
      "target_value": 90,
      "options": [
        "Age (years)",
        "Exercise Frequency"
      ],
      "optionA": {
        "trial_id": "1",
        "task_id": "149",
        "values": "30.0, 5.0",
        "target_value": 90
      },
      "optionB": {
        "trial_id": "20",
        "task_id": "149",
        "values": "46.0, 4.0",
        "target_value": 79
      },
      "choice": {
        "button": "J",
        "selected_option": "OptionB"
      }
    },
    {
      "question": 47,
      "target": "Job Success",
      "target_value": 5.5,
      "options": [
        "Age",
        "Experience"
      ],
      "optionA": {
        "trial_id": "7",
        "task_id": "133",
        "values": "45.0, 2.0",
        "target_value": 5.5
      },
      "optionB": {
        "trial_id": "15",
        "task_id": "133",
        "values": "65.0, 0.2",
        "target_value": 3.5
      },
      "choice": {
        "button": "F",
        "selected_option": "OptionA"
      }
    },
    {
      "question": 48,
      "target": "Flower blooming time",
      "target_value": 2,
      "options": [
        "Hours of sunlight",
        "Humidity"
      ],
      "optionA": {
        "trial_id": "9",
        "task_id": "101",
        "values": "9.0, 40.0",
        "target_value": 2
      },
      "optionB": {
        "trial_id": "8",
        "task_id": "101",
        "values": "6.0, 45.0",
        "target_value": 4
      },
      "choice": {
        "button": "F",
        "selected_option": "OptionA"
      }
    },
    {
      "question": 49,
      "target": "Skill Level",
      "target_value": 8,
      "options": [
        "Experience",
        "Years of Education"
      ],
      "optionA": {
        "trial_id": "3",
        "task_id": "137",
        "values": "10.0, 10.0",
        "target_value": 8
      },
      "optionB": {
        "trial_id": "9",
        "task_id": "137",
        "values": "12.0, 9.0",
        "target_value": 9
      },
      "choice": {
        "button": "J",
        "selected_option": "OptionB"
      }
    },
    {
      "question": 50,
      "target": "Market value",
      "target_value": 330,
      "options": [
        "House size",
        "House floors"
      ],
      "optionA": {
        "trial_id": "8",
        "task_id": "64",
        "values": "230.0, 3.0",
        "target_value": 330
      },
      "optionB": {
        "trial_id": "18",
        "task_id": "64",
        "values": "210.0, 4.0",
        "target_value": 310
      },
      "choice": {
        "button": "F",
        "selected_option": "OptionA"
      }
    }
  ]
}