{
  "prolific_id": "UNKNOWN",
  "condition_group": "direction",
  "responses": [
    {
      "question": 1,
      "target": "Job Success",
      "target_value": 90,
      "options": [
        "Age",
        "Experience"
      ],
      "optionA": {
        "trial_id": "10",
        "task_id": "117",
        "values": "45.0, 11.0",
        "target_value": 90
      },
      "optionB": {
        "trial_id": "17",
        "task_id": "117",
        "values": "45.0, 12.0",
        "target_value": 92
      },
      "choice": {
        "button": "J",
        "selected_option": "OptionB"
      }
    },
    {
      "question": 2,
      "target": "Popularity Score",
      "target_value": 108,
      "options": [
        "Number of Likes",
        "Number of Comments"
      ],
      "optionA": {
        "trial_id": "15",
        "task_id": "50",
        "values": "90.0, 18.0",
        "target_value": 108
      },
      "optionB": {
        "trial_id": "8",
        "task_id": "50",
        "values": "220.0, 44.0",
        "target_value": 264
      },
      "choice": {
        "button": "J",
        "selected_option": "OptionB"
      }
    },
    {
      "question": 3,
      "target": "Physical strength",
      "target_value": 75,
      "options": [
        "Height (cm)",
        "Weight (kg)"
      ],
      "optionA": {
        "trial_id": "2",
        "task_id": "84",
        "values": "170.0, 80.0",
        "target_value": 75
      },
      "optionB": {
        "trial_id": "10",
        "task_id": "84",
        "values": "160.0, 75.0",
        "target_value": 70
      },
      "choice": {
        "button": "F",
        "selected_option": "OptionA"
      }
    },
    {
      "question": 4,
      "target": "Phone Battery Life",
      "target_value": 37,
      "options": [
        "Phone Battery Capacity",
        "Phone Weight"
      ],
      "optionA": {
        "trial_id": "13",
        "task_id": "108",
        "values": "5000.0, 225.0",
        "target_value": 37
      },
      "optionB": {
        "trial_id": "2",
        "task_id": "108",
        "values": "3500.0, 190.0",
        "target_value": 28
      },
      "choice": {
        "button": "F",
        "selected_option": "OptionA"
      }
    },
    {
      "question": 5,
      "target": "Quality",
      "target_value": 70,
      "options": [
        "Price",
        "Size"
      ],
      "optionA": {
        "trial_id": "1",
        "task_id": "110",
        "values": "100.0, 10.0",
        "target_value": 70
      },
      "optionB": {
        "trial_id": "9",
        "task_id": "110",
        "values": "110.0, 12.0",
        "target_value": 75
      },
      "choice": {
        "button": "F",
        "selected_option": "OptionA"
      }
    },
    {
      "question": 6,
      "target": "Top Speed",
      "target_value": 160,
      "options": [
        "Engine Size",
        "Horsepower"
      ],
      "optionA": {
        "trial_id": "2",
        "task_id": "113",
        "values": "2.5, 140.0",
        "target_value": 160
      },
      "optionB": {
        "trial_id": "15",
        "task_id": "113",
        "values": "1.6, 100.0",
        "target_value": 135
      },
      "choice": {
        "button": "F",
        "selected_option": "OptionA"
      }
    },
    {
      "question": 7,
      "target": "Physical strength",
      "target_value": 90,
      "options": [
        "Height (cm)",
        "Weight (kg)"
      ],
      "optionA": {
        "trial_id": "5",
        "task_id": "84",
        "values": "190.0, 85.0",
        "target_value": 90
      },
      "optionB": {
        "trial_id": "11",
        "task_id": "84",
        "values": "185.0, 95.0",
        "target_value": 88
      },
      "choice": {
        "button": "J",
        "selected_option": "OptionB"
      }
    },
    {
      "question": 8,
      "target": "Exam Score (out of 100)",
      "target_value": 70,
      "options": [
        "Time Spent Studying (hours)",
        "Number of Chapters Covered"
      ],
      "optionA": {
        "trial_id": "9",
        "task_id": "94",
        "values": "4.0, 4.0",
        "target_value": 70
      },
      "optionB": {
        "trial_id": "14",
        "task_id": "94",
        "values": "3.0, 5.0",
        "target_value": 70
      },
      "choice": {
        "button": "J",
        "selected_option": "OptionB"
      }
    },
    {
      "question": 9,
      "target": "Speed",
      "target_value": 140,
      "options": [
        "Car Engine Size",
        "Horsepower"
      ],
      "optionA": {
        "trial_id": "2",
        "task_id": "61",
        "values": "2.5, 180.0",
        "target_value": 140
      },
      "optionB": {
        "trial_id": "5",
        "task_id": "61",
        "values": "3.0, 200.0",
        "target_value": 160
      },
      "choice": {
        "button": "J",
        "selected_option": "OptionB"
      }
    },
    {
      "question": "attention_check_9",
      "choice": "J",
      "passed": true,
      "timestamp": 1756154624925
    },
    {
      "question": 10,
      "target": "Tea Strength (1-10)",
      "target_value": 7,
      "options": [
        "Tea Leaf Quality (1-10)",
        "Tea Steeping Time (minutes)"
      ],
      "optionA": {
        "trial_id": "5",
        "task_id": "80",
        "values": "8.0, 4.0",
        "target_value": 7
      },
      "optionB": {
        "trial_id": "1",
        "task_id": "80",
        "values": "7.0, 3.0",
        "target_value": 6
      },
      "choice": {
        "button": "F",
        "selected_option": "OptionA"
      }
    },
    {
      "question": 11,
      "target": "Recipe Complexity",
      "target_value": 8,
      "options": [
        "Recipe Servings",
        "Recipe Ingredients"
      ],
      "optionA": {
        "trial_id": "17",
        "task_id": "106",
        "values": "6.0, 12.0",
        "target_value": 8
      },
      "optionB": {
        "trial_id": "15",
        "task_id": "106",
        "values": "4.0, 10.0",
        "target_value": 7
      },
      "choice": {
        "button": "F",
        "selected_option": "OptionA"
      }
    },
    {
      "question": 12,
      "target": "Exam Score (out of 100)",
      "target_value": 60,
      "options": [
        "Time Spent Studying (hours)",
        "Number of Chapters Covered"
      ],
      "optionA": {
        "trial_id": "8",
        "task_id": "94",
        "values": "4.0, 3.0",
        "target_value": 60
      },
      "optionB": {
        "trial_id": "18",
        "task_id": "94",
        "values": "5.0, 4.0",
        "target_value": 70
      },
      "choice": {
        "button": "J",
        "selected_option": "OptionB"
      }
    },
    {
      "question": 13,
      "target": "Growth Rate (cm/week)",
      "target_value": 2.5,
      "options": [
        "Plant Leaf Size",
        "Plant Water Usage"
      ],
      "optionA": {
        "trial_id": "2",
        "task_id": "83",
        "values": "8.0, 4.0",
        "target_value": 2.5
      },
      "optionB": {
        "trial_id": "14",
        "task_id": "83",
        "values": "11.0, 6.0",
        "target_value": 3.4
      },
      "choice": {
        "button": "J",
        "selected_option": "OptionB"
      }
    },
    {
      "question": 14,
      "target": "Battery Duration",
      "target_value": 8,
      "options": [
        "Phone Battery Capacity",
        "Screen Brightness"
      ],
      "optionA": {
        "trial_id": "9",
        "task_id": "63",
        "values": "2000.0, 250.0",
        "target_value": 8
      },
      "optionB": {
        "trial_id": "6",
        "task_id": "63",
        "values": "5000.0, 450.0",
        "target_value": 18
      },
      "choice": {
        "button": "J",
        "selected_option": "OptionB"
      }
    },
    {
      "question": 15,
      "target": "Battery life",
      "target_value": 13,
      "options": [
        "Phone battery",
        "Screen size"
      ],
      "optionA": {
        "trial_id": "17",
        "task_id": "69",
        "values": "4000.0, 6.0",
        "target_value": 13
      },
      "optionB": {
        "trial_id": "12",
        "task_id": "69",
        "values": "4000.0, 6.0",
        "target_value": 13
      },
      "choice": {
        "button": "F",
        "selected_option": "OptionA"
      }
    },
    {
      "question": 16,
      "target": "Warmth Rating",
      "target_value": 4.2,
      "options": [
        "Shirt Weight (g)",
        "Fabric Thickness (mm)"
      ],
      "optionA": {
        "trial_id": "9",
        "task_id": "31",
        "values": "190.0, 1.6",
        "target_value": 4.2
      },
      "optionB": {
        "trial_id": "6",
        "task_id": "31",
        "values": "160.0, 1.1",
        "target_value": 3.2
      },
      "choice": {
        "button": "F",
        "selected_option": "OptionA"
      }
    },
    {
      "question": 17,
      "target": "Growth speed",
      "target_value": 5,
      "options": [
        "Plant height cm",
        "Plant leaf count"
      ],
      "optionA": {
        "trial_id": "8",
        "task_id": "74",
        "values": "38.0, 13.0",
        "target_value": 5
      },
      "optionB": {
        "trial_id": "1",
        "task_id": "74",
        "values": "30.0, 10.0",
        "target_value": 4
      },
      "choice": {
        "button": "F",
        "selected_option": "OptionA"
      }
    },
    {
      "question": 18,
      "target": "Deliciousness",
      "target_value": 60,
      "options": [
        "Cooking time",
        "Ingredients count"
      ],
      "optionA": {
        "trial_id": "13",
        "task_id": "27",
        "values": "15.0, 4.0",
        "target_value": 60
      },
      "optionB": {
        "trial_id": "7",
        "task_id": "27",
        "values": "10.0, 3.0",
        "target_value": 50
      },
      "choice": {
        "button": "F",
        "selected_option": "OptionA"
      }
    },
    {
      "question": 19,
      "target": "App Popularity",
      "target_value": 55,
      "options": [
        "App User Ratings (1-5)",
        "Number of Reviews"
      ],
      "optionA": {
        "trial_id": "9",
        "task_id": "42",
        "values": "2.0, 200.0",
        "target_value": 55
      },
      "optionB": {
        "trial_id": "16",
        "task_id": "42",
        "values": "4.0, 400.0",
        "target_value": 96
      },
      "choice": {
        "button": "J",
        "selected_option": "OptionB"
      }
    },
    {
      "question": "attention_check_19",
      "choice": "F",
      "passed": true,
      "timestamp": 1756154852451
    },
    {
      "question": 20,
      "target": "Top Speed",
      "target_value": 155,
      "options": [
        "Engine Size",
        "Horsepower"
      ],
      "optionA": {
        "trial_id": "12",
        "task_id": "113",
        "values": "2.2, 130.0",
        "target_value": 155
      },
      "optionB": {
        "trial_id": "20",
        "task_id": "113",
        "values": "2.8, 150.0",
        "target_value": 165
      },
      "choice": {
        "button": "J",
        "selected_option": "OptionB"
      }
    },
    {
      "question": 21,
      "target": "Restaurant Customer Satisfaction",
      "target_value": 8.7,
      "options": [
        "Restaurant Menu Size",
        "Restaurant Online Rating"
      ],
      "optionA": {
        "trial_id": "9",
        "task_id": "24",
        "values": "18.0, 4.6",
        "target_value": 8.7
      },
      "optionB": {
        "trial_id": "12",
        "task_id": "24",
        "values": "20.0, 4.8",
        "target_value": 8.9
      },
      "choice": {
        "button": "J",
        "selected_option": "OptionB"
      }
    },
    {
      "question": 22,
      "target": "Fun Level",
      "target_value": 8,
      "options": [
        "Number of Players",
        "Game Duration (minutes)"
      ],
      "optionA": {
        "trial_id": "1",
        "task_id": "13",
        "values": "4.0, 60.0",
        "target_value": 8
      },
      "optionB": {
        "trial_id": "12",
        "task_id": "13",
        "values": "5.0, 55.0",
        "target_value": 8
      },
      "choice": {
        "button": "J",
        "selected_option": "OptionB"
      }
    },
    {
      "question": 23,
      "target": "Fun Level",
      "target_value": 7,
      "options": [
        "Number of Players",
        "Game Duration (minutes)"
      ],
      "optionA": {
        "trial_id": "18",
        "task_id": "13",
        "values": "7.0, 50.0",
        "target_value": 7
      },
      "optionB": {
        "trial_id": "10",
        "task_id": "13",
        "values": "7.0, 55.0",
        "target_value": 8
      },
      "choice": {
        "button": "J",
        "selected_option": "OptionB"
      }
    },
    {
      "question": 24,
      "target": "Battery Life",
      "target_value": 24,
      "options": [
        "Phone Weight",
        "Battery Capacity"
      ],
      "optionA": {
        "trial_id": "19",
        "task_id": "54",
        "values": "150.0, 2800.0",
        "target_value": 24
      },
      "optionB": {
        "trial_id": "13",
        "task_id": "54",
        "values": "230.0, 4200.0",
        "target_value": 34
      },
      "choice": {
        "button": "J",
        "selected_option": "OptionB"
      }
    },
    {
      "question": 25,
      "target": "User satisfaction",
      "target_value": 7,
      "options": [
        "Screen size (inches)",
        "RAM (GB)"
      ],
      "optionA": {
        "trial_id": "3",
        "task_id": "119",
        "values": "12.0, 3.0",
        "target_value": 7
      },
      "optionB": {
        "trial_id": "13",
        "task_id": "119",
        "values": "22.0, 8.0",
        "target_value": 12
      },
      "choice": {
        "button": "J",
        "selected_option": "OptionB"
      }
    },
    {
      "question": 26,
      "target": "Muscle gain",
      "target_value": 1.3,
      "options": [
        "Minutes of exercise",
        "Protein intake"
      ],
      "optionA": {
        "trial_id": "9",
        "task_id": "59",
        "values": "35.0, 20.0",
        "target_value": 1.3
      },
      "optionB": {
        "trial_id": "16",
        "task_id": "59",
        "values": "40.0, 15.0",
        "target_value": 1
      },
      "choice": {
        "button": "F",
        "selected_option": "OptionA"
      }
    },
    {
      "question": 27,
      "target": "Energy Level",
      "target_value": 8,
      "options": [
        "Hours of Sleep",
        "Caffeine Intake (mg)"
      ],
      "optionA": {
        "trial_id": "6",
        "task_id": "45",
        "values": "8.0, 70.0",
        "target_value": 8
      },
      "optionB": {
        "trial_id": "7",
        "task_id": "45",
        "values": "6.0, 30.0",
        "target_value": 5
      },
      "choice": {
        "button": "F",
        "selected_option": "OptionA"
      }
    },
    {
      "question": 28,
      "target": "Room Area (m²)",
      "target_value": 20,
      "options": [
        "Room Length (m)",
        "Room Width (m)"
      ],
      "optionA": {
        "trial_id": "2",
        "task_id": "89",
        "values": "5.0, 4.0",
        "target_value": 20
      },
      "optionB": {
        "trial_id": "17",
        "task_id": "89",
        "values": "3.0, 5.0",
        "target_value": 15
      },
      "choice": {
        "button": "F",
        "selected_option": "OptionA"
      }
    },
    {
      "question": 29,
      "target": "Taste score",
      "target_value": 8,
      "options": [
        "Coffee strength",
        "Bean quality"
      ],
      "optionA": {
        "trial_id": "20",
        "task_id": "68",
        "values": "4.0, 8.0",
        "target_value": 8
      },
      "optionB": {
        "trial_id": "18",
        "task_id": "68",
        "values": "5.0, 5.0",
        "target_value": 7
      },
      "choice": {
        "button": "F",
        "selected_option": "OptionA"
      }
    },
    {
      "question": "attention_check_29",
      "choice": "J",
      "passed": true,
      "timestamp": 1756154914720
    },
    {
      "question": 30,
      "target": "Home value",
      "target_value": 310000,
      "options": [
        "House size",
        "Neighborhood quality"
      ],
      "optionA": {
        "trial_id": "18",
        "task_id": "70",
        "values": "140.0, 9.0",
        "target_value": 310000
      },
      "optionB": {
        "trial_id": "20",
        "task_id": "70",
        "values": "120.0, 7.0",
        "target_value": 270000
      },
      "choice": {
        "button": "F",
        "selected_option": "OptionA"
      }
    },
    {
      "question": 31,
      "target": "Cooking Time (min)",
      "target_value": 30,
      "options": [
        "Number of Ingredients",
        "Prep Time (min)"
      ],
      "optionA": {
        "trial_id": "5",
        "task_id": "48",
        "values": "6.0, 12.0",
        "target_value": 30
      },
      "optionB": {
        "trial_id": "14",
        "task_id": "48",
        "values": "5.0, 10.0",
        "target_value": 25
      },
      "choice": {
        "button": "F",
        "selected_option": "OptionA"
      }
    },
    {
      "question": 32,
      "target": "Performance Score",
      "target_value": 88,
      "options": [
        "Hours of Practice",
        "Natural Talent (1-10)"
      ],
      "optionA": {
        "trial_id": "4",
        "task_id": "78",
        "values": "9.0, 8.0",
        "target_value": 88
      },
      "optionB": {
        "trial_id": "8",
        "task_id": "78",
        "values": "7.0, 10.0",
        "target_value": 93
      },
      "choice": {
        "button": "J",
        "selected_option": "OptionB"
      }
    },
    {
      "question": 33,
      "target": "Recipe difficulty",
      "target_value": 8,
      "options": [
        "Number of ingredients",
        "Prep time (minutes)"
      ],
      "optionA": {
        "trial_id": "5",
        "task_id": "60",
        "values": "7.0, 25.0",
        "target_value": 8
      },
      "optionB": {
        "trial_id": "8",
        "task_id": "60",
        "values": "7.0, 25.0",
        "target_value": 8
      },
      "choice": {
        "button": "F",
        "selected_option": "OptionA"
      }
    },
    {
      "question": 34,
      "target": "Battery Duration",
      "target_value": 12,
      "options": [
        "Phone Battery Capacity",
        "Screen Brightness"
      ],
      "optionA": {
        "trial_id": "1",
        "task_id": "63",
        "values": "3000.0, 400.0",
        "target_value": 12
      },
      "optionB": {
        "trial_id": "16",
        "task_id": "63",
        "values": "3000.0, 400.0",
        "target_value": 13
      },
      "choice": {
        "button": "F",
        "selected_option": "OptionA"
      }
    },
    {
      "question": 35,
      "target": "Distance Covered",
      "target_value": 56,
      "options": [
        "Bike Speed",
        "Bike Weight"
      ],
      "optionA": {
        "trial_id": "8",
        "task_id": "7",
        "values": "25.0, 12.0",
        "target_value": 56
      },
      "optionB": {
        "trial_id": "13",
        "task_id": "7",
        "values": "24.0, 10.0",
        "target_value": 50
      },
      "choice": {
        "button": "J",
        "selected_option": "OptionB"
      }
    },
    {
      "question": 36,
      "target": "Satiety (on scale 1-10)",
      "target_value": 8,
      "options": [
        "Number of Calories",
        "Protein (g)"
      ],
      "optionA": {
        "trial_id": "16",
        "task_id": "16",
        "values": "400.0, 16.0",
        "target_value": 8
      },
      "optionB": {
        "trial_id": "16",
        "task_id": "16",
        "values": "400.0, 16.0",
        "target_value": 8
      },
      "choice": {
        "button": "F",
        "selected_option": "OptionA"
      }
    },
    {
      "question": 37,
      "target": "Social Engagement (on scale 1-10)",
      "target_value": 7,
      "options": [
        "Number of Friends",
        "Average Message Frequency"
      ],
      "optionA": {
        "trial_id": "4",
        "task_id": "21",
        "values": "130.0, 3.0",
        "target_value": 7
      },
      "optionB": {
        "trial_id": "14",
        "task_id": "21",
        "values": "180.0, 3.0",
        "target_value": 7
      },
      "choice": {
        "button": "F",
        "selected_option": "OptionA"
      }
    },
    {
      "question": 38,
      "target": "Deliciousness",
      "target_value": 70,
      "options": [
        "Cooking time",
        "Ingredients count"
      ],
      "optionA": {
        "trial_id": "15",
        "task_id": "27",
        "values": "35.0, 6.0",
        "target_value": 70
      },
      "optionB": {
        "trial_id": "5",
        "task_id": "27",
        "values": "60.0, 4.0",
        "target_value": 65
      },
      "choice": {
        "button": "F",
        "selected_option": "OptionA"
      }
    },
    {
      "question": 39,
      "target": "Movie enjoyment",
      "target_value": 7,
      "options": [
        "Movie runtime",
        "Movie rating"
      ],
      "optionA": {
        "trial_id": "2",
        "task_id": "75",
        "values": "110.0, 7.0",
        "target_value": 7
      },
      "optionB": {
        "trial_id": "8",
        "task_id": "75",
        "values": "120.0, 7.5",
        "target_value": 8
      },
      "choice": {
        "button": "J",
        "selected_option": "OptionB"
      }
    },
    {
      "question": "attention_check_39",
      "choice": "F",
      "passed": true,
      "timestamp": 1756154988944
    },
    {
      "question": 40,
      "target": "User satisfaction",
      "target_value": 9,
      "options": [
        "Screen size (inches)",
        "RAM (GB)"
      ],
      "optionA": {
        "trial_id": "7",
        "task_id": "119",
        "values": "16.0, 5.0",
        "target_value": 9
      },
      "optionB": {
        "trial_id": "17",
        "task_id": "119",
        "values": "26.0, 10.0",
        "target_value": 14
      },
      "choice": {
        "button": "J",
        "selected_option": "OptionB"
      }
    },
    {
      "question": 41,
      "target": "Photo Quality",
      "target_value": 8,
      "options": [
        "Phone Price",
        "Phone Camera Megapixels"
      ],
      "optionA": {
        "trial_id": "15",
        "task_id": "5",
        "values": "550.0, 12.0",
        "target_value": 8
      },
      "optionB": {
        "trial_id": "8",
        "task_id": "5",
        "values": "420.0, 10.0",
        "target_value": 7
      },
      "choice": {
        "button": "F",
        "selected_option": "OptionA"
      }
    },
    {
      "question": 42,
      "target": "Recipe Complexity",
      "target_value": 6,
      "options": [
        "Recipe Servings",
        "Recipe Ingredients"
      ],
      "optionA": {
        "trial_id": "7",
        "task_id": "106",
        "values": "3.0, 9.0",
        "target_value": 6
      },
      "optionB": {
        "trial_id": "7",
        "task_id": "106",
        "values": "3.0, 9.0",
        "target_value": 6
      },
      "choice": {
        "button": "F",
        "selected_option": "OptionA"
      }
    },
    {
      "question": 43,
      "target": "Dog Energy Level",
      "target_value": 9,
      "options": [
        "Dog Weight",
        "Dog Activity Level"
      ],
      "optionA": {
        "trial_id": "14",
        "task_id": "105",
        "values": "34.0, 6.0",
        "target_value": 9
      },
      "optionB": {
        "trial_id": "19",
        "task_id": "105",
        "values": "34.0, 6.0",
        "target_value": 9
      },
      "choice": {
        "button": "F",
        "selected_option": "OptionA"
      }
    },
    {
      "question": 44,
      "target": "Natural light",
      "target_value": 6,
      "options": [
        "Room size",
        "Window count"
      ],
      "optionA": {
        "trial_id": "17",
        "task_id": "66",
        "values": "140.0, 2.0",
        "target_value": 6
      },
      "optionB": {
        "trial_id": "18",
        "task_id": "66",
        "values": "120.0, 3.0",
        "target_value": 7
      },
      "choice": {
        "button": "J",
        "selected_option": "OptionB"
      }
    },
    {
      "question": 45,
      "target": "Performance Rating",
      "target_value": 7,
      "options": [
        "Computer Weight (kg)",
        "RAM (GB)"
      ],
      "optionA": {
        "trial_id": "4",
        "task_id": "34",
        "values": "1.5, 10.0",
        "target_value": 7
      },
      "optionB": {
        "trial_id": "3",
        "task_id": "34",
        "values": "1.8, 12.0",
        "target_value": 8
      },
      "choice": {
        "button": "J",
        "selected_option": "OptionB"
      }
    },
    {
      "question": 46,
      "target": "Post reach",
      "target_value": 21000,
      "options": [
        "Number of followers",
        "Engagement rate (%)"
      ],
      "optionA": {
        "trial_id": "8",
        "task_id": "92",
        "values": "1800.0, 7.0",
        "target_value": 21000
      },
      "optionB": {
        "trial_id": "13",
        "task_id": "92",
        "values": "2200.0, 4.0",
        "target_value": 16000
      },
      "choice": {
        "button": "F",
        "selected_option": "OptionA"
      }
    },
    {
      "question": 47,
      "target": "Room Area (m²)",
      "target_value": 20,
      "options": [
        "Room Length (m)",
        "Room Width (m)"
      ],
      "optionA": {
        "trial_id": "7",
        "task_id": "89",
        "values": "2.0, 10.0",
        "target_value": 20
      },
      "optionB": {
        "trial_id": "2",
        "task_id": "89",
        "values": "5.0, 4.0",
        "target_value": 20
      },
      "choice": {
        "button": "J",
        "selected_option": "OptionB"
      }
    },
    {
      "question": 48,
      "target": "Room Size",
      "target_value": 20,
      "options": [
        "Room Width",
        "Room Length"
      ],
      "optionA": {
        "trial_id": "7",
        "task_id": "109",
        "values": "4.0, 5.0",
        "target_value": 20
      },
      "optionB": {
        "trial_id": "10",
        "task_id": "109",
        "values": "4.0, 5.0",
        "target_value": 20
      },
      "choice": {
        "button": "F",
        "selected_option": "OptionA"
      }
    },
    {
      "question": 49,
      "target": "Battery Duration",
      "target_value": 10,
      "options": [
        "Phone Battery Capacity",
        "Screen Brightness"
      ],
      "optionA": {
        "trial_id": "10",
        "task_id": "63",
        "values": "2500.0, 300.0",
        "target_value": 10
      },
      "optionB": {
        "trial_id": "15",
        "task_id": "63",
        "values": "2500.0, 350.0",
        "target_value": 11
      },
      "choice": {
        "button": "F",
        "selected_option": "OptionA"
      }
    },
    {
      "question": 50,
      "target": "Performance Score",
      "target_value": 65,
      "options": [
        "Phone RAM (GB)",
        "Battery Capacity (mAh)"
      ],
      "optionA": {
        "trial_id": "13",
        "task_id": "39",
        "values": "3.0, 3000.0",
        "target_value": 65
      },
      "optionB": {
        "trial_id": "6",
        "task_id": "39",
        "values": "7.0, 4200.0",
        "target_value": 86
      },
      "choice": {
        "button": "J",
        "selected_option": "OptionB"
      }
    }
  ]
}