{
  "prolific_id": "UNKNOWN",
  "condition_group": "ranking",
  "responses": [
    {
      "question": 1,
      "target": "Taste Rating",
      "target_value": 10,
      "options": [
        "Number of Ingredients",
        "Prep Time (min)"
      ],
      "optionA": {
        "trial_id": "7",
        "task_id": "148",
        "values": "3.0, 10.0",
        "target_value": 10
      },
      "optionB": {
        "trial_id": "17",
        "task_id": "148",
        "values": "3.0, 10.0",
        "target_value": 10
      },
      "choice": {
        "button": "F",
        "selected_option": "OptionA"
      }
    },
    {
      "question": 2,
      "target": "Job Success",
      "target_value": 5,
      "options": [
        "Age",
        "Experience"
      ],
      "optionA": {
        "trial_id": "9",
        "task_id": "133",
        "values": "50.0, 1.0",
        "target_value": 5
      },
      "optionB": {
        "trial_id": "19",
        "task_id": "133",
        "values": "75.0, 0.05",
        "target_value": 2.5
      },
      "choice": {
        "button": "F",
        "selected_option": "OptionA"
      }
    },
    {
      "question": 3,
      "target": "Fuel efficiency (km/l)",
      "target_value": 14.5,
      "options": [
        "Car weight (kg)",
        "Engine size (cc)"
      ],
      "optionA": {
        "trial_id": "9",
        "task_id": "153",
        "values": "1250.0, 1550.0",
        "target_value": 14.5
      },
      "optionB": {
        "trial_id": "4",
        "task_id": "153",
        "values": "1500.0, 1300.0",
        "target_value": 11
      },
      "choice": {
        "button": "F",
        "selected_option": "OptionA"
      }
    },
    {
      "question": 4,
      "target": "Engagement rate (%)",
      "target_value": 4,
      "options": [
        "Number of followers (count)",
        "Time posted (hours ago)"
      ],
      "optionA": {
        "trial_id": "10",
        "task_id": "98",
        "values": "1000.0, 3",
        "target_value": 4
      },
      "optionB": {
        "trial_id": "20",
        "task_id": "98",
        "values": "1300.0, 1",
        "target_value": 6
      },
      "choice": {
        "button": "J",
        "selected_option": "OptionB"
      }
    },
    {
      "question": 5,
      "target": "Popularity",
      "target_value": 82,
      "options": [
        "Book age",
        "Page count"
      ],
      "optionA": {
        "trial_id": "4",
        "task_id": "134",
        "values": "4.0, 350",
        "target_value": 82
      },
      "optionB": {
        "trial_id": "19",
        "task_id": "134",
        "values": "10.0, 350",
        "target_value": 77
      },
      "choice": {
        "button": "F",
        "selected_option": "OptionA"
      }
    },
    {
      "question": 6,
      "target": "Shade Area (sq ft)",
      "target_value": 130,
      "options": [
        "Tree Height (ft)",
        "Tree Diameter (in)"
      ],
      "optionA": {
        "trial_id": "14",
        "task_id": "33",
        "values": "45.0, 11.0",
        "target_value": 130
      },
      "optionB": {
        "trial_id": "3",
        "task_id": "33",
        "values": "50.0, 8.0",
        "target_value": 150
      },
      "choice": {
        "button": "F",
        "selected_option": "OptionA"
      }
    },
    {
      "question": 7,
      "target": "Shade Area (sq ft)",
      "target_value": 130,
      "options": [
        "Tree Height (ft)",
        "Tree Diameter (in)"
      ],
      "optionA": {
        "trial_id": "14",
        "task_id": "33",
        "values": "45.0, 11.0",
        "target_value": 130
      },
      "optionB": {
        "trial_id": "20",
        "task_id": "33",
        "values": "75.0, 6.0",
        "target_value": 220
      },
      "choice": {
        "button": "J",
        "selected_option": "OptionB"
      }
    },
    {
      "question": 8,
      "target": "Exercise Burned Calories",
      "target_value": 190,
      "options": [
        "Exercise Intensity",
        "Exercise Duration"
      ],
      "optionA": {
        "trial_id": "14",
        "task_id": "13",
        "values": "2.0, 90",
        "target_value": 190
      },
      "optionB": {
        "trial_id": "9",
        "task_id": "13",
        "values": "5.0, 60",
        "target_value": 250
      },
      "choice": {
        "button": "J",
        "selected_option": "OptionB"
      }
    },
    {
      "question": 9,
      "target": "Maximum heart rate (bpm)",
      "target_value": 185,
      "options": [
        "Age (years)",
        "Height (cm)"
      ],
      "optionA": {
        "trial_id": "3",
        "task_id": "52",
        "values": "30.0, 175",
        "target_value": 185
      },
      "optionB": {
        "trial_id": "5",
        "task_id": "52",
        "values": "20.0, 165",
        "target_value": 200
      },
      "choice": {
        "button": "F",
        "selected_option": "OptionA"
      }
    },
    {
      "question": "attention_check_9",
      "choice": "J",
      "passed": true,
      "timestamp": 1756720649590
    },
    {
      "question": 10,
      "target": "Ease of Use (1-10)",
      "target_value": 6,
      "options": [
        "Bag Weight (kg)",
        "Number of Compartments"
      ],
      "optionA": {
        "trial_id": "11",
        "task_id": "6",
        "values": "3.0, 5",
        "target_value": 6
      },
      "optionB": {
        "trial_id": "19",
        "task_id": "6",
        "values": "2.5, 3",
        "target_value": 8
      },
      "choice": {
        "button": "J",
        "selected_option": "OptionB"
      }
    },
    {
      "question": 11,
      "target": "Popularity",
      "target_value": 80,
      "options": [
        "Book age",
        "Page count"
      ],
      "optionA": {
        "trial_id": "13",
        "task_id": "134",
        "values": "7.0, 360",
        "target_value": 80
      },
      "optionB": {
        "trial_id": "5",
        "task_id": "134",
        "values": "3.0, 320",
        "target_value": 86
      },
      "choice": {
        "button": "J",
        "selected_option": "OptionB"
      }
    },
    {
      "question": 12,
      "target": "Salary",
      "target_value": 88000,
      "options": [
        "Experience",
        "Years since graduation"
      ],
      "optionA": {
        "trial_id": "13",
        "task_id": "76",
        "values": "14.0, 8",
        "target_value": 88000
      },
      "optionB": {
        "trial_id": "5",
        "task_id": "76",
        "values": "8.0, 10",
        "target_value": 70000
      },
      "choice": {
        "button": "F",
        "selected_option": "OptionA"
      }
    },
    {
      "question": 13,
      "target": "Height (cm)",
      "target_value": 13,
      "options": [
        "Age of the plant (weeks)",
        "Water given (ml/day)"
      ],
      "optionA": {
        "trial_id": "9",
        "task_id": "91",
        "values": "4.0, 500",
        "target_value": 13
      },
      "optionB": {
        "trial_id": "17",
        "task_id": "91",
        "values": "3.0, 700",
        "target_value": 11
      },
      "choice": {
        "button": "F",
        "selected_option": "OptionA"
      }
    },
    {
      "question": 14,
      "target": "Exam score (%)",
      "target_value": 88,
      "options": [
        "Student study hours per week",
        "Student age (years)"
      ],
      "optionA": {
        "trial_id": "11",
        "task_id": "144",
        "values": "11.0, 16",
        "target_value": 88
      },
      "optionB": {
        "trial_id": "14",
        "task_id": "144",
        "values": "3.0, 16",
        "target_value": 70
      },
      "choice": {
        "button": "F",
        "selected_option": "OptionA"
      }
    },
    {
      "question": 15,
      "target": "Fuel Efficiency (km/l)",
      "target_value": 9,
      "options": [
        "Car Engine Size (liters)",
        "Weight (kg)"
      ],
      "optionA": {
        "trial_id": "10",
        "task_id": "103",
        "values": "3.0, 1450.0",
        "target_value": 9
      },
      "optionB": {
        "trial_id": "5",
        "task_id": "103",
        "values": "1.6, 1200.0",
        "target_value": 15
      },
      "choice": {
        "button": "F",
        "selected_option": "OptionA"
      }
    },
    {
      "question": 16,
      "target": "Exam Score",
      "target_value": 80,
      "options": [
        "Study Time (hours)",
        "Difficulty Level (1-10)"
      ],
      "optionA": {
        "trial_id": "12",
        "task_id": "128",
        "values": "6.0, 5",
        "target_value": 80
      },
      "optionB": {
        "trial_id": "14",
        "task_id": "128",
        "values": "6.0, 4",
        "target_value": 85
      },
      "choice": {
        "button": "J",
        "selected_option": "OptionB"
      }
    },
    {
      "question": 17,
      "target": "Reading Enjoyment",
      "target_value": 11,
      "options": [
        "Book Length",
        "Author Fame"
      ],
      "optionA": {
        "trial_id": "8",
        "task_id": "131",
        "values": "700.0, 4.0",
        "target_value": 11
      },
      "optionB": {
        "trial_id": "6",
        "task_id": "131",
        "values": "600.0, 5.0",
        "target_value": 10
      },
      "choice": {
        "button": "J",
        "selected_option": "OptionB"
      }
    },
    {
      "question": 18,
      "target": "Morning alertness (1-10)",
      "target_value": 9,
      "options": [
        "Amount of sleep (hours)",
        "Time to bed (minutes past 10pm)"
      ],
      "optionA": {
        "trial_id": "4",
        "task_id": "96",
        "values": "9.0, 15",
        "target_value": 9
      },
      "optionB": {
        "trial_id": "13",
        "task_id": "96",
        "values": "6.0, 60",
        "target_value": 4
      },
      "choice": {
        "button": "F",
        "selected_option": "OptionA"
      }
    },
    {
      "question": 19,
      "target": "Taste Rating",
      "target_value": 8,
      "options": [
        "Number of Ingredients",
        "Prep Time (min)"
      ],
      "optionA": {
        "trial_id": "15",
        "task_id": "148",
        "values": "5.0, 20.0",
        "target_value": 8
      },
      "optionB": {
        "trial_id": "1",
        "task_id": "148",
        "values": "5.0, 20.0",
        "target_value": 8
      },
      "choice": {
        "button": "F",
        "selected_option": "OptionA"
      }
    },
    {
      "question": "attention_check_19",
      "choice": "F",
      "passed": true,
      "timestamp": 1756720740117
    },
    {
      "question": 20,
      "target": "Training time",
      "target_value": 24,
      "options": [
        "Dog weight",
        "Dog breed"
      ],
      "optionA": {
        "trial_id": "6",
        "task_id": "59",
        "values": "16.0, 3.0",
        "target_value": 24
      },
      "optionB": {
        "trial_id": "7",
        "task_id": "59",
        "values": "30.0, 1.0",
        "target_value": 40
      },
      "choice": {
        "button": "J",
        "selected_option": "OptionB"
      }
    },
    {
      "question": 21,
      "target": "Test Score",
      "target_value": 70,
      "options": [
        "Student Study Time",
        "Student Distractions"
      ],
      "optionA": {
        "trial_id": "20",
        "task_id": "72",
        "values": "3.0, 7.0",
        "target_value": 70
      },
      "optionB": {
        "trial_id": "9",
        "task_id": "72",
        "values": "1.0, 3.0",
        "target_value": 72
      },
      "choice": {
        "button": "J",
        "selected_option": "OptionB"
      }
    },
    {
      "question": 22,
      "target": "Cooking Time (minutes)",
      "target_value": 15,
      "options": [
        "Number of Ingredients",
        "Prep Time (minutes)"
      ],
      "optionA": {
        "trial_id": "17",
        "task_id": "26",
        "values": "5.0, 10.0",
        "target_value": 15
      },
      "optionB": {
        "trial_id": "11",
        "task_id": "26",
        "values": "4.0, 8.0",
        "target_value": 14
      },
      "choice": {
        "button": "F",
        "selected_option": "OptionA"
      }
    },
    {
      "question": 23,
      "target": "Deliciousness",
      "target_value": 8,
      "options": [
        "Cooking Time",
        "Ingredients"
      ],
      "optionA": {
        "trial_id": "16",
        "task_id": "65",
        "values": "25.0, 5",
        "target_value": 8
      },
      "optionB": {
        "trial_id": "13",
        "task_id": "65",
        "values": "15.0, 6",
        "target_value": 9
      },
      "choice": {
        "button": "J",
        "selected_option": "OptionB"
      }
    },
    {
      "question": 24,
      "target": "Fuel consumption (liters per 100km)",
      "target_value": 9.1,
      "options": [
        "Car engine size (liters)",
        "Car weight (kg)"
      ],
      "optionA": {
        "trial_id": "17",
        "task_id": "113",
        "values": "2.7, 1300",
        "target_value": 9.1
      },
      "optionB": {
        "trial_id": "8",
        "task_id": "113",
        "values": "1.5, 1700",
        "target_value": 6.5
      },
      "choice": {
        "button": "F",
        "selected_option": "OptionA"
      }
    },
    {
      "question": 25,
      "target": "Playfulness score (1-10)",
      "target_value": 7,
      "options": [
        "Dog weight (kg)",
        "Dog age (years)"
      ],
      "optionA": {
        "trial_id": "3",
        "task_id": "147",
        "values": "12.0, 3",
        "target_value": 7
      },
      "optionB": {
        "trial_id": "16",
        "task_id": "147",
        "values": "16.0, 6",
        "target_value": 4.8
      },
      "choice": {
        "button": "F",
        "selected_option": "OptionA"
      }
    },
    {
      "question": 26,
      "target": "Exam score",
      "target_value": 55,
      "options": [
        "Time spent studying",
        "Time spent watching TV"
      ],
      "optionA": {
        "trial_id": "12",
        "task_id": "100",
        "values": "3.0, 4.0",
        "target_value": 55
      },
      "optionB": {
        "trial_id": "4",
        "task_id": "100",
        "values": "4.0, 2.0",
        "target_value": 75
      },
      "choice": {
        "button": "J",
        "selected_option": "OptionB"
      }
    },
    {
      "question": 27,
      "target": "Post reach (people)",
      "target_value": 4000,
      "options": [
        "Number of likes (count)",
        "Time posted (hours ago)"
      ],
      "optionA": {
        "trial_id": "2",
        "task_id": "93",
        "values": "800.0, 4",
        "target_value": 4000
      },
      "optionB": {
        "trial_id": "1",
        "task_id": "93",
        "values": "1000.0, 2",
        "target_value": 5000
      },
      "choice": {
        "button": "J",
        "selected_option": "OptionB"
      }
    },
    {
      "question": 28,
      "target": "Comfort",
      "target_value": 6,
      "options": [
        "Age",
        "Size"
      ],
      "optionA": {
        "trial_id": "18",
        "task_id": "66",
        "values": "12.0, 25",
        "target_value": 6
      },
      "optionB": {
        "trial_id": "10",
        "task_id": "66",
        "values": "6.0, 25",
        "target_value": 7
      },
      "choice": {
        "button": "J",
        "selected_option": "OptionB"
      }
    },
    {
      "question": 29,
      "target": "Maximum heart rate (bpm)",
      "target_value": 185,
      "options": [
        "Age (years)",
        "Height (cm)"
      ],
      "optionA": {
        "trial_id": "3",
        "task_id": "52",
        "values": "30.0, 175",
        "target_value": 185
      },
      "optionB": {
        "trial_id": "11",
        "task_id": "52",
        "values": "50.0, 185",
        "target_value": 150
      },
      "choice": {
        "button": "J",
        "selected_option": "OptionB"
      }
    },
    {
      "question": "attention_check_29",
      "choice": "J",
      "passed": true,
      "timestamp": 1756720841166
    },
    {
      "question": 30,
      "target": "Job Success",
      "target_value": 6.5,
      "options": [
        "Age",
        "Experience"
      ],
      "optionA": {
        "trial_id": "2",
        "task_id": "133",
        "values": "35.0, 4.0",
        "target_value": 6.5
      },
      "optionB": {
        "trial_id": "8",
        "task_id": "133",
        "values": "50.0, 1.0",
        "target_value": 5
      },
      "choice": {
        "button": "F",
        "selected_option": "OptionA"
      }
    },
    {
      "question": 31,
      "target": "Energy boost",
      "target_value": 75,
      "options": [
        "Coffee strength",
        "Caffeine content"
      ],
      "optionA": {
        "trial_id": "19",
        "task_id": "85",
        "values": "3.0, 80",
        "target_value": 75
      },
      "optionB": {
        "trial_id": "1",
        "task_id": "85",
        "values": "4.0, 80",
        "target_value": 70
      },
      "choice": {
        "button": "J",
        "selected_option": "OptionB"
      }
    },
    {
      "question": 32,
      "target": "Flower size (cm)",
      "target_value": 5.7,
      "options": [
        "Plant height (cm)",
        "Plant age (months)"
      ],
      "optionA": {
        "trial_id": "15",
        "task_id": "146",
        "values": "29.0, 4",
        "target_value": 5.7
      },
      "optionB": {
        "trial_id": "12",
        "task_id": "146",
        "values": "41.0, 8",
        "target_value": 3.4
      },
      "choice": {
        "button": "J",
        "selected_option": "OptionB"
      }
    },
    {
      "question": 33,
      "target": "Taste Rating",
      "target_value": 6,
      "options": [
        "Number of Ingredients",
        "Prep Time (min)"
      ],
      "optionA": {
        "trial_id": "6",
        "task_id": "148",
        "values": "7.0, 35.0",
        "target_value": 6
      },
      "optionB": {
        "trial_id": "7",
        "task_id": "148",
        "values": "3.0, 10.0",
        "target_value": 10
      },
      "choice": {
        "button": "F",
        "selected_option": "OptionA"
      }
    },
    {
      "question": 34,
      "target": "Deliciousness",
      "target_value": 8,
      "options": [
        "Cooking time",
        "Ingredients"
      ],
      "optionA": {
        "trial_id": "2",
        "task_id": "125",
        "values": "25.0, 6.0",
        "target_value": 8
      },
      "optionB": {
        "trial_id": "3",
        "task_id": "125",
        "values": "40.0, 4.0",
        "target_value": 6
      },
      "choice": {
        "button": "F",
        "selected_option": "OptionA"
      }
    },
    {
      "question": 35,
      "target": "Project Success (%)",
      "target_value": 95,
      "options": [
        "Experience (years)",
        "Team Size"
      ],
      "optionA": {
        "trial_id": "6",
        "task_id": "110",
        "values": "8.0, 5",
        "target_value": 95
      },
      "optionB": {
        "trial_id": "20",
        "task_id": "110",
        "values": "15.0, 7",
        "target_value": 81
      },
      "choice": {
        "button": "J",
        "selected_option": "OptionB"
      }
    },
    {
      "question": 36,
      "target": "Speed (km/h)",
      "target_value": 21,
      "options": [
        "Bicycle weight (kg)",
        "Wheel size (inches)"
      ],
      "optionA": {
        "trial_id": "14",
        "task_id": "119",
        "values": "16.0, 26",
        "target_value": 21
      },
      "optionB": {
        "trial_id": "17",
        "task_id": "119",
        "values": "11.0, 26",
        "target_value": 24
      },
      "choice": {
        "button": "J",
        "selected_option": "OptionB"
      }
    },
    {
      "question": 37,
      "target": "Heart Health Score",
      "target_value": 88,
      "options": [
        "Age (years)",
        "Exercise Frequency"
      ],
      "optionA": {
        "trial_id": "3",
        "task_id": "149",
        "values": "25.0, 4.0",
        "target_value": 88
      },
      "optionB": {
        "trial_id": "10",
        "task_id": "149",
        "values": "38.0, 6.0",
        "target_value": 84
      },
      "choice": {
        "button": "F",
        "selected_option": "OptionA"
      }
    },
    {
      "question": 38,
      "target": "Value",
      "target_value": 7,
      "options": [
        "Price",
        "Size"
      ],
      "optionA": {
        "trial_id": "2",
        "task_id": "67",
        "values": "120.0, 60",
        "target_value": 7
      },
      "optionB": {
        "trial_id": "5",
        "task_id": "67",
        "values": "120.0, 60",
        "target_value": 7
      },
      "choice": {
        "button": "F",
        "selected_option": "OptionA"
      }
    },
    {
      "question": 39,
      "target": "House Price",
      "target_value": 300,
      "options": [
        "House Size",
        "Housing Age"
      ],
      "optionA": {
        "trial_id": "1",
        "task_id": "99",
        "values": "150.0, 10",
        "target_value": 300
      },
      "optionB": {
        "trial_id": "18",
        "task_id": "99",
        "values": "230.0, 9",
        "target_value": 360
      },
      "choice": {
        "button": "J",
        "selected_option": "OptionB"
      }
    },
    {
      "question": "attention_check_39",
      "choice": "F",
      "passed": true,
      "timestamp": 1756720919220
    },
    {
      "question": 40,
      "target": "Weight loss",
      "target_value": 5,
      "options": [
        "Exercise intensity",
        "Exercise duration"
      ],
      "optionA": {
        "trial_id": "16",
        "task_id": "61",
        "values": "8.0, 40.0",
        "target_value": 5
      },
      "optionB": {
        "trial_id": "1",
        "task_id": "61",
        "values": "8.0, 30.0",
        "target_value": 5
      },
      "choice": {
        "button": "F",
        "selected_option": "OptionA"
      }
    },
    {
      "question": 41,
      "target": "Tastiness",
      "target_value": 6,
      "options": [
        "Pizza size (inches)",
        "Cheese amount (g)"
      ],
      "optionA": {
        "trial_id": "7",
        "task_id": "121",
        "values": "16.0, 130",
        "target_value": 6
      },
      "optionB": {
        "trial_id": "8",
        "task_id": "121",
        "values": "18.0, 140",
        "target_value": 5
      },
      "choice": {
        "button": "J",
        "selected_option": "OptionB"
      }
    },
    {
      "question": 42,
      "target": "Time to Destination (hours)",
      "target_value": 0.5,
      "options": [
        "Car Speed (mph)",
        "Fuel Efficiency (mpg)"
      ],
      "optionA": {
        "trial_id": "19",
        "task_id": "32",
        "values": "110.0, 8.0",
        "target_value": 0.5
      },
      "optionB": {
        "trial_id": "3",
        "task_id": "32",
        "values": "70.0, 25.0",
        "target_value": 1.5
      },
      "choice": {
        "button": "J",
        "selected_option": "OptionB"
      }
    },
    {
      "question": 43,
      "target": "Flower production",
      "target_value": 12,
      "options": [
        "Plant height",
        "Plant width"
      ],
      "optionA": {
        "trial_id": "13",
        "task_id": "63",
        "values": "70.0, 8.0",
        "target_value": 12
      },
      "optionB": {
        "trial_id": "10",
        "task_id": "63",
        "values": "70.0, 7.0",
        "target_value": 14
      },
      "choice": {
        "button": "F",
        "selected_option": "OptionA"
      }
    },
    {
      "question": 44,
      "target": "Rent (per month)",
      "target_value": 1300,
      "options": [
        "Distance from center (km)",
        "Size (m²)"
      ],
      "optionA": {
        "trial_id": "9",
        "task_id": "53",
        "values": "4.0, 50",
        "target_value": 1300
      },
      "optionB": {
        "trial_id": "15",
        "task_id": "53",
        "values": "5.0, 60",
        "target_value": 1200
      },
      "choice": {
        "button": "J",
        "selected_option": "OptionB"
      }
    },
    {
      "question": 45,
      "target": "Shadow coverage",
      "target_value": 60,
      "options": [
        "Tree height",
        "Tree thickness"
      ],
      "optionA": {
        "trial_id": "2",
        "task_id": "58",
        "values": "8.0, 3.0",
        "target_value": 60
      },
      "optionB": {
        "trial_id": "2",
        "task_id": "58",
        "values": "8.0, 3.0",
        "target_value": 60
      },
      "choice": {
        "button": "F",
        "selected_option": "OptionA"
      }
    },
    {
      "question": 46,
      "target": "Race Finish Time (minutes)",
      "target_value": 14,
      "options": [
        "Runner Speed (mph)",
        "Runner Weight (lbs)"
      ],
      "optionA": {
        "trial_id": "7",
        "task_id": "37",
        "values": "9.0, 120.0",
        "target_value": 14
      },
      "optionB": {
        "trial_id": "1",
        "task_id": "37",
        "values": "6.0, 150.0",
        "target_value": 20
      },
      "choice": {
        "button": "J",
        "selected_option": "OptionB"
      }
    },
    {
      "question": 47,
      "target": "Heart Health",
      "target_value": 85,
      "options": [
        "Age",
        "Exercise Hours"
      ],
      "optionA": {
        "trial_id": "11",
        "task_id": "16",
        "values": "35.0, 3",
        "target_value": 85
      },
      "optionB": {
        "trial_id": "10",
        "task_id": "16",
        "values": "70.0, 0",
        "target_value": 63
      },
      "choice": {
        "button": "F",
        "selected_option": "OptionA"
      }
    },
    {
      "question": 48,
      "target": "Water Usage (ml/day)",
      "target_value": 175,
      "options": [
        "Plant Height",
        "Plant Leaves"
      ],
      "optionA": {
        "trial_id": "12",
        "task_id": "73",
        "values": "42.0, 14.0",
        "target_value": 175
      },
      "optionB": {
        "trial_id": "16",
        "task_id": "73",
        "values": "36.0, 11.0",
        "target_value": 160
      },
      "choice": {
        "button": "F",
        "selected_option": "OptionA"
      }
    },
    {
      "question": 49,
      "target": "Enjoyment (1-10)",
      "target_value": 7,
      "options": [
        "Book Thickness (cm)",
        "Author Fame (1-10)"
      ],
      "optionA": {
        "trial_id": "1",
        "task_id": "1",
        "values": "3.0, 6",
        "target_value": 7
      },
      "optionB": {
        "trial_id": "13",
        "task_id": "1",
        "values": "3.0, 7",
        "target_value": 5
      },
      "choice": {
        "button": "J",
        "selected_option": "OptionB"
      }
    },
    {
      "question": 50,
      "target": "Rent (per month)",
      "target_value": 1400,
      "options": [
        "Distance from center (km)",
        "Size (m²)"
      ],
      "optionA": {
        "trial_id": "7",
        "task_id": "53",
        "values": "2.0, 30",
        "target_value": 1400
      },
      "optionB": {
        "trial_id": "13",
        "task_id": "53",
        "values": "1.0, 40",
        "target_value": 1600
      },
      "choice": {
        "button": "J",
        "selected_option": "OptionB"
      }
    }
  ]
}