{
  "prolific_id": "UNKNOWN",
  "condition_group": "ranking",
  "responses": [
    {
      "question": 1,
      "target": "Resale value (in $)",
      "target_value": 11000,
      "options": [
        "Age of car (years)",
        "Mileage (km)"
      ],
      "optionA": {
        "trial_id": "19",
        "task_id": "55",
        "values": "6.0, 65000",
        "target_value": 11000
      },
      "optionB": {
        "trial_id": "18",
        "task_id": "55",
        "values": "5.0, 50000",
        "target_value": 14000
      },
      "choice": {
        "button": "J",
        "selected_option": "OptionB"
      }
    },
    {
      "question": 2,
      "target": "Commute time (minutes)",
      "target_value": 31,
      "options": [
        "Distance to work (miles)",
        "Number of traffic lights"
      ],
      "optionA": {
        "trial_id": "7",
        "task_id": "95",
        "values": "6.0, 9",
        "target_value": 31
      },
      "optionB": {
        "trial_id": "2",
        "task_id": "95",
        "values": "6.0, 8",
        "target_value": 32
      },
      "choice": {
        "button": "F",
        "selected_option": "OptionA"
      }
    },
    {
      "question": 3,
      "target": "Enjoyment Score",
      "target_value": 4.3,
      "options": [
        "Book Thickness",
        "Number of Reviews"
      ],
      "optionA": {
        "trial_id": "19",
        "task_id": "27",
        "values": "400.0, 90.0",
        "target_value": 4.3
      },
      "optionB": {
        "trial_id": "20",
        "task_id": "27",
        "values": "500.0, 120.0",
        "target_value": 4.2
      },
      "choice": {
        "button": "J",
        "selected_option": "OptionB"
      }
    },
    {
      "question": 4,
      "target": "Customer Rating (1-10)",
      "target_value": 8,
      "options": [
        "Price ($)",
        "Weight (oz)"
      ],
      "optionA": {
        "trial_id": "20",
        "task_id": "108",
        "values": "10.0, 16",
        "target_value": 8
      },
      "optionB": {
        "trial_id": "18",
        "task_id": "108",
        "values": "18.0, 18",
        "target_value": 6
      },
      "choice": {
        "button": "J",
        "selected_option": "OptionB"
      }
    },
    {
      "question": 5,
      "target": "Heart rate",
      "target_value": 65,
      "options": [
        "Age",
        "Exercise hours"
      ],
      "optionA": {
        "trial_id": "6",
        "task_id": "77",
        "values": "35.0, 4",
        "target_value": 65
      },
      "optionB": {
        "trial_id": "5",
        "task_id": "77",
        "values": "25.0, 6",
        "target_value": 60
      },
      "choice": {
        "button": "J",
        "selected_option": "OptionB"
      }
    },
    {
      "question": 6,
      "target": "App Performance",
      "target_value": 3,
      "options": [
        "Phone RAM",
        "Phone Storage"
      ],
      "optionA": {
        "trial_id": "13",
        "task_id": "170",
        "values": "4.0, 64",
        "target_value": 3
      },
      "optionB": {
        "trial_id": "19",
        "task_id": "170",
        "values": "12.0, 64",
        "target_value": 6
      },
      "choice": {
        "button": "J",
        "selected_option": "OptionB"
      }
    },
    {
      "question": 7,
      "target": "Reading Enjoyment",
      "target_value": 17,
      "options": [
        "Book Length",
        "Author Fame"
      ],
      "optionA": {
        "trial_id": "20",
        "task_id": "131",
        "values": "1300.0, 0.1",
        "target_value": 17
      },
      "optionB": {
        "trial_id": "20",
        "task_id": "131",
        "values": "1300.0, 0.1",
        "target_value": 17
      },
      "choice": {
        "button": "F",
        "selected_option": "OptionA"
      }
    },
    {
      "question": 8,
      "target": "Speed on Flat Ground",
      "target_value": 23,
      "options": [
        "Bike Weight",
        "Wheel Size"
      ],
      "optionA": {
        "trial_id": "7",
        "task_id": "30",
        "values": "12.0, 25.0",
        "target_value": 23
      },
      "optionB": {
        "trial_id": "16",
        "task_id": "30",
        "values": "10.0, 27.0",
        "target_value": 25
      },
      "choice": {
        "button": "J",
        "selected_option": "OptionB"
      }
    },
    {
      "question": 9,
      "target": "Fuel efficiency (km/L)",
      "target_value": 16,
      "options": [
        "Car engine size (L)",
        "Car weight (kg)"
      ],
      "optionA": {
        "trial_id": "19",
        "task_id": "150",
        "values": "2.0, 1200.0",
        "target_value": 16
      },
      "optionB": {
        "trial_id": "8",
        "task_id": "150",
        "values": "1.2, 1050.0",
        "target_value": 22
      },
      "choice": {
        "button": "F",
        "selected_option": "OptionA"
      }
    },
    {
      "question": "attention_check_9",
      "choice": "J",
      "passed": true,
      "timestamp": 1756154510207
    },
    {
      "question": 10,
      "target": "Exam score (%)",
      "target_value": 55,
      "options": [
        "Time spent studying (hours)",
        "Number of breaks (times)"
      ],
      "optionA": {
        "trial_id": "4",
        "task_id": "139",
        "values": "2.0, 2",
        "target_value": 55
      },
      "optionB": {
        "trial_id": "6",
        "task_id": "139",
        "values": "3.0, 6",
        "target_value": 55
      },
      "choice": {
        "button": "F",
        "selected_option": "OptionA"
      }
    },
    {
      "question": 11,
      "target": "Comfort level",
      "target_value": 5,
      "options": [
        "Room size",
        "Room furniture"
      ],
      "optionA": {
        "trial_id": "5",
        "task_id": "60",
        "values": "10.0, 3.0",
        "target_value": 5
      },
      "optionB": {
        "trial_id": "2",
        "task_id": "60",
        "values": "12.0, 3.0",
        "target_value": 6
      },
      "choice": {
        "button": "J",
        "selected_option": "OptionB"
      }
    },
    {
      "question": 12,
      "target": "House Price",
      "target_value": 250000,
      "options": [
        "House Square Feet",
        "House Age"
      ],
      "optionA": {
        "trial_id": "9",
        "task_id": "9",
        "values": "1400.0, 25",
        "target_value": 250000
      },
      "optionB": {
        "trial_id": "17",
        "task_id": "9",
        "values": "2800.0, 2",
        "target_value": 440000
      },
      "choice": {
        "button": "J",
        "selected_option": "OptionB"
      }
    },
    {
      "question": 13,
      "target": "Rent (per month)",
      "target_value": 1200,
      "options": [
        "Distance from center (km)",
        "Size (m²)"
      ],
      "optionA": {
        "trial_id": "20",
        "task_id": "53",
        "values": "4.0, 40",
        "target_value": 1200
      },
      "optionB": {
        "trial_id": "5",
        "task_id": "53",
        "values": "6.0, 60",
        "target_value": 1100
      },
      "choice": {
        "button": "F",
        "selected_option": "OptionA"
      }
    },
    {
      "question": 14,
      "target": "Taste Score",
      "target_value": 6.2,
      "options": [
        "Cooking Time",
        "Spice Level"
      ],
      "optionA": {
        "trial_id": "15",
        "task_id": "130",
        "values": "55.0, 12.0",
        "target_value": 6.2
      },
      "optionB": {
        "trial_id": "12",
        "task_id": "130",
        "values": "50.0, 9.0",
        "target_value": 6.6
      },
      "choice": {
        "button": "J",
        "selected_option": "OptionB"
      }
    },
    {
      "question": 15,
      "target": "Reliability",
      "target_value": 75,
      "options": [
        "Car age",
        "Maintenance cost"
      ],
      "optionA": {
        "trial_id": "11",
        "task_id": "83",
        "values": "6.0, 900",
        "target_value": 75
      },
      "optionB": {
        "trial_id": "16",
        "task_id": "83",
        "values": "6.0, 1200",
        "target_value": 70
      },
      "choice": {
        "button": "F",
        "selected_option": "OptionA"
      }
    },
    {
      "question": 16,
      "target": "Growth Rate (cm/week)",
      "target_value": 6,
      "options": [
        "Plant Height (cm)",
        "Sunlight (hours/day)"
      ],
      "optionA": {
        "trial_id": "13",
        "task_id": "4",
        "values": "40.0, 7",
        "target_value": 6
      },
      "optionB": {
        "trial_id": "17",
        "task_id": "4",
        "values": "20.0, 5",
        "target_value": 3
      },
      "choice": {
        "button": "J",
        "selected_option": "OptionB"
      }
    },
    {
      "question": 17,
      "target": "Battery life",
      "target_value": 28,
      "options": [
        "Phone battery",
        "Phone size"
      ],
      "optionA": {
        "trial_id": "3",
        "task_id": "62",
        "values": "4500.0, 15.0",
        "target_value": 28
      },
      "optionB": {
        "trial_id": "18",
        "task_id": "62",
        "values": "4200.0, 18.0",
        "target_value": 26
      },
      "choice": {
        "button": "F",
        "selected_option": "OptionA"
      }
    },
    {
      "question": 18,
      "target": "Phone Performance Score",
      "target_value": 9,
      "options": [
        "Phone Processor Speed",
        "Phone Battery Capacity"
      ],
      "optionA": {
        "trial_id": "3",
        "task_id": "10",
        "values": "4.0, 3500",
        "target_value": 9
      },
      "optionB": {
        "trial_id": "4",
        "task_id": "10",
        "values": "3.5, 4000",
        "target_value": 8.7
      },
      "choice": {
        "button": "F",
        "selected_option": "OptionA"
      }
    },
    {
      "question": 19,
      "target": "Water Usage (ml/day)",
      "target_value": 155,
      "options": [
        "Plant Height",
        "Plant Leaves"
      ],
      "optionA": {
        "trial_id": "10",
        "task_id": "73",
        "values": "37.0, 10.0",
        "target_value": 155
      },
      "optionB": {
        "trial_id": "20",
        "task_id": "73",
        "values": "38.0, 12.0",
        "target_value": 165
      },
      "choice": {
        "button": "J",
        "selected_option": "OptionB"
      }
    },
    {
      "question": "attention_check_19",
      "choice": "F",
      "passed": true,
      "timestamp": 1756154554943
    },
    {
      "question": 20,
      "target": "Fatigue (1-10)",
      "target_value": 7,
      "options": [
        "Exercise Duration (min)",
        "Rest Time (min)"
      ],
      "optionA": {
        "trial_id": "7",
        "task_id": "2",
        "values": "50.0, 10",
        "target_value": 7
      },
      "optionB": {
        "trial_id": "11",
        "task_id": "2",
        "values": "20.0, 5",
        "target_value": 3
      },
      "choice": {
        "button": "J",
        "selected_option": "OptionB"
      }
    },
    {
      "question": 21,
      "target": "BMI",
      "target_value": 27.3,
      "options": [
        "Height",
        "Weight"
      ],
      "optionA": {
        "trial_id": "19",
        "task_id": "17",
        "values": "160.0, 68",
        "target_value": 27.3
      },
      "optionB": {
        "trial_id": "5",
        "task_id": "17",
        "values": "160.0, 60",
        "target_value": 23.4
      },
      "choice": {
        "button": "F",
        "selected_option": "OptionA"
      }
    },
    {
      "question": 22,
      "target": "Calories Burned",
      "target_value": 170,
      "options": [
        "Exercise Duration",
        "Exercise Intensity"
      ],
      "optionA": {
        "trial_id": "11",
        "task_id": "71",
        "values": "20.0, 7.0",
        "target_value": 170
      },
      "optionB": {
        "trial_id": "17",
        "task_id": "71",
        "values": "35.0, 4.0",
        "target_value": 200
      },
      "choice": {
        "button": "F",
        "selected_option": "OptionA"
      }
    },
    {
      "question": 23,
      "target": "Tastiness",
      "target_value": 6,
      "options": [
        "Pizza size (inches)",
        "Cheese amount (g)"
      ],
      "optionA": {
        "trial_id": "4",
        "task_id": "121",
        "values": "16.0, 150",
        "target_value": 6
      },
      "optionB": {
        "trial_id": "15",
        "task_id": "121",
        "values": "18.0, 120",
        "target_value": 5
      },
      "choice": {
        "button": "J",
        "selected_option": "OptionB"
      }
    },
    {
      "question": 24,
      "target": "Shade Area (sq ft)",
      "target_value": 210,
      "options": [
        "Tree Height (ft)",
        "Tree Diameter (in)"
      ],
      "optionA": {
        "trial_id": "7",
        "task_id": "33",
        "values": "70.0, 5.0",
        "target_value": 210
      },
      "optionB": {
        "trial_id": "1",
        "task_id": "33",
        "values": "40.0, 10.0",
        "target_value": 120
      },
      "choice": {
        "button": "F",
        "selected_option": "OptionA"
      }
    },
    {
      "question": 25,
      "target": "Distance",
      "target_value": 480,
      "options": [
        "Fuel Efficiency",
        "Weight"
      ],
      "optionA": {
        "trial_id": "5",
        "task_id": "69",
        "values": "32.0, 1500",
        "target_value": 480
      },
      "optionB": {
        "trial_id": "2",
        "task_id": "69",
        "values": "25.0, 1600",
        "target_value": 400
      },
      "choice": {
        "button": "F",
        "selected_option": "OptionA"
      }
    },
    {
      "question": 26,
      "target": "Customer satisfaction (1-10)",
      "target_value": 7.5,
      "options": [
        "Number of reviews",
        "Price (in $)"
      ],
      "optionA": {
        "trial_id": "6",
        "task_id": "56",
        "values": "100.0, 55",
        "target_value": 7.5
      },
      "optionB": {
        "trial_id": "6",
        "task_id": "56",
        "values": "100.0, 55",
        "target_value": 7.5
      },
      "choice": {
        "button": "J",
        "selected_option": "OptionB"
      }
    },
    {
      "question": 27,
      "target": "Tastiness",
      "target_value": 6,
      "options": [
        "Pizza size (inches)",
        "Cheese amount (g)"
      ],
      "optionA": {
        "trial_id": "7",
        "task_id": "121",
        "values": "16.0, 130",
        "target_value": 6
      },
      "optionB": {
        "trial_id": "5",
        "task_id": "121",
        "values": "10.0, 160",
        "target_value": 7
      },
      "choice": {
        "button": "F",
        "selected_option": "OptionA"
      }
    },
    {
      "question": 28,
      "target": "Exam score",
      "target_value": 80,
      "options": [
        "Study time",
        "Hours slept"
      ],
      "optionA": {
        "trial_id": "2",
        "task_id": "102",
        "values": "3.0, 7",
        "target_value": 80
      },
      "optionB": {
        "trial_id": "4",
        "task_id": "102",
        "values": "2.0, 8",
        "target_value": 75
      },
      "choice": {
        "button": "F",
        "selected_option": "OptionA"
      }
    },
    {
      "question": 29,
      "target": "Mobile Phone Performance",
      "target_value": 85,
      "options": [
        "Mobile Phone RAM",
        "Mobile Phone Battery Size"
      ],
      "optionA": {
        "trial_id": "7",
        "task_id": "40",
        "values": "10.0, 3400",
        "target_value": 85
      },
      "optionB": {
        "trial_id": "15",
        "task_id": "40",
        "values": "18.0, 2600",
        "target_value": 105
      },
      "choice": {
        "button": "J",
        "selected_option": "OptionB"
      }
    },
    {
      "question": "attention_check_29",
      "choice": "J",
      "passed": true,
      "timestamp": 1756154598208
    },
    {
      "question": 30,
      "target": "Comfort Rating",
      "target_value": 8.1,
      "options": [
        "Shoe Weight",
        "Brand Popularity"
      ],
      "optionA": {
        "trial_id": "7",
        "task_id": "29",
        "values": "210.0, 10.0",
        "target_value": 8.1
      },
      "optionB": {
        "trial_id": "9",
        "task_id": "29",
        "values": "190.0, 8.0",
        "target_value": 8.3
      },
      "choice": {
        "button": "F",
        "selected_option": "OptionA"
      }
    },
    {
      "question": 31,
      "target": "Value for Money",
      "target_value": 41,
      "options": [
        "Price",
        "Weight"
      ],
      "optionA": {
        "trial_id": "19",
        "task_id": "20",
        "values": "95.0, 2.4",
        "target_value": 41
      },
      "optionB": {
        "trial_id": "20",
        "task_id": "20",
        "values": "85.0, 2.6",
        "target_value": 40
      },
      "choice": {
        "button": "J",
        "selected_option": "OptionB"
      }
    },
    {
      "question": 32,
      "target": "Retention Rate (%)",
      "target_value": 75,
      "options": [
        "Study Time (hours)",
        "Number of Distractions"
      ],
      "optionA": {
        "trial_id": "9",
        "task_id": "161",
        "values": "3.0, 1",
        "target_value": 75
      },
      "optionB": {
        "trial_id": "2",
        "task_id": "161",
        "values": "2.0, 3",
        "target_value": 60
      },
      "choice": {
        "button": "F",
        "selected_option": "OptionA"
      }
    },
    {
      "question": 33,
      "target": "Weight loss",
      "target_value": 4,
      "options": [
        "Exercise intensity",
        "Exercise duration"
      ],
      "optionA": {
        "trial_id": "14",
        "task_id": "61",
        "values": "6.0, 50.0",
        "target_value": 4
      },
      "optionB": {
        "trial_id": "16",
        "task_id": "61",
        "values": "8.0, 40.0",
        "target_value": 5
      },
      "choice": {
        "button": "J",
        "selected_option": "OptionB"
      }
    },
    {
      "question": 34,
      "target": "Reaction Time (ms)",
      "target_value": 320,
      "options": [
        "Age (years)",
        "Driving Experience (years)"
      ],
      "optionA": {
        "trial_id": "14",
        "task_id": "25",
        "values": "20.0, 2.0",
        "target_value": 320
      },
      "optionB": {
        "trial_id": "9",
        "task_id": "25",
        "values": "30.0, 10.0",
        "target_value": 260
      },
      "choice": {
        "button": "F",
        "selected_option": "OptionA"
      }
    },
    {
      "question": 35,
      "target": "Phone price ($)",
      "target_value": 570,
      "options": [
        "Phone battery capacity (mAh)",
        "Phone screen size (inches)"
      ],
      "optionA": {
        "trial_id": "20",
        "task_id": "154",
        "values": "5400.0, 5.8",
        "target_value": 570
      },
      "optionB": {
        "trial_id": "16",
        "task_id": "154",
        "values": "5200.0, 5.7",
        "target_value": 540
      },
      "choice": {
        "button": "J",
        "selected_option": "OptionB"
      }
    },
    {
      "question": 36,
      "target": "Plant Health",
      "target_value": 13,
      "options": [
        "Plant Height",
        "Water Amount"
      ],
      "optionA": {
        "trial_id": "13",
        "task_id": "169",
        "values": "90.0, 1",
        "target_value": 13
      },
      "optionB": {
        "trial_id": "16",
        "task_id": "169",
        "values": "100.0, 2",
        "target_value": 13
      },
      "choice": {
        "button": "J",
        "selected_option": "OptionB"
      }
    },
    {
      "question": 37,
      "target": "Battery life",
      "target_value": 22,
      "options": [
        "Phone battery",
        "Phone size"
      ],
      "optionA": {
        "trial_id": "7",
        "task_id": "62",
        "values": "3500.0, 20.0",
        "target_value": 22
      },
      "optionB": {
        "trial_id": "9",
        "task_id": "62",
        "values": "5500.0, 12.0",
        "target_value": 32
      },
      "choice": {
        "button": "J",
        "selected_option": "OptionB"
      }
    },
    {
      "question": 38,
      "target": "Cooling Time (min)",
      "target_value": 27,
      "options": [
        "Room Size (m²)",
        "Window Size (m²)"
      ],
      "optionA": {
        "trial_id": "16",
        "task_id": "143",
        "values": "25.0, 3.2",
        "target_value": 27
      },
      "optionB": {
        "trial_id": "9",
        "task_id": "143",
        "values": "24.0, 3.0",
        "target_value": 26
      },
      "choice": {
        "button": "J",
        "selected_option": "OptionB"
      }
    },
    {
      "question": 39,
      "target": "Morning alertness (1-10)",
      "target_value": 4,
      "options": [
        "Amount of sleep (hours)",
        "Time to bed (minutes past 10pm)"
      ],
      "optionA": {
        "trial_id": "10",
        "task_id": "96",
        "values": "6.0, 60",
        "target_value": 4
      },
      "optionB": {
        "trial_id": "12",
        "task_id": "96",
        "values": "9.0, 15",
        "target_value": 8
      },
      "choice": {
        "button": "J",
        "selected_option": "OptionB"
      }
    },
    {
      "question": "attention_check_39",
      "choice": "F",
      "passed": true,
      "timestamp": 1756154629752
    },
    {
      "question": 40,
      "target": "App Performance",
      "target_value": 3,
      "options": [
        "Phone RAM",
        "Phone Storage"
      ],
      "optionA": {
        "trial_id": "1",
        "task_id": "170",
        "values": "4.0, 64",
        "target_value": 3
      },
      "optionB": {
        "trial_id": "6",
        "task_id": "170",
        "values": "8.0, 128",
        "target_value": 5
      },
      "choice": {
        "button": "J",
        "selected_option": "OptionB"
      }
    },
    {
      "question": 41,
      "target": "Usage Time",
      "target_value": 10,
      "options": [
        "Battery Capacity",
        "Weight"
      ],
      "optionA": {
        "trial_id": "10",
        "task_id": "22",
        "values": "3000.0, 260.0",
        "target_value": 10
      },
      "optionB": {
        "trial_id": "11",
        "task_id": "22",
        "values": "5500.0, 170.0",
        "target_value": 15
      },
      "choice": {
        "button": "J",
        "selected_option": "OptionB"
      }
    },
    {
      "question": 42,
      "target": "Exam Score",
      "target_value": 89,
      "options": [
        "Study Time (hours)",
        "Intelligence Score"
      ],
      "optionA": {
        "trial_id": "16",
        "task_id": "157",
        "values": "7.0, 55.0",
        "target_value": 89
      },
      "optionB": {
        "trial_id": "11",
        "task_id": "157",
        "values": "5.0, 70.0",
        "target_value": 83
      },
      "choice": {
        "button": "J",
        "selected_option": "OptionB"
      }
    },
    {
      "question": 43,
      "target": "Nutritional Value",
      "target_value": 75,
      "options": [
        "Weight",
        "Calories"
      ],
      "optionA": {
        "trial_id": "10",
        "task_id": "136",
        "values": "100.0, 90.0",
        "target_value": 75
      },
      "optionB": {
        "trial_id": "9",
        "task_id": "136",
        "values": "90.0, 100.0",
        "target_value": 80
      },
      "choice": {
        "button": "J",
        "selected_option": "OptionB"
      }
    },
    {
      "question": 44,
      "target": "Phone price ($)",
      "target_value": 550,
      "options": [
        "Phone battery capacity (mAh)",
        "Phone screen size (inches)"
      ],
      "optionA": {
        "trial_id": "3",
        "task_id": "154",
        "values": "3800.0, 6.5",
        "target_value": 550
      },
      "optionB": {
        "trial_id": "19",
        "task_id": "154",
        "values": "4200.0, 6.2",
        "target_value": 600
      },
      "choice": {
        "button": "J",
        "selected_option": "OptionB"
      }
    },
    {
      "question": 45,
      "target": "Battery life",
      "target_value": 20,
      "options": [
        "Phone battery",
        "Phone size"
      ],
      "optionA": {
        "trial_id": "8",
        "task_id": "62",
        "values": "3000.0, 22.0",
        "target_value": 20
      },
      "optionB": {
        "trial_id": "8",
        "task_id": "62",
        "values": "3000.0, 22.0",
        "target_value": 20
      },
      "choice": {
        "button": "F",
        "selected_option": "OptionA"
      }
    },
    {
      "question": 46,
      "target": "Comfort Rating",
      "target_value": 7.7,
      "options": [
        "Shoe Weight",
        "Brand Popularity"
      ],
      "optionA": {
        "trial_id": "4",
        "task_id": "29",
        "values": "240.0, 10.0",
        "target_value": 7.7
      },
      "optionB": {
        "trial_id": "6",
        "task_id": "29",
        "values": "260.0, 6.0",
        "target_value": 7.3
      },
      "choice": {
        "button": "J",
        "selected_option": "OptionB"
      }
    },
    {
      "question": 47,
      "target": "Flower Size",
      "target_value": 4,
      "options": [
        "Plant Height",
        "Number of Leaves"
      ],
      "optionA": {
        "trial_id": "11",
        "task_id": "80",
        "values": "26.0, 16",
        "target_value": 4
      },
      "optionB": {
        "trial_id": "8",
        "task_id": "80",
        "values": "31.0, 9",
        "target_value": 5
      },
      "choice": {
        "button": "F",
        "selected_option": "OptionA"
      }
    },
    {
      "question": 48,
      "target": "Value for Money",
      "target_value": 35,
      "options": [
        "Price",
        "Weight"
      ],
      "optionA": {
        "trial_id": "6",
        "task_id": "20",
        "values": "130.0, 1.2",
        "target_value": 35
      },
      "optionB": {
        "trial_id": "5",
        "task_id": "20",
        "values": "150.0, 1.0",
        "target_value": 30
      },
      "choice": {
        "button": "J",
        "selected_option": "OptionB"
      }
    },
    {
      "question": 49,
      "target": "Warmth Rating (1-10)",
      "target_value": 7,
      "options": [
        "Shirt Thickness (mm)",
        "Shirt Weight (g)"
      ],
      "optionA": {
        "trial_id": "1",
        "task_id": "35",
        "values": "2.0, 150.0",
        "target_value": 7
      },
      "optionB": {
        "trial_id": "12",
        "task_id": "35",
        "values": "1.5, 165.0",
        "target_value": 6.5
      },
      "choice": {
        "button": "F",
        "selected_option": "OptionA"
      }
    },
    {
      "question": 50,
      "target": "Commute time (minutes)",
      "target_value": 33,
      "options": [
        "Distance to work (miles)",
        "Number of traffic lights"
      ],
      "optionA": {
        "trial_id": "19",
        "task_id": "95",
        "values": "7.0, 11",
        "target_value": 33
      },
      "optionB": {
        "trial_id": "8",
        "task_id": "95",
        "values": "5.0, 11",
        "target_value": 30
      },
      "choice": {
        "button": "J",
        "selected_option": "OptionB"
      }
    }
  ]
}