{
  "prolific_id": "UNKNOWN",
  "condition_group": "ranking",
  "responses": [
    {
      "question": 1,
      "target": "House Price",
      "target_value": 450,
      "options": [
        "House Size",
        "Housing Age"
      ],
      "optionA": {
        "trial_id": "15",
        "task_id": "99",
        "values": "280.0, 12",
        "target_value": 450
      },
      "optionB": {
        "trial_id": "19",
        "task_id": "99",
        "values": "240.0, 9",
        "target_value": 380
      },
      "choice": {
        "button": "F",
        "selected_option": "OptionA"
      }
    },
    {
      "question": 2,
      "target": "Weight loss",
      "target_value": 6,
      "options": [
        "Exercise intensity",
        "Exercise duration"
      ],
      "optionA": {
        "trial_id": "12",
        "task_id": "61",
        "values": "9.0, 35.0",
        "target_value": 6
      },
      "optionB": {
        "trial_id": "19",
        "task_id": "61",
        "values": "9.0, 35.0",
        "target_value": 5
      },
      "choice": {
        "button": "J",
        "selected_option": "OptionB"
      }
    },
    {
      "question": 3,
      "target": "Fuel efficiency (km/l)",
      "target_value": 15,
      "options": [
        "Engine size (cc)",
        "Weight (kg)"
      ],
      "optionA": {
        "trial_id": "18",
        "task_id": "51",
        "values": "1550.0, 1210",
        "target_value": 15
      },
      "optionB": {
        "trial_id": "9",
        "task_id": "51",
        "values": "1300.0, 1150",
        "target_value": 17
      },
      "choice": {
        "button": "J",
        "selected_option": "OptionB"
      }
    },
    {
      "question": 4,
      "target": "Skill Level",
      "target_value": 7,
      "options": [
        "Experience",
        "Years of Education"
      ],
      "optionA": {
        "trial_id": "1",
        "task_id": "137",
        "values": "5.0, 12.0",
        "target_value": 7
      },
      "optionB": {
        "trial_id": "19",
        "task_id": "137",
        "values": "11.0, 8.0",
        "target_value": 9
      },
      "choice": {
        "button": "J",
        "selected_option": "OptionB"
      }
    },
    {
      "question": 5,
      "target": "Car Value",
      "target_value": 60000,
      "options": [
        "Age (years)",
        "Mileage (km)"
      ],
      "optionA": {
        "trial_id": "18",
        "task_id": "127",
        "values": "1.0, 2000",
        "target_value": 60000
      },
      "optionB": {
        "trial_id": "7",
        "task_id": "127",
        "values": "3.0, 10000",
        "target_value": 45000
      },
      "choice": {
        "button": "J",
        "selected_option": "OptionB"
      }
    },
    {
      "question": 6,
      "target": "App Performance (1-10)",
      "target_value": 8,
      "options": [
        "Phone RAM (GB)",
        "Phone Brand (1=Premium, 2=Budget)"
      ],
      "optionA": {
        "trial_id": "11",
        "task_id": "176",
        "values": "7.0, 1",
        "target_value": 8
      },
      "optionB": {
        "trial_id": "4",
        "task_id": "176",
        "values": "3.0, 2",
        "target_value": 5
      },
      "choice": {
        "button": "F",
        "selected_option": "OptionA"
      }
    },
    {
      "question": 7,
      "target": "Health index",
      "target_value": 88,
      "options": [
        "Age",
        "Exercise hours"
      ],
      "optionA": {
        "trial_id": "19",
        "task_id": "82",
        "values": "42.0, 3",
        "target_value": 88
      },
      "optionB": {
        "trial_id": "18",
        "task_id": "77",
        "values": "40.0, 4",
        "target_value": 70
      },
      "choice": {
        "button": "J",
        "selected_option": "OptionB"
      }
    },
    {
      "question": 8,
      "target": "Flower size (cm)",
      "target_value": 6.2,
      "options": [
        "Plant height (cm)",
        "Plant age (months)"
      ],
      "optionA": {
        "trial_id": "19",
        "task_id": "146",
        "values": "24.0, 3",
        "target_value": 6.2
      },
      "optionB": {
        "trial_id": "1",
        "task_id": "146",
        "values": "30.0, 3",
        "target_value": 5
      },
      "choice": {
        "button": "J",
        "selected_option": "OptionB"
      }
    },
    {
      "question": 9,
      "target": "Fuel Efficiency",
      "target_value": 30,
      "options": [
        "Car Engine Size",
        "Car Weight"
      ],
      "optionA": {
        "trial_id": "19",
        "task_id": "168",
        "values": "2.0, 3500",
        "target_value": 30
      },
      "optionB": {
        "trial_id": "17",
        "task_id": "105",
        "values": "1.7, 1450",
        "target_value": 21
      },
      "choice": {
        "button": "J",
        "selected_option": "OptionB"
      }
    },
    {
      "question": "attention_check_9",
      "choice": "J",
      "passed": true,
      "timestamp": 1756154539683
    },
    {
      "question": 10,
      "target": "Taste rating (1-10)",
      "target_value": 7,
      "options": [
        "Number of ingredients",
        "Prep time (in minutes)"
      ],
      "optionA": {
        "trial_id": "12",
        "task_id": "88",
        "values": "6.0, 20",
        "target_value": 7
      },
      "optionB": {
        "trial_id": "15",
        "task_id": "88",
        "values": "6.0, 25",
        "target_value": 7
      },
      "choice": {
        "button": "F",
        "selected_option": "OptionA"
      }
    },
    {
      "question": 11,
      "target": "Value",
      "target_value": 7,
      "options": [
        "Price",
        "Size"
      ],
      "optionA": {
        "trial_id": "5",
        "task_id": "67",
        "values": "120.0, 60",
        "target_value": 7
      },
      "optionB": {
        "trial_id": "5",
        "task_id": "21",
        "values": "130.0, 7.0",
        "target_value": 70
      },
      "choice": {
        "button": "J",
        "selected_option": "OptionB"
      }
    },
    {
      "question": 12,
      "target": "Comfort (1-10)",
      "target_value": 8,
      "options": [
        "Shoe Width (cm)",
        "Arch Support (1-10)"
      ],
      "optionA": {
        "trial_id": "1",
        "task_id": "7",
        "values": "9.0, 6",
        "target_value": 8
      },
      "optionB": {
        "trial_id": "11",
        "task_id": "7",
        "values": "9.0, 5",
        "target_value": 8
      },
      "choice": {
        "button": "F",
        "selected_option": "OptionA"
      }
    },
    {
      "question": 13,
      "target": "Calories burned",
      "target_value": 230,
      "options": [
        "Exercise time (min)",
        "Heart rate (bpm)"
      ],
      "optionA": {
        "trial_id": "13",
        "task_id": "116",
        "values": "20.0, 120",
        "target_value": 230
      },
      "optionB": {
        "trial_id": "19",
        "task_id": "116",
        "values": "50.0, 95",
        "target_value": 360
      },
      "choice": {
        "button": "J",
        "selected_option": "OptionB"
      }
    },
    {
      "question": 14,
      "target": "Weight Loss (lbs)",
      "target_value": 7,
      "options": [
        "Exercise Minutes",
        "Diet Score (1-10)"
      ],
      "optionA": {
        "trial_id": "10",
        "task_id": "112",
        "values": "80.0, 7",
        "target_value": 7
      },
      "optionB": {
        "trial_id": "15",
        "task_id": "112",
        "values": "100.0, 7",
        "target_value": 9
      },
      "choice": {
        "button": "J",
        "selected_option": "OptionB"
      }
    },
    {
      "question": 15,
      "target": "Distance",
      "target_value": 480,
      "options": [
        "Fuel Efficiency",
        "Weight"
      ],
      "optionA": {
        "trial_id": "4",
        "task_id": "69",
        "values": "32.0, 1500",
        "target_value": 480
      },
      "optionB": {
        "trial_id": "16",
        "task_id": "69",
        "values": "32.0, 1500",
        "target_value": 480
      },
      "choice": {
        "button": "F",
        "selected_option": "OptionA"
      }
    },
    {
      "question": 16,
      "target": "Bicycle Speed",
      "target_value": 22,
      "options": [
        "Bicycle Weight",
        "Bicycle Price"
      ],
      "optionA": {
        "trial_id": "7",
        "task_id": "39",
        "values": "16.0, 440",
        "target_value": 22
      },
      "optionB": {
        "trial_id": "18",
        "task_id": "39",
        "values": "28.0, 370",
        "target_value": 12
      },
      "choice": {
        "button": "F",
        "selected_option": "OptionA"
      }
    },
    {
      "question": 17,
      "target": "Fuel consumption (liters per 100km)",
      "target_value": 6.8,
      "options": [
        "Car engine size (liters)",
        "Car weight (kg)"
      ],
      "optionA": {
        "trial_id": "16",
        "task_id": "113",
        "values": "1.6, 1600",
        "target_value": 6.8
      },
      "optionB": {
        "trial_id": "13",
        "task_id": "113",
        "values": "2.5, 1400",
        "target_value": 8.5
      },
      "choice": {
        "button": "J",
        "selected_option": "OptionB"
      }
    },
    {
      "question": 18,
      "target": "Shade Area (sq ft)",
      "target_value": 100,
      "options": [
        "Tree Height (ft)",
        "Tree Diameter (in)"
      ],
      "optionA": {
        "trial_id": "12",
        "task_id": "33",
        "values": "35.0, 13.0",
        "target_value": 100
      },
      "optionB": {
        "trial_id": "6",
        "task_id": "33",
        "values": "50.0, 8.0",
        "target_value": 150
      },
      "choice": {
        "button": "F",
        "selected_option": "OptionA"
      }
    },
    {
      "question": 19,
      "target": "Exam score (%)",
      "target_value": 65,
      "options": [
        "Time spent studying (hours)",
        "Number of breaks (times)"
      ],
      "optionA": {
        "trial_id": "3",
        "task_id": "139",
        "values": "4.0, 4",
        "target_value": 65
      },
      "optionB": {
        "trial_id": "1",
        "task_id": "139",
        "values": "3.0, 5",
        "target_value": 60
      },
      "choice": {
        "button": "F",
        "selected_option": "OptionA"
      }
    },
    {
      "question": "attention_check_19",
      "choice": "F",
      "passed": true,
      "timestamp": 1756154654063
    },
    {
      "question": 20,
      "target": "House price ($)",
      "target_value": 275000,
      "options": [
        "House size (sq ft)",
        "House age (years)"
      ],
      "optionA": {
        "trial_id": "20",
        "task_id": "155",
        "values": "2550.0, 21.0",
        "target_value": 275000
      },
      "optionB": {
        "trial_id": "10",
        "task_id": "155",
        "values": "2500.0, 24.0",
        "target_value": 260000
      },
      "choice": {
        "button": "F",
        "selected_option": "OptionA"
      }
    },
    {
      "question": 21,
      "target": "Engagement rate (%)",
      "target_value": 3,
      "options": [
        "Number of followers (count)",
        "Time posted (hours ago)"
      ],
      "optionA": {
        "trial_id": "12",
        "task_id": "98",
        "values": "900.0, 6",
        "target_value": 3
      },
      "optionB": {
        "trial_id": "13",
        "task_id": "98",
        "values": "1000.0, 6",
        "target_value": 4
      },
      "choice": {
        "button": "J",
        "selected_option": "OptionB"
      }
    },
    {
      "question": 22,
      "target": "Taste Rating",
      "target_value": 5.5,
      "options": [
        "Coffee Amount",
        "Sugar Amount"
      ],
      "optionA": {
        "trial_id": "12",
        "task_id": "18",
        "values": "4.0, 3",
        "target_value": 5.5
      },
      "optionB": {
        "trial_id": "10",
        "task_id": "18",
        "values": "3.0, 2",
        "target_value": 5
      },
      "choice": {
        "button": "F",
        "selected_option": "OptionA"
      }
    },
    {
      "question": 23,
      "target": "Warmth Rating (1-10)",
      "target_value": 9,
      "options": [
        "Shirt Thickness (mm)",
        "Shirt Weight (g)"
      ],
      "optionA": {
        "trial_id": "8",
        "task_id": "35",
        "values": "4.0, 130.0",
        "target_value": 9
      },
      "optionB": {
        "trial_id": "15",
        "task_id": "35",
        "values": "4.5, 135.0",
        "target_value": 9.5
      },
      "choice": {
        "button": "J",
        "selected_option": "OptionB"
      }
    },
    {
      "question": 24,
      "target": "Enjoyment (1-10)",
      "target_value": 8,
      "options": [
        "Book Thickness (cm)",
        "Author Fame (1-10)"
      ],
      "optionA": {
        "trial_id": "5",
        "task_id": "1",
        "values": "6.0, 3",
        "target_value": 8
      },
      "optionB": {
        "trial_id": "12",
        "task_id": "1",
        "values": "6.0, 3",
        "target_value": 7
      },
      "choice": {
        "button": "F",
        "selected_option": "OptionA"
      }
    },
    {
      "question": 25,
      "target": "Shadow coverage",
      "target_value": 75,
      "options": [
        "Tree height",
        "Tree thickness"
      ],
      "optionA": {
        "trial_id": "12",
        "task_id": "58",
        "values": "12.0, 2.0",
        "target_value": 75
      },
      "optionB": {
        "trial_id": "5",
        "task_id": "58",
        "values": "8.0, 4.0",
        "target_value": 65
      },
      "choice": {
        "button": "F",
        "selected_option": "OptionA"
      }
    },
    {
      "question": 26,
      "target": "Fuel efficiency (km/l)",
      "target_value": 8,
      "options": [
        "Engine power (in horsepower)",
        "Weight (in kg)"
      ],
      "optionA": {
        "trial_id": "4",
        "task_id": "87",
        "values": "220.0, 1500",
        "target_value": 8
      },
      "optionB": {
        "trial_id": "1",
        "task_id": "87",
        "values": "200.0, 1500",
        "target_value": 8
      },
      "choice": {
        "button": "J",
        "selected_option": "OptionB"
      }
    },
    {
      "question": 27,
      "target": "Taste Score",
      "target_value": 6.8,
      "options": [
        "Cooking Time",
        "Spice Level"
      ],
      "optionA": {
        "trial_id": "10",
        "task_id": "130",
        "values": "45.0, 8.0",
        "target_value": 6.8
      },
      "optionB": {
        "trial_id": "6",
        "task_id": "130",
        "values": "35.0, 6.0",
        "target_value": 7.3
      },
      "choice": {
        "button": "F",
        "selected_option": "OptionA"
      }
    },
    {
      "question": 28,
      "target": "Value",
      "target_value": 8,
      "options": [
        "Price",
        "Size"
      ],
      "optionA": {
        "trial_id": "17",
        "task_id": "67",
        "values": "90.0, 40",
        "target_value": 8
      },
      "optionB": {
        "trial_id": "9",
        "task_id": "21",
        "values": "70.0, 2.0",
        "target_value": 90
      },
      "choice": {
        "button": "F",
        "selected_option": "OptionA"
      }
    },
    {
      "question": 29,
      "target": "Energy level (1-10)",
      "target_value": 10,
      "options": [
        "Hours of sleep",
        "Caffeine intake (mg)"
      ],
      "optionA": {
        "trial_id": "13",
        "task_id": "54",
        "values": "10.0, 30",
        "target_value": 10
      },
      "optionB": {
        "trial_id": "19",
        "task_id": "54",
        "values": "5.0, 180",
        "target_value": 4
      },
      "choice": {
        "button": "F",
        "selected_option": "OptionA"
      }
    },
    {
      "question": "attention_check_29",
      "choice": "J",
      "passed": true,
      "timestamp": 1756154751674
    },
    {
      "question": 30,
      "target": "Car Fuel Efficiency",
      "target_value": 19,
      "options": [
        "Car Engine Size",
        "Car Weight"
      ],
      "optionA": {
        "trial_id": "19",
        "task_id": "105",
        "values": "2.0, 1500",
        "target_value": 19
      },
      "optionB": {
        "trial_id": "14",
        "task_id": "168",
        "values": "3.0, 3300",
        "target_value": 21
      },
      "choice": {
        "button": "F",
        "selected_option": "OptionA"
      }
    },
    {
      "question": 31,
      "target": "Reading Enjoyment",
      "target_value": 8,
      "options": [
        "Book Length",
        "Author Fame"
      ],
      "optionA": {
        "trial_id": "2",
        "task_id": "131",
        "values": "400.0, 7.0",
        "target_value": 8
      },
      "optionB": {
        "trial_id": "19",
        "task_id": "131",
        "values": "1200.0, 0.25",
        "target_value": 16
      },
      "choice": {
        "button": "F",
        "selected_option": "OptionA"
      }
    },
    {
      "question": 32,
      "target": "Taste Rating (scale 1-10)",
      "target_value": 7,
      "options": [
        "Number of Ingredients",
        "Cooking Time (minutes)"
      ],
      "optionA": {
        "trial_id": "9",
        "task_id": "167",
        "values": "11.0, 35",
        "target_value": 7
      },
      "optionB": {
        "trial_id": "13",
        "task_id": "167",
        "values": "13.0, 50",
        "target_value": 5
      },
      "choice": {
        "button": "J",
        "selected_option": "OptionB"
      }
    },
    {
      "question": 33,
      "target": "Price",
      "target_value": 300000,
      "options": [
        "House Size",
        "Bedrooms"
      ],
      "optionA": {
        "trial_id": "6",
        "task_id": "15",
        "values": "1600.0, 5",
        "target_value": 300000
      },
      "optionB": {
        "trial_id": "1",
        "task_id": "15",
        "values": "2000.0, 3",
        "target_value": 350000
      },
      "choice": {
        "button": "F",
        "selected_option": "OptionA"
      }
    },
    {
      "question": 34,
      "target": "Post reach (people)",
      "target_value": 4000,
      "options": [
        "Number of likes (count)",
        "Time posted (hours ago)"
      ],
      "optionA": {
        "trial_id": "15",
        "task_id": "93",
        "values": "800.0, 4",
        "target_value": 4000
      },
      "optionB": {
        "trial_id": "17",
        "task_id": "93",
        "values": "1200.0, 5",
        "target_value": 6000
      },
      "choice": {
        "button": "J",
        "selected_option": "OptionB"
      }
    },
    {
      "question": 35,
      "target": "Water Usage (ml/day)",
      "target_value": 170,
      "options": [
        "Plant Height",
        "Plant Leaves"
      ],
      "optionA": {
        "trial_id": "6",
        "task_id": "73",
        "values": "45.0, 13.0",
        "target_value": 170
      },
      "optionB": {
        "trial_id": "3",
        "task_id": "73",
        "values": "25.0, 8.0",
        "target_value": 180
      },
      "choice": {
        "button": "F",
        "selected_option": "OptionA"
      }
    },
    {
      "question": 36,
      "target": "Morning alertness (1-10)",
      "target_value": 6,
      "options": [
        "Amount of sleep (hours)",
        "Time to bed (minutes past 10pm)"
      ],
      "optionA": {
        "trial_id": "16",
        "task_id": "96",
        "values": "7.0, 45",
        "target_value": 6
      },
      "optionB": {
        "trial_id": "1",
        "task_id": "96",
        "values": "8.0, 30",
        "target_value": 8
      },
      "choice": {
        "button": "F",
        "selected_option": "OptionA"
      }
    },
    {
      "question": 37,
      "target": "Tree trunk volume (m³)",
      "target_value": 3,
      "options": [
        "Height (cm)",
        "Width (cm)"
      ],
      "optionA": {
        "trial_id": "19",
        "task_id": "162",
        "values": "150.0, 45",
        "target_value": 3
      },
      "optionB": {
        "trial_id": "11",
        "task_id": "162",
        "values": "170.0, 36",
        "target_value": 4
      },
      "choice": {
        "button": "F",
        "selected_option": "OptionA"
      }
    },
    {
      "question": 38,
      "target": "Exam Score",
      "target_value": 80,
      "options": [
        "Study Time (hours)",
        "Intelligence Score"
      ],
      "optionA": {
        "trial_id": "2",
        "task_id": "157",
        "values": "5.0, 70.0",
        "target_value": 80
      },
      "optionB": {
        "trial_id": "16",
        "task_id": "157",
        "values": "7.0, 55.0",
        "target_value": 89
      },
      "choice": {
        "button": "F",
        "selected_option": "OptionA"
      }
    },
    {
      "question": 39,
      "target": "Customer Satisfaction",
      "target_value": 4,
      "options": [
        "Restaurant Wait Time (in mins)",
        "Restaurant Rating (1-5)"
      ],
      "optionA": {
        "trial_id": "6",
        "task_id": "174",
        "values": "30.0, 1",
        "target_value": 4
      },
      "optionB": {
        "trial_id": "8",
        "task_id": "174",
        "values": "10.0, 3",
        "target_value": 7
      },
      "choice": {
        "button": "J",
        "selected_option": "OptionB"
      }
    },
    {
      "question": "attention_check_39",
      "choice": "F",
      "passed": true,
      "timestamp": 1756154837206
    },
    {
      "question": 40,
      "target": "Flower blooming time",
      "target_value": 5,
      "options": [
        "Hours of sunlight",
        "Humidity"
      ],
      "optionA": {
        "trial_id": "12",
        "task_id": "101",
        "values": "5.0, 85.0",
        "target_value": 5
      },
      "optionB": {
        "trial_id": "9",
        "task_id": "101",
        "values": "9.0, 40.0",
        "target_value": 2
      },
      "choice": {
        "button": "J",
        "selected_option": "OptionB"
      }
    },
    {
      "question": 41,
      "target": "Mobile Phone Performance",
      "target_value": 65,
      "options": [
        "Mobile Phone RAM",
        "Mobile Phone Battery Size"
      ],
      "optionA": {
        "trial_id": "2",
        "task_id": "40",
        "values": "6.0, 3500",
        "target_value": 65
      },
      "optionB": {
        "trial_id": "10",
        "task_id": "40",
        "values": "14.0, 3100",
        "target_value": 85
      },
      "choice": {
        "button": "J",
        "selected_option": "OptionB"
      }
    },
    {
      "question": 42,
      "target": "Battery Life",
      "target_value": 20,
      "options": [
        "Phone Battery Capacity",
        "Number of Apps Installed"
      ],
      "optionA": {
        "trial_id": "20",
        "task_id": "78",
        "values": "3400.0, 40",
        "target_value": 20
      },
      "optionB": {
        "trial_id": "16",
        "task_id": "78",
        "values": "4200.0, 35",
        "target_value": 23
      },
      "choice": {
        "button": "J",
        "selected_option": "OptionB"
      }
    },
    {
      "question": 43,
      "target": "Battery Life (hours)",
      "target_value": 10,
      "options": [
        "Phone Battery Capacity (mAh)",
        "Phone Brand (1=Premium, 2=Budget)"
      ],
      "optionA": {
        "trial_id": "16",
        "task_id": "175",
        "values": "2700.0, 2",
        "target_value": 10
      },
      "optionB": {
        "trial_id": "16",
        "task_id": "175",
        "values": "2700.0, 2",
        "target_value": 10
      },
      "choice": {
        "button": "F",
        "selected_option": "OptionA"
      }
    },
    {
      "question": 44,
      "target": "Cooking time (minutes)",
      "target_value": 18,
      "options": [
        "Number of ingredients",
        "Prep time (minutes)"
      ],
      "optionA": {
        "trial_id": "5",
        "task_id": "140",
        "values": "3.0, 12",
        "target_value": 18
      },
      "optionB": {
        "trial_id": "17",
        "task_id": "140",
        "values": "9.0, 7",
        "target_value": 27
      },
      "choice": {
        "button": "J",
        "selected_option": "OptionB"
      }
    },
    {
      "question": 45,
      "target": "Flower size (cm)",
      "target_value": 4,
      "options": [
        "Plant height (cm)",
        "Plant age (months)"
      ],
      "optionA": {
        "trial_id": "14",
        "task_id": "146",
        "values": "36.0, 6",
        "target_value": 4
      },
      "optionB": {
        "trial_id": "8",
        "task_id": "146",
        "values": "42.0, 6",
        "target_value": 3.2
      },
      "choice": {
        "button": "J",
        "selected_option": "OptionB"
      }
    },
    {
      "question": 46,
      "target": "Cooking time (minutes)",
      "target_value": 18,
      "options": [
        "Number of ingredients",
        "Prep time (minutes)"
      ],
      "optionA": {
        "trial_id": "5",
        "task_id": "140",
        "values": "3.0, 12",
        "target_value": 18
      },
      "optionB": {
        "trial_id": "1",
        "task_id": "140",
        "values": "5.0, 10",
        "target_value": 25
      },
      "choice": {
        "button": "J",
        "selected_option": "OptionB"
      }
    },
    {
      "question": 47,
      "target": "Exam Score",
      "target_value": 80,
      "options": [
        "Study Time",
        "Coffee Consumption"
      ],
      "optionA": {
        "trial_id": "1",
        "task_id": "14",
        "values": "5.0, 3",
        "target_value": 80
      },
      "optionB": {
        "trial_id": "7",
        "task_id": "14",
        "values": "7.0, 1",
        "target_value": 90
      },
      "choice": {
        "button": "J",
        "selected_option": "OptionB"
      }
    },
    {
      "question": 48,
      "target": "Energy level (1-10)",
      "target_value": 8,
      "options": [
        "Hours of sleep",
        "Caffeine intake (mg)"
      ],
      "optionA": {
        "trial_id": "18",
        "task_id": "54",
        "values": "9.0, 40",
        "target_value": 8
      },
      "optionB": {
        "trial_id": "20",
        "task_id": "54",
        "values": "7.0, 100",
        "target_value": 6
      },
      "choice": {
        "button": "J",
        "selected_option": "OptionB"
      }
    },
    {
      "question": 49,
      "target": "BMI",
      "target_value": 26.2,
      "options": [
        "Height",
        "Weight"
      ],
      "optionA": {
        "trial_id": "8",
        "task_id": "17",
        "values": "180.0, 85",
        "target_value": 26.2
      },
      "optionB": {
        "trial_id": "3",
        "task_id": "17",
        "values": "175.0, 65",
        "target_value": 21.2
      },
      "choice": {
        "button": "F",
        "selected_option": "OptionA"
      }
    },
    {
      "question": 50,
      "target": "Restaurant Rating",
      "target_value": 3.2,
      "options": [
        "Restaurant Menu Variety",
        "Restaurant Wait Time"
      ],
      "optionA": {
        "trial_id": "12",
        "task_id": "11",
        "values": "10.0, 40",
        "target_value": 3.2
      },
      "optionB": {
        "trial_id": "12",
        "task_id": "11",
        "values": "10.0, 40",
        "target_value": 3.2
      },
      "choice": {
        "button": "F",
        "selected_option": "OptionA"
      }
    }
  ]
}