{
  "prolific_id": "UNKNOWN",
  "condition_group": "ranking",
  "responses": [
    {
      "question": 1,
      "target": "Energy level (1-10)",
      "target_value": 7,
      "options": [
        "Hours of sleep",
        "Caffeine intake (mg)"
      ],
      "optionA": {
        "trial_id": "5",
        "task_id": "54",
        "values": "8.0, 80",
        "target_value": 7
      },
      "optionB": {
        "trial_id": "7",
        "task_id": "54",
        "values": "5.0, 200",
        "target_value": 4
      },
      "choice": {
        "button": "F",
        "selected_option": "OptionA"
      }
    },
    {
      "question": 2,
      "target": "Heart rate",
      "target_value": 70,
      "options": [
        "Age",
        "Exercise hours"
      ],
      "optionA": {
        "trial_id": "18",
        "task_id": "77",
        "values": "40.0, 4",
        "target_value": 70
      },
      "optionB": {
        "trial_id": "8",
        "task_id": "82",
        "values": "55.0, 2",
        "target_value": 65
      },
      "choice": {
        "button": "F",
        "selected_option": "OptionA"
      }
    },
    {
      "question": 3,
      "target": "Retention Rate (%)",
      "target_value": 88,
      "options": [
        "Study Time (hours)",
        "Number of Distractions"
      ],
      "optionA": {
        "trial_id": "15",
        "task_id": "161",
        "values": "5.0, 1",
        "target_value": 88
      },
      "optionB": {
        "trial_id": "13",
        "task_id": "161",
        "values": "2.0, 4",
        "target_value": 55
      },
      "choice": {
        "button": "F",
        "selected_option": "OptionA"
      }
    },
    {
      "question": 4,
      "target": "Car speed (mph)",
      "target_value": 105,
      "options": [
        "Engine power (hp)",
        "Weight (kg)"
      ],
      "optionA": {
        "trial_id": "7",
        "task_id": "90",
        "values": "180.0, 1300",
        "target_value": 105
      },
      "optionB": {
        "trial_id": "17",
        "task_id": "90",
        "values": "260.0, 1600",
        "target_value": 125
      },
      "choice": {
        "button": "J",
        "selected_option": "OptionB"
      }
    },
    {
      "question": 5,
      "target": "Flower blooming time",
      "target_value": 5,
      "options": [
        "Hours of sunlight",
        "Humidity"
      ],
      "optionA": {
        "trial_id": "5",
        "task_id": "101",
        "values": "5.0, 80.0",
        "target_value": 5
      },
      "optionB": {
        "trial_id": "4",
        "task_id": "101",
        "values": "7.0, 55.0",
        "target_value": 4
      },
      "choice": {
        "button": "J",
        "selected_option": "OptionB"
      }
    },
    {
      "question": 6,
      "target": "Battery life",
      "target_value": 11,
      "options": [
        "Battery capacity",
        "Weight"
      ],
      "optionA": {
        "trial_id": "10",
        "task_id": "75",
        "values": "4500.0, 280",
        "target_value": 11
      },
      "optionB": {
        "trial_id": "6",
        "task_id": "75",
        "values": "3000.0, 300",
        "target_value": 8
      },
      "choice": {
        "button": "F",
        "selected_option": "OptionA"
      }
    },
    {
      "question": 7,
      "target": "Mood Score (1-10)",
      "target_value": 5,
      "options": [
        "Hours of Sleep",
        "Screen Time (hours)"
      ],
      "optionA": {
        "trial_id": "10",
        "task_id": "109",
        "values": "4.0, 5",
        "target_value": 5
      },
      "optionB": {
        "trial_id": "2",
        "task_id": "109",
        "values": "7.0, 3",
        "target_value": 8
      },
      "choice": {
        "button": "J",
        "selected_option": "OptionB"
      }
    },
    {
      "question": 8,
      "target": "Phone Performance Score",
      "target_value": 7.5,
      "options": [
        "Phone Processor Speed",
        "Phone Battery Capacity"
      ],
      "optionA": {
        "trial_id": "14",
        "task_id": "10",
        "values": "1.0, 7000",
        "target_value": 7.5
      },
      "optionB": {
        "trial_id": "9",
        "task_id": "10",
        "values": "2.5, 5500",
        "target_value": 8.2
      },
      "choice": {
        "button": "J",
        "selected_option": "OptionB"
      }
    },
    {
      "question": 9,
      "target": "Cooling Time (min)",
      "target_value": 27,
      "options": [
        "Room Size (m²)",
        "Window Size (m²)"
      ],
      "optionA": {
        "trial_id": "16",
        "task_id": "143",
        "values": "25.0, 3.2",
        "target_value": 27
      },
      "optionB": {
        "trial_id": "10",
        "task_id": "143",
        "values": "28.0, 4.0",
        "target_value": 22
      },
      "choice": {
        "button": "J",
        "selected_option": "OptionB"
      }
    },
    {
      "question": "attention_check_9",
      "choice": "J",
      "passed": true,
      "timestamp": 1756154804801
    },
    {
      "question": 10,
      "target": "Usage Time",
      "target_value": 15,
      "options": [
        "Battery Capacity",
        "Weight"
      ],
      "optionA": {
        "trial_id": "11",
        "task_id": "22",
        "values": "5500.0, 170.0",
        "target_value": 15
      },
      "optionB": {
        "trial_id": "5",
        "task_id": "22",
        "values": "3000.0, 250.0",
        "target_value": 10
      },
      "choice": {
        "button": "F",
        "selected_option": "OptionA"
      }
    },
    {
      "question": 11,
      "target": "Weight loss",
      "target_value": 6,
      "options": [
        "Exercise intensity",
        "Exercise duration"
      ],
      "optionA": {
        "trial_id": "15",
        "task_id": "61",
        "values": "10.0, 30.0",
        "target_value": 6
      },
      "optionB": {
        "trial_id": "19",
        "task_id": "61",
        "values": "9.0, 35.0",
        "target_value": 5
      },
      "choice": {
        "button": "F",
        "selected_option": "OptionA"
      }
    },
    {
      "question": 12,
      "target": "Morning Alertness",
      "target_value": 8,
      "options": [
        "Hours of Sleep",
        "Number of Alarms"
      ],
      "optionA": {
        "trial_id": "8",
        "task_id": "160",
        "values": "8.0, 1",
        "target_value": 8
      },
      "optionB": {
        "trial_id": "4",
        "task_id": "160",
        "values": "7.0, 1",
        "target_value": 7
      },
      "choice": {
        "button": "F",
        "selected_option": "OptionA"
      }
    },
    {
      "question": 13,
      "target": "Mood Score (1-10)",
      "target_value": 9,
      "options": [
        "Hours of Sleep",
        "Screen Time (hours)"
      ],
      "optionA": {
        "trial_id": "12",
        "task_id": "109",
        "values": "9.0, 1",
        "target_value": 9
      },
      "optionB": {
        "trial_id": "12",
        "task_id": "109",
        "values": "9.0, 1",
        "target_value": 9
      },
      "choice": {
        "button": "F",
        "selected_option": "OptionA"
      }
    },
    {
      "question": 14,
      "target": "Exam score",
      "target_value": 69,
      "options": [
        "Study hours",
        "Intelligence score"
      ],
      "optionA": {
        "trial_id": "10",
        "task_id": "122",
        "values": "2.0, 100.0",
        "target_value": 69
      },
      "optionB": {
        "trial_id": "20",
        "task_id": "122",
        "values": "9.0, 45.0",
        "target_value": 99
      },
      "choice": {
        "button": "F",
        "selected_option": "OptionA"
      }
    },
    {
      "question": 15,
      "target": "Fuel Efficiency (km/L)",
      "target_value": 14,
      "options": [
        "Car Weight (kg)",
        "Engine Power (hp)"
      ],
      "optionA": {
        "trial_id": "18",
        "task_id": "3",
        "values": "1200.0, 130",
        "target_value": 14
      },
      "optionB": {
        "trial_id": "16",
        "task_id": "3",
        "values": "1100.0, 110",
        "target_value": 16
      },
      "choice": {
        "button": "J",
        "selected_option": "OptionB"
      }
    },
    {
      "question": 16,
      "target": "Cooking Time (minutes)",
      "target_value": 13,
      "options": [
        "Number of Ingredients",
        "Prep Time (minutes)"
      ],
      "optionA": {
        "trial_id": "18",
        "task_id": "26",
        "values": "7.0, 14.0",
        "target_value": 13
      },
      "optionB": {
        "trial_id": "15",
        "task_id": "26",
        "values": "9.0, 18.0",
        "target_value": 12
      },
      "choice": {
        "button": "J",
        "selected_option": "OptionB"
      }
    },
    {
      "question": 17,
      "target": "Distance Traveled",
      "target_value": 525,
      "options": [
        "Speed",
        "Comfort"
      ],
      "optionA": {
        "trial_id": "12",
        "task_id": "129",
        "values": "105.0, 3.0",
        "target_value": 525
      },
      "optionB": {
        "trial_id": "3",
        "task_id": "129",
        "values": "70.0, 6.0",
        "target_value": 350
      },
      "choice": {
        "button": "F",
        "selected_option": "OptionA"
      }
    },
    {
      "question": 18,
      "target": "Energy level (1-10)",
      "target_value": 8,
      "options": [
        "Hours of sleep",
        "Caffeine intake (mg)"
      ],
      "optionA": {
        "trial_id": "2",
        "task_id": "54",
        "values": "8.0, 50",
        "target_value": 8
      },
      "optionB": {
        "trial_id": "15",
        "task_id": "54",
        "values": "6.0, 100",
        "target_value": 5
      },
      "choice": {
        "button": "F",
        "selected_option": "OptionA"
      }
    },
    {
      "question": 19,
      "target": "Deliciousness",
      "target_value": 3,
      "options": [
        "Cooking time",
        "Ingredients"
      ],
      "optionA": {
        "trial_id": "18",
        "task_id": "125",
        "values": "75.0, 1.0",
        "target_value": 3
      },
      "optionB": {
        "trial_id": "10",
        "task_id": "125",
        "values": "5.0, 10.0",
        "target_value": 10
      },
      "choice": {
        "button": "J",
        "selected_option": "OptionB"
      }
    },
    {
      "question": "attention_check_19",
      "choice": "F",
      "passed": true,
      "timestamp": 1756155082651
    },
    {
      "question": 20,
      "target": "Physical Endurance",
      "target_value": 8.5,
      "options": [
        "Age",
        "Height"
      ],
      "optionA": {
        "trial_id": "5",
        "task_id": "135",
        "values": "25.0, 165.0",
        "target_value": 8.5
      },
      "optionB": {
        "trial_id": "11",
        "task_id": "135",
        "values": "45.0, 175.0",
        "target_value": 5.5
      },
      "choice": {
        "button": "F",
        "selected_option": "OptionA"
      }
    },
    {
      "question": 21,
      "target": "Deliciousness",
      "target_value": 4,
      "options": [
        "Cooking time",
        "Ingredients"
      ],
      "optionA": {
        "trial_id": "11",
        "task_id": "125",
        "values": "60.0, 2.0",
        "target_value": 4
      },
      "optionB": {
        "trial_id": "12",
        "task_id": "125",
        "values": "55.0, 3.0",
        "target_value": 5
      },
      "choice": {
        "button": "J",
        "selected_option": "OptionB"
      }
    },
    {
      "question": 22,
      "target": "Muscle gain",
      "target_value": 60,
      "options": [
        "Exercise intensity",
        "Water intake"
      ],
      "optionA": {
        "trial_id": "5",
        "task_id": "86",
        "values": "5.0, 1",
        "target_value": 60
      },
      "optionB": {
        "trial_id": "11",
        "task_id": "86",
        "values": "7.0, 1",
        "target_value": 70
      },
      "choice": {
        "button": "J",
        "selected_option": "OptionB"
      }
    },
    {
      "question": 23,
      "target": "House price ($)",
      "target_value": 280000,
      "options": [
        "House size (sq ft)",
        "House age (years)"
      ],
      "optionA": {
        "trial_id": "2",
        "task_id": "155",
        "values": "2500.0, 20.0",
        "target_value": 280000
      },
      "optionB": {
        "trial_id": "20",
        "task_id": "155",
        "values": "2550.0, 21.0",
        "target_value": 275000
      },
      "choice": {
        "button": "J",
        "selected_option": "OptionB"
      }
    },
    {
      "question": 24,
      "target": "Taste rating (1-10)",
      "target_value": 6,
      "options": [
        "Number of ingredients",
        "Prep time (in minutes)"
      ],
      "optionA": {
        "trial_id": "9",
        "task_id": "88",
        "values": "7.0, 30",
        "target_value": 6
      },
      "optionB": {
        "trial_id": "20",
        "task_id": "88",
        "values": "9.0, 25",
        "target_value": 4
      },
      "choice": {
        "button": "J",
        "selected_option": "OptionB"
      }
    },
    {
      "question": 25,
      "target": "Engagement rate (%)",
      "target_value": 5,
      "options": [
        "Number of followers (count)",
        "Time posted (hours ago)"
      ],
      "optionA": {
        "trial_id": "14",
        "task_id": "98",
        "values": "1200.0, 3",
        "target_value": 5
      },
      "optionB": {
        "trial_id": "2",
        "task_id": "98",
        "values": "800.0, 4",
        "target_value": 4
      },
      "choice": {
        "button": "F",
        "selected_option": "OptionA"
      }
    },
    {
      "question": 26,
      "target": "Exam score (points)",
      "target_value": 55,
      "options": [
        "Time spent studying (hours)",
        "Number of breaks (times)"
      ],
      "optionA": {
        "trial_id": "6",
        "task_id": "89",
        "values": "0.0, 5",
        "target_value": 55
      },
      "optionB": {
        "trial_id": "18",
        "task_id": "139",
        "values": "4.0, 4",
        "target_value": 65
      },
      "choice": {
        "button": "J",
        "selected_option": "OptionB"
      }
    },
    {
      "question": 27,
      "target": "Quality",
      "target_value": 88,
      "options": [
        "Price",
        "Size"
      ],
      "optionA": {
        "trial_id": "10",
        "task_id": "21",
        "values": "80.0, 3.0",
        "target_value": 88
      },
      "optionB": {
        "trial_id": "5",
        "task_id": "67",
        "values": "120.0, 60",
        "target_value": 7
      },
      "choice": {
        "button": "F",
        "selected_option": "OptionA"
      }
    },
    {
      "question": 28,
      "target": "Student Exam Score",
      "target_value": 93,
      "options": [
        "Student Study Hours",
        "Student Distractions"
      ],
      "optionA": {
        "trial_id": "20",
        "task_id": "8",
        "values": "18.0, 1",
        "target_value": 93
      },
      "optionB": {
        "trial_id": "3",
        "task_id": "8",
        "values": "12.0, 1",
        "target_value": 88
      },
      "choice": {
        "button": "F",
        "selected_option": "OptionA"
      }
    },
    {
      "question": 29,
      "target": "Flower size (cm)",
      "target_value": 5.3,
      "options": [
        "Plant height (cm)",
        "Plant age (months)"
      ],
      "optionA": {
        "trial_id": "17",
        "task_id": "146",
        "values": "33.0, 5",
        "target_value": 5.3
      },
      "optionB": {
        "trial_id": "19",
        "task_id": "146",
        "values": "24.0, 3",
        "target_value": 6.2
      },
      "choice": {
        "button": "F",
        "selected_option": "OptionA"
      }
    },
    {
      "question": "attention_check_29",
      "choice": "J",
      "passed": true,
      "timestamp": 1756155333498
    },
    {
      "question": 30,
      "target": "Engagement rate (%)",
      "target_value": 6,
      "options": [
        "Number of followers (count)",
        "Time posted (hours ago)"
      ],
      "optionA": {
        "trial_id": "11",
        "task_id": "98",
        "values": "1300.0, 2",
        "target_value": 6
      },
      "optionB": {
        "trial_id": "11",
        "task_id": "98",
        "values": "1300.0, 2",
        "target_value": 6
      },
      "choice": {
        "button": "F",
        "selected_option": "OptionA"
      }
    },
    {
      "question": 31,
      "target": "Car Fuel Efficiency",
      "target_value": 24,
      "options": [
        "Car Engine Size",
        "Car Weight"
      ],
      "optionA": {
        "trial_id": "13",
        "task_id": "105",
        "values": "1.5, 1350",
        "target_value": 24
      },
      "optionB": {
        "trial_id": "7",
        "task_id": "105",
        "values": "1.4, 1300",
        "target_value": 25
      },
      "choice": {
        "button": "J",
        "selected_option": "OptionB"
      }
    },
    {
      "question": 32,
      "target": "Favorability",
      "target_value": 5,
      "options": [
        "Coffee strength",
        "Coffee cream"
      ],
      "optionA": {
        "trial_id": "20",
        "task_id": "57",
        "values": "7.0, 0.8",
        "target_value": 5
      },
      "optionB": {
        "trial_id": "6",
        "task_id": "57",
        "values": "7.0, 0.5",
        "target_value": 6
      },
      "choice": {
        "button": "F",
        "selected_option": "OptionA"
      }
    },
    {
      "question": 33,
      "target": "Taste rating (1-10)",
      "target_value": 8,
      "options": [
        "Number of ingredients",
        "Prep time (in minutes)"
      ],
      "optionA": {
        "trial_id": "14",
        "task_id": "88",
        "values": "5.0, 15",
        "target_value": 8
      },
      "optionB": {
        "trial_id": "12",
        "task_id": "88",
        "values": "6.0, 20",
        "target_value": 7
      },
      "choice": {
        "button": "J",
        "selected_option": "OptionB"
      }
    },
    {
      "question": 34,
      "target": "Fuel efficiency (km/l)",
      "target_value": 14,
      "options": [
        "Engine size (cc)",
        "Weight (kg)"
      ],
      "optionA": {
        "trial_id": "16",
        "task_id": "51",
        "values": "1550.0, 1250",
        "target_value": 14
      },
      "optionB": {
        "trial_id": "18",
        "task_id": "51",
        "values": "1550.0, 1210",
        "target_value": 15
      },
      "choice": {
        "button": "J",
        "selected_option": "OptionB"
      }
    },
    {
      "question": 35,
      "target": "Student Exam Score",
      "target_value": 85,
      "options": [
        "Student Study Hours",
        "Student Distractions"
      ],
      "optionA": {
        "trial_id": "1",
        "task_id": "8",
        "values": "10.0, 2",
        "target_value": 85
      },
      "optionB": {
        "trial_id": "16",
        "task_id": "8",
        "values": "14.0, 0",
        "target_value": 90
      },
      "choice": {
        "button": "J",
        "selected_option": "OptionB"
      }
    },
    {
      "question": 36,
      "target": "Time to Destination (hours)",
      "target_value": 1.5,
      "options": [
        "Car Speed (mph)",
        "Fuel Efficiency (mpg)"
      ],
      "optionA": {
        "trial_id": "3",
        "task_id": "32",
        "values": "70.0, 25.0",
        "target_value": 1.5
      },
      "optionB": {
        "trial_id": "7",
        "task_id": "32",
        "values": "90.0, 15.0",
        "target_value": 0.8
      },
      "choice": {
        "button": "J",
        "selected_option": "OptionB"
      }
    },
    {
      "question": 37,
      "target": "Usage Time",
      "target_value": 10,
      "options": [
        "Battery Capacity",
        "Weight"
      ],
      "optionA": {
        "trial_id": "18",
        "task_id": "22",
        "values": "3600.0, 240.0",
        "target_value": 10
      },
      "optionB": {
        "trial_id": "13",
        "task_id": "22",
        "values": "4200.0, 210.0",
        "target_value": 12
      },
      "choice": {
        "button": "F",
        "selected_option": "OptionA"
      }
    },
    {
      "question": 38,
      "target": "Exam score",
      "target_value": 70,
      "options": [
        "Study hours",
        "Intelligence score"
      ],
      "optionA": {
        "trial_id": "9",
        "task_id": "122",
        "values": "3.0, 95.0",
        "target_value": 70
      },
      "optionB": {
        "trial_id": "8",
        "task_id": "122",
        "values": "6.0, 80.0",
        "target_value": 89
      },
      "choice": {
        "button": "J",
        "selected_option": "OptionB"
      }
    },
    {
      "question": 39,
      "target": "House Price",
      "target_value": 250000,
      "options": [
        "House Square Feet",
        "House Age"
      ],
      "optionA": {
        "trial_id": "9",
        "task_id": "9",
        "values": "1400.0, 25",
        "target_value": 250000
      },
      "optionB": {
        "trial_id": "4",
        "task_id": "9",
        "values": "2000.0, 10",
        "target_value": 350000
      },
      "choice": {
        "button": "J",
        "selected_option": "OptionB"
      }
    },
    {
      "question": "attention_check_39",
      "choice": "F",
      "passed": true,
      "timestamp": 1756155541557
    },
    {
      "question": 40,
      "target": "Flower production",
      "target_value": 18,
      "options": [
        "Plant height",
        "Plant width"
      ],
      "optionA": {
        "trial_id": "9",
        "task_id": "63",
        "values": "90.0, 6.0",
        "target_value": 18
      },
      "optionB": {
        "trial_id": "10",
        "task_id": "63",
        "values": "70.0, 7.0",
        "target_value": 14
      },
      "choice": {
        "button": "F",
        "selected_option": "OptionA"
      }
    },
    {
      "question": 41,
      "target": "Height (cm)",
      "target_value": 14,
      "options": [
        "Age of the plant (weeks)",
        "Water given (ml/day)"
      ],
      "optionA": {
        "trial_id": "8",
        "task_id": "91",
        "values": "5.0, 400",
        "target_value": 14
      },
      "optionB": {
        "trial_id": "9",
        "task_id": "91",
        "values": "4.0, 500",
        "target_value": 13
      },
      "choice": {
        "button": "J",
        "selected_option": "OptionB"
      }
    },
    {
      "question": 42,
      "target": "Energy level (1-10)",
      "target_value": 7,
      "options": [
        "Hours of sleep",
        "Caffeine intake (mg)"
      ],
      "optionA": {
        "trial_id": "16",
        "task_id": "54",
        "values": "8.0, 70",
        "target_value": 7
      },
      "optionB": {
        "trial_id": "20",
        "task_id": "54",
        "values": "7.0, 100",
        "target_value": 6
      },
      "choice": {
        "button": "F",
        "selected_option": "OptionA"
      }
    },
    {
      "question": 43,
      "target": "Taste Rating (scale 1-10)",
      "target_value": 7,
      "options": [
        "Number of Ingredients",
        "Cooking Time (minutes)"
      ],
      "optionA": {
        "trial_id": "9",
        "task_id": "167",
        "values": "11.0, 35",
        "target_value": 7
      },
      "optionB": {
        "trial_id": "19",
        "task_id": "167",
        "values": "8.0, 25",
        "target_value": 8
      },
      "choice": {
        "button": "J",
        "selected_option": "OptionB"
      }
    },
    {
      "question": 44,
      "target": "Taste Score",
      "target_value": 5.6,
      "options": [
        "Cooking Time",
        "Spice Level"
      ],
      "optionA": {
        "trial_id": "20",
        "task_id": "130",
        "values": "70.0, 13.0",
        "target_value": 5.6
      },
      "optionB": {
        "trial_id": "8",
        "task_id": "130",
        "values": "40.0, 7.0",
        "target_value": 7
      },
      "choice": {
        "button": "F",
        "selected_option": "OptionA"
      }
    },
    {
      "question": 45,
      "target": "Fuel efficiency (km/l)",
      "target_value": 15,
      "options": [
        "Car weight (kg)",
        "Engine size (cc)"
      ],
      "optionA": {
        "trial_id": "19",
        "task_id": "153",
        "values": "1200.0, 1600.0",
        "target_value": 15
      },
      "optionB": {
        "trial_id": "19",
        "task_id": "153",
        "values": "1200.0, 1600.0",
        "target_value": 15
      },
      "choice": {
        "button": "F",
        "selected_option": "OptionA"
      }
    },
    {
      "question": 46,
      "target": "How many people buy it",
      "target_value": 30,
      "options": [
        "Shoe price (in USD)",
        "Comfort rating (1-10)"
      ],
      "optionA": {
        "trial_id": "9",
        "task_id": "126",
        "values": "120.0, 10.0",
        "target_value": 30
      },
      "optionB": {
        "trial_id": "11",
        "task_id": "126",
        "values": "100.0, 8.0",
        "target_value": 50
      },
      "choice": {
        "button": "F",
        "selected_option": "OptionA"
      }
    },
    {
      "question": 47,
      "target": "Fuel Efficiency",
      "target_value": 29,
      "options": [
        "Car Engine Size",
        "Car Weight"
      ],
      "optionA": {
        "trial_id": "6",
        "task_id": "168",
        "values": "2.2, 3400",
        "target_value": 29
      },
      "optionB": {
        "trial_id": "19",
        "task_id": "168",
        "values": "2.0, 3500",
        "target_value": 30
      },
      "choice": {
        "button": "J",
        "selected_option": "OptionB"
      }
    },
    {
      "question": 48,
      "target": "Job Success",
      "target_value": 4.5,
      "options": [
        "Age",
        "Experience"
      ],
      "optionA": {
        "trial_id": "11",
        "task_id": "133",
        "values": "55.0, 0.5",
        "target_value": 4.5
      },
      "optionB": {
        "trial_id": "19",
        "task_id": "133",
        "values": "75.0, 0.05",
        "target_value": 2.5
      },
      "choice": {
        "button": "F",
        "selected_option": "OptionA"
      }
    },
    {
      "question": 49,
      "target": "Calories Burned",
      "target_value": 200,
      "options": [
        "Exercise Duration",
        "Exercise Intensity"
      ],
      "optionA": {
        "trial_id": "17",
        "task_id": "71",
        "values": "35.0, 4.0",
        "target_value": 200
      },
      "optionB": {
        "trial_id": "20",
        "task_id": "71",
        "values": "35.0, 4.0",
        "target_value": 190
      },
      "choice": {
        "button": "F",
        "selected_option": "OptionA"
      }
    },
    {
      "question": 50,
      "target": "Market value",
      "target_value": 320,
      "options": [
        "House size",
        "House floors"
      ],
      "optionA": {
        "trial_id": "3",
        "task_id": "64",
        "values": "220.0, 1.0",
        "target_value": 320
      },
      "optionB": {
        "trial_id": "5",
        "task_id": "64",
        "values": "180.0, 3.0",
        "target_value": 270
      },
      "choice": {
        "button": "J",
        "selected_option": "OptionB"
      }
    }
  ]
}