{
  "prolific_id": "UNKNOWN",
  "condition_group": "direction",
  "responses": [
    {
      "question": 1,
      "target": "Quality",
      "target_value": 70,
      "options": [
        "Price",
        "Size"
      ],
      "optionA": {
        "trial_id": "12",
        "task_id": "110",
        "values": "100.0, 10.0",
        "target_value": 70
      },
      "optionB": {
        "trial_id": "5",
        "task_id": "110",
        "values": "80.0, 5.0",
        "target_value": 60
      },
      "choice": {
        "button": "J",
        "selected_option": "OptionB"
      }
    },
    {
      "question": 2,
      "target": "Exam Score",
      "target_value": 77,
      "options": [
        "Hours of Study",
        "Difficulty Level"
      ],
      "optionA": {
        "trial_id": "6",
        "task_id": "12",
        "values": "7.0, 5.0",
        "target_value": 77
      },
      "optionB": {
        "trial_id": "7",
        "task_id": "12",
        "values": "3.0, 1.0",
        "target_value": 60
      },
      "choice": {
        "button": "F",
        "selected_option": "OptionA"
      }
    },
    {
      "question": 3,
      "target": "Enjoyment Score",
      "target_value": 8,
      "options": [
        "Book Length (pages)",
        "Author Fame (1-10)"
      ],
      "optionA": {
        "trial_id": "20",
        "task_id": "29",
        "values": "350.0, 7.0",
        "target_value": 8
      },
      "optionB": {
        "trial_id": "14",
        "task_id": "29",
        "values": "220.0, 4.0",
        "target_value": 6
      },
      "choice": {
        "button": "F",
        "selected_option": "OptionA"
      }
    },
    {
      "question": 4,
      "target": "Market value ($)",
      "target_value": 310000,
      "options": [
        "Number of bedrooms",
        "House size (sq ft)"
      ],
      "optionA": {
        "trial_id": "15",
        "task_id": "90",
        "values": "5.0, 1500.0",
        "target_value": 310000
      },
      "optionB": {
        "trial_id": "5",
        "task_id": "90",
        "values": "2.0, 1000.0",
        "target_value": 200000
      },
      "choice": {
        "button": "F",
        "selected_option": "OptionA"
      }
    },
    {
      "question": 5,
      "target": "Energy Level",
      "target_value": 8,
      "options": [
        "Dog Size",
        "Exercise Needs"
      ],
      "optionA": {
        "trial_id": "8",
        "task_id": "88",
        "values": "40.0, 8.0",
        "target_value": 8
      },
      "optionB": {
        "trial_id": "20",
        "task_id": "88",
        "values": "35.0, 8.0",
        "target_value": 9
      },
      "choice": {
        "button": "J",
        "selected_option": "OptionB"
      }
    },
    {
      "question": 6,
      "target": "House Price (thousands)",
      "target_value": 320,
      "options": [
        "House Size (m²)",
        "House Distance to City (km)"
      ],
      "optionA": {
        "trial_id": "4",
        "task_id": "79",
        "values": "130.0, 8.0",
        "target_value": 320
      },
      "optionB": {
        "trial_id": "18",
        "task_id": "79",
        "values": "160.0, 15.0",
        "target_value": 380
      },
      "choice": {
        "button": "F",
        "selected_option": "OptionA"
      }
    },
    {
      "question": 7,
      "target": "Light Level",
      "target_value": 9,
      "options": [
        "Room Size (sq ft)",
        "Number of Windows"
      ],
      "optionA": {
        "trial_id": "19",
        "task_id": "35",
        "values": "230.0, 5.0",
        "target_value": 9
      },
      "optionB": {
        "trial_id": "15",
        "task_id": "35",
        "values": "200.0, 3.0",
        "target_value": 7
      },
      "choice": {
        "button": "F",
        "selected_option": "OptionA"
      }
    },
    {
      "question": 8,
      "target": "Growth speed",
      "target_value": 6,
      "options": [
        "Plant height cm",
        "Plant leaf count"
      ],
      "optionA": {
        "trial_id": "19",
        "task_id": "74",
        "values": "42.0, 16.0",
        "target_value": 6
      },
      "optionB": {
        "trial_id": "12",
        "task_id": "74",
        "values": "30.0, 11.0",
        "target_value": 4.2
      },
      "choice": {
        "button": "J",
        "selected_option": "OptionB"
      }
    },
    {
      "question": 9,
      "target": "Enjoyment Score",
      "target_value": 8.5,
      "options": [
        "Book Length (pages)",
        "Author Fame (1-10)"
      ],
      "optionA": {
        "trial_id": "3",
        "task_id": "29",
        "values": "300.0, 8.0",
        "target_value": 8.5
      },
      "optionB": {
        "trial_id": "20",
        "task_id": "29",
        "values": "350.0, 7.0",
        "target_value": 8
      },
      "choice": {
        "button": "F",
        "selected_option": "OptionA"
      }
    },
    {
      "question": "attention_check_9",
      "choice": "J",
      "passed": true,
      "timestamp": 1756154573841
    },
    {
      "question": 10,
      "target": "Taste Rating (1-10)",
      "target_value": 6,
      "options": [
        "Time Spent Cooking (min)",
        "Number of Ingredients"
      ],
      "optionA": {
        "trial_id": "3",
        "task_id": "93",
        "values": "20.0, 4.0",
        "target_value": 6
      },
      "optionB": {
        "trial_id": "14",
        "task_id": "93",
        "values": "30.0, 6.0",
        "target_value": 7
      },
      "choice": {
        "button": "J",
        "selected_option": "OptionB"
      }
    },
    {
      "question": 11,
      "target": "Taste Rating (1-10)",
      "target_value": 9,
      "options": [
        "Time Spent Cooking (min)",
        "Number of Ingredients"
      ],
      "optionA": {
        "trial_id": "16",
        "task_id": "93",
        "values": "55.0, 7.0",
        "target_value": 9
      },
      "optionB": {
        "trial_id": "6",
        "task_id": "93",
        "values": "50.0, 7.0",
        "target_value": 9
      },
      "choice": {
        "button": "J",
        "selected_option": "OptionB"
      }
    },
    {
      "question": 12,
      "target": "Fuel Consumption (L/100km)",
      "target_value": 10,
      "options": [
        "Engine Size (cc)",
        "Weight (kg)"
      ],
      "optionA": {
        "trial_id": "12",
        "task_id": "11",
        "values": "2400.0, 1500.0",
        "target_value": 10
      },
      "optionB": {
        "trial_id": "18",
        "task_id": "11",
        "values": "2000.0, 1100.0",
        "target_value": 7
      },
      "choice": {
        "button": "F",
        "selected_option": "OptionA"
      }
    },
    {
      "question": 13,
      "target": "Phone Battery Life",
      "target_value": 33,
      "options": [
        "Phone Battery Capacity",
        "Phone Weight"
      ],
      "optionA": {
        "trial_id": "19",
        "task_id": "108",
        "values": "4500.0, 210.0",
        "target_value": 33
      },
      "optionB": {
        "trial_id": "6",
        "task_id": "108",
        "values": "4500.0, 210.0",
        "target_value": 33
      },
      "choice": {
        "button": "J",
        "selected_option": "OptionB"
      }
    },
    {
      "question": 14,
      "target": "Performance Rating",
      "target_value": 8,
      "options": [
        "Computer Weight (kg)",
        "RAM (GB)"
      ],
      "optionA": {
        "trial_id": "19",
        "task_id": "34",
        "values": "1.6, 12.0",
        "target_value": 8
      },
      "optionB": {
        "trial_id": "5",
        "task_id": "34",
        "values": "1.3, 6.0",
        "target_value": 6
      },
      "choice": {
        "button": "F",
        "selected_option": "OptionA"
      }
    },
    {
      "question": 15,
      "target": "Exam Score",
      "target_value": 75,
      "options": [
        "Hours of Study",
        "Difficulty Level"
      ],
      "optionA": {
        "trial_id": "16",
        "task_id": "12",
        "values": "7.0, 4.0",
        "target_value": 75
      },
      "optionB": {
        "trial_id": "10",
        "task_id": "12",
        "values": "6.0, 3.0",
        "target_value": 68
      },
      "choice": {
        "button": "F",
        "selected_option": "OptionA"
      }
    },
    {
      "question": 16,
      "target": "Battery Life (hours)",
      "target_value": 12.3,
      "options": [
        "Phone Weight (g)",
        "Battery Capacity (mAh)"
      ],
      "optionA": {
        "trial_id": "15",
        "task_id": "30",
        "values": "185.0, 5100.0",
        "target_value": 12.3
      },
      "optionB": {
        "trial_id": "18",
        "task_id": "30",
        "values": "145.0, 3700.0",
        "target_value": 9.9
      },
      "choice": {
        "button": "F",
        "selected_option": "OptionA"
      }
    },
    {
      "question": 17,
      "target": "Plant Sunlight Needs",
      "target_value": 4,
      "options": [
        "Plant Height",
        "Plant Leaf Size"
      ],
      "optionA": {
        "trial_id": "20",
        "task_id": "2",
        "values": "130.0, 8.0",
        "target_value": 4
      },
      "optionB": {
        "trial_id": "19",
        "task_id": "2",
        "values": "120.0, 6.0",
        "target_value": 3
      },
      "choice": {
        "button": "F",
        "selected_option": "OptionA"
      }
    },
    {
      "question": 18,
      "target": "Exam score",
      "target_value": 73,
      "options": [
        "Study time (hours)",
        "Class attendance (%)"
      ],
      "optionA": {
        "trial_id": "17",
        "task_id": "91",
        "values": "5.0, 75.0",
        "target_value": 73
      },
      "optionB": {
        "trial_id": "7",
        "task_id": "91",
        "values": "3.0, 70.0",
        "target_value": 65
      },
      "choice": {
        "button": "F",
        "selected_option": "OptionA"
      }
    },
    {
      "question": 19,
      "target": "Warmth Rating",
      "target_value": 5,
      "options": [
        "Shirt Weight (g)",
        "Fabric Thickness (mm)"
      ],
      "optionA": {
        "trial_id": "3",
        "task_id": "31",
        "values": "220.0, 1.8",
        "target_value": 5
      },
      "optionB": {
        "trial_id": "13",
        "task_id": "31",
        "values": "170.0, 1.3",
        "target_value": 3.6
      },
      "choice": {
        "button": "F",
        "selected_option": "OptionA"
      }
    },
    {
      "question": "attention_check_19",
      "choice": "F",
      "passed": true,
      "timestamp": 1756154686968
    },
    {
      "question": 20,
      "target": "House Price",
      "target_value": 500,
      "options": [
        "House Size",
        "Neighborhood Rating"
      ],
      "optionA": {
        "trial_id": "15",
        "task_id": "38",
        "values": "2300.0, 10.0",
        "target_value": 500
      },
      "optionB": {
        "trial_id": "9",
        "task_id": "38",
        "values": "1600.0, 5.0",
        "target_value": 280
      },
      "choice": {
        "button": "F",
        "selected_option": "OptionA"
      }
    },
    {
      "question": 21,
      "target": "Natural Light",
      "target_value": 5,
      "options": [
        "Room Size",
        "Number of Windows"
      ],
      "optionA": {
        "trial_id": "3",
        "task_id": "53",
        "values": "180.0, 1.0",
        "target_value": 5
      },
      "optionB": {
        "trial_id": "3",
        "task_id": "53",
        "values": "180.0, 1.0",
        "target_value": 5
      },
      "choice": {
        "button": "F",
        "selected_option": "OptionA"
      }
    },
    {
      "question": 22,
      "target": "Restaurant Customer Satisfaction",
      "target_value": 8.5,
      "options": [
        "Restaurant Menu Size",
        "Restaurant Price Rating"
      ],
      "optionA": {
        "trial_id": "10",
        "task_id": "25",
        "values": "22.0, 4.6",
        "target_value": 8.5
      },
      "optionB": {
        "trial_id": "3",
        "task_id": "25",
        "values": "25.0, 4.7",
        "target_value": 8.6
      },
      "choice": {
        "button": "J",
        "selected_option": "OptionB"
      }
    },
    {
      "question": 23,
      "target": "Strength",
      "target_value": 14,
      "options": [
        "Coffee Beans",
        "Water"
      ],
      "optionA": {
        "trial_id": "4",
        "task_id": "112",
        "values": "10.0, 200.0",
        "target_value": 14
      },
      "optionB": {
        "trial_id": "17",
        "task_id": "112",
        "values": "16.0, 320.0",
        "target_value": 21
      },
      "choice": {
        "button": "F",
        "selected_option": "OptionA"
      }
    },
    {
      "question": 24,
      "target": "Time to destination (hours)",
      "target_value": 0.43,
      "options": [
        "Distance (miles)",
        "Speed (mph)"
      ],
      "optionA": {
        "trial_id": "20",
        "task_id": "118",
        "values": "30.0, 80.0",
        "target_value": 0.43
      },
      "optionB": {
        "trial_id": "13",
        "task_id": "118",
        "values": "22.0, 60.0",
        "target_value": 0.39
      },
      "choice": {
        "button": "F",
        "selected_option": "OptionA"
      }
    },
    {
      "question": 25,
      "target": "Market value ($)",
      "target_value": 230000,
      "options": [
        "Number of bedrooms",
        "House size (sq ft)"
      ],
      "optionA": {
        "trial_id": "2",
        "task_id": "90",
        "values": "4.0, 1000.0",
        "target_value": 230000
      },
      "optionB": {
        "trial_id": "13",
        "task_id": "90",
        "values": "2.0, 1100.0",
        "target_value": 220000
      },
      "choice": {
        "button": "F",
        "selected_option": "OptionA"
      }
    },
    {
      "question": 26,
      "target": "Plant Growth Rate (cm/week)",
      "target_value": 6,
      "options": [
        "Plant Soil Quality (1-10)",
        "Plant Water Frequency (times/week)"
      ],
      "optionA": {
        "trial_id": "20",
        "task_id": "81",
        "values": "8.0, 4.0",
        "target_value": 6
      },
      "optionB": {
        "trial_id": "20",
        "task_id": "81",
        "values": "8.0, 4.0",
        "target_value": 6
      },
      "choice": {
        "button": "F",
        "selected_option": "OptionA"
      }
    },
    {
      "question": 27,
      "target": "Performance Score",
      "target_value": 75,
      "options": [
        "Phone RAM (GB)",
        "Battery Capacity (mAh)"
      ],
      "optionA": {
        "trial_id": "12",
        "task_id": "39",
        "values": "7.0, 3100.0",
        "target_value": 75
      },
      "optionB": {
        "trial_id": "5",
        "task_id": "39",
        "values": "8.0, 4000.0",
        "target_value": 85
      },
      "choice": {
        "button": "J",
        "selected_option": "OptionB"
      }
    },
    {
      "question": 28,
      "target": "Post reach",
      "target_value": 18000,
      "options": [
        "Number of followers",
        "Engagement rate (%)"
      ],
      "optionA": {
        "trial_id": "4",
        "task_id": "92",
        "values": "2500.0, 5.0",
        "target_value": 18000
      },
      "optionB": {
        "trial_id": "8",
        "task_id": "92",
        "values": "1800.0, 7.0",
        "target_value": 21000
      },
      "choice": {
        "button": "F",
        "selected_option": "OptionA"
      }
    },
    {
      "question": 29,
      "target": "Speed",
      "target_value": 130,
      "options": [
        "Car Engine Size",
        "Horsepower"
      ],
      "optionA": {
        "trial_id": "15",
        "task_id": "61",
        "values": "2.0, 160.0",
        "target_value": 130
      },
      "optionB": {
        "trial_id": "1",
        "task_id": "36",
        "values": "2.0, 180.0",
        "target_value": 130
      },
      "choice": {
        "button": "J",
        "selected_option": "OptionB"
      }
    },
    {
      "question": "attention_check_29",
      "choice": "J",
      "passed": true,
      "timestamp": 1756154787090
    },
    {
      "question": 30,
      "target": "Exam Score (%)",
      "target_value": 75,
      "options": [
        "Study Time (hours)",
        "Previous Score (%)"
      ],
      "optionA": {
        "trial_id": "6",
        "task_id": "76",
        "values": "5.0, 70.0",
        "target_value": 75
      },
      "optionB": {
        "trial_id": "6",
        "task_id": "76",
        "values": "5.0, 70.0",
        "target_value": 75
      },
      "choice": {
        "button": "F",
        "selected_option": "OptionA"
      }
    },
    {
      "question": 31,
      "target": "Battery Life",
      "target_value": 40,
      "options": [
        "Phone Weight",
        "Battery Capacity"
      ],
      "optionA": {
        "trial_id": "9",
        "task_id": "54",
        "values": "250.0, 5000.0",
        "target_value": 40
      },
      "optionB": {
        "trial_id": "2",
        "task_id": "54",
        "values": "250.0, 3800.0",
        "target_value": 30
      },
      "choice": {
        "button": "F",
        "selected_option": "OptionA"
      }
    },
    {
      "question": 32,
      "target": "Plant Sunlight Needs",
      "target_value": 5,
      "options": [
        "Plant Height",
        "Plant Leaf Size"
      ],
      "optionA": {
        "trial_id": "1",
        "task_id": "2",
        "values": "150.0, 10.0",
        "target_value": 5
      },
      "optionB": {
        "trial_id": "16",
        "task_id": "2",
        "values": "150.0, 10.0",
        "target_value": 5
      },
      "choice": {
        "button": "F",
        "selected_option": "OptionA"
      }
    },
    {
      "question": 33,
      "target": "Flavor Strength",
      "target_value": 10,
      "options": [
        "Coffee Bean Size",
        "Bean Roast"
      ],
      "optionA": {
        "trial_id": "6",
        "task_id": "64",
        "values": "7.0, 3.0",
        "target_value": 10
      },
      "optionB": {
        "trial_id": "11",
        "task_id": "64",
        "values": "5.0, 2.0",
        "target_value": 7
      },
      "choice": {
        "button": "F",
        "selected_option": "OptionA"
      }
    },
    {
      "question": 34,
      "target": "Value Score",
      "target_value": 65,
      "options": [
        "Price ($)",
        "Size (GB)"
      ],
      "optionA": {
        "trial_id": "20",
        "task_id": "99",
        "values": "70.0, 256.0",
        "target_value": 65
      },
      "optionB": {
        "trial_id": "2",
        "task_id": "99",
        "values": "70.0, 256.0",
        "target_value": 65
      },
      "choice": {
        "button": "F",
        "selected_option": "OptionA"
      }
    },
    {
      "question": 35,
      "target": "Bike Speed",
      "target_value": 130,
      "options": [
        "Bike Weight",
        "Bike Power"
      ],
      "optionA": {
        "trial_id": "20",
        "task_id": "87",
        "values": "30.0, 650.0",
        "target_value": 130
      },
      "optionB": {
        "trial_id": "10",
        "task_id": "87",
        "values": "20.0, 400.0",
        "target_value": 80
      },
      "choice": {
        "button": "F",
        "selected_option": "OptionA"
      }
    },
    {
      "question": 36,
      "target": "Fuel Consumption (L/100km)",
      "target_value": 8,
      "options": [
        "Engine Size (cc)",
        "Weight (kg)"
      ],
      "optionA": {
        "trial_id": "16",
        "task_id": "11",
        "values": "2200.0, 1300.0",
        "target_value": 8
      },
      "optionB": {
        "trial_id": "15",
        "task_id": "11",
        "values": "2300.0, 1400.0",
        "target_value": 9
      },
      "choice": {
        "button": "J",
        "selected_option": "OptionB"
      }
    },
    {
      "question": 37,
      "target": "Value Score",
      "target_value": 70,
      "options": [
        "Price ($)",
        "Size (GB)"
      ],
      "optionA": {
        "trial_id": "6",
        "task_id": "99",
        "values": "50.0, 128.0",
        "target_value": 70
      },
      "optionB": {
        "trial_id": "18",
        "task_id": "99",
        "values": "80.0, 512.0",
        "target_value": 75
      },
      "choice": {
        "button": "J",
        "selected_option": "OptionB"
      }
    },
    {
      "question": 38,
      "target": "User satisfaction",
      "target_value": 12,
      "options": [
        "Screen size (inches)",
        "RAM (GB)"
      ],
      "optionA": {
        "trial_id": "13",
        "task_id": "119",
        "values": "22.0, 8.0",
        "target_value": 12
      },
      "optionB": {
        "trial_id": "12",
        "task_id": "119",
        "values": "22.0, 8.0",
        "target_value": 12
      },
      "choice": {
        "button": "F",
        "selected_option": "OptionA"
      }
    },
    {
      "question": 39,
      "target": "Fun Level",
      "target_value": 8,
      "options": [
        "Number of Players",
        "Game Duration (minutes)"
      ],
      "optionA": {
        "trial_id": "16",
        "task_id": "13",
        "values": "8.0, 60.0",
        "target_value": 8
      },
      "optionB": {
        "trial_id": "16",
        "task_id": "13",
        "values": "8.0, 60.0",
        "target_value": 8
      },
      "choice": {
        "button": "F",
        "selected_option": "OptionA"
      }
    },
    {
      "question": "attention_check_39",
      "choice": "F",
      "passed": true,
      "timestamp": 1756154872049
    },
    {
      "question": 40,
      "target": "Fitness Level",
      "target_value": 7,
      "options": [
        "Exercise Time (min/day)",
        "Healthy Diet (%)"
      ],
      "optionA": {
        "trial_id": "7",
        "task_id": "46",
        "values": "35.0, 75.0",
        "target_value": 7
      },
      "optionB": {
        "trial_id": "17",
        "task_id": "46",
        "values": "35.0, 75.0",
        "target_value": 7
      },
      "choice": {
        "button": "F",
        "selected_option": "OptionA"
      }
    },
    {
      "question": 41,
      "target": "Quality",
      "target_value": 86,
      "options": [
        "Price",
        "Size"
      ],
      "optionA": {
        "trial_id": "14",
        "task_id": "110",
        "values": "130.0, 16.0",
        "target_value": 86
      },
      "optionB": {
        "trial_id": "3",
        "task_id": "110",
        "values": "120.0, 15.0",
        "target_value": 85
      },
      "choice": {
        "button": "F",
        "selected_option": "OptionA"
      }
    },
    {
      "question": 42,
      "target": "Weight Loss",
      "target_value": 1,
      "options": [
        "Calories",
        "Exercise Time"
      ],
      "optionA": {
        "trial_id": "1",
        "task_id": "51",
        "values": "500.0, 30.0",
        "target_value": 1
      },
      "optionB": {
        "trial_id": "10",
        "task_id": "51",
        "values": "600.0, 20.0",
        "target_value": 1.5
      },
      "choice": {
        "button": "J",
        "selected_option": "OptionB"
      }
    },
    {
      "question": 43,
      "target": "Energy Level",
      "target_value": 8,
      "options": [
        "Dog Size",
        "Exercise Needs"
      ],
      "optionA": {
        "trial_id": "18",
        "task_id": "88",
        "values": "40.0, 7.0",
        "target_value": 8
      },
      "optionB": {
        "trial_id": "7",
        "task_id": "88",
        "values": "30.0, 6.0",
        "target_value": 7
      },
      "choice": {
        "button": "J",
        "selected_option": "OptionB"
      }
    },
    {
      "question": 44,
      "target": "Tea Strength (1-10)",
      "target_value": 6,
      "options": [
        "Tea Leaf Quality (1-10)",
        "Tea Steeping Time (minutes)"
      ],
      "optionA": {
        "trial_id": "14",
        "task_id": "80",
        "values": "7.0, 3.0",
        "target_value": 6
      },
      "optionB": {
        "trial_id": "19",
        "task_id": "80",
        "values": "6.0, 2.0",
        "target_value": 5
      },
      "choice": {
        "button": "J",
        "selected_option": "OptionB"
      }
    },
    {
      "question": 45,
      "target": "Enjoyment",
      "target_value": 6,
      "options": [
        "Coffee price",
        "Coffee acidity"
      ],
      "optionA": {
        "trial_id": "14",
        "task_id": "101",
        "values": "3.0, 4.0",
        "target_value": 6
      },
      "optionB": {
        "trial_id": "20",
        "task_id": "101",
        "values": "0.5, 1.0",
        "target_value": 3
      },
      "choice": {
        "button": "J",
        "selected_option": "OptionB"
      }
    },
    {
      "question": 46,
      "target": "Book Rating",
      "target_value": 4.6,
      "options": [
        "Book Page Count",
        "Author Rating"
      ],
      "optionA": {
        "trial_id": "12",
        "task_id": "22",
        "values": "350.0, 4.7",
        "target_value": 4.6
      },
      "optionB": {
        "trial_id": "4",
        "task_id": "22",
        "values": "450.0, 4.6",
        "target_value": 4.7
      },
      "choice": {
        "button": "F",
        "selected_option": "OptionA"
      }
    },
    {
      "question": 47,
      "target": "Home Value (thousands)",
      "target_value": 340,
      "options": [
        "House Size (sqm)",
        "Neighborhood Safety (1-10)"
      ],
      "optionA": {
        "trial_id": "16",
        "task_id": "41",
        "values": "170.0, 8.0",
        "target_value": 340
      },
      "optionB": {
        "trial_id": "5",
        "task_id": "41",
        "values": "150.0, 7.0",
        "target_value": 320
      },
      "choice": {
        "button": "F",
        "selected_option": "OptionA"
      }
    },
    {
      "question": 48,
      "target": "Home Comfort (1-10)",
      "target_value": 8,
      "options": [
        "Number of Bedrooms",
        "Square Feet"
      ],
      "optionA": {
        "trial_id": "9",
        "task_id": "9",
        "values": "4.0, 1700.0",
        "target_value": 8
      },
      "optionB": {
        "trial_id": "11",
        "task_id": "9",
        "values": "2.0, 1200.0",
        "target_value": 5
      },
      "choice": {
        "button": "F",
        "selected_option": "OptionA"
      }
    },
    {
      "question": 49,
      "target": "Home Comfort (1-10)",
      "target_value": 8,
      "options": [
        "Number of Bedrooms",
        "Square Feet"
      ],
      "optionA": {
        "trial_id": "9",
        "task_id": "9",
        "values": "4.0, 1700.0",
        "target_value": 8
      },
      "optionB": {
        "trial_id": "16",
        "task_id": "9",
        "values": "3.0, 1550.0",
        "target_value": 6
      },
      "choice": {
        "button": "F",
        "selected_option": "OptionA"
      }
    },
    {
      "question": 50,
      "target": "Fitness Level",
      "target_value": 6,
      "options": [
        "Exercise Time (min/day)",
        "Healthy Diet (%)"
      ],
      "optionA": {
        "trial_id": "3",
        "task_id": "46",
        "values": "40.0, 60.0",
        "target_value": 6
      },
      "optionB": {
        "trial_id": "18",
        "task_id": "46",
        "values": "40.0, 70.0",
        "target_value": 6
      },
      "choice": {
        "button": "J",
        "selected_option": "OptionB"
      }
    }
  ]
}