{
  "prolific_id": "UNKNOWN",
  "condition_group": "direction",
  "responses": [
    {
      "question": 1,
      "target": "Time to destination (hours)",
      "target_value": 0.38,
      "options": [
        "Distance (miles)",
        "Speed (mph)"
      ],
      "optionA": {
        "trial_id": "11",
        "task_id": "118",
        "values": "20.0, 55.0",
        "target_value": 0.38
      },
      "optionB": {
        "trial_id": "17",
        "task_id": "118",
        "values": "26.0, 70.0",
        "target_value": 0.41
      },
      "choice": {
        "button": "F",
        "selected_option": "OptionA"
      }
    },
    {
      "question": 2,
      "target": "Light amount",
      "target_value": 9,
      "options": [
        "Room size (m2)",
        "Number of windows"
      ],
      "optionA": {
        "trial_id": "3",
        "task_id": "85",
        "values": "25.0, 4.0",
        "target_value": 9
      },
      "optionB": {
        "trial_id": "8",
        "task_id": "85",
        "values": "35.0, 2.0",
        "target_value": 7
      },
      "choice": {
        "button": "F",
        "selected_option": "OptionA"
      }
    },
    {
      "question": 3,
      "target": "Fuel Consumption (L/100km)",
      "target_value": 14,
      "options": [
        "Speed (km/h)",
        "Weight (kg)"
      ],
      "optionA": {
        "trial_id": "9",
        "task_id": "43",
        "values": "150.0, 2000.0",
        "target_value": 14
      },
      "optionB": {
        "trial_id": "1",
        "task_id": "43",
        "values": "120.0, 1500.0",
        "target_value": 9
      },
      "choice": {
        "button": "F",
        "selected_option": "OptionA"
      }
    },
    {
      "question": 4,
      "target": "House Price (thousands)",
      "target_value": 280,
      "options": [
        "House Size (m²)",
        "House Distance to City (km)"
      ],
      "optionA": {
        "trial_id": "15",
        "task_id": "79",
        "values": "100.0, 3.0",
        "target_value": 280
      },
      "optionB": {
        "trial_id": "15",
        "task_id": "79",
        "values": "100.0, 3.0",
        "target_value": 280
      },
      "choice": {
        "button": "J",
        "selected_option": "OptionB"
      }
    },
    {
      "question": 5,
      "target": "Knowledge Content",
      "target_value": 6,
      "options": [
        "Book Thickness",
        "Book Reading Level"
      ],
      "optionA": {
        "trial_id": "10",
        "task_id": "6",
        "values": "27.0, 4.0",
        "target_value": 6
      },
      "optionB": {
        "trial_id": "6",
        "task_id": "6",
        "values": "22.0, 3.0",
        "target_value": 5
      },
      "choice": {
        "button": "F",
        "selected_option": "OptionA"
      }
    },
    {
      "question": 6,
      "target": "Exercise Intensity",
      "target_value": 5.5,
      "options": [
        "Time to Walk (min)",
        "Number of Steps"
      ],
      "optionA": {
        "trial_id": "20",
        "task_id": "95",
        "values": "12.0, 1100.0",
        "target_value": 5.5
      },
      "optionB": {
        "trial_id": "1",
        "task_id": "95",
        "values": "10.0, 1000.0",
        "target_value": 5
      },
      "choice": {
        "button": "J",
        "selected_option": "OptionB"
      }
    },
    {
      "question": 7,
      "target": "App Popularity",
      "target_value": 90,
      "options": [
        "App User Ratings (1-5)",
        "Number of Reviews"
      ],
      "optionA": {
        "trial_id": "5",
        "task_id": "42",
        "values": "5.0, 200.0",
        "target_value": 90
      },
      "optionB": {
        "trial_id": "13",
        "task_id": "42",
        "values": "3.0, 100.0",
        "target_value": 60
      },
      "choice": {
        "button": "J",
        "selected_option": "OptionB"
      }
    },
    {
      "question": 8,
      "target": "Comfort Score",
      "target_value": 7,
      "options": [
        "Price ($)",
        "Size (sqft)"
      ],
      "optionA": {
        "trial_id": "16",
        "task_id": "44",
        "values": "260000.0, 140.0",
        "target_value": 7
      },
      "optionB": {
        "trial_id": "15",
        "task_id": "44",
        "values": "270000.0, 130.0",
        "target_value": 6
      },
      "choice": {
        "button": "F",
        "selected_option": "OptionA"
      }
    },
    {
      "question": 9,
      "target": "Phone Battery Life",
      "target_value": 28,
      "options": [
        "Phone Battery Capacity",
        "Phone Weight"
      ],
      "optionA": {
        "trial_id": "2",
        "task_id": "108",
        "values": "3500.0, 190.0",
        "target_value": 28
      },
      "optionB": {
        "trial_id": "2",
        "task_id": "108",
        "values": "3500.0, 190.0",
        "target_value": 28
      },
      "choice": {
        "button": "F",
        "selected_option": "OptionA"
      }
    },
    {
      "question": "attention_check_9",
      "choice": "J",
      "passed": true,
      "timestamp": 1756154528556
    },
    {
      "question": 10,
      "target": "Enjoyment Score",
      "target_value": 6.5,
      "options": [
        "Book Length (pages)",
        "Author Fame (1-10)"
      ],
      "optionA": {
        "trial_id": "13",
        "task_id": "29",
        "values": "180.0, 5.0",
        "target_value": 6.5
      },
      "optionB": {
        "trial_id": "8",
        "task_id": "29",
        "values": "450.0, 8.0",
        "target_value": 8.5
      },
      "choice": {
        "button": "J",
        "selected_option": "OptionB"
      }
    },
    {
      "question": 11,
      "target": "Natural light",
      "target_value": 6,
      "options": [
        "Room size",
        "Window count"
      ],
      "optionA": {
        "trial_id": "3",
        "task_id": "66",
        "values": "80.0, 2.0",
        "target_value": 6
      },
      "optionB": {
        "trial_id": "1",
        "task_id": "66",
        "values": "100.0, 3.0",
        "target_value": 7
      },
      "choice": {
        "button": "F",
        "selected_option": "OptionA"
      }
    },
    {
      "question": 12,
      "target": "Fat Burn (in grams)",
      "target_value": 25,
      "options": [
        "Exercise Time (minutes)",
        "Heart Rate (bpm)"
      ],
      "optionA": {
        "trial_id": "13",
        "task_id": "20",
        "values": "60.0, 145.0",
        "target_value": 25
      },
      "optionB": {
        "trial_id": "10",
        "task_id": "20",
        "values": "55.0, 125.0",
        "target_value": 18
      },
      "choice": {
        "button": "F",
        "selected_option": "OptionA"
      }
    },
    {
      "question": 13,
      "target": "Photo Quality",
      "target_value": 6,
      "options": [
        "Phone Price",
        "Phone Camera Megapixels"
      ],
      "optionA": {
        "trial_id": "7",
        "task_id": "5",
        "values": "400.0, 8.0",
        "target_value": 6
      },
      "optionB": {
        "trial_id": "1",
        "task_id": "5",
        "values": "600.0, 12.0",
        "target_value": 8
      },
      "choice": {
        "button": "J",
        "selected_option": "OptionB"
      }
    },
    {
      "question": 14,
      "target": "Performance Score",
      "target_value": 92,
      "options": [
        "Hours of Practice",
        "Natural Talent (1-10)"
      ],
      "optionA": {
        "trial_id": "7",
        "task_id": "78",
        "values": "9.0, 9.0",
        "target_value": 92
      },
      "optionB": {
        "trial_id": "11",
        "task_id": "78",
        "values": "11.0, 5.0",
        "target_value": 85
      },
      "choice": {
        "button": "F",
        "selected_option": "OptionA"
      }
    },
    {
      "question": 15,
      "target": "Movie enjoyment",
      "target_value": 8.5,
      "options": [
        "Movie runtime",
        "Movie rating"
      ],
      "optionA": {
        "trial_id": "7",
        "task_id": "75",
        "values": "130.0, 8.0",
        "target_value": 8.5
      },
      "optionB": {
        "trial_id": "14",
        "task_id": "75",
        "values": "110.0, 7.5",
        "target_value": 7.5
      },
      "choice": {
        "button": "J",
        "selected_option": "OptionB"
      }
    },
    {
      "question": 16,
      "target": "User satisfaction",
      "target_value": 12,
      "options": [
        "Screen size (inches)",
        "RAM (GB)"
      ],
      "optionA": {
        "trial_id": "12",
        "task_id": "119",
        "values": "22.0, 8.0",
        "target_value": 12
      },
      "optionB": {
        "trial_id": "8",
        "task_id": "119",
        "values": "18.0, 6.0",
        "target_value": 10
      },
      "choice": {
        "button": "F",
        "selected_option": "OptionA"
      }
    },
    {
      "question": 17,
      "target": "Recipe difficulty",
      "target_value": 6,
      "options": [
        "Number of ingredients",
        "Prep time (minutes)"
      ],
      "optionA": {
        "trial_id": "16",
        "task_id": "60",
        "values": "5.0, 16.0",
        "target_value": 6
      },
      "optionB": {
        "trial_id": "8",
        "task_id": "60",
        "values": "7.0, 25.0",
        "target_value": 8
      },
      "choice": {
        "button": "J",
        "selected_option": "OptionB"
      }
    },
    {
      "question": 18,
      "target": "Energy Level",
      "target_value": 6,
      "options": [
        "Hours of Sleep",
        "Caffeine Intake (mg)"
      ],
      "optionA": {
        "trial_id": "11",
        "task_id": "45",
        "values": "7.0, 50.0",
        "target_value": 6
      },
      "optionB": {
        "trial_id": "18",
        "task_id": "45",
        "values": "9.0, 70.0",
        "target_value": 8
      },
      "choice": {
        "button": "F",
        "selected_option": "OptionA"
      }
    },
    {
      "question": 19,
      "target": "Knowledge Content",
      "target_value": 8,
      "options": [
        "Book Thickness",
        "Book Reading Level"
      ],
      "optionA": {
        "trial_id": "17",
        "task_id": "6",
        "values": "38.0, 5.0",
        "target_value": 8
      },
      "optionB": {
        "trial_id": "14",
        "task_id": "6",
        "values": "30.0, 5.0",
        "target_value": 8
      },
      "choice": {
        "button": "F",
        "selected_option": "OptionA"
      }
    },
    {
      "question": "attention_check_19",
      "choice": "F",
      "passed": true,
      "timestamp": 1756154592451
    },
    {
      "question": 20,
      "target": "Recipe difficulty",
      "target_value": 6,
      "options": [
        "Number of ingredients",
        "Prep time (minutes)"
      ],
      "optionA": {
        "trial_id": "4",
        "task_id": "60",
        "values": "5.0, 15.0",
        "target_value": 6
      },
      "optionB": {
        "trial_id": "10",
        "task_id": "60",
        "values": "4.0, 12.0",
        "target_value": 5
      },
      "choice": {
        "button": "F",
        "selected_option": "OptionA"
      }
    },
    {
      "question": 21,
      "target": "Battery life",
      "target_value": 11,
      "options": [
        "Phone battery",
        "Screen size"
      ],
      "optionA": {
        "trial_id": "19",
        "task_id": "69",
        "values": "3500.0, 5.0",
        "target_value": 11
      },
      "optionB": {
        "trial_id": "10",
        "task_id": "69",
        "values": "3500.0, 6.0",
        "target_value": 13
      },
      "choice": {
        "button": "J",
        "selected_option": "OptionB"
      }
    },
    {
      "question": 22,
      "target": "Distance Traveled",
      "target_value": 280,
      "options": [
        "Speed",
        "Weight"
      ],
      "optionA": {
        "trial_id": "8",
        "task_id": "111",
        "values": "50.0, 800.0",
        "target_value": 280
      },
      "optionB": {
        "trial_id": "2",
        "task_id": "111",
        "values": "70.0, 1200.0",
        "target_value": 310
      },
      "choice": {
        "button": "J",
        "selected_option": "OptionB"
      }
    },
    {
      "question": 23,
      "target": "Room Area (m²)",
      "target_value": 18,
      "options": [
        "Room Length (m)",
        "Room Width (m)"
      ],
      "optionA": {
        "trial_id": "3",
        "task_id": "89",
        "values": "3.0, 6.0",
        "target_value": 18
      },
      "optionB": {
        "trial_id": "4",
        "task_id": "89",
        "values": "6.0, 3.0",
        "target_value": 18
      },
      "choice": {
        "button": "J",
        "selected_option": "OptionB"
      }
    },
    {
      "question": 24,
      "target": "Age (years)",
      "target_value": 70,
      "options": [
        "Tree Height (m)",
        "Trunk Diameter (cm)"
      ],
      "optionA": {
        "trial_id": "7",
        "task_id": "32",
        "values": "14.0, 40.0",
        "target_value": 70
      },
      "optionB": {
        "trial_id": "5",
        "task_id": "32",
        "values": "8.0, 20.0",
        "target_value": 30
      },
      "choice": {
        "button": "F",
        "selected_option": "OptionA"
      }
    },
    {
      "question": 25,
      "target": "Exam Score",
      "target_value": 75,
      "options": [
        "Hours of Study",
        "Difficulty Level"
      ],
      "optionA": {
        "trial_id": "5",
        "task_id": "12",
        "values": "6.0, 4.0",
        "target_value": 75
      },
      "optionB": {
        "trial_id": "9",
        "task_id": "12",
        "values": "5.0, 2.0",
        "target_value": 65
      },
      "choice": {
        "button": "F",
        "selected_option": "OptionA"
      }
    },
    {
      "question": 26,
      "target": "Performance Score (1-100)",
      "target_value": 45,
      "options": [
        "Hours of Practice",
        "Number of Lessons"
      ],
      "optionA": {
        "trial_id": "17",
        "task_id": "57",
        "values": "6.0, 2.0",
        "target_value": 45
      },
      "optionB": {
        "trial_id": "18",
        "task_id": "57",
        "values": "10.0, 3.0",
        "target_value": 50
      },
      "choice": {
        "button": "J",
        "selected_option": "OptionB"
      }
    },
    {
      "question": 27,
      "target": "Exam Score (out of 100)",
      "target_value": 74,
      "options": [
        "Study Time (hours)",
        "Previous GPA"
      ],
      "optionA": {
        "trial_id": "17",
        "task_id": "18",
        "values": "8.0, 3.0",
        "target_value": 74
      },
      "optionB": {
        "trial_id": "8",
        "task_id": "18",
        "values": "10.0, 3.0",
        "target_value": 74
      },
      "choice": {
        "button": "J",
        "selected_option": "OptionB"
      }
    },
    {
      "question": 28,
      "target": "House Price",
      "target_value": 450000,
      "options": [
        "House Size sqft",
        "House Location Rating"
      ],
      "optionA": {
        "trial_id": "3",
        "task_id": "23",
        "values": "2500.0, 9.0",
        "target_value": 450000
      },
      "optionB": {
        "trial_id": "6",
        "task_id": "23",
        "values": "2200.0, 8.0",
        "target_value": 410000
      },
      "choice": {
        "button": "F",
        "selected_option": "OptionA"
      }
    },
    {
      "question": 29,
      "target": "Restaurant Popularity (on scale 1-10)",
      "target_value": 8,
      "options": [
        "Number of Reviews",
        "Average Rating (out of 5)"
      ],
      "optionA": {
        "trial_id": "17",
        "task_id": "19",
        "values": "200.0, 4.5",
        "target_value": 8
      },
      "optionB": {
        "trial_id": "10",
        "task_id": "19",
        "values": "220.0, 4.5",
        "target_value": 8
      },
      "choice": {
        "button": "J",
        "selected_option": "OptionB"
      }
    },
    {
      "question": "attention_check_29",
      "choice": "F",
      "passed": false,
      "timestamp": 1756154669864
    },
    {
      "question": 30,
      "target": "Battery Life (hours)",
      "target_value": 10.8,
      "options": [
        "Phone Weight (g)",
        "Battery Capacity (mAh)"
      ],
      "optionA": {
        "trial_id": "19",
        "task_id": "30",
        "values": "165.0, 4300.0",
        "target_value": 10.8
      },
      "optionB": {
        "trial_id": "7",
        "task_id": "30",
        "values": "190.0, 5000.0",
        "target_value": 12
      },
      "choice": {
        "button": "J",
        "selected_option": "OptionB"
      }
    },
    {
      "question": 31,
      "target": "Job Success",
      "target_value": 85,
      "options": [
        "Age",
        "Experience"
      ],
      "optionA": {
        "trial_id": "14",
        "task_id": "117",
        "values": "40.0, 9.0",
        "target_value": 85
      },
      "optionB": {
        "trial_id": "20",
        "task_id": "117",
        "values": "32.0, 5.0",
        "target_value": 70
      },
      "choice": {
        "button": "F",
        "selected_option": "OptionA"
      }
    },
    {
      "question": 32,
      "target": "Battery Life (hours)",
      "target_value": 10.3,
      "options": [
        "Phone Weight (g)",
        "Battery Capacity (mAh)"
      ],
      "optionA": {
        "trial_id": "17",
        "task_id": "30",
        "values": "155.0, 4100.0",
        "target_value": 10.3
      },
      "optionB": {
        "trial_id": "20",
        "task_id": "30",
        "values": "155.0, 3900.0",
        "target_value": 10.2
      },
      "choice": {
        "button": "F",
        "selected_option": "OptionA"
      }
    },
    {
      "question": 33,
      "target": "Movie enjoyment",
      "target_value": 8.5,
      "options": [
        "Movie runtime",
        "Movie rating"
      ],
      "optionA": {
        "trial_id": "12",
        "task_id": "75",
        "values": "130.0, 8.0",
        "target_value": 8.5
      },
      "optionB": {
        "trial_id": "3",
        "task_id": "75",
        "values": "150.0, 8.5",
        "target_value": 9
      },
      "choice": {
        "button": "J",
        "selected_option": "OptionB"
      }
    },
    {
      "question": 34,
      "target": "Engagement rate (%)",
      "target_value": 5.6,
      "options": [
        "Number of followers",
        "Post quality score"
      ],
      "optionA": {
        "trial_id": "10",
        "task_id": "71",
        "values": "12000.0, 5.0",
        "target_value": 5.6
      },
      "optionB": {
        "trial_id": "10",
        "task_id": "71",
        "values": "12000.0, 5.0",
        "target_value": 5.6
      },
      "choice": {
        "button": "J",
        "selected_option": "OptionB"
      }
    },
    {
      "question": 35,
      "target": "Performance Score (1-100)",
      "target_value": 80,
      "options": [
        "Hours of Practice",
        "Number of Lessons"
      ],
      "optionA": {
        "trial_id": "15",
        "task_id": "57",
        "values": "22.0, 9.0",
        "target_value": 80
      },
      "optionB": {
        "trial_id": "16",
        "task_id": "57",
        "values": "28.0, 10.0",
        "target_value": 85
      },
      "choice": {
        "button": "F",
        "selected_option": "OptionA"
      }
    },
    {
      "question": 36,
      "target": "House Price (thousands)",
      "target_value": 270,
      "options": [
        "House Size (m²)",
        "House Distance to City (km)"
      ],
      "optionA": {
        "trial_id": "19",
        "task_id": "79",
        "values": "90.0, 2.0",
        "target_value": 270
      },
      "optionB": {
        "trial_id": "19",
        "task_id": "79",
        "values": "90.0, 2.0",
        "target_value": 270
      },
      "choice": {
        "button": "F",
        "selected_option": "OptionA"
      }
    },
    {
      "question": 37,
      "target": "Flavor Strength",
      "target_value": 6,
      "options": [
        "Coffee Bean Size",
        "Bean Roast"
      ],
      "optionA": {
        "trial_id": "8",
        "task_id": "64",
        "values": "4.0, 2.0",
        "target_value": 6
      },
      "optionB": {
        "trial_id": "17",
        "task_id": "64",
        "values": "7.0, 4.0",
        "target_value": 9
      },
      "choice": {
        "button": "J",
        "selected_option": "OptionB"
      }
    },
    {
      "question": 38,
      "target": "Post reach",
      "target_value": 15000,
      "options": [
        "Number of followers",
        "Engagement rate (%)"
      ],
      "optionA": {
        "trial_id": "1",
        "task_id": "92",
        "values": "1000.0, 5.0",
        "target_value": 15000
      },
      "optionB": {
        "trial_id": "1",
        "task_id": "92",
        "values": "1000.0, 5.0",
        "target_value": 15000
      },
      "choice": {
        "button": "J",
        "selected_option": "OptionB"
      }
    },
    {
      "question": 39,
      "target": "Social Engagement (on scale 1-10)",
      "target_value": 8,
      "options": [
        "Number of Friends",
        "Average Message Frequency"
      ],
      "optionA": {
        "trial_id": "18",
        "task_id": "21",
        "values": "160.0, 4.0",
        "target_value": 8
      },
      "optionB": {
        "trial_id": "5",
        "task_id": "21",
        "values": "140.0, 2.0",
        "target_value": 6
      },
      "choice": {
        "button": "F",
        "selected_option": "OptionA"
      }
    },
    {
      "question": "attention_check_39",
      "choice": "F",
      "passed": true,
      "timestamp": 1756154722924
    },
    {
      "question": 40,
      "target": "Home value",
      "target_value": 300000,
      "options": [
        "House size",
        "Neighborhood quality"
      ],
      "optionA": {
        "trial_id": "1",
        "task_id": "70",
        "values": "120.0, 8.0",
        "target_value": 300000
      },
      "optionB": {
        "trial_id": "1",
        "task_id": "70",
        "values": "120.0, 8.0",
        "target_value": 300000
      },
      "choice": {
        "button": "F",
        "selected_option": "OptionA"
      }
    },
    {
      "question": 41,
      "target": "Apartment price",
      "target_value": 1400,
      "options": [
        "Distance from city center",
        "Room size"
      ],
      "optionA": {
        "trial_id": "15",
        "task_id": "58",
        "values": "3.0, 50.0",
        "target_value": 1400
      },
      "optionB": {
        "trial_id": "14",
        "task_id": "58",
        "values": "5.0, 70.0",
        "target_value": 1700
      },
      "choice": {
        "button": "F",
        "selected_option": "OptionA"
      }
    },
    {
      "question": 42,
      "target": "Knowledge Content",
      "target_value": 8,
      "options": [
        "Book Thickness",
        "Book Reading Level"
      ],
      "optionA": {
        "trial_id": "3",
        "task_id": "6",
        "values": "40.0, 5.0",
        "target_value": 8
      },
      "optionB": {
        "trial_id": "18",
        "task_id": "6",
        "values": "36.0, 6.0",
        "target_value": 9
      },
      "choice": {
        "button": "J",
        "selected_option": "OptionB"
      }
    },
    {
      "question": 43,
      "target": "Time to destination (hours)",
      "target_value": 0.42,
      "options": [
        "Distance (miles)",
        "Speed (mph)"
      ],
      "optionA": {
        "trial_id": "19",
        "task_id": "118",
        "values": "28.0, 75.0",
        "target_value": 0.42
      },
      "optionB": {
        "trial_id": "8",
        "task_id": "118",
        "values": "18.0, 50.0",
        "target_value": 0.37
      },
      "choice": {
        "button": "J",
        "selected_option": "OptionB"
      }
    },
    {
      "question": 44,
      "target": "House Price (thousands)",
      "target_value": 310,
      "options": [
        "House Size (m²)",
        "House Distance to City (km)"
      ],
      "optionA": {
        "trial_id": "8",
        "task_id": "79",
        "values": "120.0, 7.0",
        "target_value": 310
      },
      "optionB": {
        "trial_id": "19",
        "task_id": "79",
        "values": "90.0, 2.0",
        "target_value": 270
      },
      "choice": {
        "button": "J",
        "selected_option": "OptionB"
      }
    },
    {
      "question": 45,
      "target": "Battery Life (hours)",
      "target_value": 7.5,
      "options": [
        "Phone Weight (g)",
        "Battery Capacity (mAh)"
      ],
      "optionA": {
        "trial_id": "14",
        "task_id": "30",
        "values": "140.0, 2900.0",
        "target_value": 7.5
      },
      "optionB": {
        "trial_id": "15",
        "task_id": "30",
        "values": "185.0, 5100.0",
        "target_value": 12.3
      },
      "choice": {
        "button": "J",
        "selected_option": "OptionB"
      }
    },
    {
      "question": 46,
      "target": "Movie enjoyment",
      "target_value": 8.5,
      "options": [
        "Movie runtime",
        "Movie rating"
      ],
      "optionA": {
        "trial_id": "19",
        "task_id": "75",
        "values": "140.0, 8.0",
        "target_value": 8.5
      },
      "optionB": {
        "trial_id": "14",
        "task_id": "75",
        "values": "110.0, 7.5",
        "target_value": 7.5
      },
      "choice": {
        "button": "J",
        "selected_option": "OptionB"
      }
    },
    {
      "question": 47,
      "target": "Home value",
      "target_value": 250000,
      "options": [
        "House size",
        "Neighborhood quality"
      ],
      "optionA": {
        "trial_id": "7",
        "task_id": "70",
        "values": "90.0, 6.0",
        "target_value": 250000
      },
      "optionB": {
        "trial_id": "10",
        "task_id": "70",
        "values": "160.0, 9.0",
        "target_value": 320000
      },
      "choice": {
        "button": "J",
        "selected_option": "OptionB"
      }
    },
    {
      "question": 48,
      "target": "Top Speed",
      "target_value": 160,
      "options": [
        "Car Engine Size",
        "Horsepower"
      ],
      "optionA": {
        "trial_id": "18",
        "task_id": "36",
        "values": "3.0, 250.0",
        "target_value": 160
      },
      "optionB": {
        "trial_id": "15",
        "task_id": "61",
        "values": "2.0, 160.0",
        "target_value": 130
      },
      "choice": {
        "button": "F",
        "selected_option": "OptionA"
      }
    },
    {
      "question": 49,
      "target": "Battery Duration",
      "target_value": 16,
      "options": [
        "Phone Battery Capacity",
        "Screen Brightness"
      ],
      "optionA": {
        "trial_id": "5",
        "task_id": "63",
        "values": "4000.0, 500.0",
        "target_value": 16
      },
      "optionB": {
        "trial_id": "8",
        "task_id": "63",
        "values": "4000.0, 500.0",
        "target_value": 17
      },
      "choice": {
        "button": "F",
        "selected_option": "OptionA"
      }
    },
    {
      "question": 50,
      "target": "Value Score",
      "target_value": 70,
      "options": [
        "Price ($)",
        "Size (GB)"
      ],
      "optionA": {
        "trial_id": "8",
        "task_id": "99",
        "values": "90.0, 512.0",
        "target_value": 70
      },
      "optionB": {
        "trial_id": "16",
        "task_id": "99",
        "values": "50.0, 256.0",
        "target_value": 75
      },
      "choice": {
        "button": "F",
        "selected_option": "OptionA"
      }
    }
  ]
}