{
  "prolific_id": "UNKNOWN",
  "condition_group": "ranking",
  "responses": [
    {
      "question": 1,
      "target": "Taste Score",
      "target_value": 7.5,
      "options": [
        "Cooking Time",
        "Spice Level"
      ],
      "optionA": {
        "trial_id": "2",
        "task_id": "130",
        "values": "25.0, 4.0",
        "target_value": 7.5
      },
      "optionB": {
        "trial_id": "2",
        "task_id": "130",
        "values": "25.0, 4.0",
        "target_value": 7.5
      },
      "choice": {
        "button": "F",
        "selected_option": "OptionA"
      }
    },
    {
      "question": 2,
      "target": "Comfort",
      "target_value": 7,
      "options": [
        "Age",
        "Size"
      ],
      "optionA": {
        "trial_id": "1",
        "task_id": "66",
        "values": "5.0, 20",
        "target_value": 7
      },
      "optionB": {
        "trial_id": "6",
        "task_id": "66",
        "values": "5.0, 20",
        "target_value": 7
      },
      "choice": {
        "button": "F",
        "selected_option": "OptionA"
      }
    },
    {
      "question": 3,
      "target": "Endurance",
      "target_value": 80,
      "options": [
        "Age",
        "Height"
      ],
      "optionA": {
        "trial_id": "16",
        "task_id": "123",
        "values": "50.0, 200.0",
        "target_value": 80
      },
      "optionB": {
        "trial_id": "19",
        "task_id": "135",
        "values": "55.0, 175.0",
        "target_value": 4.5
      },
      "choice": {
        "button": "F",
        "selected_option": "OptionA"
      }
    },
    {
      "question": 4,
      "target": "Enjoyment Score",
      "target_value": 4.4,
      "options": [
        "Book Thickness",
        "Number of Reviews"
      ],
      "optionA": {
        "trial_id": "8",
        "task_id": "27",
        "values": "400.0, 180.0",
        "target_value": 4.4
      },
      "optionB": {
        "trial_id": "13",
        "task_id": "27",
        "values": "550.0, 70.0",
        "target_value": 4
      },
      "choice": {
        "button": "F",
        "selected_option": "OptionA"
      }
    },
    {
      "question": 5,
      "target": "Bicycle Speed",
      "target_value": 17,
      "options": [
        "Bicycle Weight",
        "Bicycle Price"
      ],
      "optionA": {
        "trial_id": "8",
        "task_id": "39",
        "values": "18.0, 420",
        "target_value": 17
      },
      "optionB": {
        "trial_id": "4",
        "task_id": "39",
        "values": "14.0, 440",
        "target_value": 19
      },
      "choice": {
        "button": "J",
        "selected_option": "OptionB"
      }
    },
    {
      "question": 6,
      "target": "Car Fuel Efficiency",
      "target_value": 25,
      "options": [
        "Car Engine Size",
        "Car Weight"
      ],
      "optionA": {
        "trial_id": "7",
        "task_id": "105",
        "values": "1.4, 1300",
        "target_value": 25
      },
      "optionB": {
        "trial_id": "6",
        "task_id": "168",
        "values": "2.2, 3400",
        "target_value": 29
      },
      "choice": {
        "button": "F",
        "selected_option": "OptionA"
      }
    },
    {
      "question": 7,
      "target": "Battery life (hours)",
      "target_value": 7.1,
      "options": [
        "Laptop weight (kg)",
        "Screen size (inches)"
      ],
      "optionA": {
        "trial_id": "8",
        "task_id": "118",
        "values": "1.2, 15",
        "target_value": 7.1
      },
      "optionB": {
        "trial_id": "19",
        "task_id": "118",
        "values": "1.7, 13",
        "target_value": 7.1
      },
      "choice": {
        "button": "J",
        "selected_option": "OptionB"
      }
    },
    {
      "question": 8,
      "target": "Morning alertness (1-10)",
      "target_value": 7,
      "options": [
        "Amount of sleep (hours)",
        "Time to bed (minutes past 10pm)"
      ],
      "optionA": {
        "trial_id": "9",
        "task_id": "96",
        "values": "8.0, 45",
        "target_value": 7
      },
      "optionB": {
        "trial_id": "9",
        "task_id": "96",
        "values": "8.0, 45",
        "target_value": 7
      },
      "choice": {
        "button": "J",
        "selected_option": "OptionB"
      }
    },
    {
      "question": 9,
      "target": "Post reach (people)",
      "target_value": 5000,
      "options": [
        "Number of likes (count)",
        "Time posted (hours ago)"
      ],
      "optionA": {
        "trial_id": "1",
        "task_id": "93",
        "values": "1000.0, 2",
        "target_value": 5000
      },
      "optionB": {
        "trial_id": "12",
        "task_id": "93",
        "values": "900.0, 6",
        "target_value": 4500
      },
      "choice": {
        "button": "F",
        "selected_option": "OptionA"
      }
    },
    {
      "question": "attention_check_9",
      "choice": "J",
      "passed": true,
      "timestamp": 1756154494520
    },
    {
      "question": 10,
      "target": "Fuel consumption (liters per 100km)",
      "target_value": 6.2,
      "options": [
        "Car engine size (liters)",
        "Car weight (kg)"
      ],
      "optionA": {
        "trial_id": "2",
        "task_id": "113",
        "values": "1.6, 1500",
        "target_value": 6.2
      },
      "optionB": {
        "trial_id": "2",
        "task_id": "113",
        "values": "1.6, 1500",
        "target_value": 6.2
      },
      "choice": {
        "button": "F",
        "selected_option": "OptionA"
      }
    },
    {
      "question": 11,
      "target": "Exam Score (points)",
      "target_value": 75,
      "options": [
        "Study Time (hours)",
        "Distractions (number)"
      ],
      "optionA": {
        "trial_id": "9",
        "task_id": "23",
        "values": "5.0, 2",
        "target_value": 75
      },
      "optionB": {
        "trial_id": "3",
        "task_id": "23",
        "values": "6.0, 1",
        "target_value": 85
      },
      "choice": {
        "button": "J",
        "selected_option": "OptionB"
      }
    },
    {
      "question": 12,
      "target": "Energy level (1-10)",
      "target_value": 8,
      "options": [
        "Hours of sleep",
        "Caffeine intake (mg)"
      ],
      "optionA": {
        "trial_id": "18",
        "task_id": "54",
        "values": "9.0, 40",
        "target_value": 8
      },
      "optionB": {
        "trial_id": "19",
        "task_id": "54",
        "values": "5.0, 180",
        "target_value": 4
      },
      "choice": {
        "button": "F",
        "selected_option": "OptionA"
      }
    },
    {
      "question": 13,
      "target": "Fuel consumption (liters per 100km)",
      "target_value": 7,
      "options": [
        "Car engine size (liters)",
        "Car weight (kg)"
      ],
      "optionA": {
        "trial_id": "14",
        "task_id": "113",
        "values": "1.7, 1500",
        "target_value": 7
      },
      "optionB": {
        "trial_id": "11",
        "task_id": "113",
        "values": "2.8, 1250",
        "target_value": 9.3
      },
      "choice": {
        "button": "J",
        "selected_option": "OptionB"
      }
    },
    {
      "question": 14,
      "target": "Cooking time (minutes)",
      "target_value": 20,
      "options": [
        "Number of ingredients",
        "Prep time (minutes)"
      ],
      "optionA": {
        "trial_id": "3",
        "task_id": "140",
        "values": "8.0, 8",
        "target_value": 20
      },
      "optionB": {
        "trial_id": "14",
        "task_id": "140",
        "values": "3.0, 14",
        "target_value": 18
      },
      "choice": {
        "button": "F",
        "selected_option": "OptionA"
      }
    },
    {
      "question": 15,
      "target": "Battery Life (hours)",
      "target_value": 18,
      "options": [
        "Phone RAM (GB)",
        "Screen Size (inches)"
      ],
      "optionA": {
        "trial_id": "15",
        "task_id": "104",
        "values": "5.0, 6.1",
        "target_value": 18
      },
      "optionB": {
        "trial_id": "5",
        "task_id": "104",
        "values": "3.0, 6.0",
        "target_value": 16
      },
      "choice": {
        "button": "J",
        "selected_option": "OptionB"
      }
    },
    {
      "question": 16,
      "target": "Flower Size",
      "target_value": 4,
      "options": [
        "Plant Height",
        "Number of Leaves"
      ],
      "optionA": {
        "trial_id": "19",
        "task_id": "80",
        "values": "25.0, 13",
        "target_value": 4
      },
      "optionB": {
        "trial_id": "17",
        "task_id": "80",
        "values": "31.0, 10",
        "target_value": 5
      },
      "choice": {
        "button": "J",
        "selected_option": "OptionB"
      }
    },
    {
      "question": 17,
      "target": "Bicycle Speed",
      "target_value": 12,
      "options": [
        "Bicycle Weight",
        "Bicycle Price"
      ],
      "optionA": {
        "trial_id": "18",
        "task_id": "39",
        "values": "28.0, 370",
        "target_value": 12
      },
      "optionB": {
        "trial_id": "17",
        "task_id": "39",
        "values": "26.0, 340",
        "target_value": 17
      },
      "choice": {
        "button": "F",
        "selected_option": "OptionA"
      }
    },
    {
      "question": 18,
      "target": "Battery Life (hours)",
      "target_value": 8.5,
      "options": [
        "Phone Battery Capacity (mAh)",
        "Phone Weight (g)"
      ],
      "optionA": {
        "trial_id": "11",
        "task_id": "34",
        "values": "3500.0, 155.0",
        "target_value": 8.5
      },
      "optionB": {
        "trial_id": "19",
        "task_id": "34",
        "values": "7500.0, 115.0",
        "target_value": 16.5
      },
      "choice": {
        "button": "J",
        "selected_option": "OptionB"
      }
    },
    {
      "question": 19,
      "target": "Exam score (%)",
      "target_value": 70,
      "options": [
        "Time spent studying (hours)",
        "Number of breaks (times)"
      ],
      "optionA": {
        "trial_id": "2",
        "task_id": "139",
        "values": "5.0, 3",
        "target_value": 70
      },
      "optionB": {
        "trial_id": "11",
        "task_id": "89",
        "values": "3.0, 4",
        "target_value": 82
      },
      "choice": {
        "button": "F",
        "selected_option": "OptionA"
      }
    },
    {
      "question": "attention_check_19",
      "choice": "F",
      "passed": true,
      "timestamp": 1756154568117
    },
    {
      "question": 20,
      "target": "Portability",
      "target_value": 7,
      "options": [
        "Battery Life",
        "Weight"
      ],
      "optionA": {
        "trial_id": "18",
        "task_id": "68",
        "values": "30.0, 600",
        "target_value": 7
      },
      "optionB": {
        "trial_id": "9",
        "task_id": "68",
        "values": "24.0, 550",
        "target_value": 7
      },
      "choice": {
        "button": "J",
        "selected_option": "OptionB"
      }
    },
    {
      "question": 21,
      "target": "Skill Level",
      "target_value": 7,
      "options": [
        "Experience",
        "Years of Education"
      ],
      "optionA": {
        "trial_id": "5",
        "task_id": "137",
        "values": "3.0, 15.0",
        "target_value": 7
      },
      "optionB": {
        "trial_id": "16",
        "task_id": "137",
        "values": "7.0, 12.0",
        "target_value": 9
      },
      "choice": {
        "button": "J",
        "selected_option": "OptionB"
      }
    },
    {
      "question": 22,
      "target": "Energy boost",
      "target_value": 80,
      "options": [
        "Coffee strength",
        "Caffeine content"
      ],
      "optionA": {
        "trial_id": "4",
        "task_id": "85",
        "values": "4.0, 110",
        "target_value": 80
      },
      "optionB": {
        "trial_id": "3",
        "task_id": "85",
        "values": "3.0, 100",
        "target_value": 85
      },
      "choice": {
        "button": "F",
        "selected_option": "OptionA"
      }
    },
    {
      "question": 23,
      "target": "Cooking Time (minutes)",
      "target_value": 12,
      "options": [
        "Number of Ingredients",
        "Prep Time (minutes)"
      ],
      "optionA": {
        "trial_id": "15",
        "task_id": "26",
        "values": "9.0, 18.0",
        "target_value": 12
      },
      "optionB": {
        "trial_id": "2",
        "task_id": "26",
        "values": "10.0, 20.0",
        "target_value": 15
      },
      "choice": {
        "button": "F",
        "selected_option": "OptionA"
      }
    },
    {
      "question": 24,
      "target": "Exam score",
      "target_value": 70,
      "options": [
        "Study hours",
        "Intelligence score"
      ],
      "optionA": {
        "trial_id": "9",
        "task_id": "122",
        "values": "3.0, 95.0",
        "target_value": 70
      },
      "optionB": {
        "trial_id": "5",
        "task_id": "122",
        "values": "4.0, 85.0",
        "target_value": 78
      },
      "choice": {
        "button": "F",
        "selected_option": "OptionA"
      }
    },
    {
      "question": 25,
      "target": "How many people buy it",
      "target_value": 60,
      "options": [
        "Shoe price (in USD)",
        "Comfort rating (1-10)"
      ],
      "optionA": {
        "trial_id": "8",
        "task_id": "126",
        "values": "90.0, 7.0",
        "target_value": 60
      },
      "optionB": {
        "trial_id": "16",
        "task_id": "126",
        "values": "120.0, 9.0",
        "target_value": 30
      },
      "choice": {
        "button": "F",
        "selected_option": "OptionA"
      }
    },
    {
      "question": 26,
      "target": "Battery life (hours)",
      "target_value": 7.5,
      "options": [
        "Laptop weight (kg)",
        "Screen size (inches)"
      ],
      "optionA": {
        "trial_id": "2",
        "task_id": "118",
        "values": "1.3, 14",
        "target_value": 7.5
      },
      "optionB": {
        "trial_id": "18",
        "task_id": "118",
        "values": "1.4, 15",
        "target_value": 6.8
      },
      "choice": {
        "button": "F",
        "selected_option": "OptionA"
      }
    },
    {
      "question": 27,
      "target": "Post reach (people)",
      "target_value": 4000,
      "options": [
        "Number of likes (count)",
        "Time posted (hours ago)"
      ],
      "optionA": {
        "trial_id": "15",
        "task_id": "93",
        "values": "800.0, 4",
        "target_value": 4000
      },
      "optionB": {
        "trial_id": "17",
        "task_id": "93",
        "values": "1200.0, 5",
        "target_value": 6000
      },
      "choice": {
        "button": "J",
        "selected_option": "OptionB"
      }
    },
    {
      "question": 28,
      "target": "Time to Destination (hours)",
      "target_value": 2,
      "options": [
        "Car Speed (mph)",
        "Fuel Efficiency (mpg)"
      ],
      "optionA": {
        "trial_id": "1",
        "task_id": "32",
        "values": "60.0, 30.0",
        "target_value": 2
      },
      "optionB": {
        "trial_id": "15",
        "task_id": "32",
        "values": "85.0, 18.0",
        "target_value": 1
      },
      "choice": {
        "button": "F",
        "selected_option": "OptionA"
      }
    },
    {
      "question": 29,
      "target": "Heating cost (per month)",
      "target_value": 350,
      "options": [
        "House size (sqm)",
        "Number of windows"
      ],
      "optionA": {
        "trial_id": "2",
        "task_id": "151",
        "values": "120.0, 5.0",
        "target_value": 350
      },
      "optionB": {
        "trial_id": "13",
        "task_id": "151",
        "values": "100.0, 8.0",
        "target_value": 260
      },
      "choice": {
        "button": "J",
        "selected_option": "OptionB"
      }
    },
    {
      "question": "attention_check_29",
      "choice": "J",
      "passed": true,
      "timestamp": 1756154639274
    },
    {
      "question": 30,
      "target": "Exam Score",
      "target_value": 80,
      "options": [
        "Student Study Time",
        "Student Sleep Hours"
      ],
      "optionA": {
        "trial_id": "1",
        "task_id": "38",
        "values": "5.0, 7",
        "target_value": 80
      },
      "optionB": {
        "trial_id": "20",
        "task_id": "38",
        "values": "13.0, 1",
        "target_value": 120
      },
      "choice": {
        "button": "F",
        "selected_option": "OptionA"
      }
    },
    {
      "question": 31,
      "target": "Comfort level",
      "target_value": 8,
      "options": [
        "Room size",
        "Room furniture"
      ],
      "optionA": {
        "trial_id": "20",
        "task_id": "60",
        "values": "17.0, 3.0",
        "target_value": 8
      },
      "optionB": {
        "trial_id": "15",
        "task_id": "60",
        "values": "16.0, 2.0",
        "target_value": 8
      },
      "choice": {
        "button": "F",
        "selected_option": "OptionA"
      }
    },
    {
      "question": 32,
      "target": "Reliability",
      "target_value": 65,
      "options": [
        "Car age",
        "Maintenance cost"
      ],
      "optionA": {
        "trial_id": "15",
        "task_id": "83",
        "values": "7.0, 1100",
        "target_value": 65
      },
      "optionB": {
        "trial_id": "12",
        "task_id": "83",
        "values": "5.0, 1000",
        "target_value": 80
      },
      "choice": {
        "button": "J",
        "selected_option": "OptionB"
      }
    },
    {
      "question": 33,
      "target": "Flower Size",
      "target_value": 4,
      "options": [
        "Plant Height",
        "Number of Leaves"
      ],
      "optionA": {
        "trial_id": "10",
        "task_id": "80",
        "values": "29.0, 13",
        "target_value": 4
      },
      "optionB": {
        "trial_id": "18",
        "task_id": "80",
        "values": "30.0, 12",
        "target_value": 4
      },
      "choice": {
        "button": "J",
        "selected_option": "OptionB"
      }
    },
    {
      "question": 34,
      "target": "Enjoyment Score",
      "target_value": 4.1,
      "options": [
        "Book Thickness",
        "Number of Reviews"
      ],
      "optionA": {
        "trial_id": "10",
        "task_id": "27",
        "values": "500.0, 80.0",
        "target_value": 4.1
      },
      "optionB": {
        "trial_id": "13",
        "task_id": "27",
        "values": "550.0, 70.0",
        "target_value": 4
      },
      "choice": {
        "button": "F",
        "selected_option": "OptionA"
      }
    },
    {
      "question": 35,
      "target": "Shadow coverage",
      "target_value": 65,
      "options": [
        "Tree height",
        "Tree thickness"
      ],
      "optionA": {
        "trial_id": "10",
        "task_id": "58",
        "values": "7.0, 4.0",
        "target_value": 65
      },
      "optionB": {
        "trial_id": "20",
        "task_id": "58",
        "values": "8.0, 5.0",
        "target_value": 70
      },
      "choice": {
        "button": "J",
        "selected_option": "OptionB"
      }
    },
    {
      "question": 36,
      "target": "Customer Satisfaction",
      "target_value": 4,
      "options": [
        "Restaurant Wait Time (in mins)",
        "Restaurant Rating (1-5)"
      ],
      "optionA": {
        "trial_id": "6",
        "task_id": "174",
        "values": "30.0, 1",
        "target_value": 4
      },
      "optionB": {
        "trial_id": "2",
        "task_id": "174",
        "values": "20.0, 3",
        "target_value": 6
      },
      "choice": {
        "button": "J",
        "selected_option": "OptionB"
      }
    },
    {
      "question": 37,
      "target": "Fuel Efficiency (km/l)",
      "target_value": 11,
      "options": [
        "Car Engine Size (liters)",
        "Weight (kg)"
      ],
      "optionA": {
        "trial_id": "9",
        "task_id": "103",
        "values": "2.2, 1350.0",
        "target_value": 11
      },
      "optionB": {
        "trial_id": "10",
        "task_id": "103",
        "values": "3.0, 1450.0",
        "target_value": 9
      },
      "choice": {
        "button": "F",
        "selected_option": "OptionA"
      }
    },
    {
      "question": 38,
      "target": "Flower production",
      "target_value": 12,
      "options": [
        "Plant height",
        "Plant width"
      ],
      "optionA": {
        "trial_id": "6",
        "task_id": "63",
        "values": "60.0, 8.0",
        "target_value": 12
      },
      "optionB": {
        "trial_id": "1",
        "task_id": "63",
        "values": "100.0, 5.0",
        "target_value": 20
      },
      "choice": {
        "button": "J",
        "selected_option": "OptionB"
      }
    },
    {
      "question": 39,
      "target": "Phone price ($)",
      "target_value": 570,
      "options": [
        "Phone battery capacity (mAh)",
        "Phone screen size (inches)"
      ],
      "optionA": {
        "trial_id": "20",
        "task_id": "154",
        "values": "5400.0, 5.8",
        "target_value": 570
      },
      "optionB": {
        "trial_id": "4",
        "task_id": "154",
        "values": "5200.0, 6.0",
        "target_value": 590
      },
      "choice": {
        "button": "J",
        "selected_option": "OptionB"
      }
    },
    {
      "question": "attention_check_39",
      "choice": "F",
      "passed": true,
      "timestamp": 1756154703699
    },
    {
      "question": 40,
      "target": "Speed",
      "target_value": 15,
      "options": [
        "Bike Weight",
        "Bike Tire Size"
      ],
      "optionA": {
        "trial_id": "1",
        "task_id": "172",
        "values": "10.0, 2",
        "target_value": 15
      },
      "optionB": {
        "trial_id": "14",
        "task_id": "172",
        "values": "22.0, 3",
        "target_value": 8
      },
      "choice": {
        "button": "F",
        "selected_option": "OptionA"
      }
    },
    {
      "question": 41,
      "target": "Fuel efficiency (km/l)",
      "target_value": 10,
      "options": [
        "Engine power (in horsepower)",
        "Weight (in kg)"
      ],
      "optionA": {
        "trial_id": "15",
        "task_id": "87",
        "values": "170.0, 1300",
        "target_value": 10
      },
      "optionB": {
        "trial_id": "12",
        "task_id": "87",
        "values": "170.0, 1300",
        "target_value": 10
      },
      "choice": {
        "button": "F",
        "selected_option": "OptionA"
      }
    },
    {
      "question": 42,
      "target": "Fuel efficiency (km/l)",
      "target_value": 15.5,
      "options": [
        "Car weight (kg)",
        "Engine size (cc)"
      ],
      "optionA": {
        "trial_id": "13",
        "task_id": "153",
        "values": "1150.0, 1650.0",
        "target_value": 15.5
      },
      "optionB": {
        "trial_id": "5",
        "task_id": "153",
        "values": "1100.0, 1700.0",
        "target_value": 16
      },
      "choice": {
        "button": "F",
        "selected_option": "OptionA"
      }
    },
    {
      "question": 43,
      "target": "Car speed (mph)",
      "target_value": 100,
      "options": [
        "Engine power (hp)",
        "Weight (kg)"
      ],
      "optionA": {
        "trial_id": "8",
        "task_id": "90",
        "values": "160.0, 1400",
        "target_value": 100
      },
      "optionB": {
        "trial_id": "19",
        "task_id": "90",
        "values": "280.0, 1500",
        "target_value": 130
      },
      "choice": {
        "button": "J",
        "selected_option": "OptionB"
      }
    },
    {
      "question": 44,
      "target": "Resale value (in $)",
      "target_value": 20000,
      "options": [
        "Age of car (years)",
        "Mileage (km)"
      ],
      "optionA": {
        "trial_id": "2",
        "task_id": "55",
        "values": "3.0, 30000",
        "target_value": 20000
      },
      "optionB": {
        "trial_id": "12",
        "task_id": "55",
        "values": "4.0, 40000",
        "target_value": 18000
      },
      "choice": {
        "button": "F",
        "selected_option": "OptionA"
      }
    },
    {
      "question": 45,
      "target": "Battery Life (hours)",
      "target_value": 20,
      "options": [
        "Phone RAM (GB)",
        "Screen Size (inches)"
      ],
      "optionA": {
        "trial_id": "3",
        "task_id": "104",
        "values": "6.0, 6.2",
        "target_value": 20
      },
      "optionB": {
        "trial_id": "11",
        "task_id": "104",
        "values": "2.0, 5.8",
        "target_value": 14
      },
      "choice": {
        "button": "F",
        "selected_option": "OptionA"
      }
    },
    {
      "question": 46,
      "target": "Physical Endurance",
      "target_value": 6,
      "options": [
        "Age",
        "Height"
      ],
      "optionA": {
        "trial_id": "3",
        "task_id": "135",
        "values": "40.0, 175.0",
        "target_value": 6
      },
      "optionB": {
        "trial_id": "15",
        "task_id": "123",
        "values": "45.0, 195.0",
        "target_value": 75
      },
      "choice": {
        "button": "F",
        "selected_option": "OptionA"
      }
    },
    {
      "question": 47,
      "target": "Retention Rate (%)",
      "target_value": 85,
      "options": [
        "Study Time (hours)",
        "Number of Distractions"
      ],
      "optionA": {
        "trial_id": "8",
        "task_id": "161",
        "values": "4.0, 1",
        "target_value": 85
      },
      "optionB": {
        "trial_id": "16",
        "task_id": "161",
        "values": "4.0, 2",
        "target_value": 83
      },
      "choice": {
        "button": "F",
        "selected_option": "OptionA"
      }
    },
    {
      "question": 48,
      "target": "Battery Life (hours)",
      "target_value": 10.5,
      "options": [
        "Phone Battery Capacity (mAh)",
        "Phone Weight (g)"
      ],
      "optionA": {
        "trial_id": "13",
        "task_id": "34",
        "values": "4500.0, 145.0",
        "target_value": 10.5
      },
      "optionB": {
        "trial_id": "15",
        "task_id": "34",
        "values": "5500.0, 135.0",
        "target_value": 12.5
      },
      "choice": {
        "button": "J",
        "selected_option": "OptionB"
      }
    },
    {
      "question": 49,
      "target": "Calories burned",
      "target_value": 240,
      "options": [
        "Exercise time (min)",
        "Heart rate (bpm)"
      ],
      "optionA": {
        "trial_id": "7",
        "task_id": "116",
        "values": "25.0, 110",
        "target_value": 240
      },
      "optionB": {
        "trial_id": "3",
        "task_id": "116",
        "values": "40.0, 95",
        "target_value": 300
      },
      "choice": {
        "button": "J",
        "selected_option": "OptionB"
      }
    },
    {
      "question": 50,
      "target": "Nutritional Value",
      "target_value": 85,
      "options": [
        "Weight",
        "Calories"
      ],
      "optionA": {
        "trial_id": "13",
        "task_id": "136",
        "values": "80.0, 90.0",
        "target_value": 85
      },
      "optionB": {
        "trial_id": "11",
        "task_id": "136",
        "values": "110.0, 130.0",
        "target_value": 65
      },
      "choice": {
        "button": "J",
        "selected_option": "OptionB"
      }
    }
  ]
}