{
  "prolific_id": "UNKNOWN",
  "condition_group": "ranking",
  "responses": [
    {
      "question": 1,
      "target": "Energy Boost (1-10)",
      "target_value": 2,
      "options": [
        "Number of Calories",
        "Sugar (g)"
      ],
      "optionA": {
        "trial_id": "11",
        "task_id": "111",
        "values": "200.0, 12",
        "target_value": 2
      },
      "optionB": {
        "trial_id": "9",
        "task_id": "111",
        "values": "180.0, 8",
        "target_value": 3
      },
      "choice": {
        "button": "F",
        "selected_option": "OptionA"
      }
    },
    {
      "question": 2,
      "target": "Travel Time (min)",
      "target_value": 18,
      "options": [
        "Distance (km)",
        "Speed (km/h)"
      ],
      "optionA": {
        "trial_id": "6",
        "task_id": "166",
        "values": "16.0, 55",
        "target_value": 18
      },
      "optionB": {
        "trial_id": "14",
        "task_id": "166",
        "values": "17.0, 60",
        "target_value": 14
      },
      "choice": {
        "button": "F",
        "selected_option": "OptionA"
      }
    },
    {
      "question": 3,
      "target": "Flower Size",
      "target_value": 5,
      "options": [
        "Plant Height",
        "Number of Leaves"
      ],
      "optionA": {
        "trial_id": "17",
        "task_id": "80",
        "values": "31.0, 10",
        "target_value": 5
      },
      "optionB": {
        "trial_id": "18",
        "task_id": "80",
        "values": "30.0, 12",
        "target_value": 4
      },
      "choice": {
        "button": "J",
        "selected_option": "OptionB"
      }
    },
    {
      "question": 4,
      "target": "App Performance (1-10)",
      "target_value": 7,
      "options": [
        "Phone RAM (GB)",
        "Phone Brand (1=Premium, 2=Budget)"
      ],
      "optionA": {
        "trial_id": "7",
        "task_id": "176",
        "values": "4.0, 1",
        "target_value": 7
      },
      "optionB": {
        "trial_id": "3",
        "task_id": "176",
        "values": "6.0, 1",
        "target_value": 8
      },
      "choice": {
        "button": "F",
        "selected_option": "OptionA"
      }
    },
    {
      "question": 5,
      "target": "Calories burned",
      "target_value": 350,
      "options": [
        "Exercise time (min)",
        "Heart rate (bpm)"
      ],
      "optionA": {
        "trial_id": "5",
        "task_id": "116",
        "values": "50.0, 100",
        "target_value": 350
      },
      "optionB": {
        "trial_id": "16",
        "task_id": "116",
        "values": "25.0, 115",
        "target_value": 280
      },
      "choice": {
        "button": "F",
        "selected_option": "OptionA"
      }
    },
    {
      "question": 6,
      "target": "Fuel Efficiency (km per liter)",
      "target_value": 9,
      "options": [
        "Car Engine Size (in liters)",
        "Car Weight (in kg)"
      ],
      "optionA": {
        "trial_id": "12",
        "task_id": "173",
        "values": "2.6, 1700",
        "target_value": 9
      },
      "optionB": {
        "trial_id": "19",
        "task_id": "173",
        "values": "2.3, 1400",
        "target_value": 11
      },
      "choice": {
        "button": "J",
        "selected_option": "OptionB"
      }
    },
    {
      "question": 7,
      "target": "BMI",
      "target_value": 30.1,
      "options": [
        "Height (inches)",
        "Weight (lbs)"
      ],
      "optionA": {
        "trial_id": "16",
        "task_id": "158",
        "values": "65.0, 165.0",
        "target_value": 30.1
      },
      "optionB": {
        "trial_id": "18",
        "task_id": "158",
        "values": "63.0, 145.0",
        "target_value": 28.9
      },
      "choice": {
        "button": "F",
        "selected_option": "OptionA"
      }
    },
    {
      "question": 8,
      "target": "Shade Area (sq ft)",
      "target_value": 220,
      "options": [
        "Tree Height (ft)",
        "Tree Diameter (in)"
      ],
      "optionA": {
        "trial_id": "17",
        "task_id": "33",
        "values": "75.0, 6.0",
        "target_value": 220
      },
      "optionB": {
        "trial_id": "18",
        "task_id": "33",
        "values": "65.0, 7.0",
        "target_value": 190
      },
      "choice": {
        "button": "J",
        "selected_option": "OptionB"
      }
    },
    {
      "question": 9,
      "target": "Enjoyment (1-10)",
      "target_value": 8,
      "options": [
        "Book Thickness (cm)",
        "Author Fame (1-10)"
      ],
      "optionA": {
        "trial_id": "10",
        "task_id": "1",
        "values": "5.0, 6",
        "target_value": 8
      },
      "optionB": {
        "trial_id": "20",
        "task_id": "1",
        "values": "6.0, 5",
        "target_value": 6
      },
      "choice": {
        "button": "F",
        "selected_option": "OptionA"
      }
    },
    {
      "question": "attention_check_9",
      "choice": "J",
      "passed": true,
      "timestamp": 1756154734344
    },
    {
      "question": 10,
      "target": "Student Exam Score",
      "target_value": 65,
      "options": [
        "Student Study Hours",
        "Student Distractions"
      ],
      "optionA": {
        "trial_id": "14",
        "task_id": "8",
        "values": "0.0, 8",
        "target_value": 65
      },
      "optionB": {
        "trial_id": "17",
        "task_id": "8",
        "values": "18.0, 1",
        "target_value": 93
      },
      "choice": {
        "button": "J",
        "selected_option": "OptionB"
      }
    },
    {
      "question": 11,
      "target": "Fuel efficiency (km/l)",
      "target_value": 7,
      "options": [
        "Engine power (in horsepower)",
        "Weight (in kg)"
      ],
      "optionA": {
        "trial_id": "14",
        "task_id": "87",
        "values": "220.0, 1500",
        "target_value": 7
      },
      "optionB": {
        "trial_id": "17",
        "task_id": "87",
        "values": "210.0, 1400",
        "target_value": 8
      },
      "choice": {
        "button": "F",
        "selected_option": "OptionA"
      }
    },
    {
      "question": 12,
      "target": "Exam Score",
      "target_value": 75,
      "options": [
        "Student Study Time",
        "Time Spent on Social Media"
      ],
      "optionA": {
        "trial_id": "14",
        "task_id": "79",
        "values": "3.0, 3",
        "target_value": 75
      },
      "optionB": {
        "trial_id": "1",
        "task_id": "79",
        "values": "5.0, 1",
        "target_value": 85
      },
      "choice": {
        "button": "J",
        "selected_option": "OptionB"
      }
    },
    {
      "question": 13,
      "target": "Battery Life (hours)",
      "target_value": 8,
      "options": [
        "Phone Battery (mAh)",
        "Screen Brightness (%)"
      ],
      "optionA": {
        "trial_id": "17",
        "task_id": "5",
        "values": "3000.0, 60",
        "target_value": 8
      },
      "optionB": {
        "trial_id": "3",
        "task_id": "5",
        "values": "4000.0, 60",
        "target_value": 10
      },
      "choice": {
        "button": "J",
        "selected_option": "OptionB"
      }
    },
    {
      "question": 14,
      "target": "Speed (km/h)",
      "target_value": 26,
      "options": [
        "Bicycle weight (kg)",
        "Wheel size (inches)"
      ],
      "optionA": {
        "trial_id": "12",
        "task_id": "119",
        "values": "10.0, 30",
        "target_value": 26
      },
      "optionB": {
        "trial_id": "10",
        "task_id": "119",
        "values": "15.0, 27",
        "target_value": 23
      },
      "choice": {
        "button": "F",
        "selected_option": "OptionA"
      }
    },
    {
      "question": 15,
      "target": "Exam Score",
      "target_value": 125,
      "options": [
        "Student Study Time",
        "Student Sleep Hours"
      ],
      "optionA": {
        "trial_id": "19",
        "task_id": "38",
        "values": "14.0, 2",
        "target_value": 125
      },
      "optionB": {
        "trial_id": "19",
        "task_id": "38",
        "values": "14.0, 2",
        "target_value": 125
      },
      "choice": {
        "button": "F",
        "selected_option": "OptionA"
      }
    },
    {
      "question": 16,
      "target": "Freshness",
      "target_value": 7,
      "options": [
        "Cooking Time",
        "Ingredients"
      ],
      "optionA": {
        "trial_id": "15",
        "task_id": "19",
        "values": "30.0, 6.0",
        "target_value": 7
      },
      "optionB": {
        "trial_id": "5",
        "task_id": "65",
        "values": "40.0, 4",
        "target_value": 6
      },
      "choice": {
        "button": "J",
        "selected_option": "OptionB"
      }
    },
    {
      "question": 17,
      "target": "Walking speed (km/h)",
      "target_value": 5.7,
      "options": [
        "Person height (cm)",
        "Age (years)"
      ],
      "optionA": {
        "trial_id": "19",
        "task_id": "163",
        "values": "178.0, 33.0",
        "target_value": 5.7
      },
      "optionB": {
        "trial_id": "2",
        "task_id": "163",
        "values": "170.0, 40.0",
        "target_value": 4.5
      },
      "choice": {
        "button": "F",
        "selected_option": "OptionA"
      }
    },
    {
      "question": 18,
      "target": "Exam Score",
      "target_value": 85,
      "options": [
        "Student Study Time",
        "Time Spent on Social Media"
      ],
      "optionA": {
        "trial_id": "11",
        "task_id": "79",
        "values": "5.0, 1",
        "target_value": 85
      },
      "optionB": {
        "trial_id": "19",
        "task_id": "79",
        "values": "5.0, 2",
        "target_value": 83
      },
      "choice": {
        "button": "F",
        "selected_option": "OptionA"
      }
    },
    {
      "question": 19,
      "target": "Retention Rate (%)",
      "target_value": 85,
      "options": [
        "Study Time (hours)",
        "Number of Distractions"
      ],
      "optionA": {
        "trial_id": "8",
        "task_id": "161",
        "values": "4.0, 1",
        "target_value": 85
      },
      "optionB": {
        "trial_id": "15",
        "task_id": "161",
        "values": "5.0, 1",
        "target_value": 88
      },
      "choice": {
        "button": "F",
        "selected_option": "OptionA"
      }
    },
    {
      "question": "attention_check_19",
      "choice": "F",
      "passed": true,
      "timestamp": 1756154861829
    },
    {
      "question": 20,
      "target": "Strength",
      "target_value": 7,
      "options": [
        "Tea leaves (g)",
        "Water temperature (°C)"
      ],
      "optionA": {
        "trial_id": "2",
        "task_id": "120",
        "values": "6.0, 95",
        "target_value": 7
      },
      "optionB": {
        "trial_id": "1",
        "task_id": "120",
        "values": "5.0, 90",
        "target_value": 8
      },
      "choice": {
        "button": "F",
        "selected_option": "OptionA"
      }
    },
    {
      "question": 21,
      "target": "Shade Area (sq ft)",
      "target_value": 160,
      "options": [
        "Tree Height (ft)",
        "Tree Diameter (in)"
      ],
      "optionA": {
        "trial_id": "13",
        "task_id": "33",
        "values": "55.0, 9.0",
        "target_value": 160
      },
      "optionB": {
        "trial_id": "20",
        "task_id": "33",
        "values": "75.0, 6.0",
        "target_value": 220
      },
      "choice": {
        "button": "F",
        "selected_option": "OptionA"
      }
    },
    {
      "question": 22,
      "target": "Battery life",
      "target_value": 12,
      "options": [
        "Battery capacity",
        "Weight"
      ],
      "optionA": {
        "trial_id": "1",
        "task_id": "75",
        "values": "5000.0, 200",
        "target_value": 12
      },
      "optionB": {
        "trial_id": "17",
        "task_id": "75",
        "values": "5000.0, 250",
        "target_value": 12
      },
      "choice": {
        "button": "F",
        "selected_option": "OptionA"
      }
    },
    {
      "question": 23,
      "target": "Comfort",
      "target_value": 7,
      "options": [
        "Age",
        "Size"
      ],
      "optionA": {
        "trial_id": "20",
        "task_id": "66",
        "values": "4.0, 30",
        "target_value": 7
      },
      "optionB": {
        "trial_id": "15",
        "task_id": "66",
        "values": "10.0, 15",
        "target_value": 6
      },
      "choice": {
        "button": "F",
        "selected_option": "OptionA"
      }
    },
    {
      "question": 24,
      "target": "Comfort",
      "target_value": 8,
      "options": [
        "Age",
        "Size"
      ],
      "optionA": {
        "trial_id": "8",
        "task_id": "66",
        "values": "4.0, 25",
        "target_value": 8
      },
      "optionB": {
        "trial_id": "15",
        "task_id": "66",
        "values": "10.0, 15",
        "target_value": 6
      },
      "choice": {
        "button": "F",
        "selected_option": "OptionA"
      }
    },
    {
      "question": 25,
      "target": "Daily travel cost ($)",
      "target_value": 48,
      "options": [
        "Distance to work (miles)",
        "Commute time (minutes)"
      ],
      "optionA": {
        "trial_id": "3",
        "task_id": "138",
        "values": "8.0, 12",
        "target_value": 48
      },
      "optionB": {
        "trial_id": "5",
        "task_id": "138",
        "values": "3.0, 10",
        "target_value": 15
      },
      "choice": {
        "button": "J",
        "selected_option": "OptionB"
      }
    },
    {
      "question": 26,
      "target": "Flower Size",
      "target_value": 4,
      "options": [
        "Plant Height",
        "Number of Leaves"
      ],
      "optionA": {
        "trial_id": "11",
        "task_id": "80",
        "values": "26.0, 16",
        "target_value": 4
      },
      "optionB": {
        "trial_id": "16",
        "task_id": "80",
        "values": "28.0, 14",
        "target_value": 4
      },
      "choice": {
        "button": "J",
        "selected_option": "OptionB"
      }
    },
    {
      "question": 27,
      "target": "Enjoyment (1-10)",
      "target_value": 7,
      "options": [
        "Book Thickness (cm)",
        "Author Fame (1-10)"
      ],
      "optionA": {
        "trial_id": "12",
        "task_id": "1",
        "values": "6.0, 3",
        "target_value": 7
      },
      "optionB": {
        "trial_id": "19",
        "task_id": "1",
        "values": "4.0, 3",
        "target_value": 5
      },
      "choice": {
        "button": "F",
        "selected_option": "OptionA"
      }
    },
    {
      "question": 28,
      "target": "Nutritional Value",
      "target_value": 50,
      "options": [
        "Weight",
        "Calories"
      ],
      "optionA": {
        "trial_id": "16",
        "task_id": "136",
        "values": "140.0, 150.0",
        "target_value": 50
      },
      "optionB": {
        "trial_id": "17",
        "task_id": "136",
        "values": "100.0, 110.0",
        "target_value": 70
      },
      "choice": {
        "button": "F",
        "selected_option": "OptionA"
      }
    },
    {
      "question": 29,
      "target": "Heart rate",
      "target_value": 58,
      "options": [
        "Age",
        "Exercise hours"
      ],
      "optionA": {
        "trial_id": "11",
        "task_id": "77",
        "values": "20.0, 7",
        "target_value": 58
      },
      "optionB": {
        "trial_id": "19",
        "task_id": "82",
        "values": "42.0, 3",
        "target_value": 88
      },
      "choice": {
        "button": "F",
        "selected_option": "OptionA"
      }
    },
    {
      "question": "attention_check_29",
      "choice": "J",
      "passed": true,
      "timestamp": 1756154967667
    },
    {
      "question": 30,
      "target": "Energy Boost (scale 1-10)",
      "target_value": 6,
      "options": [
        "Coffee Strength (scale 1-10)",
        "Caffeine Content (mg)"
      ],
      "optionA": {
        "trial_id": "9",
        "task_id": "24",
        "values": "9.0, 80",
        "target_value": 6
      },
      "optionB": {
        "trial_id": "2",
        "task_id": "24",
        "values": "6.0, 120",
        "target_value": 6
      },
      "choice": {
        "button": "F",
        "selected_option": "OptionA"
      }
    },
    {
      "question": 31,
      "target": "Bicycle Speed",
      "target_value": 24,
      "options": [
        "Bicycle Weight",
        "Bicycle Price"
      ],
      "optionA": {
        "trial_id": "3",
        "task_id": "39",
        "values": "12.0, 480",
        "target_value": 24
      },
      "optionB": {
        "trial_id": "2",
        "task_id": "39",
        "values": "12.0, 450",
        "target_value": 20
      },
      "choice": {
        "button": "J",
        "selected_option": "OptionB"
      }
    },
    {
      "question": 32,
      "target": "Reading Enjoyment",
      "target_value": 12,
      "options": [
        "Book Length",
        "Author Fame"
      ],
      "optionA": {
        "trial_id": "10",
        "task_id": "131",
        "values": "800.0, 3.0",
        "target_value": 12
      },
      "optionB": {
        "trial_id": "1",
        "task_id": "131",
        "values": "300.0, 8.0",
        "target_value": 7
      },
      "choice": {
        "button": "J",
        "selected_option": "OptionB"
      }
    },
    {
      "question": 33,
      "target": "Distance Traveled",
      "target_value": 725,
      "options": [
        "Speed",
        "Comfort"
      ],
      "optionA": {
        "trial_id": "20",
        "task_id": "129",
        "values": "145.0, 0.2",
        "target_value": 725
      },
      "optionB": {
        "trial_id": "6",
        "task_id": "129",
        "values": "75.0, 6.0",
        "target_value": 375
      },
      "choice": {
        "button": "J",
        "selected_option": "OptionB"
      }
    },
    {
      "question": 34,
      "target": "Student Exam Score",
      "target_value": 93,
      "options": [
        "Student Study Hours",
        "Student Distractions"
      ],
      "optionA": {
        "trial_id": "20",
        "task_id": "8",
        "values": "18.0, 1",
        "target_value": 93
      },
      "optionB": {
        "trial_id": "6",
        "task_id": "8",
        "values": "12.0, 1",
        "target_value": 88
      },
      "choice": {
        "button": "F",
        "selected_option": "OptionA"
      }
    },
    {
      "question": 35,
      "target": "Heart Health",
      "target_value": 80,
      "options": [
        "Age",
        "Exercise Hours"
      ],
      "optionA": {
        "trial_id": "7",
        "task_id": "16",
        "values": "45.0, 2",
        "target_value": 80
      },
      "optionB": {
        "trial_id": "10",
        "task_id": "16",
        "values": "70.0, 0",
        "target_value": 63
      },
      "choice": {
        "button": "F",
        "selected_option": "OptionA"
      }
    },
    {
      "question": 36,
      "target": "Mood Score (1-10)",
      "target_value": 7,
      "options": [
        "Hours of Sleep",
        "Screen Time (hours)"
      ],
      "optionA": {
        "trial_id": "5",
        "task_id": "109",
        "values": "6.0, 3",
        "target_value": 7
      },
      "optionB": {
        "trial_id": "4",
        "task_id": "109",
        "values": "6.0, 2",
        "target_value": 7
      },
      "choice": {
        "button": "J",
        "selected_option": "OptionB"
      }
    },
    {
      "question": 37,
      "target": "Exam Score",
      "target_value": 92,
      "options": [
        "Study Time",
        "Coffee Consumption"
      ],
      "optionA": {
        "trial_id": "12",
        "task_id": "14",
        "values": "7.0, 4",
        "target_value": 92
      },
      "optionB": {
        "trial_id": "2",
        "task_id": "14",
        "values": "4.0, 5",
        "target_value": 75
      },
      "choice": {
        "button": "F",
        "selected_option": "OptionA"
      }
    },
    {
      "question": 38,
      "target": "Energy Boost (scale 1-10)",
      "target_value": 6,
      "options": [
        "Coffee Strength (scale 1-10)",
        "Caffeine Content (mg)"
      ],
      "optionA": {
        "trial_id": "12",
        "task_id": "24",
        "values": "9.0, 80",
        "target_value": 6
      },
      "optionB": {
        "trial_id": "18",
        "task_id": "24",
        "values": "9.0, 80",
        "target_value": 6
      },
      "choice": {
        "button": "F",
        "selected_option": "OptionA"
      }
    },
    {
      "question": 39,
      "target": "Bicycle Speed",
      "target_value": 18,
      "options": [
        "Bicycle Weight",
        "Bicycle Price"
      ],
      "optionA": {
        "trial_id": "6",
        "task_id": "39",
        "values": "16.0, 430",
        "target_value": 18
      },
      "optionB": {
        "trial_id": "14",
        "task_id": "39",
        "values": "24.0, 390",
        "target_value": 14
      },
      "choice": {
        "button": "F",
        "selected_option": "OptionA"
      }
    },
    {
      "question": "attention_check_39",
      "choice": "F",
      "passed": true,
      "timestamp": 1756155083708
    },
    {
      "question": 40,
      "target": "Reaction Time (ms)",
      "target_value": 300,
      "options": [
        "Age (years)",
        "Driving Experience (years)"
      ],
      "optionA": {
        "trial_id": "1",
        "task_id": "25",
        "values": "20.0, 2.0",
        "target_value": 300
      },
      "optionB": {
        "trial_id": "7",
        "task_id": "25",
        "values": "35.0, 15.0",
        "target_value": 240
      },
      "choice": {
        "button": "J",
        "selected_option": "OptionB"
      }
    },
    {
      "question": 41,
      "target": "Car Fuel Efficiency",
      "target_value": 15,
      "options": [
        "Car Engine Size",
        "Car Weight"
      ],
      "optionA": {
        "trial_id": "2",
        "task_id": "105",
        "values": "3.0, 1600",
        "target_value": 15
      },
      "optionB": {
        "trial_id": "16",
        "task_id": "168",
        "values": "1.5, 3800",
        "target_value": 31
      },
      "choice": {
        "button": "F",
        "selected_option": "OptionA"
      }
    },
    {
      "question": 42,
      "target": "Exercise Burned Calories",
      "target_value": 250,
      "options": [
        "Exercise Intensity",
        "Exercise Duration"
      ],
      "optionA": {
        "trial_id": "9",
        "task_id": "13",
        "values": "5.0, 60",
        "target_value": 250
      },
      "optionB": {
        "trial_id": "6",
        "task_id": "13",
        "values": "8.0, 25",
        "target_value": 320
      },
      "choice": {
        "button": "J",
        "selected_option": "OptionB"
      }
    },
    {
      "question": 43,
      "target": "Customer Satisfaction",
      "target_value": 4,
      "options": [
        "Restaurant Wait Time (in mins)",
        "Restaurant Rating (1-5)"
      ],
      "optionA": {
        "trial_id": "6",
        "task_id": "174",
        "values": "30.0, 1",
        "target_value": 4
      },
      "optionB": {
        "trial_id": "6",
        "task_id": "174",
        "values": "30.0, 1",
        "target_value": 4
      },
      "choice": {
        "button": "J",
        "selected_option": "OptionB"
      }
    },
    {
      "question": 44,
      "target": "Speed (km/h)",
      "target_value": 20,
      "options": [
        "Bike wheel size (inches)",
        "Frame weight (kg)"
      ],
      "optionA": {
        "trial_id": "1",
        "task_id": "164",
        "values": "29.0, 2.5",
        "target_value": 20
      },
      "optionB": {
        "trial_id": "15",
        "task_id": "164",
        "values": "28.0, 2.6",
        "target_value": 21
      },
      "choice": {
        "button": "F",
        "selected_option": "OptionA"
      }
    },
    {
      "question": 45,
      "target": "Heating cost (per month)",
      "target_value": 340,
      "options": [
        "House size (sqm)",
        "Number of windows"
      ],
      "optionA": {
        "trial_id": "15",
        "task_id": "151",
        "values": "120.0, 4.0",
        "target_value": 340
      },
      "optionB": {
        "trial_id": "10",
        "task_id": "151",
        "values": "100.0, 6.0",
        "target_value": 300
      },
      "choice": {
        "button": "J",
        "selected_option": "OptionB"
      }
    },
    {
      "question": 46,
      "target": "Skill Level",
      "target_value": 9,
      "options": [
        "Experience",
        "Years of Education"
      ],
      "optionA": {
        "trial_id": "19",
        "task_id": "137",
        "values": "11.0, 8.0",
        "target_value": 9
      },
      "optionB": {
        "trial_id": "20",
        "task_id": "137",
        "values": "9.0, 10.0",
        "target_value": 10
      },
      "choice": {
        "button": "F",
        "selected_option": "OptionA"
      }
    },
    {
      "question": 47,
      "target": "Fuel Consumption (mpg)",
      "target_value": 38,
      "options": [
        "Speed (mph)",
        "Engine Size (L)"
      ],
      "optionA": {
        "trial_id": "12",
        "task_id": "156",
        "values": "55.0, 2.0",
        "target_value": 38
      },
      "optionB": {
        "trial_id": "15",
        "task_id": "156",
        "values": "60.0, 2.2",
        "target_value": 32
      },
      "choice": {
        "button": "J",
        "selected_option": "OptionB"
      }
    },
    {
      "question": 48,
      "target": "Wait Time (minutes)",
      "target_value": 31,
      "options": [
        "Restaurant Size",
        "Restaurant Reviews"
      ],
      "optionA": {
        "trial_id": "10",
        "task_id": "74",
        "values": "140.0, 4.4",
        "target_value": 31
      },
      "optionB": {
        "trial_id": "10",
        "task_id": "74",
        "values": "140.0, 4.4",
        "target_value": 31
      },
      "choice": {
        "button": "F",
        "selected_option": "OptionA"
      }
    },
    {
      "question": 49,
      "target": "Engagement rate (%)",
      "target_value": 6,
      "options": [
        "Number of followers (count)",
        "Time posted (hours ago)"
      ],
      "optionA": {
        "trial_id": "11",
        "task_id": "98",
        "values": "1300.0, 2",
        "target_value": 6
      },
      "optionB": {
        "trial_id": "6",
        "task_id": "98",
        "values": "1100.0, 2",
        "target_value": 5
      },
      "choice": {
        "button": "F",
        "selected_option": "OptionA"
      }
    },
    {
      "question": 50,
      "target": "Fuel consumption (liters per 100km)",
      "target_value": 7.8,
      "options": [
        "Car engine size (liters)",
        "Car weight (kg)"
      ],
      "optionA": {
        "trial_id": "7",
        "task_id": "113",
        "values": "2.2, 1600",
        "target_value": 7.8
      },
      "optionB": {
        "trial_id": "3",
        "task_id": "113",
        "values": "2.4, 1300",
        "target_value": 8.2
      },
      "choice": {
        "button": "F",
        "selected_option": "OptionA"
      }
    }
  ]
}