{
  "prolific_id": "UNKNOWN",
  "condition_group": "direction",
  "responses": [
    {
      "question": 1,
      "target": "Quality",
      "target_value": 70,
      "options": [
        "Price",
        "Size"
      ],
      "optionA": {
        "trial_id": "6",
        "task_id": "110",
        "values": "100.0, 10.0",
        "target_value": 70
      },
      "optionB": {
        "trial_id": "8",
        "task_id": "110",
        "values": "160.0, 15.0",
        "target_value": 88
      },
      "choice": {
        "button": "J",
        "selected_option": "OptionB"
      }
    },
    {
      "question": 2,
      "target": "Fuel Consumption (L)",
      "target_value": 875,
      "options": [
        "Flight Duration (hours)",
        "Distance (km)"
      ],
      "optionA": {
        "trial_id": "9",
        "task_id": "33",
        "values": "3.5, 875.0",
        "target_value": 875
      },
      "optionB": {
        "trial_id": "18",
        "task_id": "33",
        "values": "3.2, 800.0",
        "target_value": 800
      },
      "choice": {
        "button": "F",
        "selected_option": "OptionA"
      }
    },
    {
      "question": 3,
      "target": "Job Success",
      "target_value": 92,
      "options": [
        "Age",
        "Experience"
      ],
      "optionA": {
        "trial_id": "17",
        "task_id": "117",
        "values": "45.0, 12.0",
        "target_value": 92
      },
      "optionB": {
        "trial_id": "14",
        "task_id": "117",
        "values": "40.0, 9.0",
        "target_value": 85
      },
      "choice": {
        "button": "F",
        "selected_option": "OptionA"
      }
    },
    {
      "question": 4,
      "target": "Social Engagement (on scale 1-10)",
      "target_value": 7,
      "options": [
        "Number of Friends",
        "Average Message Frequency"
      ],
      "optionA": {
        "trial_id": "12",
        "task_id": "21",
        "values": "120.0, 3.0",
        "target_value": 7
      },
      "optionB": {
        "trial_id": "2",
        "task_id": "21",
        "values": "150.0, 2.0",
        "target_value": 6
      },
      "choice": {
        "button": "F",
        "selected_option": "OptionA"
      }
    },
    {
      "question": 5,
      "target": "Strength",
      "target_value": 17,
      "options": [
        "Coffee Beans",
        "Water"
      ],
      "optionA": {
        "trial_id": "13",
        "task_id": "112",
        "values": "12.0, 260.0",
        "target_value": 17
      },
      "optionB": {
        "trial_id": "6",
        "task_id": "112",
        "values": "14.0, 260.0",
        "target_value": 18
      },
      "choice": {
        "button": "J",
        "selected_option": "OptionB"
      }
    },
    {
      "question": 6,
      "target": "User Satisfaction",
      "target_value": 6,
      "options": [
        "Screen Size",
        "Battery Life"
      ],
      "optionA": {
        "trial_id": "2",
        "task_id": "52",
        "values": "7.0, 25.0",
        "target_value": 6
      },
      "optionB": {
        "trial_id": "16",
        "task_id": "52",
        "values": "9.0, 20.0",
        "target_value": 5
      },
      "choice": {
        "button": "J",
        "selected_option": "OptionB"
      }
    },
    {
      "question": 7,
      "target": "Durability Perception (1-10)",
      "target_value": 6,
      "options": [
        "Price ($)",
        "Warranty (years)"
      ],
      "optionA": {
        "trial_id": "2",
        "task_id": "8",
        "values": "250.0, 2.0",
        "target_value": 6
      },
      "optionB": {
        "trial_id": "8",
        "task_id": "8",
        "values": "240.0, 2.0",
        "target_value": 6
      },
      "choice": {
        "button": "F",
        "selected_option": "OptionA"
      }
    },
    {
      "question": 8,
      "target": "Market value ($)",
      "target_value": 260000,
      "options": [
        "Number of bedrooms",
        "House size (sq ft)"
      ],
      "optionA": {
        "trial_id": "11",
        "task_id": "90",
        "values": "4.0, 1200.0",
        "target_value": 260000
      },
      "optionB": {
        "trial_id": "5",
        "task_id": "90",
        "values": "2.0, 1000.0",
        "target_value": 200000
      },
      "choice": {
        "button": "F",
        "selected_option": "OptionA"
      }
    },
    {
      "question": 9,
      "target": "Exam score",
      "target_value": 83,
      "options": [
        "Study time (hours)",
        "Class attendance (%)"
      ],
      "optionA": {
        "trial_id": "15",
        "task_id": "91",
        "values": "4.0, 90.0",
        "target_value": 83
      },
      "optionB": {
        "trial_id": "11",
        "task_id": "91",
        "values": "5.0, 80.0",
        "target_value": 78
      },
      "choice": {
        "button": "J",
        "selected_option": "OptionB"
      }
    },
    {
      "question": "attention_check_9",
      "choice": "J",
      "passed": true,
      "timestamp": 1756154511357
    },
    {
      "question": 10,
      "target": "Comfort",
      "target_value": 70,
      "options": [
        "Shoe Weight",
        "Brand Reputation"
      ],
      "optionA": {
        "trial_id": "11",
        "task_id": "62",
        "values": "190.0, 4.0",
        "target_value": 70
      },
      "optionB": {
        "trial_id": "11",
        "task_id": "62",
        "values": "190.0, 4.0",
        "target_value": 70
      },
      "choice": {
        "button": "J",
        "selected_option": "OptionB"
      }
    },
    {
      "question": 11,
      "target": "Fuel Consumption (L/100km)",
      "target_value": 8,
      "options": [
        "Engine Size (cc)",
        "Weight (kg)"
      ],
      "optionA": {
        "trial_id": "9",
        "task_id": "11",
        "values": "2000.0, 1300.0",
        "target_value": 8
      },
      "optionB": {
        "trial_id": "1",
        "task_id": "11",
        "values": "2000.0, 1200.0",
        "target_value": 8
      },
      "choice": {
        "button": "F",
        "selected_option": "OptionA"
      }
    },
    {
      "question": 12,
      "target": "Exam Score (out of 100)",
      "target_value": 70,
      "options": [
        "Study Time (hours)",
        "Previous GPA"
      ],
      "optionA": {
        "trial_id": "12",
        "task_id": "18",
        "values": "7.0, 3.0",
        "target_value": 70
      },
      "optionB": {
        "trial_id": "18",
        "task_id": "18",
        "values": "10.0, 3.5",
        "target_value": 80
      },
      "choice": {
        "button": "J",
        "selected_option": "OptionB"
      }
    },
    {
      "question": 13,
      "target": "Popularity Score",
      "target_value": 144,
      "options": [
        "Number of Likes",
        "Number of Comments"
      ],
      "optionA": {
        "trial_id": "2",
        "task_id": "50",
        "values": "120.0, 24.0",
        "target_value": 144
      },
      "optionB": {
        "trial_id": "3",
        "task_id": "50",
        "values": "150.0, 30.0",
        "target_value": 180
      },
      "choice": {
        "button": "J",
        "selected_option": "OptionB"
      }
    },
    {
      "question": 14,
      "target": "House Price",
      "target_value": 450,
      "options": [
        "House Size",
        "Neighborhood Rating"
      ],
      "optionA": {
        "trial_id": "7",
        "task_id": "38",
        "values": "2200.0, 9.0",
        "target_value": 450
      },
      "optionB": {
        "trial_id": "9",
        "task_id": "38",
        "values": "1600.0, 5.0",
        "target_value": 280
      },
      "choice": {
        "button": "F",
        "selected_option": "OptionA"
      }
    },
    {
      "question": 15,
      "target": "Growth Rate",
      "target_value": 6,
      "options": [
        "Plant Leaf Size",
        "Plant Height"
      ],
      "optionA": {
        "trial_id": "13",
        "task_id": "65",
        "values": "16.0, 80.0",
        "target_value": 6
      },
      "optionB": {
        "trial_id": "6",
        "task_id": "65",
        "values": "16.0, 80.0",
        "target_value": 6
      },
      "choice": {
        "button": "F",
        "selected_option": "OptionA"
      }
    },
    {
      "question": 16,
      "target": "Home Value (thousands)",
      "target_value": 350,
      "options": [
        "House Size (sqm)",
        "Neighborhood Safety (1-10)"
      ],
      "optionA": {
        "trial_id": "20",
        "task_id": "41",
        "values": "160.0, 9.0",
        "target_value": 350
      },
      "optionB": {
        "trial_id": "11",
        "task_id": "41",
        "values": "130.0, 8.0",
        "target_value": 310
      },
      "choice": {
        "button": "F",
        "selected_option": "OptionA"
      }
    },
    {
      "question": 17,
      "target": "House Price (thousands)",
      "target_value": 270,
      "options": [
        "House Size (m²)",
        "House Distance to City (km)"
      ],
      "optionA": {
        "trial_id": "7",
        "task_id": "79",
        "values": "90.0, 2.0",
        "target_value": 270
      },
      "optionB": {
        "trial_id": "2",
        "task_id": "79",
        "values": "150.0, 10.0",
        "target_value": 350
      },
      "choice": {
        "button": "J",
        "selected_option": "OptionB"
      }
    },
    {
      "question": 18,
      "target": "User satisfaction",
      "target_value": 16,
      "options": [
        "Screen size (inches)",
        "RAM (GB)"
      ],
      "optionA": {
        "trial_id": "20",
        "task_id": "119",
        "values": "30.0, 12.0",
        "target_value": 16
      },
      "optionB": {
        "trial_id": "19",
        "task_id": "119",
        "values": "28.0, 11.0",
        "target_value": 15
      },
      "choice": {
        "button": "F",
        "selected_option": "OptionA"
      }
    },
    {
      "question": 19,
      "target": "Deliciousness",
      "target_value": 70,
      "options": [
        "Cooking time",
        "Ingredients count"
      ],
      "optionA": {
        "trial_id": "19",
        "task_id": "27",
        "values": "20.0, 5.0",
        "target_value": 70
      },
      "optionB": {
        "trial_id": "4",
        "task_id": "27",
        "values": "15.0, 6.0",
        "target_value": 85
      },
      "choice": {
        "button": "J",
        "selected_option": "OptionB"
      }
    },
    {
      "question": "attention_check_19",
      "choice": "F",
      "passed": true,
      "timestamp": 1756154588284
    },
    {
      "question": 20,
      "target": "User Satisfaction",
      "target_value": 7,
      "options": [
        "Screen Size",
        "Battery Life"
      ],
      "optionA": {
        "trial_id": "18",
        "task_id": "52",
        "values": "7.0, 35.0",
        "target_value": 7
      },
      "optionB": {
        "trial_id": "18",
        "task_id": "52",
        "values": "7.0, 35.0",
        "target_value": 7
      },
      "choice": {
        "button": "J",
        "selected_option": "OptionB"
      }
    },
    {
      "question": 21,
      "target": "Age (years)",
      "target_value": 30,
      "options": [
        "Tree Height (m)",
        "Trunk Diameter (cm)"
      ],
      "optionA": {
        "trial_id": "10",
        "task_id": "32",
        "values": "7.0, 20.0",
        "target_value": 30
      },
      "optionB": {
        "trial_id": "18",
        "task_id": "32",
        "values": "8.0, 23.0",
        "target_value": 35
      },
      "choice": {
        "button": "J",
        "selected_option": "OptionB"
      }
    },
    {
      "question": 22,
      "target": "Restaurant Popularity (on scale 1-10)",
      "target_value": 7,
      "options": [
        "Number of Reviews",
        "Average Rating (out of 5)"
      ],
      "optionA": {
        "trial_id": "2",
        "task_id": "19",
        "values": "150.0, 4.0",
        "target_value": 7
      },
      "optionB": {
        "trial_id": "2",
        "task_id": "19",
        "values": "150.0, 4.0",
        "target_value": 7
      },
      "choice": {
        "button": "F",
        "selected_option": "OptionA"
      }
    },
    {
      "question": 23,
      "target": "Market value ($)",
      "target_value": 290000,
      "options": [
        "Number of bedrooms",
        "House size (sq ft)"
      ],
      "optionA": {
        "trial_id": "8",
        "task_id": "90",
        "values": "4.0, 1400.0",
        "target_value": 290000
      },
      "optionB": {
        "trial_id": "19",
        "task_id": "90",
        "values": "4.0, 1400.0",
        "target_value": 290000
      },
      "choice": {
        "button": "J",
        "selected_option": "OptionB"
      }
    },
    {
      "question": 24,
      "target": "Energy Boost",
      "target_value": 6,
      "options": [
        "Coffee Caffeine Content",
        "Coffee Richness"
      ],
      "optionA": {
        "trial_id": "9",
        "task_id": "4",
        "values": "110.0, 3.0",
        "target_value": 6
      },
      "optionB": {
        "trial_id": "6",
        "task_id": "4",
        "values": "110.0, 3.0",
        "target_value": 7
      },
      "choice": {
        "button": "F",
        "selected_option": "OptionA"
      }
    },
    {
      "question": 25,
      "target": "Bike Speed",
      "target_value": 24,
      "options": [
        "Bike Weight",
        "Bike Wheel Size"
      ],
      "optionA": {
        "trial_id": "4",
        "task_id": "107",
        "values": "14.0, 27.5",
        "target_value": 24
      },
      "optionB": {
        "trial_id": "3",
        "task_id": "107",
        "values": "12.0, 29.0",
        "target_value": 28
      },
      "choice": {
        "button": "J",
        "selected_option": "OptionB"
      }
    },
    {
      "question": 26,
      "target": "Tea Strength (1-10)",
      "target_value": 8,
      "options": [
        "Tea Leaf Quality (1-10)",
        "Tea Steeping Time (minutes)"
      ],
      "optionA": {
        "trial_id": "10",
        "task_id": "80",
        "values": "9.0, 5.0",
        "target_value": 8
      },
      "optionB": {
        "trial_id": "3",
        "task_id": "80",
        "values": "6.0, 2.0",
        "target_value": 5
      },
      "choice": {
        "button": "F",
        "selected_option": "OptionA"
      }
    },
    {
      "question": 27,
      "target": "Age (years)",
      "target_value": 55,
      "options": [
        "Tree Height (m)",
        "Trunk Diameter (cm)"
      ],
      "optionA": {
        "trial_id": "16",
        "task_id": "32",
        "values": "11.0, 33.0",
        "target_value": 55
      },
      "optionB": {
        "trial_id": "5",
        "task_id": "32",
        "values": "8.0, 20.0",
        "target_value": 30
      },
      "choice": {
        "button": "F",
        "selected_option": "OptionA"
      }
    },
    {
      "question": 28,
      "target": "Reading time",
      "target_value": 7,
      "options": [
        "Book pages",
        "Book chapters"
      ],
      "optionA": {
        "trial_id": "15",
        "task_id": "72",
        "values": "320.0, 16.0",
        "target_value": 7
      },
      "optionB": {
        "trial_id": "13",
        "task_id": "72",
        "values": "280.0, 14.0",
        "target_value": 6
      },
      "choice": {
        "button": "F",
        "selected_option": "OptionA"
      }
    },
    {
      "question": 29,
      "target": "User Satisfaction",
      "target_value": 4,
      "options": [
        "[Screen Size",
        "Battery Life"
      ],
      "optionA": {
        "trial_id": "10",
        "task_id": "52",
        "values": "7.0, 15.0",
        "target_value": 4
      },
      "optionB": {
        "trial_id": "11",
        "task_id": "52",
        "values": "7.0, 30.0",
        "target_value": 7
      },
      "choice": {
        "button": "J",
        "selected_option": "OptionB"
      }
    },
    {
      "question": "attention_check_29",
      "choice": "J",
      "passed": true,
      "timestamp": 1756154657735
    },
    {
      "question": 30,
      "target": "Job Success",
      "target_value": 70,
      "options": [
        "Age",
        "Experience"
      ],
      "optionA": {
        "trial_id": "20",
        "task_id": "117",
        "values": "32.0, 5.0",
        "target_value": 70
      },
      "optionB": {
        "trial_id": "1",
        "task_id": "117",
        "values": "30.0, 5.0",
        "target_value": 70
      },
      "choice": {
        "button": "F",
        "selected_option": "OptionA"
      }
    },
    {
      "question": 31,
      "target": "Performance Score",
      "target_value": 88,
      "options": [
        "Phone RAM (GB)",
        "Battery Capacity (mAh)"
      ],
      "optionA": {
        "trial_id": "20",
        "task_id": "39",
        "values": "9.0, 4400.0",
        "target_value": 88
      },
      "optionB": {
        "trial_id": "13",
        "task_id": "39",
        "values": "3.0, 3000.0",
        "target_value": 65
      },
      "choice": {
        "button": "F",
        "selected_option": "OptionA"
      }
    },
    {
      "question": 32,
      "target": "Performance",
      "target_value": 8.2,
      "options": [
        "Skill Level",
        "Practice Time"
      ],
      "optionA": {
        "trial_id": "10",
        "task_id": "100",
        "values": "6.0, 16.0",
        "target_value": 8.2
      },
      "optionB": {
        "trial_id": "14",
        "task_id": "100",
        "values": "7.0, 12.0",
        "target_value": 8.3
      },
      "choice": {
        "button": "F",
        "selected_option": "OptionA"
      }
    },
    {
      "question": 33,
      "target": "Enjoyment Rating (1-10)",
      "target_value": 6,
      "options": [
        "Number of Pages",
        "Reading Time (minutes)"
      ],
      "optionA": {
        "trial_id": "20",
        "task_id": "10",
        "values": "410.0, 155.0",
        "target_value": 6
      },
      "optionB": {
        "trial_id": "16",
        "task_id": "10",
        "values": "370.0, 135.0",
        "target_value": 6
      },
      "choice": {
        "button": "J",
        "selected_option": "OptionB"
      }
    },
    {
      "question": 34,
      "target": "Recipe difficulty",
      "target_value": 5,
      "options": [
        "Number of ingredients",
        "Prep time (minutes)"
      ],
      "optionA": {
        "trial_id": "15",
        "task_id": "60",
        "values": "4.0, 12.0",
        "target_value": 5
      },
      "optionB": {
        "trial_id": "13",
        "task_id": "60",
        "values": "6.0, 18.0",
        "target_value": 6.5
      },
      "choice": {
        "button": "J",
        "selected_option": "OptionB"
      }
    },
    {
      "question": 35,
      "target": "Battery life hours",
      "target_value": 10,
      "options": [
        "Phone battery capacity",
        "Phone weight"
      ],
      "optionA": {
        "trial_id": "19",
        "task_id": "73",
        "values": "2600.0, 170.0",
        "target_value": 10
      },
      "optionB": {
        "trial_id": "6",
        "task_id": "73",
        "values": "3000.0, 180.0",
        "target_value": 12
      },
      "choice": {
        "button": "J",
        "selected_option": "OptionB"
      }
    },
    {
      "question": 36,
      "target": "Dog Energy Level",
      "target_value": 8,
      "options": [
        "Dog Weight",
        "Dog Activity Level"
      ],
      "optionA": {
        "trial_id": "9",
        "task_id": "105",
        "values": "28.0, 5.0",
        "target_value": 8
      },
      "optionB": {
        "trial_id": "7",
        "task_id": "105",
        "values": "20.0, 4.0",
        "target_value": 7
      },
      "choice": {
        "button": "F",
        "selected_option": "OptionA"
      }
    },
    {
      "question": 37,
      "target": "Customer Satisfaction",
      "target_value": 9.2,
      "options": [
        "Price ($)",
        "Quality Rating (1-10)"
      ],
      "optionA": {
        "trial_id": "7",
        "task_id": "49",
        "values": "200.0, 9.0",
        "target_value": 9.2
      },
      "optionB": {
        "trial_id": "20",
        "task_id": "49",
        "values": "130.0, 9.0",
        "target_value": 8.5
      },
      "choice": {
        "button": "F",
        "selected_option": "OptionA"
      }
    },
    {
      "question": 38,
      "target": "Battery life hours",
      "target_value": 13,
      "options": [
        "Phone battery capacity",
        "Phone weight"
      ],
      "optionA": {
        "trial_id": "4",
        "task_id": "73",
        "values": "3500.0, 190.0",
        "target_value": 13
      },
      "optionB": {
        "trial_id": "10",
        "task_id": "73",
        "values": "2800.0, 170.0",
        "target_value": 10
      },
      "choice": {
        "button": "F",
        "selected_option": "OptionA"
      }
    },
    {
      "question": 39,
      "target": "Book Reading Time",
      "target_value": 170,
      "options": [
        "Book Thickness",
        "Book Length"
      ],
      "optionA": {
        "trial_id": "3",
        "task_id": "102",
        "values": "600.0, 220.0",
        "target_value": 170
      },
      "optionB": {
        "trial_id": "14",
        "task_id": "102",
        "values": "350.0, 170.0",
        "target_value": 110
      },
      "choice": {
        "button": "F",
        "selected_option": "OptionA"
      }
    },
    {
      "question": "attention_check_39",
      "choice": "F",
      "passed": true,
      "timestamp": 1756154736259
    },
    {
      "question": 40,
      "target": "Battery life hours",
      "target_value": 15,
      "options": [
        "Phone battery capacity",
        "Phone weight"
      ],
      "optionA": {
        "trial_id": "2",
        "task_id": "73",
        "values": "4000.0, 200.0",
        "target_value": 15
      },
      "optionB": {
        "trial_id": "11",
        "task_id": "73",
        "values": "4000.0, 210.0",
        "target_value": 15
      },
      "choice": {
        "button": "F",
        "selected_option": "OptionA"
      }
    },
    {
      "question": 41,
      "target": "Light amount",
      "target_value": 9,
      "options": [
        "Room size (m2)",
        "Number of windows"
      ],
      "optionA": {
        "trial_id": "14",
        "task_id": "85",
        "values": "30.0, 4.0",
        "target_value": 9
      },
      "optionB": {
        "trial_id": "14",
        "task_id": "85",
        "values": "30.0, 4.0",
        "target_value": 9
      },
      "choice": {
        "button": "F",
        "selected_option": "OptionA"
      }
    },
    {
      "question": 42,
      "target": "Phone Performance",
      "target_value": 70,
      "options": [
        "Phone RAM",
        "Phone Screen Size"
      ],
      "optionA": {
        "trial_id": "2",
        "task_id": "103",
        "values": "4.0, 5.8",
        "target_value": 70
      },
      "optionB": {
        "trial_id": "20",
        "task_id": "103",
        "values": "10.0, 6.7",
        "target_value": 93
      },
      "choice": {
        "button": "J",
        "selected_option": "OptionB"
      }
    },
    {
      "question": 43,
      "target": "Engagement rate (%)",
      "target_value": 6,
      "options": [
        "Number of followers",
        "Post quality score"
      ],
      "optionA": {
        "trial_id": "6",
        "task_id": "71",
        "values": "10000.0, 6.0",
        "target_value": 6
      },
      "optionB": {
        "trial_id": "18",
        "task_id": "71",
        "values": "11000.0, 4.0",
        "target_value": 5.5
      },
      "choice": {
        "button": "F",
        "selected_option": "OptionA"
      }
    },
    {
      "question": 44,
      "target": "Enjoyment Rating (1-10)",
      "target_value": 6,
      "options": [
        "Number of Pages",
        "Reading Time (minutes)"
      ],
      "optionA": {
        "trial_id": "9",
        "task_id": "10",
        "values": "280.0, 110.0",
        "target_value": 6
      },
      "optionB": {
        "trial_id": "20",
        "task_id": "10",
        "values": "410.0, 155.0",
        "target_value": 6
      },
      "choice": {
        "button": "F",
        "selected_option": "OptionA"
      }
    },
    {
      "question": 45,
      "target": "Home Comfort (1-10)",
      "target_value": 7,
      "options": [
        "Number of Bedrooms",
        "Square Feet"
      ],
      "optionA": {
        "trial_id": "1",
        "task_id": "9",
        "values": "3.0, 1500.0",
        "target_value": 7
      },
      "optionB": {
        "trial_id": "10",
        "task_id": "9",
        "values": "3.0, 1600.0",
        "target_value": 6
      },
      "choice": {
        "button": "J",
        "selected_option": "OptionB"
      }
    },
    {
      "question": 46,
      "target": "Natural light",
      "target_value": 6,
      "options": [
        "Room size",
        "Window count"
      ],
      "optionA": {
        "trial_id": "10",
        "task_id": "66",
        "values": "140.0, 2.0",
        "target_value": 6
      },
      "optionB": {
        "trial_id": "10",
        "task_id": "66",
        "values": "140.0, 2.0",
        "target_value": 6
      },
      "choice": {
        "button": "F",
        "selected_option": "OptionA"
      }
    },
    {
      "question": 47,
      "target": "House Price",
      "target_value": 470000,
      "options": [
        "House Size sqft",
        "House Location Rating"
      ],
      "optionA": {
        "trial_id": "18",
        "task_id": "23",
        "values": "2400.0, 9.0",
        "target_value": 470000
      },
      "optionB": {
        "trial_id": "13",
        "task_id": "23",
        "values": "2600.0, 7.0",
        "target_value": 430000
      },
      "choice": {
        "button": "F",
        "selected_option": "OptionA"
      }
    },
    {
      "question": 48,
      "target": "Home Comfort (1-10)",
      "target_value": 5,
      "options": [
        "Number of Bedrooms",
        "Square Feet"
      ],
      "optionA": {
        "trial_id": "12",
        "task_id": "9",
        "values": "3.0, 1100.0",
        "target_value": 5
      },
      "optionB": {
        "trial_id": "2",
        "task_id": "9",
        "values": "4.0, 1400.0",
        "target_value": 6
      },
      "choice": {
        "button": "J",
        "selected_option": "OptionB"
      }
    },
    {
      "question": 49,
      "target": "Growth Rate",
      "target_value": 2,
      "options": [
        "Plant Leaf Size",
        "Plant Height"
      ],
      "optionA": {
        "trial_id": "20",
        "task_id": "65",
        "values": "8.0, 40.0",
        "target_value": 2
      },
      "optionB": {
        "trial_id": "10",
        "task_id": "65",
        "values": "14.0, 70.0",
        "target_value": 5
      },
      "choice": {
        "button": "J",
        "selected_option": "OptionB"
      }
    },
    {
      "question": 50,
      "target": "Room Size",
      "target_value": 42,
      "options": [
        "Room Width",
        "Room Length"
      ],
      "optionA": {
        "trial_id": "6",
        "task_id": "109",
        "values": "6.0, 7.0",
        "target_value": 42
      },
      "optionB": {
        "trial_id": "3",
        "task_id": "109",
        "values": "6.0, 7.0",
        "target_value": 42
      },
      "choice": {
        "button": "J",
        "selected_option": "OptionB"
      }
    }
  ]
}