{
  "prolific_id": "UNKNOWN",
  "condition_group": "ranking",
  "responses": [
    {
      "question": 1,
      "target": "Energy Level",
      "target_value": 9,
      "options": [
        "Age of Dog (years)",
        "Size (lbs)"
      ],
      "optionA": {
        "trial_id": "11",
        "task_id": "159",
        "values": "1.0, 10.0",
        "target_value": 9
      },
      "optionB": {
        "trial_id": "12",
        "task_id": "159",
        "values": "2.0, 14.0",
        "target_value": 8
      },
      "choice": {
        "button": "J",
        "selected_option": "OptionB"
      }
    },
    {
      "question": 2,
      "target": "Salary",
      "target_value": 78000,
      "options": [
        "Experience",
        "Years since graduation"
      ],
      "optionA": {
        "trial_id": "19",
        "task_id": "76",
        "values": "10.0, 12",
        "target_value": 78000
      },
      "optionB": {
        "trial_id": "1",
        "task_id": "76",
        "values": "10.0, 5",
        "target_value": 80000
      },
      "choice": {
        "button": "F",
        "selected_option": "OptionA"
      }
    },
    {
      "question": 3,
      "target": "Deliciousness",
      "target_value": 2,
      "options": [
        "Cooking time",
        "Ingredients"
      ],
      "optionA": {
        "trial_id": "20",
        "task_id": "125",
        "values": "85.0, 0.0",
        "target_value": 2
      },
      "optionB": {
        "trial_id": "4",
        "task_id": "125",
        "values": "35.0, 5.0",
        "target_value": 7
      },
      "choice": {
        "button": "J",
        "selected_option": "OptionB"
      }
    },
    {
      "question": 4,
      "target": "Heating cost (per month)",
      "target_value": 400,
      "options": [
        "House size (sqm)",
        "Number of windows"
      ],
      "optionA": {
        "trial_id": "17",
        "task_id": "151",
        "values": "140.0, 2.0",
        "target_value": 400
      },
      "optionB": {
        "trial_id": "17",
        "task_id": "151",
        "values": "140.0, 2.0",
        "target_value": 400
      },
      "choice": {
        "button": "J",
        "selected_option": "OptionB"
      }
    },
    {
      "question": 5,
      "target": "Usage Time",
      "target_value": 13,
      "options": [
        "Battery Capacity",
        "Weight"
      ],
      "optionA": {
        "trial_id": "20",
        "task_id": "22",
        "values": "4600.0, 210.0",
        "target_value": 13
      },
      "optionB": {
        "trial_id": "7",
        "task_id": "22",
        "values": "4500.0, 190.0",
        "target_value": 13
      },
      "choice": {
        "button": "J",
        "selected_option": "OptionB"
      }
    },
    {
      "question": 6,
      "target": "Exam score (%)",
      "target_value": 75,
      "options": [
        "Time spent studying (hours)",
        "Number of breaks (times)"
      ],
      "optionA": {
        "trial_id": "19",
        "task_id": "139",
        "values": "6.0, 4",
        "target_value": 75
      },
      "optionB": {
        "trial_id": "4",
        "task_id": "89",
        "values": "1.0, 4",
        "target_value": 60
      },
      "choice": {
        "button": "F",
        "selected_option": "OptionA"
      }
    },
    {
      "question": 7,
      "target": "Restaurant Rating",
      "target_value": 3,
      "options": [
        "Restaurant Menu Variety",
        "Restaurant Wait Time"
      ],
      "optionA": {
        "trial_id": "14",
        "task_id": "11",
        "values": "0.0, 45",
        "target_value": 3
      },
      "optionB": {
        "trial_id": "7",
        "task_id": "11",
        "values": "40.0, 25",
        "target_value": 3.8
      },
      "choice": {
        "button": "J",
        "selected_option": "OptionB"
      }
    },
    {
      "question": 8,
      "target": "Project Success (%)",
      "target_value": 90,
      "options": [
        "Experience (years)",
        "Team Size"
      ],
      "optionA": {
        "trial_id": "5",
        "task_id": "110",
        "values": "7.0, 4",
        "target_value": 90
      },
      "optionB": {
        "trial_id": "12",
        "task_id": "110",
        "values": "11.0, 5",
        "target_value": 89
      },
      "choice": {
        "button": "J",
        "selected_option": "OptionB"
      }
    },
    {
      "question": 9,
      "target": "Fuel Consumption (mpg)",
      "target_value": 30,
      "options": [
        "Speed (mph)",
        "Engine Size (L)"
      ],
      "optionA": {
        "trial_id": "16",
        "task_id": "156",
        "values": "65.0, 2.5",
        "target_value": 30
      },
      "optionB": {
        "trial_id": "16",
        "task_id": "156",
        "values": "65.0, 2.5",
        "target_value": 30
      },
      "choice": {
        "button": "J",
        "selected_option": "OptionB"
      }
    },
    {
      "question": "attention_check_9",
      "choice": "J",
      "passed": true,
      "timestamp": 1756154779797
    },
    {
      "question": 10,
      "target": "Customer Satisfaction",
      "target_value": 6,
      "options": [
        "Restaurant Wait Time (in mins)",
        "Restaurant Rating (1-5)"
      ],
      "optionA": {
        "trial_id": "19",
        "task_id": "174",
        "values": "16.0, 5",
        "target_value": 6
      },
      "optionB": {
        "trial_id": "11",
        "task_id": "174",
        "values": "8.0, 5",
        "target_value": 9
      },
      "choice": {
        "button": "J",
        "selected_option": "OptionB"
      }
    },
    {
      "question": 11,
      "target": "Comfort level",
      "target_value": 10,
      "options": [
        "Room size",
        "Room furniture"
      ],
      "optionA": {
        "trial_id": "12",
        "task_id": "60",
        "values": "20.0, 2.0",
        "target_value": 10
      },
      "optionB": {
        "trial_id": "13",
        "task_id": "60",
        "values": "12.0, 4.0",
        "target_value": 5
      },
      "choice": {
        "button": "J",
        "selected_option": "OptionB"
      }
    },
    {
      "question": 12,
      "target": "Fuel Consumption (mpg)",
      "target_value": 40,
      "options": [
        "Speed (mph)",
        "Engine Size (L)"
      ],
      "optionA": {
        "trial_id": "11",
        "task_id": "156",
        "values": "50.0, 1.8",
        "target_value": 40
      },
      "optionB": {
        "trial_id": "14",
        "task_id": "156",
        "values": "75.0, 4.0",
        "target_value": 20
      },
      "choice": {
        "button": "J",
        "selected_option": "OptionB"
      }
    },
    {
      "question": 13,
      "target": "Mood Score (1-10)",
      "target_value": 6,
      "options": [
        "Hours of Sleep",
        "Screen Time (hours)"
      ],
      "optionA": {
        "trial_id": "18",
        "task_id": "109",
        "values": "5.0, 2",
        "target_value": 6
      },
      "optionB": {
        "trial_id": "2",
        "task_id": "109",
        "values": "7.0, 3",
        "target_value": 8
      },
      "choice": {
        "button": "J",
        "selected_option": "OptionB"
      }
    },
    {
      "question": 14,
      "target": "Speed",
      "target_value": 8,
      "options": [
        "Bike Weight",
        "Bike Tire Size"
      ],
      "optionA": {
        "trial_id": "14",
        "task_id": "172",
        "values": "22.0, 3",
        "target_value": 8
      },
      "optionB": {
        "trial_id": "7",
        "task_id": "172",
        "values": "16.0, 2",
        "target_value": 12
      },
      "choice": {
        "button": "F",
        "selected_option": "OptionA"
      }
    },
    {
      "question": 15,
      "target": "Reading Enjoyment",
      "target_value": 13,
      "options": [
        "Book Length",
        "Author Fame"
      ],
      "optionA": {
        "trial_id": "13",
        "task_id": "131",
        "values": "900.0, 2.0",
        "target_value": 13
      },
      "optionB": {
        "trial_id": "3",
        "task_id": "131",
        "values": "400.0, 7.0",
        "target_value": 8
      },
      "choice": {
        "button": "J",
        "selected_option": "OptionB"
      }
    },
    {
      "question": 16,
      "target": "Taste rating (1-10)",
      "target_value": 3,
      "options": [
        "Number of ingredients (count)",
        "Prep time (minutes)"
      ],
      "optionA": {
        "trial_id": "20",
        "task_id": "97",
        "values": "20.0, 10",
        "target_value": 3
      },
      "optionB": {
        "trial_id": "9",
        "task_id": "97",
        "values": "18.0, 15",
        "target_value": 5
      },
      "choice": {
        "button": "F",
        "selected_option": "OptionA"
      }
    },
    {
      "question": 17,
      "target": "Garden yield (lbs)",
      "target_value": 25,
      "options": [
        "Amount of rainfall (inches)",
        "Soil type (1=clay, 2=sandy)"
      ],
      "optionA": {
        "trial_id": "3",
        "task_id": "142",
        "values": "3.0, 2",
        "target_value": 25
      },
      "optionB": {
        "trial_id": "10",
        "task_id": "142",
        "values": "2.0, 2",
        "target_value": 20
      },
      "choice": {
        "button": "F",
        "selected_option": "OptionA"
      }
    },
    {
      "question": 18,
      "target": "Playfulness score (1-10)",
      "target_value": 6.5,
      "options": [
        "Dog weight (kg)",
        "Dog age (years)"
      ],
      "optionA": {
        "trial_id": "11",
        "task_id": "147",
        "values": "13.0, 4",
        "target_value": 6.5
      },
      "optionB": {
        "trial_id": "17",
        "task_id": "147",
        "values": "12.0, 4",
        "target_value": 6.8
      },
      "choice": {
        "button": "J",
        "selected_option": "OptionB"
      }
    },
    {
      "question": 19,
      "target": "Heart Health Score",
      "target_value": 84,
      "options": [
        "Age (years)",
        "Exercise Frequency"
      ],
      "optionA": {
        "trial_id": "10",
        "task_id": "149",
        "values": "38.0, 6.0",
        "target_value": 84
      },
      "optionB": {
        "trial_id": "9",
        "task_id": "149",
        "values": "28.0, 5.0",
        "target_value": 89
      },
      "choice": {
        "button": "F",
        "selected_option": "OptionA"
      }
    },
    {
      "question": "attention_check_19",
      "choice": "F",
      "passed": true,
      "timestamp": 1756154936609
    },
    {
      "question": 20,
      "target": "Value for Money",
      "target_value": 30,
      "options": [
        "Price",
        "Weight"
      ],
      "optionA": {
        "trial_id": "5",
        "task_id": "20",
        "values": "150.0, 1.0",
        "target_value": 30
      },
      "optionB": {
        "trial_id": "3",
        "task_id": "20",
        "values": "80.0, 3.0",
        "target_value": 45
      },
      "choice": {
        "button": "J",
        "selected_option": "OptionB"
      }
    },
    {
      "question": 21,
      "target": "Resale value (in $)",
      "target_value": 11000,
      "options": [
        "Age of car (years)",
        "Mileage (km)"
      ],
      "optionA": {
        "trial_id": "16",
        "task_id": "55",
        "values": "6.0, 60000",
        "target_value": 11000
      },
      "optionB": {
        "trial_id": "2",
        "task_id": "55",
        "values": "3.0, 30000",
        "target_value": 20000
      },
      "choice": {
        "button": "J",
        "selected_option": "OptionB"
      }
    },
    {
      "question": 22,
      "target": "Reaction Time (ms)",
      "target_value": 300,
      "options": [
        "Age (years)",
        "Driving Experience (years)"
      ],
      "optionA": {
        "trial_id": "1",
        "task_id": "25",
        "values": "20.0, 2.0",
        "target_value": 300
      },
      "optionB": {
        "trial_id": "12",
        "task_id": "25",
        "values": "40.0, 20.0",
        "target_value": 240
      },
      "choice": {
        "button": "J",
        "selected_option": "OptionB"
      }
    },
    {
      "question": 23,
      "target": "Customer Rating (1-10)",
      "target_value": 7,
      "options": [
        "Price ($)",
        "Weight (oz)"
      ],
      "optionA": {
        "trial_id": "7",
        "task_id": "108",
        "values": "12.0, 8",
        "target_value": 7
      },
      "optionB": {
        "trial_id": "6",
        "task_id": "108",
        "values": "18.0, 12",
        "target_value": 6
      },
      "choice": {
        "button": "F",
        "selected_option": "OptionA"
      }
    },
    {
      "question": 24,
      "target": "Car Fuel Efficiency",
      "target_value": 16,
      "options": [
        "Car Engine Size",
        "Car Weight"
      ],
      "optionA": {
        "trial_id": "15",
        "task_id": "105",
        "values": "2.4, 1650",
        "target_value": 16
      },
      "optionB": {
        "trial_id": "10",
        "task_id": "168",
        "values": "2.8, 3300",
        "target_value": 27
      },
      "choice": {
        "button": "J",
        "selected_option": "OptionB"
      }
    },
    {
      "question": 25,
      "target": "Taste Score",
      "target_value": 6,
      "options": [
        "Cooking Time",
        "Spice Level"
      ],
      "optionA": {
        "trial_id": "16",
        "task_id": "130",
        "values": "60.0, 11.0",
        "target_value": 6
      },
      "optionB": {
        "trial_id": "20",
        "task_id": "130",
        "values": "70.0, 13.0",
        "target_value": 5.6
      },
      "choice": {
        "button": "J",
        "selected_option": "OptionB"
      }
    },
    {
      "question": 26,
      "target": "Commute time (minutes)",
      "target_value": 32,
      "options": [
        "Distance to work (miles)",
        "Number of traffic lights"
      ],
      "optionA": {
        "trial_id": "15",
        "task_id": "95",
        "values": "6.0, 12",
        "target_value": 32
      },
      "optionB": {
        "trial_id": "4",
        "task_id": "95",
        "values": "7.0, 9",
        "target_value": 33
      },
      "choice": {
        "button": "J",
        "selected_option": "OptionB"
      }
    },
    {
      "question": 27,
      "target": "Battery Life",
      "target_value": 16,
      "options": [
        "Phone Battery Capacity",
        "Screen Size"
      ],
      "optionA": {
        "trial_id": "5",
        "task_id": "28",
        "values": "3500.0, 6.0",
        "target_value": 16
      },
      "optionB": {
        "trial_id": "17",
        "task_id": "28",
        "values": "4000.0, 6.3",
        "target_value": 18
      },
      "choice": {
        "button": "J",
        "selected_option": "OptionB"
      }
    },
    {
      "question": 28,
      "target": "Deliciousness",
      "target_value": 6,
      "options": [
        "Cooking Time",
        "Ingredients"
      ],
      "optionA": {
        "trial_id": "11",
        "task_id": "65",
        "values": "50.0, 3",
        "target_value": 6
      },
      "optionB": {
        "trial_id": "18",
        "task_id": "19",
        "values": "35.0, 5.0",
        "target_value": 7
      },
      "choice": {
        "button": "J",
        "selected_option": "OptionB"
      }
    },
    {
      "question": 29,
      "target": "Freshness",
      "target_value": 5,
      "options": [
        "Cooking Time",
        "Ingredients"
      ],
      "optionA": {
        "trial_id": "8",
        "task_id": "19",
        "values": "40.0, 3.0",
        "target_value": 5
      },
      "optionB": {
        "trial_id": "3",
        "task_id": "65",
        "values": "20.0, 6",
        "target_value": 8
      },
      "choice": {
        "button": "J",
        "selected_option": "OptionB"
      }
    },
    {
      "question": "attention_check_29",
      "choice": "F",
      "passed": false,
      "timestamp": 1756155082231
    },
    {
      "question": 30,
      "target": "Customer satisfaction (1-10)",
      "target_value": 6.5,
      "options": [
        "Number of reviews",
        "Price (in $)"
      ],
      "optionA": {
        "trial_id": "13",
        "task_id": "56",
        "values": "70.0, 60",
        "target_value": 6.5
      },
      "optionB": {
        "trial_id": "20",
        "task_id": "56",
        "values": "220.0, 45",
        "target_value": 9.5
      },
      "choice": {
        "button": "F",
        "selected_option": "OptionA"
      }
    },
    {
      "question": 31,
      "target": "Exam score (points)",
      "target_value": 72,
      "options": [
        "Time spent studying (hours)",
        "Number of breaks (times)"
      ],
      "optionA": {
        "trial_id": "16",
        "task_id": "89",
        "values": "3.0, 1",
        "target_value": 72
      },
      "optionB": {
        "trial_id": "15",
        "task_id": "89",
        "values": "1.0, 3",
        "target_value": 68
      },
      "choice": {
        "button": "F",
        "selected_option": "OptionA"
      }
    },
    {
      "question": 32,
      "target": "Mood Score (1-10)",
      "target_value": 9,
      "options": [
        "Hours of Sleep",
        "Screen Time (hours)"
      ],
      "optionA": {
        "trial_id": "8",
        "task_id": "109",
        "values": "8.0, 2",
        "target_value": 9
      },
      "optionB": {
        "trial_id": "9",
        "task_id": "109",
        "values": "5.0, 4",
        "target_value": 6
      },
      "choice": {
        "button": "F",
        "selected_option": "OptionA"
      }
    },
    {
      "question": 33,
      "target": "Value for Money",
      "target_value": 41,
      "options": [
        "Price",
        "Weight"
      ],
      "optionA": {
        "trial_id": "14",
        "task_id": "20",
        "values": "95.0, 2.4",
        "target_value": 41
      },
      "optionB": {
        "trial_id": "13",
        "task_id": "20",
        "values": "105.0, 2.2",
        "target_value": 43
      },
      "choice": {
        "button": "J",
        "selected_option": "OptionB"
      }
    },
    {
      "question": 34,
      "target": "Exam Score",
      "target_value": 95,
      "options": [
        "Study Time (hours)",
        "Difficulty Level (1-10)"
      ],
      "optionA": {
        "trial_id": "5",
        "task_id": "128",
        "values": "7.0, 1",
        "target_value": 95
      },
      "optionB": {
        "trial_id": "9",
        "task_id": "128",
        "values": "3.0, 5",
        "target_value": 70
      },
      "choice": {
        "button": "F",
        "selected_option": "OptionA"
      }
    },
    {
      "question": 35,
      "target": "Phone Performance Score",
      "target_value": 9,
      "options": [
        "Phone Processor Speed",
        "Phone Battery Capacity"
      ],
      "optionA": {
        "trial_id": "6",
        "task_id": "10",
        "values": "4.0, 3500",
        "target_value": 9
      },
      "optionB": {
        "trial_id": "19",
        "task_id": "10",
        "values": "6.0, 1500",
        "target_value": 10.2
      },
      "choice": {
        "button": "F",
        "selected_option": "OptionA"
      }
    },
    {
      "question": 36,
      "target": "Reaction Time (ms)",
      "target_value": 320,
      "options": [
        "Age (years)",
        "Driving Experience (years)"
      ],
      "optionA": {
        "trial_id": "14",
        "task_id": "25",
        "values": "20.0, 2.0",
        "target_value": 320
      },
      "optionB": {
        "trial_id": "4",
        "task_id": "25",
        "values": "40.0, 20.0",
        "target_value": 240
      },
      "choice": {
        "button": "J",
        "selected_option": "OptionB"
      }
    },
    {
      "question": 37,
      "target": "Flower production",
      "target_value": 14,
      "options": [
        "Plant height",
        "Plant width"
      ],
      "optionA": {
        "trial_id": "10",
        "task_id": "63",
        "values": "70.0, 7.0",
        "target_value": 14
      },
      "optionB": {
        "trial_id": "18",
        "task_id": "63",
        "values": "110.0, 5.0",
        "target_value": 22
      },
      "choice": {
        "button": "J",
        "selected_option": "OptionB"
      }
    },
    {
      "question": 38,
      "target": "Battery Life",
      "target_value": 44,
      "options": [
        "Phone Battery Capacity",
        "Phone Weight"
      ],
      "optionA": {
        "trial_id": "17",
        "task_id": "171",
        "values": "11000.0, 180",
        "target_value": 44
      },
      "optionB": {
        "trial_id": "11",
        "task_id": "171",
        "values": "8000.0, 180",
        "target_value": 32
      },
      "choice": {
        "button": "J",
        "selected_option": "OptionB"
      }
    },
    {
      "question": 39,
      "target": "Battery life",
      "target_value": 24,
      "options": [
        "Phone battery",
        "Phone size"
      ],
      "optionA": {
        "trial_id": "13",
        "task_id": "62",
        "values": "4000.0, 18.0",
        "target_value": 24
      },
      "optionB": {
        "trial_id": "16",
        "task_id": "62",
        "values": "4500.0, 16.0",
        "target_value": 27
      },
      "choice": {
        "button": "J",
        "selected_option": "OptionB"
      }
    },
    {
      "question": "attention_check_39",
      "choice": "F",
      "passed": true,
      "timestamp": 1756155271923
    },
    {
      "question": 40,
      "target": "Exam Score",
      "target_value": 90,
      "options": [
        "Student Study Time",
        "Time Spent on Social Media"
      ],
      "optionA": {
        "trial_id": "8",
        "task_id": "79",
        "values": "6.0, 1",
        "target_value": 90
      },
      "optionB": {
        "trial_id": "6",
        "task_id": "79",
        "values": "5.0, 1",
        "target_value": 85
      },
      "choice": {
        "button": "J",
        "selected_option": "OptionB"
      }
    },
    {
      "question": 41,
      "target": "Enjoyment (1-10)",
      "target_value": 5,
      "options": [
        "Book Thickness (cm)",
        "Author Fame (1-10)"
      ],
      "optionA": {
        "trial_id": "19",
        "task_id": "1",
        "values": "4.0, 3",
        "target_value": 5
      },
      "optionB": {
        "trial_id": "16",
        "task_id": "1",
        "values": "4.0, 4",
        "target_value": 6
      },
      "choice": {
        "button": "J",
        "selected_option": "OptionB"
      }
    },
    {
      "question": 42,
      "target": "Flower Size",
      "target_value": 4,
      "options": [
        "Plant Height",
        "Number of Leaves"
      ],
      "optionA": {
        "trial_id": "3",
        "task_id": "80",
        "values": "28.0, 14",
        "target_value": 4
      },
      "optionB": {
        "trial_id": "1",
        "task_id": "80",
        "values": "30.0, 10",
        "target_value": 5
      },
      "choice": {
        "button": "F",
        "selected_option": "OptionA"
      }
    },
    {
      "question": 43,
      "target": "Fuel Efficiency (km/l)",
      "target_value": 8,
      "options": [
        "Car Engine Size (liters)",
        "Weight (kg)"
      ],
      "optionA": {
        "trial_id": "4",
        "task_id": "103",
        "values": "3.5, 1400.0",
        "target_value": 8
      },
      "optionB": {
        "trial_id": "13",
        "task_id": "103",
        "values": "2.0, 1300.0",
        "target_value": 12
      },
      "choice": {
        "button": "J",
        "selected_option": "OptionB"
      }
    },
    {
      "question": 44,
      "target": "Maximum heart rate (bpm)",
      "target_value": 175,
      "options": [
        "Age (years)",
        "Height (cm)"
      ],
      "optionA": {
        "trial_id": "12",
        "task_id": "52",
        "values": "35.0, 175",
        "target_value": 175
      },
      "optionB": {
        "trial_id": "16",
        "task_id": "52",
        "values": "55.0, 182",
        "target_value": 148
      },
      "choice": {
        "button": "J",
        "selected_option": "OptionB"
      }
    },
    {
      "question": 45,
      "target": "Race Finish Time (minutes)",
      "target_value": 18,
      "options": [
        "Runner Speed (mph)",
        "Runner Weight (lbs)"
      ],
      "optionA": {
        "trial_id": "3",
        "task_id": "37",
        "values": "7.0, 140.0",
        "target_value": 18
      },
      "optionB": {
        "trial_id": "10",
        "task_id": "37",
        "values": "9.0, 120.0",
        "target_value": 14
      },
      "choice": {
        "button": "J",
        "selected_option": "OptionB"
      }
    },
    {
      "question": 46,
      "target": "Fuel efficiency (km/l)",
      "target_value": 14,
      "options": [
        "Car weight (kg)",
        "Engine size (cc)"
      ],
      "optionA": {
        "trial_id": "3",
        "task_id": "153",
        "values": "1300.0, 1500.0",
        "target_value": 14
      },
      "optionB": {
        "trial_id": "16",
        "task_id": "153",
        "values": "1650.0, 1350.0",
        "target_value": 10.5
      },
      "choice": {
        "button": "J",
        "selected_option": "OptionB"
      }
    },
    {
      "question": 47,
      "target": "Customer Satisfaction",
      "target_value": 5,
      "options": [
        "Restaurant Wait Time (in mins)",
        "Restaurant Rating (1-5)"
      ],
      "optionA": {
        "trial_id": "4",
        "task_id": "174",
        "values": "25.0, 2",
        "target_value": 5
      },
      "optionB": {
        "trial_id": "10",
        "task_id": "174",
        "values": "22.0, 2",
        "target_value": 6
      },
      "choice": {
        "button": "J",
        "selected_option": "OptionB"
      }
    },
    {
      "question": 48,
      "target": "Taste Rating (scale 1-10)",
      "target_value": 6,
      "options": [
        "Number of Ingredients",
        "Cooking Time (minutes)"
      ],
      "optionA": {
        "trial_id": "17",
        "task_id": "167",
        "values": "12.0, 40",
        "target_value": 6
      },
      "optionB": {
        "trial_id": "10",
        "task_id": "167",
        "values": "13.0, 50",
        "target_value": 5
      },
      "choice": {
        "button": "F",
        "selected_option": "OptionA"
      }
    },
    {
      "question": 49,
      "target": "Exam score",
      "target_value": 70,
      "options": [
        "Study hours",
        "Intelligence"
      ],
      "optionA": {
        "trial_id": "19",
        "task_id": "81",
        "values": "3.0, 80",
        "target_value": 70
      },
      "optionB": {
        "trial_id": "4",
        "task_id": "81",
        "values": "5.0, 75",
        "target_value": 88
      },
      "choice": {
        "button": "F",
        "selected_option": "OptionA"
      }
    },
    {
      "question": 50,
      "target": "Tastiness",
      "target_value": 6,
      "options": [
        "Pizza size (inches)",
        "Cheese amount (g)"
      ],
      "optionA": {
        "trial_id": "11",
        "task_id": "121",
        "values": "14.0, 160",
        "target_value": 6
      },
      "optionB": {
        "trial_id": "18",
        "task_id": "121",
        "values": "14.0, 200",
        "target_value": 6
      },
      "choice": {
        "button": "J",
        "selected_option": "OptionB"
      }
    }
  ]
}