{
  "prolific_id": "UNKNOWN",
  "condition_group": "ranking",
  "responses": [
    {
      "question": 1,
      "target": "Exam Score",
      "target_value": 80,
      "options": [
        "Study Time (hours)",
        "Difficulty Level (1-10)"
      ],
      "optionA": {
        "trial_id": "20",
        "task_id": "128",
        "values": "5.0, 5",
        "target_value": 80
      },
      "optionB": {
        "trial_id": "8",
        "task_id": "128",
        "values": "5.0, 3",
        "target_value": 80
      },
      "choice": {
        "button": "F",
        "selected_option": "OptionA"
      }
    },
    {
      "question": 2,
      "target": "Portability",
      "target_value": 7,
      "options": [
        "Battery Life",
        "Weight"
      ],
      "optionA": {
        "trial_id": "20",
        "task_id": "68",
        "values": "18.0, 400",
        "target_value": 7
      },
      "optionB": {
        "trial_id": "13",
        "task_id": "68",
        "values": "22.0, 500",
        "target_value": 8
      },
      "choice": {
        "button": "F",
        "selected_option": "OptionA"
      }
    },
    {
      "question": 3,
      "target": "Strength",
      "target_value": 7,
      "options": [
        "Tea leaves (g)",
        "Water temperature (°C)"
      ],
      "optionA": {
        "trial_id": "19",
        "task_id": "120",
        "values": "6.0, 86",
        "target_value": 7
      },
      "optionB": {
        "trial_id": "10",
        "task_id": "120",
        "values": "6.0, 97",
        "target_value": 7
      },
      "choice": {
        "button": "J",
        "selected_option": "OptionB"
      }
    },
    {
      "question": 4,
      "target": "House price (thousands)",
      "target_value": 340,
      "options": [
        "House size (m2)",
        "Number of bedrooms"
      ],
      "optionA": {
        "trial_id": "2",
        "task_id": "117",
        "values": "110.0, 4",
        "target_value": 340
      },
      "optionB": {
        "trial_id": "7",
        "task_id": "117",
        "values": "110.0, 4",
        "target_value": 330
      },
      "choice": {
        "button": "F",
        "selected_option": "OptionA"
      }
    },
    {
      "question": 5,
      "target": "Reaction Time (ms)",
      "target_value": 300,
      "options": [
        "Age (years)",
        "Driving Experience (years)"
      ],
      "optionA": {
        "trial_id": "6",
        "task_id": "25",
        "values": "22.0, 3.0",
        "target_value": 300
      },
      "optionB": {
        "trial_id": "8",
        "task_id": "25",
        "values": "50.0, 30.0",
        "target_value": 220
      },
      "choice": {
        "button": "F",
        "selected_option": "OptionA"
      }
    },
    {
      "question": 6,
      "target": "Fuel Efficiency (km/L)",
      "target_value": 14,
      "options": [
        "Car Weight (kg)",
        "Engine Power (hp)"
      ],
      "optionA": {
        "trial_id": "10",
        "task_id": "3",
        "values": "1200.0, 120",
        "target_value": 14
      },
      "optionB": {
        "trial_id": "9",
        "task_id": "3",
        "values": "1400.0, 130",
        "target_value": 12
      },
      "choice": {
        "button": "J",
        "selected_option": "OptionB"
      }
    },
    {
      "question": 7,
      "target": "Fuel efficiency (km/l)",
      "target_value": 12,
      "options": [
        "Engine size (cc)",
        "Weight (kg)"
      ],
      "optionA": {
        "trial_id": "2",
        "task_id": "51",
        "values": "1800.0, 1300",
        "target_value": 12
      },
      "optionB": {
        "trial_id": "15",
        "task_id": "51",
        "values": "1650.0, 1270",
        "target_value": 13
      },
      "choice": {
        "button": "F",
        "selected_option": "OptionA"
      }
    },
    {
      "question": 8,
      "target": "Deliciousness",
      "target_value": 6,
      "options": [
        "Cooking time",
        "Ingredients"
      ],
      "optionA": {
        "trial_id": "8",
        "task_id": "125",
        "values": "45.0, 4.0",
        "target_value": 6
      },
      "optionB": {
        "trial_id": "19",
        "task_id": "125",
        "values": "90.0, -1.0",
        "target_value": 1
      },
      "choice": {
        "button": "F",
        "selected_option": "OptionA"
      }
    },
    {
      "question": 9,
      "target": "BMI",
      "target_value": 25.8,
      "options": [
        "Height (inches)",
        "Weight (lbs)"
      ],
      "optionA": {
        "trial_id": "3",
        "task_id": "158",
        "values": "68.0, 160.0",
        "target_value": 25.8
      },
      "optionB": {
        "trial_id": "6",
        "task_id": "158",
        "values": "67.0, 180.0",
        "target_value": 30.8
      },
      "choice": {
        "button": "J",
        "selected_option": "OptionB"
      }
    },
    {
      "question": "attention_check_9",
      "choice": "J",
      "passed": true,
      "timestamp": 1756154684979
    },
    {
      "question": 10,
      "target": "Flower Size (inches)",
      "target_value": 4,
      "options": [
        "Plant Height (inches)",
        "Plant Width (inches)"
      ],
      "optionA": {
        "trial_id": "12",
        "task_id": "152",
        "values": "13.0, 6.0",
        "target_value": 4
      },
      "optionB": {
        "trial_id": "20",
        "task_id": "152",
        "values": "12.0, 6.0",
        "target_value": 4
      },
      "choice": {
        "button": "F",
        "selected_option": "OptionA"
      }
    },
    {
      "question": 11,
      "target": "Battery life (hours)",
      "target_value": 7.2,
      "options": [
        "Laptop weight (kg)",
        "Screen size (inches)"
      ],
      "optionA": {
        "trial_id": "9",
        "task_id": "118",
        "values": "1.8, 12",
        "target_value": 7.2
      },
      "optionB": {
        "trial_id": "11",
        "task_id": "118",
        "values": "1.9, 11",
        "target_value": 6.9
      },
      "choice": {
        "button": "J",
        "selected_option": "OptionB"
      }
    },
    {
      "question": 12,
      "target": "Tastiness",
      "target_value": 6,
      "options": [
        "Pizza size (inches)",
        "Cheese amount (g)"
      ],
      "optionA": {
        "trial_id": "11",
        "task_id": "121",
        "values": "14.0, 160",
        "target_value": 6
      },
      "optionB": {
        "trial_id": "12",
        "task_id": "121",
        "values": "16.0, 170",
        "target_value": 5
      },
      "choice": {
        "button": "J",
        "selected_option": "OptionB"
      }
    },
    {
      "question": 13,
      "target": "100m sprint time (s)",
      "target_value": 11.7,
      "options": [
        "Runner stride length (cm)",
        "Runner age (years)"
      ],
      "optionA": {
        "trial_id": "6",
        "task_id": "145",
        "values": "75.0, 26",
        "target_value": 11.7
      },
      "optionB": {
        "trial_id": "18",
        "task_id": "145",
        "values": "66.0, 30",
        "target_value": 12.4
      },
      "choice": {
        "button": "J",
        "selected_option": "OptionB"
      }
    },
    {
      "question": 14,
      "target": "How many people buy it",
      "target_value": 40,
      "options": [
        "Shoe price (in USD)",
        "Comfort rating (1-10)"
      ],
      "optionA": {
        "trial_id": "2",
        "task_id": "126",
        "values": "120.0, 9.0",
        "target_value": 40
      },
      "optionB": {
        "trial_id": "7",
        "task_id": "126",
        "values": "80.0, 6.0",
        "target_value": 70
      },
      "choice": {
        "button": "F",
        "selected_option": "OptionA"
      }
    },
    {
      "question": 15,
      "target": "Endurance",
      "target_value": 65,
      "options": [
        "Age",
        "Height"
      ],
      "optionA": {
        "trial_id": "14",
        "task_id": "123",
        "values": "65.0, 145.0",
        "target_value": 65
      },
      "optionB": {
        "trial_id": "16",
        "task_id": "135",
        "values": "55.0, 175.0",
        "target_value": 4.5
      },
      "choice": {
        "button": "J",
        "selected_option": "OptionB"
      }
    },
    {
      "question": 16,
      "target": "Mobile Phone Performance",
      "target_value": 70,
      "options": [
        "Mobile Phone RAM",
        "Mobile Phone Battery Size"
      ],
      "optionA": {
        "trial_id": "1",
        "task_id": "40",
        "values": "4.0, 4000",
        "target_value": 70
      },
      "optionB": {
        "trial_id": "5",
        "task_id": "40",
        "values": "8.0, 3600",
        "target_value": 80
      },
      "choice": {
        "button": "J",
        "selected_option": "OptionB"
      }
    },
    {
      "question": 17,
      "target": "Battery Life (hours)",
      "target_value": 14,
      "options": [
        "Phone Battery Capacity (mAh)",
        "Phone Brand (1=Premium, 2=Budget)"
      ],
      "optionA": {
        "trial_id": "6",
        "task_id": "175",
        "values": "3500.0, 2",
        "target_value": 14
      },
      "optionB": {
        "trial_id": "16",
        "task_id": "175",
        "values": "2700.0, 2",
        "target_value": 10
      },
      "choice": {
        "button": "F",
        "selected_option": "OptionA"
      }
    },
    {
      "question": 18,
      "target": "Comfort",
      "target_value": 7,
      "options": [
        "Age",
        "Size"
      ],
      "optionA": {
        "trial_id": "20",
        "task_id": "66",
        "values": "4.0, 30",
        "target_value": 7
      },
      "optionB": {
        "trial_id": "4",
        "task_id": "66",
        "values": "12.0, 30",
        "target_value": 5
      },
      "choice": {
        "button": "J",
        "selected_option": "OptionB"
      }
    },
    {
      "question": 19,
      "target": "Battery life",
      "target_value": 6,
      "options": [
        "Battery capacity",
        "Weight"
      ],
      "optionA": {
        "trial_id": "16",
        "task_id": "75",
        "values": "2000.0, 350",
        "target_value": 6
      },
      "optionB": {
        "trial_id": "16",
        "task_id": "75",
        "values": "2000.0, 350",
        "target_value": 6
      },
      "choice": {
        "button": "J",
        "selected_option": "OptionB"
      }
    },
    {
      "question": "attention_check_19",
      "choice": "F",
      "passed": true,
      "timestamp": 1756154783888
    },
    {
      "question": 20,
      "target": "Test Score",
      "target_value": 74,
      "options": [
        "Student Study Time",
        "Student Distractions"
      ],
      "optionA": {
        "trial_id": "19",
        "task_id": "72",
        "values": "2.0, 6.0",
        "target_value": 74
      },
      "optionB": {
        "trial_id": "12",
        "task_id": "72",
        "values": "5.0, 10.0",
        "target_value": 65
      },
      "choice": {
        "button": "J",
        "selected_option": "OptionB"
      }
    },
    {
      "question": 21,
      "target": "Time to Destination (hours)",
      "target_value": 1,
      "options": [
        "Car Speed (mph)",
        "Fuel Efficiency (mpg)"
      ],
      "optionA": {
        "trial_id": "15",
        "task_id": "32",
        "values": "85.0, 18.0",
        "target_value": 1
      },
      "optionB": {
        "trial_id": "10",
        "task_id": "32",
        "values": "80.0, 15.0",
        "target_value": 1
      },
      "choice": {
        "button": "F",
        "selected_option": "OptionA"
      }
    },
    {
      "question": 22,
      "target": "Comfort",
      "target_value": 7,
      "options": [
        "Age",
        "Size"
      ],
      "optionA": {
        "trial_id": "20",
        "task_id": "66",
        "values": "4.0, 30",
        "target_value": 7
      },
      "optionB": {
        "trial_id": "6",
        "task_id": "66",
        "values": "5.0, 20",
        "target_value": 7
      },
      "choice": {
        "button": "F",
        "selected_option": "OptionA"
      }
    },
    {
      "question": 23,
      "target": "Mobile Phone Performance",
      "target_value": 100,
      "options": [
        "Mobile Phone RAM",
        "Mobile Phone Battery Size"
      ],
      "optionA": {
        "trial_id": "16",
        "task_id": "40",
        "values": "20.0, 2800",
        "target_value": 100
      },
      "optionB": {
        "trial_id": "6",
        "task_id": "40",
        "values": "10.0, 3300",
        "target_value": 75
      },
      "choice": {
        "button": "F",
        "selected_option": "OptionA"
      }
    },
    {
      "question": 24,
      "target": "Popularity",
      "target_value": 86,
      "options": [
        "Book age",
        "Page count"
      ],
      "optionA": {
        "trial_id": "5",
        "task_id": "134",
        "values": "3.0, 320",
        "target_value": 86
      },
      "optionB": {
        "trial_id": "17",
        "task_id": "134",
        "values": "9.0, 380",
        "target_value": 78
      },
      "choice": {
        "button": "J",
        "selected_option": "OptionB"
      }
    },
    {
      "question": 25,
      "target": "Flower production",
      "target_value": 20,
      "options": [
        "Plant height",
        "Plant width"
      ],
      "optionA": {
        "trial_id": "4",
        "task_id": "63",
        "values": "100.0, 5.0",
        "target_value": 20
      },
      "optionB": {
        "trial_id": "10",
        "task_id": "63",
        "values": "70.0, 7.0",
        "target_value": 14
      },
      "choice": {
        "button": "F",
        "selected_option": "OptionA"
      }
    },
    {
      "question": 26,
      "target": "Calories Burned",
      "target_value": 180,
      "options": [
        "Exercise Duration",
        "Exercise Intensity"
      ],
      "optionA": {
        "trial_id": "19",
        "task_id": "71",
        "values": "25.0, 5.0",
        "target_value": 180
      },
      "optionB": {
        "trial_id": "18",
        "task_id": "71",
        "values": "45.0, 3.0",
        "target_value": 190
      },
      "choice": {
        "button": "J",
        "selected_option": "OptionB"
      }
    },
    {
      "question": 27,
      "target": "Test Score",
      "target_value": 70,
      "options": [
        "Student Study Time",
        "Student Distractions"
      ],
      "optionA": {
        "trial_id": "15",
        "task_id": "72",
        "values": "1.0, 4.0",
        "target_value": 70
      },
      "optionB": {
        "trial_id": "5",
        "task_id": "72",
        "values": "3.0, 7.0",
        "target_value": 72
      },
      "choice": {
        "button": "J",
        "selected_option": "OptionB"
      }
    },
    {
      "question": 28,
      "target": "Heart Health Score",
      "target_value": 80,
      "options": [
        "Age (years)",
        "Exercise Frequency"
      ],
      "optionA": {
        "trial_id": "7",
        "task_id": "149",
        "values": "40.0, 3.0",
        "target_value": 80
      },
      "optionB": {
        "trial_id": "16",
        "task_id": "149",
        "values": "44.0, 6.0",
        "target_value": 83
      },
      "choice": {
        "button": "J",
        "selected_option": "OptionB"
      }
    },
    {
      "question": 29,
      "target": "Energy Boost (1-10)",
      "target_value": 7,
      "options": [
        "Number of Calories",
        "Sugar (g)"
      ],
      "optionA": {
        "trial_id": "1",
        "task_id": "111",
        "values": "100.0, 10",
        "target_value": 7
      },
      "optionB": {
        "trial_id": "15",
        "task_id": "111",
        "values": "120.0, 10",
        "target_value": 5
      },
      "choice": {
        "button": "J",
        "selected_option": "OptionB"
      }
    },
    {
      "question": "attention_check_29",
      "choice": "J",
      "passed": true,
      "timestamp": 1756154873750
    },
    {
      "question": 30,
      "target": "Flower size (cm)",
      "target_value": 5.4,
      "options": [
        "Plant height (cm)",
        "Plant age (months)"
      ],
      "optionA": {
        "trial_id": "11",
        "task_id": "146",
        "values": "31.0, 5",
        "target_value": 5.4
      },
      "optionB": {
        "trial_id": "12",
        "task_id": "146",
        "values": "41.0, 8",
        "target_value": 3.4
      },
      "choice": {
        "button": "J",
        "selected_option": "OptionB"
      }
    },
    {
      "question": 31,
      "target": "Salary",
      "target_value": 90000,
      "options": [
        "Experience",
        "Years since graduation"
      ],
      "optionA": {
        "trial_id": "7",
        "task_id": "76",
        "values": "15.0, 7",
        "target_value": 90000
      },
      "optionB": {
        "trial_id": "19",
        "task_id": "76",
        "values": "10.0, 12",
        "target_value": 78000
      },
      "choice": {
        "button": "F",
        "selected_option": "OptionA"
      }
    },
    {
      "question": 32,
      "target": "Energy Level (1-10)",
      "target_value": 2,
      "options": [
        "Dog Weight (lbs)",
        "Dog Age (years)"
      ],
      "optionA": {
        "trial_id": "8",
        "task_id": "36",
        "values": "45.0, 4.0",
        "target_value": 2
      },
      "optionB": {
        "trial_id": "8",
        "task_id": "36",
        "values": "45.0, 4.0",
        "target_value": 2
      },
      "choice": {
        "button": "F",
        "selected_option": "OptionA"
      }
    },
    {
      "question": 33,
      "target": "Energy Level (scale 1-10)",
      "target_value": 4,
      "options": [
        "Age (years)",
        "Number of Pets"
      ],
      "optionA": {
        "trial_id": "3",
        "task_id": "165",
        "values": "7.0, 1",
        "target_value": 4
      },
      "optionB": {
        "trial_id": "7",
        "task_id": "165",
        "values": "8.0, 2",
        "target_value": 3
      },
      "choice": {
        "button": "J",
        "selected_option": "OptionB"
      }
    },
    {
      "question": 34,
      "target": "Morning alertness (1-10)",
      "target_value": 4,
      "options": [
        "Amount of sleep (hours)",
        "Time to bed (minutes past 10pm)"
      ],
      "optionA": {
        "trial_id": "10",
        "task_id": "96",
        "values": "6.0, 60",
        "target_value": 4
      },
      "optionB": {
        "trial_id": "3",
        "task_id": "96",
        "values": "7.0, 45",
        "target_value": 6
      },
      "choice": {
        "button": "J",
        "selected_option": "OptionB"
      }
    },
    {
      "question": 35,
      "target": "Price",
      "target_value": 320000,
      "options": [
        "House Size",
        "Bedrooms"
      ],
      "optionA": {
        "trial_id": "5",
        "task_id": "15",
        "values": "1800.0, 4",
        "target_value": 320000
      },
      "optionB": {
        "trial_id": "19",
        "task_id": "15",
        "values": "2100.0, 5",
        "target_value": 370000
      },
      "choice": {
        "button": "J",
        "selected_option": "OptionB"
      }
    },
    {
      "question": 36,
      "target": "Skill Level",
      "target_value": 7,
      "options": [
        "Experience",
        "Years of Education"
      ],
      "optionA": {
        "trial_id": "11",
        "task_id": "137",
        "values": "4.0, 13.0",
        "target_value": 7
      },
      "optionB": {
        "trial_id": "15",
        "task_id": "137",
        "values": "9.0, 10.0",
        "target_value": 8
      },
      "choice": {
        "button": "J",
        "selected_option": "OptionB"
      }
    },
    {
      "question": 37,
      "target": "Car speed (mph)",
      "target_value": 90,
      "options": [
        "Engine power (hp)",
        "Weight (kg)"
      ],
      "optionA": {
        "trial_id": "18",
        "task_id": "90",
        "values": "140.0, 1700",
        "target_value": 90
      },
      "optionB": {
        "trial_id": "9",
        "task_id": "90",
        "values": "220.0, 1700",
        "target_value": 115
      },
      "choice": {
        "button": "J",
        "selected_option": "OptionB"
      }
    },
    {
      "question": 38,
      "target": "Travel Time (min)",
      "target_value": 24,
      "options": [
        "Distance (km)",
        "Speed (km/h)"
      ],
      "optionA": {
        "trial_id": "20",
        "task_id": "166",
        "values": "20.0, 50",
        "target_value": 24
      },
      "optionB": {
        "trial_id": "1",
        "task_id": "166",
        "values": "10.0, 60",
        "target_value": 10
      },
      "choice": {
        "button": "F",
        "selected_option": "OptionA"
      }
    },
    {
      "question": 39,
      "target": "BMI",
      "target_value": 27.3,
      "options": [
        "Height",
        "Weight"
      ],
      "optionA": {
        "trial_id": "19",
        "task_id": "17",
        "values": "160.0, 68",
        "target_value": 27.3
      },
      "optionB": {
        "trial_id": "1",
        "task_id": "17",
        "values": "180.0, 70",
        "target_value": 21.6
      },
      "choice": {
        "button": "F",
        "selected_option": "OptionA"
      }
    },
    {
      "question": "attention_check_39",
      "choice": "F",
      "passed": true,
      "timestamp": 1756154960683
    },
    {
      "question": 40,
      "target": "Exam Score",
      "target_value": 87,
      "options": [
        "Study Time (hours)",
        "Intelligence Score"
      ],
      "optionA": {
        "trial_id": "20",
        "task_id": "157",
        "values": "6.0, 75.0",
        "target_value": 87
      },
      "optionB": {
        "trial_id": "9",
        "task_id": "157",
        "values": "4.0, 85.0",
        "target_value": 80
      },
      "choice": {
        "button": "J",
        "selected_option": "OptionB"
      }
    },
    {
      "question": 41,
      "target": "Shade Area (sq ft)",
      "target_value": 220,
      "options": [
        "Tree Height (ft)",
        "Tree Diameter (in)"
      ],
      "optionA": {
        "trial_id": "17",
        "task_id": "33",
        "values": "75.0, 6.0",
        "target_value": 220
      },
      "optionB": {
        "trial_id": "6",
        "task_id": "33",
        "values": "50.0, 8.0",
        "target_value": 150
      },
      "choice": {
        "button": "J",
        "selected_option": "OptionB"
      }
    },
    {
      "question": 42,
      "target": "Fuel efficiency (km/l)",
      "target_value": 6,
      "options": [
        "Engine power (in horsepower)",
        "Weight (in kg)"
      ],
      "optionA": {
        "trial_id": "10",
        "task_id": "87",
        "values": "250.0, 1600",
        "target_value": 6
      },
      "optionB": {
        "trial_id": "19",
        "task_id": "87",
        "values": "190.0, 1400",
        "target_value": 9
      },
      "choice": {
        "button": "J",
        "selected_option": "OptionB"
      }
    },
    {
      "question": 43,
      "target": "Energy boost",
      "target_value": 85,
      "options": [
        "Coffee strength",
        "Caffeine content"
      ],
      "optionA": {
        "trial_id": "15",
        "task_id": "85",
        "values": "2.0, 110",
        "target_value": 85
      },
      "optionB": {
        "trial_id": "2",
        "task_id": "85",
        "values": "5.0, 90",
        "target_value": 65
      },
      "choice": {
        "button": "J",
        "selected_option": "OptionB"
      }
    },
    {
      "question": 44,
      "target": "Height (cm)",
      "target_value": 13,
      "options": [
        "Age of the plant (weeks)",
        "Water given (ml/day)"
      ],
      "optionA": {
        "trial_id": "14",
        "task_id": "91",
        "values": "4.0, 500",
        "target_value": 13
      },
      "optionB": {
        "trial_id": "12",
        "task_id": "91",
        "values": "3.0, 600",
        "target_value": 11
      },
      "choice": {
        "button": "J",
        "selected_option": "OptionB"
      }
    },
    {
      "question": 45,
      "target": "Flower production",
      "target_value": 18,
      "options": [
        "Plant height",
        "Plant width"
      ],
      "optionA": {
        "trial_id": "16",
        "task_id": "63",
        "values": "90.0, 6.0",
        "target_value": 18
      },
      "optionB": {
        "trial_id": "6",
        "task_id": "63",
        "values": "60.0, 8.0",
        "target_value": 12
      },
      "choice": {
        "button": "J",
        "selected_option": "OptionB"
      }
    },
    {
      "question": 46,
      "target": "Market value",
      "target_value": 250,
      "options": [
        "House size",
        "House floors"
      ],
      "optionA": {
        "trial_id": "13",
        "task_id": "64",
        "values": "170.0, 4.0",
        "target_value": 250
      },
      "optionB": {
        "trial_id": "5",
        "task_id": "64",
        "values": "180.0, 3.0",
        "target_value": 270
      },
      "choice": {
        "button": "F",
        "selected_option": "OptionA"
      }
    },
    {
      "question": 47,
      "target": "Calories burned",
      "target_value": 350,
      "options": [
        "Exercise time (min)",
        "Heart rate (bpm)"
      ],
      "optionA": {
        "trial_id": "18",
        "task_id": "116",
        "values": "35.0, 120",
        "target_value": 350
      },
      "optionB": {
        "trial_id": "2",
        "task_id": "116",
        "values": "25.0, 110",
        "target_value": 260
      },
      "choice": {
        "button": "F",
        "selected_option": "OptionA"
      }
    },
    {
      "question": 48,
      "target": "Daily travel cost ($)",
      "target_value": 20,
      "options": [
        "Distance to work (miles)",
        "Commute time (minutes)"
      ],
      "optionA": {
        "trial_id": "11",
        "task_id": "138",
        "values": "4.0, 14",
        "target_value": 20
      },
      "optionB": {
        "trial_id": "10",
        "task_id": "138",
        "values": "9.0, 10",
        "target_value": 54
      },
      "choice": {
        "button": "J",
        "selected_option": "OptionB"
      }
    },
    {
      "question": 49,
      "target": "Cooking time (minutes)",
      "target_value": 25,
      "options": [
        "Number of ingredients",
        "Prep time (minutes)"
      ],
      "optionA": {
        "trial_id": "19",
        "task_id": "140",
        "values": "5.0, 12",
        "target_value": 25
      },
      "optionB": {
        "trial_id": "1",
        "task_id": "140",
        "values": "5.0, 10",
        "target_value": 25
      },
      "choice": {
        "button": "F",
        "selected_option": "OptionA"
      }
    },
    {
      "question": 50,
      "target": "Enjoyment (1-10)",
      "target_value": 6,
      "options": [
        "Book Thickness (cm)",
        "Author Fame (1-10)"
      ],
      "optionA": {
        "trial_id": "17",
        "task_id": "1",
        "values": "5.0, 8",
        "target_value": 6
      },
      "optionB": {
        "trial_id": "18",
        "task_id": "1",
        "values": "7.0, 6",
        "target_value": 5
      },
      "choice": {
        "button": "F",
        "selected_option": "OptionA"
      }
    }
  ]
}