{
  "prolific_id": "UNKNOWN",
  "condition_group": "ranking",
  "responses": [
    {
      "question": 1,
      "target": "Taste Rating",
      "target_value": 6,
      "options": [
        "Number of Ingredients",
        "Prep Time (min)"
      ],
      "optionA": {
        "trial_id": "20",
        "task_id": "148",
        "values": "7.0, 35.0",
        "target_value": 6
      },
      "optionB": {
        "trial_id": "2",
        "task_id": "148",
        "values": "6.0, 30.0",
        "target_value": 7
      },
      "choice": {
        "button": "F",
        "selected_option": "OptionA"
      }
    },
    {
      "question": 2,
      "target": "Growth Rate (cm/week)",
      "target_value": 6,
      "options": [
        "Plant Height (cm)",
        "Sunlight (hours/day)"
      ],
      "optionA": {
        "trial_id": "8",
        "task_id": "4",
        "values": "40.0, 5",
        "target_value": 6
      },
      "optionB": {
        "trial_id": "8",
        "task_id": "4",
        "values": "40.0, 5",
        "target_value": 6
      },
      "choice": {
        "button": "F",
        "selected_option": "OptionA"
      }
    },
    {
      "question": 3,
      "target": "Daily travel cost ($)",
      "target_value": 15,
      "options": [
        "Distance to work (miles)",
        "Commute time (minutes)"
      ],
      "optionA": {
        "trial_id": "5",
        "task_id": "138",
        "values": "3.0, 10",
        "target_value": 15
      },
      "optionB": {
        "trial_id": "4",
        "task_id": "138",
        "values": "4.0, 18",
        "target_value": 24
      },
      "choice": {
        "button": "J",
        "selected_option": "OptionB"
      }
    },
    {
      "question": 4,
      "target": "Wait Time (minutes)",
      "target_value": 28,
      "options": [
        "Restaurant Size",
        "Restaurant Reviews"
      ],
      "optionA": {
        "trial_id": "19",
        "task_id": "74",
        "values": "95.0, 4.4",
        "target_value": 28
      },
      "optionB": {
        "trial_id": "9",
        "task_id": "74",
        "values": "120.0, 4.7",
        "target_value": 26
      },
      "choice": {
        "button": "J",
        "selected_option": "OptionB"
      }
    },
    {
      "question": 5,
      "target": "Comfort Rating",
      "target_value": 8.2,
      "options": [
        "Shoe Weight",
        "Brand Popularity"
      ],
      "optionA": {
        "trial_id": "20",
        "task_id": "29",
        "values": "200.0, 10.0",
        "target_value": 8.2
      },
      "optionB": {
        "trial_id": "15",
        "task_id": "29",
        "values": "190.0, 10.0",
        "target_value": 8.4
      },
      "choice": {
        "button": "J",
        "selected_option": "OptionB"
      }
    },
    {
      "question": 6,
      "target": "Comfort",
      "target_value": 6,
      "options": [
        "Age",
        "Size"
      ],
      "optionA": {
        "trial_id": "18",
        "task_id": "66",
        "values": "12.0, 25",
        "target_value": 6
      },
      "optionB": {
        "trial_id": "10",
        "task_id": "66",
        "values": "6.0, 25",
        "target_value": 7
      },
      "choice": {
        "button": "F",
        "selected_option": "OptionA"
      }
    },
    {
      "question": 7,
      "target": "Garden yield (lbs)",
      "target_value": 25,
      "options": [
        "Amount of rainfall (inches)",
        "Soil type (1=clay, 2=sandy)"
      ],
      "optionA": {
        "trial_id": "11",
        "task_id": "142",
        "values": "3.0, 1",
        "target_value": 25
      },
      "optionB": {
        "trial_id": "15",
        "task_id": "142",
        "values": "4.0, 2",
        "target_value": 22
      },
      "choice": {
        "button": "J",
        "selected_option": "OptionB"
      }
    },
    {
      "question": 8,
      "target": "Commute time (minutes)",
      "target_value": 34,
      "options": [
        "Distance to work (miles)",
        "Number of traffic lights"
      ],
      "optionA": {
        "trial_id": "6",
        "task_id": "95",
        "values": "8.0, 10",
        "target_value": 34
      },
      "optionB": {
        "trial_id": "1",
        "task_id": "95",
        "values": "5.0, 10",
        "target_value": 30
      },
      "choice": {
        "button": "F",
        "selected_option": "OptionA"
      }
    },
    {
      "question": 9,
      "target": "Salary",
      "target_value": 80000,
      "options": [
        "Experience",
        "Years since graduation"
      ],
      "optionA": {
        "trial_id": "4",
        "task_id": "76",
        "values": "10.0, 8",
        "target_value": 80000
      },
      "optionB": {
        "trial_id": "8",
        "task_id": "76",
        "values": "13.0, 9",
        "target_value": 85000
      },
      "choice": {
        "button": "J",
        "selected_option": "OptionB"
      }
    },
    {
      "question": "attention_check_9",
      "choice": "J",
      "passed": true,
      "timestamp": 1756154554728
    },
    {
      "question": 10,
      "target": "Energy Level (scale 1-10)",
      "target_value": 4,
      "options": [
        "Age (years)",
        "Number of Pets"
      ],
      "optionA": {
        "trial_id": "20",
        "task_id": "165",
        "values": "4.0, 2",
        "target_value": 4
      },
      "optionB": {
        "trial_id": "13",
        "task_id": "165",
        "values": "9.0, 3",
        "target_value": 2
      },
      "choice": {
        "button": "J",
        "selected_option": "OptionB"
      }
    },
    {
      "question": 11,
      "target": "Usage Time",
      "target_value": 14,
      "options": [
        "Battery Capacity",
        "Weight"
      ],
      "optionA": {
        "trial_id": "3",
        "task_id": "22",
        "values": "5000.0, 180.0",
        "target_value": 14
      },
      "optionB": {
        "trial_id": "16",
        "task_id": "22",
        "values": "4400.0, 220.0",
        "target_value": 12
      },
      "choice": {
        "button": "J",
        "selected_option": "OptionB"
      }
    },
    {
      "question": 12,
      "target": "Cooking time (minutes)",
      "target_value": 18,
      "options": [
        "Number of ingredients",
        "Prep time (minutes)"
      ],
      "optionA": {
        "trial_id": "5",
        "task_id": "140",
        "values": "3.0, 12",
        "target_value": 18
      },
      "optionB": {
        "trial_id": "7",
        "task_id": "140",
        "values": "7.0, 5",
        "target_value": 22
      },
      "choice": {
        "button": "F",
        "selected_option": "OptionA"
      }
    },
    {
      "question": 13,
      "target": "Endurance",
      "target_value": 75,
      "options": [
        "Age",
        "Height"
      ],
      "optionA": {
        "trial_id": "6",
        "task_id": "123",
        "values": "45.0, 165.0",
        "target_value": 75
      },
      "optionB": {
        "trial_id": "4",
        "task_id": "123",
        "values": "35.0, 185.0",
        "target_value": 80
      },
      "choice": {
        "button": "J",
        "selected_option": "OptionB"
      }
    },
    {
      "question": 14,
      "target": "Fuel Efficiency (km per liter)",
      "target_value": 10,
      "options": [
        "Car Engine Size (in liters)",
        "Car Weight (in kg)"
      ],
      "optionA": {
        "trial_id": "15",
        "task_id": "173",
        "values": "2.5, 1600",
        "target_value": 10
      },
      "optionB": {
        "trial_id": "16",
        "task_id": "173",
        "values": "1.7, 1400",
        "target_value": 14
      },
      "choice": {
        "button": "J",
        "selected_option": "OptionB"
      }
    },
    {
      "question": 15,
      "target": "Speed (km/h)",
      "target_value": 26,
      "options": [
        "Bicycle weight (kg)",
        "Wheel size (inches)"
      ],
      "optionA": {
        "trial_id": "5",
        "task_id": "119",
        "values": "9.0, 28",
        "target_value": 26
      },
      "optionB": {
        "trial_id": "9",
        "task_id": "119",
        "values": "13.0, 26",
        "target_value": 24
      },
      "choice": {
        "button": "F",
        "selected_option": "OptionA"
      }
    },
    {
      "question": 16,
      "target": "Battery life (hours)",
      "target_value": 7.5,
      "options": [
        "Laptop weight (kg)",
        "Screen size (inches)"
      ],
      "optionA": {
        "trial_id": "2",
        "task_id": "118",
        "values": "1.3, 14",
        "target_value": 7.5
      },
      "optionB": {
        "trial_id": "6",
        "task_id": "118",
        "values": "1.5, 13",
        "target_value": 7
      },
      "choice": {
        "button": "F",
        "selected_option": "OptionA"
      }
    },
    {
      "question": 17,
      "target": "Speed (km/h)",
      "target_value": 24,
      "options": [
        "Bicycle weight (kg)",
        "Wheel size (inches)"
      ],
      "optionA": {
        "trial_id": "9",
        "task_id": "119",
        "values": "13.0, 26",
        "target_value": 24
      },
      "optionB": {
        "trial_id": "18",
        "task_id": "119",
        "values": "13.0, 27",
        "target_value": 23
      },
      "choice": {
        "button": "F",
        "selected_option": "OptionA"
      }
    },
    {
      "question": 18,
      "target": "Customer Satisfaction",
      "target_value": 4,
      "options": [
        "Restaurant Wait Time (in mins)",
        "Restaurant Rating (1-5)"
      ],
      "optionA": {
        "trial_id": "18",
        "task_id": "174",
        "values": "26.0, 1",
        "target_value": 4
      },
      "optionB": {
        "trial_id": "10",
        "task_id": "174",
        "values": "22.0, 2",
        "target_value": 6
      },
      "choice": {
        "button": "J",
        "selected_option": "OptionB"
      }
    },
    {
      "question": 19,
      "target": "Height (cm)",
      "target_value": 12,
      "options": [
        "Age of the plant (weeks)",
        "Water given (ml/day)"
      ],
      "optionA": {
        "trial_id": "1",
        "task_id": "91",
        "values": "4.0, 500",
        "target_value": 12
      },
      "optionB": {
        "trial_id": "12",
        "task_id": "91",
        "values": "3.0, 600",
        "target_value": 11
      },
      "choice": {
        "button": "F",
        "selected_option": "OptionA"
      }
    },
    {
      "question": "attention_check_19",
      "choice": "F",
      "passed": true,
      "timestamp": 1756154631820
    },
    {
      "question": 20,
      "target": "Ease of Use (1-10)",
      "target_value": 8,
      "options": [
        "Bag Weight (kg)",
        "Number of Compartments"
      ],
      "optionA": {
        "trial_id": "4",
        "task_id": "6",
        "values": "2.0, 3",
        "target_value": 8
      },
      "optionB": {
        "trial_id": "2",
        "task_id": "6",
        "values": "3.0, 5",
        "target_value": 7
      },
      "choice": {
        "button": "F",
        "selected_option": "OptionA"
      }
    },
    {
      "question": 21,
      "target": "Resale value (in $)",
      "target_value": 18000,
      "options": [
        "Age of car (years)",
        "Mileage (km)"
      ],
      "optionA": {
        "trial_id": "3",
        "task_id": "55",
        "values": "4.0, 40000",
        "target_value": 18000
      },
      "optionB": {
        "trial_id": "4",
        "task_id": "55",
        "values": "2.0, 25000",
        "target_value": 22000
      },
      "choice": {
        "button": "J",
        "selected_option": "OptionB"
      }
    },
    {
      "question": 22,
      "target": "Exam score",
      "target_value": 80,
      "options": [
        "Study hours",
        "Intelligence score"
      ],
      "optionA": {
        "trial_id": "1",
        "task_id": "122",
        "values": "5.0, 70.0",
        "target_value": 80
      },
      "optionB": {
        "trial_id": "12",
        "task_id": "122",
        "values": "7.0, 65.0",
        "target_value": 93
      },
      "choice": {
        "button": "F",
        "selected_option": "OptionA"
      }
    },
    {
      "question": 23,
      "target": "Amount of natural light (lux)",
      "target_value": 1400,
      "options": [
        "Room size (sq ft)",
        "Number of windows"
      ],
      "optionA": {
        "trial_id": "2",
        "task_id": "94",
        "values": "180.0, 4",
        "target_value": 1400
      },
      "optionB": {
        "trial_id": "13",
        "task_id": "94",
        "values": "210.0, 5",
        "target_value": 1500
      },
      "choice": {
        "button": "J",
        "selected_option": "OptionB"
      }
    },
    {
      "question": 24,
      "target": "Comfort Level",
      "target_value": 8,
      "options": [
        "Room Size",
        "Lighting"
      ],
      "optionA": {
        "trial_id": "1",
        "task_id": "132",
        "values": "20.0, 5.0",
        "target_value": 8
      },
      "optionB": {
        "trial_id": "12",
        "task_id": "132",
        "values": "50.0, 0.8",
        "target_value": 4.5
      },
      "choice": {
        "button": "F",
        "selected_option": "OptionA"
      }
    },
    {
      "question": 25,
      "target": "Physical Endurance",
      "target_value": 9,
      "options": [
        "Age",
        "Height"
      ],
      "optionA": {
        "trial_id": "13",
        "task_id": "135",
        "values": "20.0, 160.0",
        "target_value": 9
      },
      "optionB": {
        "trial_id": "19",
        "task_id": "123",
        "values": "55.0, 205.0",
        "target_value": 70
      },
      "choice": {
        "button": "F",
        "selected_option": "OptionA"
      }
    },
    {
      "question": 26,
      "target": "Value",
      "target_value": 6,
      "options": [
        "Price",
        "Size"
      ],
      "optionA": {
        "trial_id": "15",
        "task_id": "67",
        "values": "130.0, 60",
        "target_value": 6
      },
      "optionB": {
        "trial_id": "14",
        "task_id": "67",
        "values": "100.0, 40",
        "target_value": 8
      },
      "choice": {
        "button": "F",
        "selected_option": "OptionA"
      }
    },
    {
      "question": 27,
      "target": "Energy Level (1-10)",
      "target_value": 1,
      "options": [
        "Dog Weight (lbs)",
        "Dog Age (years)"
      ],
      "optionA": {
        "trial_id": "20",
        "task_id": "36",
        "values": "52.0, 5.5",
        "target_value": 1
      },
      "optionB": {
        "trial_id": "12",
        "task_id": "36",
        "values": "32.0, 1.5",
        "target_value": 5
      },
      "choice": {
        "button": "J",
        "selected_option": "OptionB"
      }
    },
    {
      "question": 28,
      "target": "Fuel Efficiency (km/L)",
      "target_value": 12,
      "options": [
        "Car Weight (kg)",
        "Engine Power (hp)"
      ],
      "optionA": {
        "trial_id": "9",
        "task_id": "3",
        "values": "1400.0, 130",
        "target_value": 12
      },
      "optionB": {
        "trial_id": "19",
        "task_id": "3",
        "values": "1400.0, 150",
        "target_value": 11
      },
      "choice": {
        "button": "J",
        "selected_option": "OptionB"
      }
    },
    {
      "question": 29,
      "target": "Fuel Efficiency (km/l)",
      "target_value": 9,
      "options": [
        "Car Engine Size (liters)",
        "Weight (kg)"
      ],
      "optionA": {
        "trial_id": "2",
        "task_id": "103",
        "values": "3.0, 1500.0",
        "target_value": 9
      },
      "optionB": {
        "trial_id": "15",
        "task_id": "103",
        "values": "1.7, 1250.0",
        "target_value": 14
      },
      "choice": {
        "button": "J",
        "selected_option": "OptionB"
      }
    },
    {
      "question": "attention_check_29",
      "choice": "J",
      "passed": true,
      "timestamp": 1756154700160
    },
    {
      "question": 30,
      "target": "Battery Life",
      "target_value": 46,
      "options": [
        "Phone Battery Capacity",
        "Phone Weight"
      ],
      "optionA": {
        "trial_id": "20",
        "task_id": "171",
        "values": "12000.0, 200",
        "target_value": 46
      },
      "optionB": {
        "trial_id": "5",
        "task_id": "171",
        "values": "5000.0, 180",
        "target_value": 20
      },
      "choice": {
        "button": "F",
        "selected_option": "OptionA"
      }
    },
    {
      "question": 31,
      "target": "Engagement rate (%)",
      "target_value": 3,
      "options": [
        "Number of followers (count)",
        "Time posted (hours ago)"
      ],
      "optionA": {
        "trial_id": "15",
        "task_id": "98",
        "values": "800.0, 4",
        "target_value": 3
      },
      "optionB": {
        "trial_id": "7",
        "task_id": "98",
        "values": "900.0, 5",
        "target_value": 3
      },
      "choice": {
        "button": "F",
        "selected_option": "OptionA"
      }
    },
    {
      "question": 32,
      "target": "Engagement rate (%)",
      "target_value": 4,
      "options": [
        "Number of followers (count)",
        "Time posted (hours ago)"
      ],
      "optionA": {
        "trial_id": "18",
        "task_id": "98",
        "values": "1000.0, 4",
        "target_value": 4
      },
      "optionB": {
        "trial_id": "16",
        "task_id": "98",
        "values": "1400.0, 2",
        "target_value": 6
      },
      "choice": {
        "button": "J",
        "selected_option": "OptionB"
      }
    },
    {
      "question": 33,
      "target": "Lighting (lux)",
      "target_value": 450,
      "options": [
        "Room size (m2)",
        "Number of windows"
      ],
      "optionA": {
        "trial_id": "15",
        "task_id": "115",
        "values": "16.0, 4",
        "target_value": 450
      },
      "optionB": {
        "trial_id": "14",
        "task_id": "115",
        "values": "21.0, 2",
        "target_value": 620
      },
      "choice": {
        "button": "F",
        "selected_option": "OptionA"
      }
    },
    {
      "question": 34,
      "target": "Reliability",
      "target_value": 92,
      "options": [
        "Car age",
        "Maintenance cost"
      ],
      "optionA": {
        "trial_id": "10",
        "task_id": "83",
        "values": "3.0, 2200",
        "target_value": 92
      },
      "optionB": {
        "trial_id": "6",
        "task_id": "83",
        "values": "9.0, 600",
        "target_value": 55
      },
      "choice": {
        "button": "J",
        "selected_option": "OptionB"
      }
    },
    {
      "question": 35,
      "target": "Wait Time (minutes)",
      "target_value": 29,
      "options": [
        "Restaurant Size",
        "Restaurant Reviews"
      ],
      "optionA": {
        "trial_id": "12",
        "task_id": "74",
        "values": "90.0, 3.9",
        "target_value": 29
      },
      "optionB": {
        "trial_id": "20",
        "task_id": "74",
        "values": "115.0, 4.1",
        "target_value": 33
      },
      "choice": {
        "button": "J",
        "selected_option": "OptionB"
      }
    },
    {
      "question": 36,
      "target": "Battery Life (hours)",
      "target_value": 19,
      "options": [
        "Phone Battery Capacity (mAh)",
        "Phone Brand (1=Premium, 2=Budget)"
      ],
      "optionA": {
        "trial_id": "11",
        "task_id": "175",
        "values": "3800.0, 1",
        "target_value": 19
      },
      "optionB": {
        "trial_id": "18",
        "task_id": "175",
        "values": "3100.0, 2",
        "target_value": 13
      },
      "choice": {
        "button": "F",
        "selected_option": "OptionA"
      }
    },
    {
      "question": 37,
      "target": "Heart Health Score",
      "target_value": 84,
      "options": [
        "Age (years)",
        "Exercise Frequency"
      ],
      "optionA": {
        "trial_id": "10",
        "task_id": "149",
        "values": "38.0, 6.0",
        "target_value": 84
      },
      "optionB": {
        "trial_id": "10",
        "task_id": "149",
        "values": "38.0, 6.0",
        "target_value": 84
      },
      "choice": {
        "button": "J",
        "selected_option": "OptionB"
      }
    },
    {
      "question": 38,
      "target": "Fuel Cost",
      "target_value": 3.75,
      "options": [
        "Distance (km)",
        "Fuel Efficiency (km/L)"
      ],
      "optionA": {
        "trial_id": "11",
        "task_id": "70",
        "values": "45.0, 12",
        "target_value": 3.75
      },
      "optionB": {
        "trial_id": "8",
        "task_id": "70",
        "values": "65.0, 13",
        "target_value": 5
      },
      "choice": {
        "button": "F",
        "selected_option": "OptionA"
      }
    },
    {
      "question": 39,
      "target": "Taste rating (1-10)",
      "target_value": 4,
      "options": [
        "Number of ingredients (count)",
        "Prep time (minutes)"
      ],
      "optionA": {
        "trial_id": "6",
        "task_id": "97",
        "values": "20.0, 15",
        "target_value": 4
      },
      "optionB": {
        "trial_id": "1",
        "task_id": "97",
        "values": "10.0, 30",
        "target_value": 7
      },
      "choice": {
        "button": "F",
        "selected_option": "OptionA"
      }
    },
    {
      "question": "attention_check_39",
      "choice": "F",
      "passed": true,
      "timestamp": 1756154804298
    },
    {
      "question": 40,
      "target": "Usage Time",
      "target_value": 12,
      "options": [
        "Battery Capacity",
        "Weight"
      ],
      "optionA": {
        "trial_id": "13",
        "task_id": "22",
        "values": "4200.0, 210.0",
        "target_value": 12
      },
      "optionB": {
        "trial_id": "2",
        "task_id": "22",
        "values": "3500.0, 220.0",
        "target_value": 11
      },
      "choice": {
        "button": "J",
        "selected_option": "OptionB"
      }
    },
    {
      "question": 41,
      "target": "Morning Alertness",
      "target_value": 8,
      "options": [
        "Hours of Sleep",
        "Number of Alarms"
      ],
      "optionA": {
        "trial_id": "8",
        "task_id": "160",
        "values": "8.0, 1",
        "target_value": 8
      },
      "optionB": {
        "trial_id": "11",
        "task_id": "160",
        "values": "7.0, 2",
        "target_value": 6
      },
      "choice": {
        "button": "F",
        "selected_option": "OptionA"
      }
    },
    {
      "question": 42,
      "target": "Garden yield (kg)",
      "target_value": 49,
      "options": [
        "Amount of fertilizer (grams)",
        "Rainfall (mm/week)"
      ],
      "optionA": {
        "trial_id": "14",
        "task_id": "92",
        "values": "170.0, 130",
        "target_value": 49
      },
      "optionB": {
        "trial_id": "9",
        "task_id": "92",
        "values": "220.0, 90",
        "target_value": 54
      },
      "choice": {
        "button": "J",
        "selected_option": "OptionB"
      }
    },
    {
      "question": 43,
      "target": "Weight loss",
      "target_value": 3,
      "options": [
        "Exercise intensity",
        "Exercise duration"
      ],
      "optionA": {
        "trial_id": "18",
        "task_id": "61",
        "values": "5.0, 60.0",
        "target_value": 3
      },
      "optionB": {
        "trial_id": "18",
        "task_id": "61",
        "values": "5.0, 60.0",
        "target_value": 3
      },
      "choice": {
        "button": "F",
        "selected_option": "OptionA"
      }
    },
    {
      "question": 44,
      "target": "Engagement rate (%)",
      "target_value": 6,
      "options": [
        "Number of followers (count)",
        "Time posted (hours ago)"
      ],
      "optionA": {
        "trial_id": "11",
        "task_id": "98",
        "values": "1300.0, 2",
        "target_value": 6
      },
      "optionB": {
        "trial_id": "17",
        "task_id": "98",
        "values": "1200.0, 5",
        "target_value": 5
      },
      "choice": {
        "button": "F",
        "selected_option": "OptionA"
      }
    },
    {
      "question": 45,
      "target": "App Performance (1-10)",
      "target_value": 5,
      "options": [
        "Phone RAM (GB)",
        "Phone Brand (1=Premium, 2=Budget)"
      ],
      "optionA": {
        "trial_id": "16",
        "task_id": "176",
        "values": "4.0, 2",
        "target_value": 5
      },
      "optionB": {
        "trial_id": "1",
        "task_id": "176",
        "values": "8.0, 1",
        "target_value": 9
      },
      "choice": {
        "button": "F",
        "selected_option": "OptionA"
      }
    },
    {
      "question": 46,
      "target": "Speed",
      "target_value": 10,
      "options": [
        "Bike Weight",
        "Bike Tire Size"
      ],
      "optionA": {
        "trial_id": "11",
        "task_id": "172",
        "values": "20.0, 2",
        "target_value": 10
      },
      "optionB": {
        "trial_id": "11",
        "task_id": "172",
        "values": "20.0, 2",
        "target_value": 10
      },
      "choice": {
        "button": "J",
        "selected_option": "OptionB"
      }
    },
    {
      "question": 47,
      "target": "Fuel Consumption (mpg)",
      "target_value": 27,
      "options": [
        "Speed (mph)",
        "Engine Size (L)"
      ],
      "optionA": {
        "trial_id": "10",
        "task_id": "156",
        "values": "70.0, 3.0",
        "target_value": 27
      },
      "optionB": {
        "trial_id": "5",
        "task_id": "156",
        "values": "55.0, 2.0",
        "target_value": 35
      },
      "choice": {
        "button": "F",
        "selected_option": "OptionA"
      }
    },
    {
      "question": 48,
      "target": "Maximum heart rate (bpm)",
      "target_value": 175,
      "options": [
        "Age (years)",
        "Height (cm)"
      ],
      "optionA": {
        "trial_id": "7",
        "task_id": "52",
        "values": "35.0, 180",
        "target_value": 175
      },
      "optionB": {
        "trial_id": "19",
        "task_id": "52",
        "values": "45.0, 180",
        "target_value": 155
      },
      "choice": {
        "button": "J",
        "selected_option": "OptionB"
      }
    },
    {
      "question": 49,
      "target": "Price",
      "target_value": 390000,
      "options": [
        "House Size",
        "Bedrooms"
      ],
      "optionA": {
        "trial_id": "18",
        "task_id": "15",
        "values": "2000.0, 4",
        "target_value": 390000
      },
      "optionB": {
        "trial_id": "13",
        "task_id": "15",
        "values": "2300.0, 2",
        "target_value": 440000
      },
      "choice": {
        "button": "J",
        "selected_option": "OptionB"
      }
    },
    {
      "question": 50,
      "target": "Battery Life",
      "target_value": 21,
      "options": [
        "Phone Battery Capacity",
        "Number of Apps Installed"
      ],
      "optionA": {
        "trial_id": "12",
        "task_id": "78",
        "values": "4000.0, 60",
        "target_value": 21
      },
      "optionB": {
        "trial_id": "19",
        "task_id": "78",
        "values": "3200.0, 50",
        "target_value": 18
      },
      "choice": {
        "button": "F",
        "selected_option": "OptionA"
      }
    }
  ]
}