{
  "prolific_id": "UNKNOWN",
  "condition_group": "ranking",
  "responses": [
    {
      "question": 1,
      "target": "Race Finish Time (minutes)",
      "target_value": 12,
      "options": [
        "Runner Speed (mph)",
        "Runner Weight (lbs)"
      ],
      "optionA": {
        "trial_id": "9",
        "task_id": "37",
        "values": "10.0, 110.0",
        "target_value": 12
      },
      "optionB": {
        "trial_id": "2",
        "task_id": "37",
        "values": "5.0, 160.0",
        "target_value": 22
      },
      "choice": {
        "button": "J",
        "selected_option": "OptionB"
      }
    },
    {
      "question": 2,
      "target": "Muscle gain",
      "target_value": 75,
      "options": [
        "Exercise intensity",
        "Water intake"
      ],
      "optionA": {
        "trial_id": "14",
        "task_id": "86",
        "values": "7.0, 3",
        "target_value": 75
      },
      "optionB": {
        "trial_id": "10",
        "task_id": "86",
        "values": "5.0, 5",
        "target_value": 70
      },
      "choice": {
        "button": "J",
        "selected_option": "OptionB"
      }
    },
    {
      "question": 3,
      "target": "Cost to travel",
      "target_value": 20,
      "options": [
        "Distance",
        "Speed"
      ],
      "optionA": {
        "trial_id": "13",
        "task_id": "124",
        "values": "40.0, 120.0",
        "target_value": 20
      },
      "optionB": {
        "trial_id": "17",
        "task_id": "124",
        "values": "20.0, 140.0",
        "target_value": 10
      },
      "choice": {
        "button": "F",
        "selected_option": "OptionA"
      }
    },
    {
      "question": 4,
      "target": "Race Finish Time (minutes)",
      "target_value": 15.5,
      "options": [
        "Runner Speed (mph)",
        "Runner Weight (lbs)"
      ],
      "optionA": {
        "trial_id": "18",
        "task_id": "37",
        "values": "8.5, 135.0",
        "target_value": 15.5
      },
      "optionB": {
        "trial_id": "9",
        "task_id": "37",
        "values": "10.0, 110.0",
        "target_value": 12
      },
      "choice": {
        "button": "F",
        "selected_option": "OptionA"
      }
    },
    {
      "question": 5,
      "target": "Project Success (%)",
      "target_value": 80,
      "options": [
        "Experience (years)",
        "Team Size"
      ],
      "optionA": {
        "trial_id": "1",
        "task_id": "110",
        "values": "5.0, 3",
        "target_value": 80
      },
      "optionB": {
        "trial_id": "19",
        "task_id": "110",
        "values": "14.0, 6",
        "target_value": 83
      },
      "choice": {
        "button": "J",
        "selected_option": "OptionB"
      }
    },
    {
      "question": 6,
      "target": "Energy Boost (1-10)",
      "target_value": 2,
      "options": [
        "Number of Calories",
        "Sugar (g)"
      ],
      "optionA": {
        "trial_id": "20",
        "task_id": "111",
        "values": "180.0, 14",
        "target_value": 2
      },
      "optionB": {
        "trial_id": "11",
        "task_id": "111",
        "values": "200.0, 12",
        "target_value": 2
      },
      "choice": {
        "button": "J",
        "selected_option": "OptionB"
      }
    },
    {
      "question": 7,
      "target": "Retention Rate (%)",
      "target_value": 70,
      "options": [
        "Study Time (hours)",
        "Number of Distractions"
      ],
      "optionA": {
        "trial_id": "1",
        "task_id": "161",
        "values": "3.0, 2",
        "target_value": 70
      },
      "optionB": {
        "trial_id": "7",
        "task_id": "161",
        "values": "5.0, 0",
        "target_value": 90
      },
      "choice": {
        "button": "J",
        "selected_option": "OptionB"
      }
    },
    {
      "question": 8,
      "target": "Battery life",
      "target_value": 25,
      "options": [
        "Phone battery",
        "Phone size"
      ],
      "optionA": {
        "trial_id": "2",
        "task_id": "62",
        "values": "4000.0, 12.0",
        "target_value": 25
      },
      "optionB": {
        "trial_id": "1",
        "task_id": "62",
        "values": "5000.0, 10.0",
        "target_value": 30
      },
      "choice": {
        "button": "J",
        "selected_option": "OptionB"
      }
    },
    {
      "question": 9,
      "target": "Maximum heart rate (bpm)",
      "target_value": 155,
      "options": [
        "Age (years)",
        "Height (cm)"
      ],
      "optionA": {
        "trial_id": "19",
        "task_id": "52",
        "values": "45.0, 180",
        "target_value": 155
      },
      "optionB": {
        "trial_id": "17",
        "task_id": "52",
        "values": "22.0, 160",
        "target_value": 205
      },
      "choice": {
        "button": "F",
        "selected_option": "OptionA"
      }
    },
    {
      "question": "attention_check_9",
      "choice": "J",
      "passed": true,
      "timestamp": 1756154599071
    },
    {
      "question": 10,
      "target": "Taste Rating",
      "target_value": 10,
      "options": [
        "Number of Ingredients",
        "Prep Time (min)"
      ],
      "optionA": {
        "trial_id": "17",
        "task_id": "148",
        "values": "3.0, 10.0",
        "target_value": 10
      },
      "optionB": {
        "trial_id": "17",
        "task_id": "148",
        "values": "3.0, 10.0",
        "target_value": 10
      },
      "choice": {
        "button": "F",
        "selected_option": "OptionA"
      }
    },
    {
      "question": 11,
      "target": "Enjoyment",
      "target_value": 85,
      "options": [
        "Book pages",
        "Author fame"
      ],
      "optionA": {
        "trial_id": "13",
        "task_id": "84",
        "values": "550.0, 5",
        "target_value": 85
      },
      "optionB": {
        "trial_id": "2",
        "task_id": "84",
        "values": "250.0, 9",
        "target_value": 75
      },
      "choice": {
        "button": "J",
        "selected_option": "OptionB"
      }
    },
    {
      "question": 12,
      "target": "Plant Health",
      "target_value": 12,
      "options": [
        "Plant Height",
        "Water Amount"
      ],
      "optionA": {
        "trial_id": "14",
        "task_id": "169",
        "values": "90.0, 2",
        "target_value": 12
      },
      "optionB": {
        "trial_id": "6",
        "task_id": "169",
        "values": "50.0, 2",
        "target_value": 8
      },
      "choice": {
        "button": "J",
        "selected_option": "OptionB"
      }
    },
    {
      "question": 13,
      "target": "Flower Size (inches)",
      "target_value": 4,
      "options": [
        "Plant Height (inches)",
        "Plant Width (inches)"
      ],
      "optionA": {
        "trial_id": "4",
        "task_id": "152",
        "values": "12.0, 6.0",
        "target_value": 4
      },
      "optionB": {
        "trial_id": "7",
        "task_id": "152",
        "values": "16.0, 4.0",
        "target_value": 6
      },
      "choice": {
        "button": "F",
        "selected_option": "OptionA"
      }
    },
    {
      "question": 14,
      "target": "Fatigue (1-10)",
      "target_value": 7,
      "options": [
        "Exercise Duration (min)",
        "Rest Time (min)"
      ],
      "optionA": {
        "trial_id": "7",
        "task_id": "2",
        "values": "50.0, 10",
        "target_value": 7
      },
      "optionB": {
        "trial_id": "13",
        "task_id": "2",
        "values": "45.0, 10",
        "target_value": 6
      },
      "choice": {
        "button": "F",
        "selected_option": "OptionA"
      }
    },
    {
      "question": 15,
      "target": "Nutritional Value",
      "target_value": 75,
      "options": [
        "Weight",
        "Calories"
      ],
      "optionA": {
        "trial_id": "10",
        "task_id": "136",
        "values": "100.0, 90.0",
        "target_value": 75
      },
      "optionB": {
        "trial_id": "14",
        "task_id": "136",
        "values": "90.0, 85.0",
        "target_value": 80
      },
      "choice": {
        "button": "F",
        "selected_option": "OptionA"
      }
    },
    {
      "question": 16,
      "target": "Time to Destination (hours)",
      "target_value": 1.8,
      "options": [
        "Car Speed (mph)",
        "Fuel Efficiency (mpg)"
      ],
      "optionA": {
        "trial_id": "11",
        "task_id": "32",
        "values": "65.0, 28.0",
        "target_value": 1.8
      },
      "optionB": {
        "trial_id": "5",
        "task_id": "32",
        "values": "80.0, 20.0",
        "target_value": 1
      },
      "choice": {
        "button": "J",
        "selected_option": "OptionB"
      }
    },
    {
      "question": 17,
      "target": "How many people buy it",
      "target_value": 50,
      "options": [
        "Shoe price (in USD)",
        "Comfort rating (1-10)"
      ],
      "optionA": {
        "trial_id": "11",
        "task_id": "126",
        "values": "100.0, 8.0",
        "target_value": 50
      },
      "optionB": {
        "trial_id": "10",
        "task_id": "126",
        "values": "140.0, 9.0",
        "target_value": 25
      },
      "choice": {
        "button": "F",
        "selected_option": "OptionA"
      }
    },
    {
      "question": 18,
      "target": "Battery Life",
      "target_value": 20,
      "options": [
        "Phone Battery Capacity",
        "Number of Apps Installed"
      ],
      "optionA": {
        "trial_id": "2",
        "task_id": "78",
        "values": "3000.0, 40",
        "target_value": 20
      },
      "optionB": {
        "trial_id": "7",
        "task_id": "78",
        "values": "4200.0, 40",
        "target_value": 22
      },
      "choice": {
        "button": "J",
        "selected_option": "OptionB"
      }
    },
    {
      "question": 19,
      "target": "Heart rate",
      "target_value": 65,
      "options": [
        "Age",
        "Exercise hours"
      ],
      "optionA": {
        "trial_id": "1",
        "task_id": "77",
        "values": "30.0, 5",
        "target_value": 65
      },
      "optionB": {
        "trial_id": "16",
        "task_id": "82",
        "values": "50.0, 2",
        "target_value": 80
      },
      "choice": {
        "button": "J",
        "selected_option": "OptionB"
      }
    },
    {
      "question": "attention_check_19",
      "choice": "F",
      "passed": true,
      "timestamp": 1756154739969
    },
    {
      "question": 20,
      "target": "Taste rating (1-10)",
      "target_value": 10,
      "options": [
        "Number of ingredients",
        "Prep time (in minutes)"
      ],
      "optionA": {
        "trial_id": "17",
        "task_id": "88",
        "values": "3.0, 15",
        "target_value": 10
      },
      "optionB": {
        "trial_id": "14",
        "task_id": "88",
        "values": "5.0, 15",
        "target_value": 8
      },
      "choice": {
        "button": "J",
        "selected_option": "OptionB"
      }
    },
    {
      "question": 21,
      "target": "Comfort Level",
      "target_value": 5.5,
      "options": [
        "Room Size",
        "Lighting"
      ],
      "optionA": {
        "trial_id": "8",
        "task_id": "132",
        "values": "40.0, 1.5",
        "target_value": 5.5
      },
      "optionB": {
        "trial_id": "10",
        "task_id": "132",
        "values": "45.0, 1.0",
        "target_value": 5
      },
      "choice": {
        "button": "J",
        "selected_option": "OptionB"
      }
    },
    {
      "question": 22,
      "target": "Fatigue (1-10)",
      "target_value": 3,
      "options": [
        "Exercise Duration (min)",
        "Rest Time (min)"
      ],
      "optionA": {
        "trial_id": "5",
        "task_id": "2",
        "values": "25.0, 20",
        "target_value": 3
      },
      "optionB": {
        "trial_id": "12",
        "task_id": "2",
        "values": "30.0, 20",
        "target_value": 2
      },
      "choice": {
        "button": "J",
        "selected_option": "OptionB"
      }
    },
    {
      "question": 23,
      "target": "Speed",
      "target_value": 15,
      "options": [
        "Bike Weight",
        "Bike Tire Size"
      ],
      "optionA": {
        "trial_id": "1",
        "task_id": "172",
        "values": "10.0, 2",
        "target_value": 15
      },
      "optionB": {
        "trial_id": "3",
        "task_id": "172",
        "values": "12.0, 2",
        "target_value": 14
      },
      "choice": {
        "button": "F",
        "selected_option": "OptionA"
      }
    },
    {
      "question": 24,
      "target": "Battery life (hours)",
      "target_value": 7.1,
      "options": [
        "Laptop weight (kg)",
        "Screen size (inches)"
      ],
      "optionA": {
        "trial_id": "19",
        "task_id": "118",
        "values": "1.7, 13",
        "target_value": 7.1
      },
      "optionB": {
        "trial_id": "3",
        "task_id": "118",
        "values": "1.6, 13",
        "target_value": 7.8
      },
      "choice": {
        "button": "F",
        "selected_option": "OptionA"
      }
    },
    {
      "question": 25,
      "target": "Heart Health",
      "target_value": 85,
      "options": [
        "Age",
        "Exercise Hours"
      ],
      "optionA": {
        "trial_id": "11",
        "task_id": "16",
        "values": "35.0, 3",
        "target_value": 85
      },
      "optionB": {
        "trial_id": "19",
        "task_id": "16",
        "values": "30.0, 2",
        "target_value": 84
      },
      "choice": {
        "button": "J",
        "selected_option": "OptionB"
      }
    },
    {
      "question": 26,
      "target": "Fuel efficiency (km/l)",
      "target_value": 15,
      "options": [
        "Engine size (cc)",
        "Weight (kg)"
      ],
      "optionA": {
        "trial_id": "10",
        "task_id": "51",
        "values": "1500.0, 1200",
        "target_value": 15
      },
      "optionB": {
        "trial_id": "4",
        "task_id": "51",
        "values": "1700.0, 1200",
        "target_value": 13
      },
      "choice": {
        "button": "F",
        "selected_option": "OptionA"
      }
    },
    {
      "question": 27,
      "target": "Exam Score",
      "target_value": 85,
      "options": [
        "Study Time (hours)",
        "Difficulty Level (1-10)"
      ],
      "optionA": {
        "trial_id": "1",
        "task_id": "128",
        "values": "5.0, 3",
        "target_value": 85
      },
      "optionB": {
        "trial_id": "10",
        "task_id": "128",
        "values": "4.0, 2",
        "target_value": 80
      },
      "choice": {
        "button": "F",
        "selected_option": "OptionA"
      }
    },
    {
      "question": 28,
      "target": "Bicycle Speed",
      "target_value": 18,
      "options": [
        "Bicycle Weight",
        "Bicycle Price"
      ],
      "optionA": {
        "trial_id": "6",
        "task_id": "39",
        "values": "16.0, 430",
        "target_value": 18
      },
      "optionB": {
        "trial_id": "15",
        "task_id": "39",
        "values": "24.0, 360",
        "target_value": 18
      },
      "choice": {
        "button": "F",
        "selected_option": "OptionA"
      }
    },
    {
      "question": 29,
      "target": "Flower size (cm)",
      "target_value": 3.2,
      "options": [
        "Plant height (cm)",
        "Plant age (months)"
      ],
      "optionA": {
        "trial_id": "8",
        "task_id": "146",
        "values": "42.0, 6",
        "target_value": 3.2
      },
      "optionB": {
        "trial_id": "14",
        "task_id": "146",
        "values": "36.0, 6",
        "target_value": 4
      },
      "choice": {
        "button": "J",
        "selected_option": "OptionB"
      }
    },
    {
      "question": "attention_check_29",
      "choice": "J",
      "passed": true,
      "timestamp": 1756154864195
    },
    {
      "question": 30,
      "target": "Speed",
      "target_value": 10,
      "options": [
        "Bike Weight",
        "Bike Tire Size"
      ],
      "optionA": {
        "trial_id": "10",
        "task_id": "172",
        "values": "18.0, 3",
        "target_value": 10
      },
      "optionB": {
        "trial_id": "16",
        "task_id": "172",
        "values": "24.0, 3",
        "target_value": 7
      },
      "choice": {
        "button": "F",
        "selected_option": "OptionA"
      }
    },
    {
      "question": 31,
      "target": "Enjoyment",
      "target_value": 65,
      "options": [
        "Book pages",
        "Author fame"
      ],
      "optionA": {
        "trial_id": "20",
        "task_id": "84",
        "values": "130.0, 10",
        "target_value": 65
      },
      "optionB": {
        "trial_id": "15",
        "task_id": "84",
        "values": "350.0, 6",
        "target_value": 75
      },
      "choice": {
        "button": "F",
        "selected_option": "OptionA"
      }
    },
    {
      "question": 32,
      "target": "Race Finish Time (minutes)",
      "target_value": 19.5,
      "options": [
        "Runner Speed (mph)",
        "Runner Weight (lbs)"
      ],
      "optionA": {
        "trial_id": "14",
        "task_id": "37",
        "values": "6.5, 155.0",
        "target_value": 19.5
      },
      "optionB": {
        "trial_id": "9",
        "task_id": "37",
        "values": "10.0, 110.0",
        "target_value": 12
      },
      "choice": {
        "button": "F",
        "selected_option": "OptionA"
      }
    },
    {
      "question": 33,
      "target": "Exam score (%)",
      "target_value": 70,
      "options": [
        "Time spent studying (hours)",
        "Number of breaks (times)"
      ],
      "optionA": {
        "trial_id": "15",
        "task_id": "139",
        "values": "5.0, 3",
        "target_value": 70
      },
      "optionB": {
        "trial_id": "1",
        "task_id": "89",
        "values": "3.0, 2",
        "target_value": 85
      },
      "choice": {
        "button": "F",
        "selected_option": "OptionA"
      }
    },
    {
      "question": 34,
      "target": "Bike Speed",
      "target_value": 27,
      "options": [
        "Bike Weight",
        "Bike Frame Size"
      ],
      "optionA": {
        "trial_id": "7",
        "task_id": "106",
        "values": "8.0, 17",
        "target_value": 27
      },
      "optionB": {
        "trial_id": "17",
        "task_id": "106",
        "values": "10.0, 19",
        "target_value": 25
      },
      "choice": {
        "button": "F",
        "selected_option": "OptionA"
      }
    },
    {
      "question": 35,
      "target": "Fuel Efficiency (km per liter)",
      "target_value": 8,
      "options": [
        "Car Engine Size (in liters)",
        "Car Weight (in kg)"
      ],
      "optionA": {
        "trial_id": "7",
        "task_id": "173",
        "values": "3.0, 1600",
        "target_value": 8
      },
      "optionB": {
        "trial_id": "19",
        "task_id": "173",
        "values": "2.3, 1400",
        "target_value": 11
      },
      "choice": {
        "button": "F",
        "selected_option": "OptionA"
      }
    },
    {
      "question": 36,
      "target": "Battery Life",
      "target_value": 19,
      "options": [
        "Phone Battery Capacity",
        "Number of Apps Installed"
      ],
      "optionA": {
        "trial_id": "17",
        "task_id": "78",
        "values": "3700.0, 65",
        "target_value": 19
      },
      "optionB": {
        "trial_id": "1",
        "task_id": "78",
        "values": "4000.0, 50",
        "target_value": 24
      },
      "choice": {
        "button": "F",
        "selected_option": "OptionA"
      }
    },
    {
      "question": 37,
      "target": "Battery Life (hours)",
      "target_value": 6,
      "options": [
        "Phone Battery (mAh)",
        "Screen Brightness (%)"
      ],
      "optionA": {
        "trial_id": "5",
        "task_id": "5",
        "values": "2500.0, 80",
        "target_value": 6
      },
      "optionB": {
        "trial_id": "15",
        "task_id": "5",
        "values": "4500.0, 70",
        "target_value": 10
      },
      "choice": {
        "button": "F",
        "selected_option": "OptionA"
      }
    },
    {
      "question": 38,
      "target": "Calories Burned",
      "target_value": 210,
      "options": [
        "Exercise Duration",
        "Exercise Intensity"
      ],
      "optionA": {
        "trial_id": "16",
        "task_id": "71",
        "values": "40.0, 4.0",
        "target_value": 210
      },
      "optionB": {
        "trial_id": "6",
        "task_id": "71",
        "values": "50.0, 3.0",
        "target_value": 210
      },
      "choice": {
        "button": "F",
        "selected_option": "OptionA"
      }
    },
    {
      "question": 39,
      "target": "House price ($)",
      "target_value": 275000,
      "options": [
        "House size (sq ft)",
        "House age (years)"
      ],
      "optionA": {
        "trial_id": "20",
        "task_id": "155",
        "values": "2550.0, 21.0",
        "target_value": 275000
      },
      "optionB": {
        "trial_id": "19",
        "task_id": "155",
        "values": "2250.0, 11.0",
        "target_value": 305000
      },
      "choice": {
        "button": "F",
        "selected_option": "OptionA"
      }
    },
    {
      "question": "attention_check_39",
      "choice": "F",
      "passed": true,
      "timestamp": 1756154897726
    },
    {
      "question": 40,
      "target": "Heart Health Score",
      "target_value": 81,
      "options": [
        "Age (years)",
        "Exercise Frequency"
      ],
      "optionA": {
        "trial_id": "12",
        "task_id": "149",
        "values": "42.0, 5.0",
        "target_value": 81
      },
      "optionB": {
        "trial_id": "1",
        "task_id": "149",
        "values": "30.0, 5.0",
        "target_value": 90
      },
      "choice": {
        "button": "F",
        "selected_option": "OptionA"
      }
    },
    {
      "question": 41,
      "target": "Rent (per month)",
      "target_value": 1200,
      "options": [
        "Distance from center (km)",
        "Size (m²)"
      ],
      "optionA": {
        "trial_id": "20",
        "task_id": "53",
        "values": "4.0, 40",
        "target_value": 1200
      },
      "optionB": {
        "trial_id": "16",
        "task_id": "53",
        "values": "3.0, 70",
        "target_value": 1400
      },
      "choice": {
        "button": "F",
        "selected_option": "OptionA"
      }
    },
    {
      "question": 42,
      "target": "Morning alertness (1-10)",
      "target_value": 9,
      "options": [
        "Amount of sleep (hours)",
        "Time to bed (minutes past 10pm)"
      ],
      "optionA": {
        "trial_id": "4",
        "task_id": "96",
        "values": "9.0, 15",
        "target_value": 9
      },
      "optionB": {
        "trial_id": "19",
        "task_id": "96",
        "values": "7.0, 45",
        "target_value": 6
      },
      "choice": {
        "button": "F",
        "selected_option": "OptionA"
      }
    },
    {
      "question": 43,
      "target": "Flower Size",
      "target_value": 4,
      "options": [
        "Plant Height",
        "Number of Leaves"
      ],
      "optionA": {
        "trial_id": "7",
        "task_id": "80",
        "values": "27.0, 15",
        "target_value": 4
      },
      "optionB": {
        "trial_id": "5",
        "task_id": "80",
        "values": "35.0, 8",
        "target_value": 6
      },
      "choice": {
        "button": "F",
        "selected_option": "OptionA"
      }
    },
    {
      "question": 44,
      "target": "Physical Endurance",
      "target_value": 7,
      "options": [
        "Age",
        "Height"
      ],
      "optionA": {
        "trial_id": "9",
        "task_id": "135",
        "values": "35.0, 170.0",
        "target_value": 7
      },
      "optionB": {
        "trial_id": "8",
        "task_id": "123",
        "values": "30.0, 180.0",
        "target_value": 90
      },
      "choice": {
        "button": "F",
        "selected_option": "OptionA"
      }
    },
    {
      "question": 45,
      "target": "Speed (km/h)",
      "target_value": 23,
      "options": [
        "Bicycle weight (kg)",
        "Wheel size (inches)"
      ],
      "optionA": {
        "trial_id": "18",
        "task_id": "119",
        "values": "13.0, 27",
        "target_value": 23
      },
      "optionB": {
        "trial_id": "10",
        "task_id": "119",
        "values": "15.0, 27",
        "target_value": 23
      },
      "choice": {
        "button": "F",
        "selected_option": "OptionA"
      }
    },
    {
      "question": 46,
      "target": "Value",
      "target_value": 6,
      "options": [
        "Price",
        "Size"
      ],
      "optionA": {
        "trial_id": "10",
        "task_id": "67",
        "values": "90.0, 30",
        "target_value": 6
      },
      "optionB": {
        "trial_id": "13",
        "task_id": "67",
        "values": "80.0, 30",
        "target_value": 9
      },
      "choice": {
        "button": "F",
        "selected_option": "OptionA"
      }
    },
    {
      "question": 47,
      "target": "BMI",
      "target_value": 30,
      "options": [
        "Height",
        "Weight"
      ],
      "optionA": {
        "trial_id": "10",
        "task_id": "17",
        "values": "155.0, 73",
        "target_value": 30
      },
      "optionB": {
        "trial_id": "5",
        "task_id": "17",
        "values": "160.0, 60",
        "target_value": 23.4
      },
      "choice": {
        "button": "F",
        "selected_option": "OptionA"
      }
    },
    {
      "question": 48,
      "target": "Exam score",
      "target_value": 98,
      "options": [
        "Study hours",
        "Intelligence"
      ],
      "optionA": {
        "trial_id": "12",
        "task_id": "81",
        "values": "7.0, 55",
        "target_value": 98
      },
      "optionB": {
        "trial_id": "13",
        "task_id": "81",
        "values": "4.0, 75",
        "target_value": 80
      },
      "choice": {
        "button": "F",
        "selected_option": "OptionA"
      }
    },
    {
      "question": 49,
      "target": "Car Value",
      "target_value": 60000,
      "options": [
        "Age (years)",
        "Mileage (km)"
      ],
      "optionA": {
        "trial_id": "18",
        "task_id": "127",
        "values": "1.0, 2000",
        "target_value": 60000
      },
      "optionB": {
        "trial_id": "6",
        "task_id": "127",
        "values": "8.0, 45000",
        "target_value": 25000
      },
      "choice": {
        "button": "F",
        "selected_option": "OptionA"
      }
    },
    {
      "question": 50,
      "target": "Fuel Efficiency (km/l)",
      "target_value": 11,
      "options": [
        "Car Engine Size (liters)",
        "Weight (kg)"
      ],
      "optionA": {
        "trial_id": "9",
        "task_id": "103",
        "values": "2.2, 1350.0",
        "target_value": 11
      },
      "optionB": {
        "trial_id": "14",
        "task_id": "103",
        "values": "2.6, 1400.0",
        "target_value": 10
      },
      "choice": {
        "button": "F",
        "selected_option": "OptionA"
      }
    }
  ]
}