{
  "prolific_id": "UNKNOWN",
  "condition_group": "ranking",
  "responses": [
    {
      "question": 1,
      "target": "Warmth Rating (1-10)",
      "target_value": 10.5,
      "options": [
        "Shirt Thickness (mm)",
        "Shirt Weight (g)"
      ],
      "optionA": {
        "trial_id": "17",
        "task_id": "35",
        "values": "5.5, 125.0",
        "target_value": 10.5
      },
      "optionB": {
        "trial_id": "7",
        "task_id": "35",
        "values": "5.0, 120.0",
        "target_value": 10
      },
      "choice": {
        "button": "F",
        "selected_option": "OptionA"
      }
    },
    {
      "question": 2,
      "target": "Mobile Phone Performance",
      "target_value": 100,
      "options": [
        "Mobile Phone RAM",
        "Mobile Phone Battery Size"
      ],
      "optionA": {
        "trial_id": "13",
        "task_id": "40",
        "values": "16.0, 2800",
        "target_value": 100
      },
      "optionB": {
        "trial_id": "13",
        "task_id": "40",
        "values": "16.0, 2800",
        "target_value": 100
      },
      "choice": {
        "button": "F",
        "selected_option": "OptionA"
      }
    },
    {
      "question": 3,
      "target": "Favorability",
      "target_value": 8,
      "options": [
        "Coffee strength",
        "Coffee cream"
      ],
      "optionA": {
        "trial_id": "5",
        "task_id": "57",
        "values": "9.0, 0.4",
        "target_value": 8
      },
      "optionB": {
        "trial_id": "6",
        "task_id": "57",
        "values": "7.0, 0.5",
        "target_value": 6
      },
      "choice": {
        "button": "J",
        "selected_option": "OptionB"
      }
    },
    {
      "question": 4,
      "target": "Customer Satisfaction",
      "target_value": 8,
      "options": [
        "Restaurant Wait Time (in mins)",
        "Restaurant Rating (1-5)"
      ],
      "optionA": {
        "trial_id": "9",
        "task_id": "174",
        "values": "12.0, 4",
        "target_value": 8
      },
      "optionB": {
        "trial_id": "13",
        "task_id": "174",
        "values": "18.0, 4",
        "target_value": 7
      },
      "choice": {
        "button": "F",
        "selected_option": "OptionA"
      }
    },
    {
      "question": 5,
      "target": "Mood Score (1-10)",
      "target_value": 9,
      "options": [
        "Hours of Sleep",
        "Screen Time (hours)"
      ],
      "optionA": {
        "trial_id": "19",
        "task_id": "109",
        "values": "9.0, 2",
        "target_value": 9
      },
      "optionB": {
        "trial_id": "18",
        "task_id": "109",
        "values": "5.0, 2",
        "target_value": 6
      },
      "choice": {
        "button": "F",
        "selected_option": "OptionA"
      }
    },
    {
      "question": 6,
      "target": "Endurance",
      "target_value": 75,
      "options": [
        "Age",
        "Height"
      ],
      "optionA": {
        "trial_id": "20",
        "task_id": "123",
        "values": "60.0, 210.0",
        "target_value": 75
      },
      "optionB": {
        "trial_id": "19",
        "task_id": "135",
        "values": "55.0, 175.0",
        "target_value": 4.5
      },
      "choice": {
        "button": "J",
        "selected_option": "OptionB"
      }
    },
    {
      "question": 7,
      "target": "Salary",
      "target_value": 82000,
      "options": [
        "Experience",
        "Years since graduation"
      ],
      "optionA": {
        "trial_id": "11",
        "task_id": "76",
        "values": "11.0, 9",
        "target_value": 82000
      },
      "optionB": {
        "trial_id": "14",
        "task_id": "76",
        "values": "12.0, 10",
        "target_value": 83000
      },
      "choice": {
        "button": "J",
        "selected_option": "OptionB"
      }
    },
    {
      "question": 8,
      "target": "House price (thousands)",
      "target_value": 340,
      "options": [
        "House size (m2)",
        "Number of bedrooms"
      ],
      "optionA": {
        "trial_id": "2",
        "task_id": "117",
        "values": "110.0, 4",
        "target_value": 340
      },
      "optionB": {
        "trial_id": "12",
        "task_id": "117",
        "values": "125.0, 4",
        "target_value": 365
      },
      "choice": {
        "button": "J",
        "selected_option": "OptionB"
      }
    },
    {
      "question": 9,
      "target": "Comfort (1-10)",
      "target_value": 9,
      "options": [
        "Shoe Width (cm)",
        "Arch Support (1-10)"
      ],
      "optionA": {
        "trial_id": "5",
        "task_id": "7",
        "values": "8.0, 7",
        "target_value": 9
      },
      "optionB": {
        "trial_id": "5",
        "task_id": "7",
        "values": "8.0, 7",
        "target_value": 9
      },
      "choice": {
        "button": "J",
        "selected_option": "OptionB"
      }
    },
    {
      "question": "attention_check_9",
      "choice": "F",
      "passed": false,
      "timestamp": 1756154459636
    },
    {
      "question": 10,
      "target": "Tree trunk volume (m³)",
      "target_value": 3,
      "options": [
        "Height (cm)",
        "Width (cm)"
      ],
      "optionA": {
        "trial_id": "15",
        "task_id": "162",
        "values": "160.0, 40",
        "target_value": 3
      },
      "optionB": {
        "trial_id": "9",
        "task_id": "162",
        "values": "220.0, 26",
        "target_value": 7
      },
      "choice": {
        "button": "F",
        "selected_option": "OptionA"
      }
    },
    {
      "question": 11,
      "target": "Cooking time (minutes)",
      "target_value": 27,
      "options": [
        "Number of ingredients",
        "Prep time (minutes)"
      ],
      "optionA": {
        "trial_id": "17",
        "task_id": "140",
        "values": "9.0, 7",
        "target_value": 27
      },
      "optionB": {
        "trial_id": "5",
        "task_id": "140",
        "values": "3.0, 12",
        "target_value": 18
      },
      "choice": {
        "button": "J",
        "selected_option": "OptionB"
      }
    },
    {
      "question": 12,
      "target": "Taste rating (1-10)",
      "target_value": 5,
      "options": [
        "Number of ingredients (count)",
        "Prep time (minutes)"
      ],
      "optionA": {
        "trial_id": "5",
        "task_id": "97",
        "values": "8.0, 40",
        "target_value": 5
      },
      "optionB": {
        "trial_id": "15",
        "task_id": "97",
        "values": "14.0, 20",
        "target_value": 5
      },
      "choice": {
        "button": "F",
        "selected_option": "OptionA"
      }
    },
    {
      "question": 13,
      "target": "Flower Size",
      "target_value": 5,
      "options": [
        "Plant Height",
        "Number of Leaves"
      ],
      "optionA": {
        "trial_id": "1",
        "task_id": "80",
        "values": "30.0, 10",
        "target_value": 5
      },
      "optionB": {
        "trial_id": "9",
        "task_id": "80",
        "values": "32.0, 11",
        "target_value": 5
      },
      "choice": {
        "button": "F",
        "selected_option": "OptionA"
      }
    },
    {
      "question": 14,
      "target": "Flower Size",
      "target_value": 4,
      "options": [
        "Plant Height",
        "Number of Leaves"
      ],
      "optionA": {
        "trial_id": "2",
        "task_id": "80",
        "values": "25.0, 12",
        "target_value": 4
      },
      "optionB": {
        "trial_id": "20",
        "task_id": "80",
        "values": "27.0, 11",
        "target_value": 4
      },
      "choice": {
        "button": "J",
        "selected_option": "OptionB"
      }
    },
    {
      "question": 15,
      "target": "Value for Money",
      "target_value": 50,
      "options": [
        "Price",
        "Weight"
      ],
      "optionA": {
        "trial_id": "1",
        "task_id": "20",
        "values": "100.0, 2.0",
        "target_value": 50
      },
      "optionB": {
        "trial_id": "10",
        "task_id": "20",
        "values": "85.0, 3.0",
        "target_value": 32
      },
      "choice": {
        "button": "J",
        "selected_option": "OptionB"
      }
    },
    {
      "question": 16,
      "target": "Strength",
      "target_value": 7,
      "options": [
        "Tea leaves (g)",
        "Water temperature (°C)"
      ],
      "optionA": {
        "trial_id": "3",
        "task_id": "120",
        "values": "6.0, 85",
        "target_value": 7
      },
      "optionB": {
        "trial_id": "14",
        "task_id": "120",
        "values": "5.0, 103",
        "target_value": 8
      },
      "choice": {
        "button": "F",
        "selected_option": "OptionA"
      }
    },
    {
      "question": 17,
      "target": "Travel Time (min)",
      "target_value": 9,
      "options": [
        "Distance (km)",
        "Speed (km/h)"
      ],
      "optionA": {
        "trial_id": "8",
        "task_id": "166",
        "values": "12.0, 65",
        "target_value": 9
      },
      "optionB": {
        "trial_id": "13",
        "task_id": "166",
        "values": "15.0, 75",
        "target_value": 12
      },
      "choice": {
        "button": "F",
        "selected_option": "OptionA"
      }
    },
    {
      "question": 18,
      "target": "Taste Rating (scale 1-10)",
      "target_value": 7,
      "options": [
        "Number of Ingredients",
        "Cooking Time (minutes)"
      ],
      "optionA": {
        "trial_id": "12",
        "task_id": "167",
        "values": "10.0, 30",
        "target_value": 7
      },
      "optionB": {
        "trial_id": "19",
        "task_id": "167",
        "values": "8.0, 25",
        "target_value": 8
      },
      "choice": {
        "button": "F",
        "selected_option": "OptionA"
      }
    },
    {
      "question": 19,
      "target": "Fatigue (1-10)",
      "target_value": 6,
      "options": [
        "Exercise Duration (min)",
        "Rest Time (min)"
      ],
      "optionA": {
        "trial_id": "3",
        "task_id": "2",
        "values": "40.0, 5",
        "target_value": 6
      },
      "optionB": {
        "trial_id": "4",
        "task_id": "2",
        "values": "30.0, 10",
        "target_value": 4
      },
      "choice": {
        "button": "F",
        "selected_option": "OptionA"
      }
    },
    {
      "question": "attention_check_19",
      "choice": "F",
      "passed": true,
      "timestamp": 1756154584669
    },
    {
      "question": 20,
      "target": "Morning alertness (1-10)",
      "target_value": 5,
      "options": [
        "Amount of sleep (hours)",
        "Time to bed (minutes past 10pm)"
      ],
      "optionA": {
        "trial_id": "2",
        "task_id": "96",
        "values": "7.0, 60",
        "target_value": 5
      },
      "optionB": {
        "trial_id": "6",
        "task_id": "96",
        "values": "8.0, 30",
        "target_value": 7
      },
      "choice": {
        "button": "J",
        "selected_option": "OptionB"
      }
    },
    {
      "question": 21,
      "target": "Flower Size",
      "target_value": 5,
      "options": [
        "Plant Height",
        "Number of Leaves"
      ],
      "optionA": {
        "trial_id": "4",
        "task_id": "80",
        "values": "32.0, 9",
        "target_value": 5
      },
      "optionB": {
        "trial_id": "14",
        "task_id": "80",
        "values": "31.0, 10",
        "target_value": 5
      },
      "choice": {
        "button": "F",
        "selected_option": "OptionA"
      }
    },
    {
      "question": 22,
      "target": "Battery Life",
      "target_value": 20,
      "options": [
        "Phone Battery Capacity",
        "Number of Apps Installed"
      ],
      "optionA": {
        "trial_id": "2",
        "task_id": "78",
        "values": "3000.0, 40",
        "target_value": 20
      },
      "optionB": {
        "trial_id": "13",
        "task_id": "78",
        "values": "3000.0, 30",
        "target_value": 20
      },
      "choice": {
        "button": "J",
        "selected_option": "OptionB"
      }
    },
    {
      "question": 23,
      "target": "Endurance",
      "target_value": 75,
      "options": [
        "Age",
        "Height"
      ],
      "optionA": {
        "trial_id": "15",
        "task_id": "123",
        "values": "45.0, 195.0",
        "target_value": 75
      },
      "optionB": {
        "trial_id": "18",
        "task_id": "123",
        "values": "75.0, 135.0",
        "target_value": 60
      },
      "choice": {
        "button": "F",
        "selected_option": "OptionA"
      }
    },
    {
      "question": 24,
      "target": "Cooking time (minutes)",
      "target_value": 30,
      "options": [
        "Number of ingredients",
        "Prep time (minutes)"
      ],
      "optionA": {
        "trial_id": "13",
        "task_id": "140",
        "values": "10.0, 6",
        "target_value": 30
      },
      "optionB": {
        "trial_id": "15",
        "task_id": "140",
        "values": "2.0, 14",
        "target_value": 16
      },
      "choice": {
        "button": "J",
        "selected_option": "OptionB"
      }
    },
    {
      "question": 25,
      "target": "Heart Health",
      "target_value": 71,
      "options": [
        "Age",
        "Exercise Hours"
      ],
      "optionA": {
        "trial_id": "18",
        "task_id": "16",
        "values": "65.0, 0",
        "target_value": 71
      },
      "optionB": {
        "trial_id": "3",
        "task_id": "16",
        "values": "50.0, 1",
        "target_value": 70
      },
      "choice": {
        "button": "J",
        "selected_option": "OptionB"
      }
    },
    {
      "question": 26,
      "target": "Taste Rating",
      "target_value": 9,
      "options": [
        "Number of Ingredients",
        "Prep Time (min)"
      ],
      "optionA": {
        "trial_id": "8",
        "task_id": "148",
        "values": "4.0, 20.0",
        "target_value": 9
      },
      "optionB": {
        "trial_id": "9",
        "task_id": "148",
        "values": "5.0, 20.0",
        "target_value": 8
      },
      "choice": {
        "button": "J",
        "selected_option": "OptionB"
      }
    },
    {
      "question": 27,
      "target": "Tree trunk volume (m³)",
      "target_value": 5,
      "options": [
        "Height (cm)",
        "Width (cm)"
      ],
      "optionA": {
        "trial_id": "7",
        "task_id": "162",
        "values": "180.0, 34",
        "target_value": 5
      },
      "optionB": {
        "trial_id": "9",
        "task_id": "162",
        "values": "220.0, 26",
        "target_value": 7
      },
      "choice": {
        "button": "J",
        "selected_option": "OptionB"
      }
    },
    {
      "question": 28,
      "target": "Height (cm)",
      "target_value": 10,
      "options": [
        "Age of the plant (weeks)",
        "Water given (ml/day)"
      ],
      "optionA": {
        "trial_id": "2",
        "task_id": "91",
        "values": "3.0, 600",
        "target_value": 10
      },
      "optionB": {
        "trial_id": "19",
        "task_id": "91",
        "values": "5.0, 300",
        "target_value": 15
      },
      "choice": {
        "button": "J",
        "selected_option": "OptionB"
      }
    },
    {
      "question": 29,
      "target": "Popularity",
      "target_value": 68,
      "options": [
        "Book age",
        "Page count"
      ],
      "optionA": {
        "trial_id": "20",
        "task_id": "134",
        "values": "12.0, 450",
        "target_value": 68
      },
      "optionB": {
        "trial_id": "20",
        "task_id": "134",
        "values": "12.0, 450",
        "target_value": 68
      },
      "choice": {
        "button": "J",
        "selected_option": "OptionB"
      }
    },
    {
      "question": "attention_check_29",
      "choice": "F",
      "passed": false,
      "timestamp": 1756154651388
    },
    {
      "question": 30,
      "target": "Morning Alertness",
      "target_value": 10,
      "options": [
        "Hours of Sleep",
        "Number of Alarms"
      ],
      "optionA": {
        "trial_id": "7",
        "task_id": "160",
        "values": "9.0, 0",
        "target_value": 10
      },
      "optionB": {
        "trial_id": "6",
        "task_id": "160",
        "values": "5.0, 4",
        "target_value": 4
      },
      "choice": {
        "button": "F",
        "selected_option": "OptionA"
      }
    },
    {
      "question": 31,
      "target": "Strength",
      "target_value": 6,
      "options": [
        "Tea leaves (g)",
        "Water temperature (°C)"
      ],
      "optionA": {
        "trial_id": "7",
        "task_id": "120",
        "values": "7.0, 80",
        "target_value": 6
      },
      "optionB": {
        "trial_id": "3",
        "task_id": "120",
        "values": "6.0, 85",
        "target_value": 7
      },
      "choice": {
        "button": "F",
        "selected_option": "OptionA"
      }
    },
    {
      "question": 32,
      "target": "Fuel efficiency (km/l)",
      "target_value": 14,
      "options": [
        "Engine size (cc)",
        "Weight (kg)"
      ],
      "optionA": {
        "trial_id": "3",
        "task_id": "51",
        "values": "1600.0, 1100",
        "target_value": 14
      },
      "optionB": {
        "trial_id": "5",
        "task_id": "51",
        "values": "1400.0, 1300",
        "target_value": 16
      },
      "choice": {
        "button": "F",
        "selected_option": "OptionA"
      }
    },
    {
      "question": 33,
      "target": "Exam score (%)",
      "target_value": 84,
      "options": [
        "Student study hours per week",
        "Student age (years)"
      ],
      "optionA": {
        "trial_id": "15",
        "task_id": "144",
        "values": "10.0, 14",
        "target_value": 84
      },
      "optionB": {
        "trial_id": "17",
        "task_id": "144",
        "values": "8.0, 16",
        "target_value": 83
      },
      "choice": {
        "button": "F",
        "selected_option": "OptionA"
      }
    },
    {
      "question": 34,
      "target": "Bike Speed",
      "target_value": 22,
      "options": [
        "Bike Weight",
        "Bike Frame Size"
      ],
      "optionA": {
        "trial_id": "14",
        "task_id": "106",
        "values": "13.0, 22",
        "target_value": 22
      },
      "optionB": {
        "trial_id": "10",
        "task_id": "106",
        "values": "12.0, 20",
        "target_value": 23
      },
      "choice": {
        "button": "J",
        "selected_option": "OptionB"
      }
    },
    {
      "question": 35,
      "target": "Height (cm)",
      "target_value": 15,
      "options": [
        "Age of the plant (weeks)",
        "Water given (ml/day)"
      ],
      "optionA": {
        "trial_id": "19",
        "task_id": "91",
        "values": "5.0, 300",
        "target_value": 15
      },
      "optionB": {
        "trial_id": "10",
        "task_id": "91",
        "values": "2.0, 700",
        "target_value": 9
      },
      "choice": {
        "button": "F",
        "selected_option": "OptionA"
      }
    },
    {
      "question": 36,
      "target": "Freshness",
      "target_value": 8,
      "options": [
        "Cooking Time",
        "Ingredients"
      ],
      "optionA": {
        "trial_id": "10",
        "task_id": "19",
        "values": "25.0, 7.0",
        "target_value": 8
      },
      "optionB": {
        "trial_id": "14",
        "task_id": "19",
        "values": "32.0, 3.0",
        "target_value": 7
      },
      "choice": {
        "button": "F",
        "selected_option": "OptionA"
      }
    },
    {
      "question": 37,
      "target": "Energy Level (scale 1-10)",
      "target_value": 5,
      "options": [
        "Age (years)",
        "Number of Pets"
      ],
      "optionA": {
        "trial_id": "11",
        "task_id": "165",
        "values": "4.0, 1",
        "target_value": 5
      },
      "optionB": {
        "trial_id": "3",
        "task_id": "165",
        "values": "7.0, 1",
        "target_value": 4
      },
      "choice": {
        "button": "J",
        "selected_option": "OptionB"
      }
    },
    {
      "question": 38,
      "target": "Exam score",
      "target_value": 95,
      "options": [
        "Study hours",
        "Intelligence"
      ],
      "optionA": {
        "trial_id": "7",
        "task_id": "81",
        "values": "7.0, 60",
        "target_value": 95
      },
      "optionB": {
        "trial_id": "1",
        "task_id": "81",
        "values": "5.0, 80",
        "target_value": 85
      },
      "choice": {
        "button": "F",
        "selected_option": "OptionA"
      }
    },
    {
      "question": 39,
      "target": "User Satisfaction",
      "target_value": 8.6,
      "options": [
        "Smartphone Price",
        "Battery Capacity"
      ],
      "optionA": {
        "trial_id": "17",
        "task_id": "31",
        "values": "550.0, 4200.0",
        "target_value": 8.6
      },
      "optionB": {
        "trial_id": "5",
        "task_id": "31",
        "values": "400.0, 3000.0",
        "target_value": 8.8
      },
      "choice": {
        "button": "F",
        "selected_option": "OptionA"
      }
    },
    {
      "question": "attention_check_39",
      "choice": "F",
      "passed": true,
      "timestamp": 1756154758420
    },
    {
      "question": 40,
      "target": "Bicycle Speed",
      "target_value": 13,
      "options": [
        "Bicycle Weight",
        "Bicycle Price"
      ],
      "optionA": {
        "trial_id": "16",
        "task_id": "39",
        "values": "26.0, 380",
        "target_value": 13
      },
      "optionB": {
        "trial_id": "1",
        "task_id": "39",
        "values": "10.0, 500",
        "target_value": 25
      },
      "choice": {
        "button": "J",
        "selected_option": "OptionB"
      }
    },
    {
      "question": 41,
      "target": "Bicycle Speed",
      "target_value": 20,
      "options": [
        "Bicycle Weight",
        "Bicycle Price"
      ],
      "optionA": {
        "trial_id": "2",
        "task_id": "39",
        "values": "12.0, 450",
        "target_value": 20
      },
      "optionB": {
        "trial_id": "1",
        "task_id": "39",
        "values": "10.0, 500",
        "target_value": 25
      },
      "choice": {
        "button": "J",
        "selected_option": "OptionB"
      }
    },
    {
      "question": 42,
      "target": "Battery life",
      "target_value": 16,
      "options": [
        "Battery capacity",
        "Weight"
      ],
      "optionA": {
        "trial_id": "7",
        "task_id": "75",
        "values": "7000.0, 240",
        "target_value": 16
      },
      "optionB": {
        "trial_id": "12",
        "task_id": "75",
        "values": "3500.0, 330",
        "target_value": 9
      },
      "choice": {
        "button": "F",
        "selected_option": "OptionA"
      }
    },
    {
      "question": 43,
      "target": "Exam score",
      "target_value": 99,
      "options": [
        "Study hours",
        "Intelligence score"
      ],
      "optionA": {
        "trial_id": "20",
        "task_id": "122",
        "values": "9.0, 45.0",
        "target_value": 99
      },
      "optionB": {
        "trial_id": "17",
        "task_id": "122",
        "values": "1.0, 120.0",
        "target_value": 60
      },
      "choice": {
        "button": "J",
        "selected_option": "OptionB"
      }
    },
    {
      "question": 44,
      "target": "Salary",
      "target_value": 80000,
      "options": [
        "Experience",
        "Years since graduation"
      ],
      "optionA": {
        "trial_id": "1",
        "task_id": "76",
        "values": "10.0, 5",
        "target_value": 80000
      },
      "optionB": {
        "trial_id": "11",
        "task_id": "76",
        "values": "11.0, 9",
        "target_value": 82000
      },
      "choice": {
        "button": "F",
        "selected_option": "OptionA"
      }
    },
    {
      "question": 45,
      "target": "Reliability",
      "target_value": 98,
      "options": [
        "Car age",
        "Maintenance cost"
      ],
      "optionA": {
        "trial_id": "18",
        "task_id": "83",
        "values": "2.0, 2700",
        "target_value": 98
      },
      "optionB": {
        "trial_id": "3",
        "task_id": "83",
        "values": "3.0, 1500",
        "target_value": 85
      },
      "choice": {
        "button": "J",
        "selected_option": "OptionB"
      }
    },
    {
      "question": 46,
      "target": "Taste Rating",
      "target_value": 8,
      "options": [
        "Number of Ingredients",
        "Prep Time (min)"
      ],
      "optionA": {
        "trial_id": "14",
        "task_id": "148",
        "values": "5.0, 25.0",
        "target_value": 8
      },
      "optionB": {
        "trial_id": "16",
        "task_id": "148",
        "values": "6.0, 30.0",
        "target_value": 7
      },
      "choice": {
        "button": "J",
        "selected_option": "OptionB"
      }
    },
    {
      "question": 47,
      "target": "Distance",
      "target_value": 420,
      "options": [
        "Fuel Efficiency",
        "Weight"
      ],
      "optionA": {
        "trial_id": "15",
        "task_id": "69",
        "values": "28.0, 1400",
        "target_value": 420
      },
      "optionB": {
        "trial_id": "20",
        "task_id": "69",
        "values": "25.0, 1600",
        "target_value": 400
      },
      "choice": {
        "button": "F",
        "selected_option": "OptionA"
      }
    },
    {
      "question": 48,
      "target": "Customer satisfaction (1-10)",
      "target_value": 8,
      "options": [
        "Number of reviews",
        "Price (in $)"
      ],
      "optionA": {
        "trial_id": "17",
        "task_id": "56",
        "values": "100.0, 50",
        "target_value": 8
      },
      "optionB": {
        "trial_id": "15",
        "task_id": "56",
        "values": "180.0, 55",
        "target_value": 8.5
      },
      "choice": {
        "button": "J",
        "selected_option": "OptionB"
      }
    },
    {
      "question": 49,
      "target": "App Performance (1-10)",
      "target_value": 6,
      "options": [
        "Phone RAM (GB)",
        "Phone Brand (1=Premium, 2=Budget)"
      ],
      "optionA": {
        "trial_id": "14",
        "task_id": "176",
        "values": "5.0, 2",
        "target_value": 6
      },
      "optionB": {
        "trial_id": "20",
        "task_id": "176",
        "values": "3.0, 2",
        "target_value": 5
      },
      "choice": {
        "button": "F",
        "selected_option": "OptionA"
      }
    },
    {
      "question": 50,
      "target": "Exam Score",
      "target_value": 95,
      "options": [
        "Study Time (hours)",
        "Difficulty Level (1-10)"
      ],
      "optionA": {
        "trial_id": "5",
        "task_id": "128",
        "values": "7.0, 1",
        "target_value": 95
      },
      "optionB": {
        "trial_id": "17",
        "task_id": "128",
        "values": "4.0, 5",
        "target_value": 75
      },
      "choice": {
        "button": "F",
        "selected_option": "OptionA"
      }
    }
  ]
}