{
  "prolific_id": "UNKNOWN",
  "condition_group": "direction",
  "responses": [
    {
      "question": 1,
      "target": "Taste Rating (1-10)",
      "target_value": 9,
      "options": [
        "Minutes of Cooking",
        "Number of Ingredients"
      ],
      "optionA": {
        "trial_id": "9",
        "task_id": "56",
        "values": "45.0, 8.0",
        "target_value": 9
      },
      "optionB": {
        "trial_id": "19",
        "task_id": "56",
        "values": "50.0, 10.0",
        "target_value": 10
      },
      "choice": {
        "button": "J",
        "selected_option": "OptionB"
      }
    },
    {
      "question": 2,
      "target": "Top Speed",
      "target_value": 135,
      "options": [
        "Car Engine Size",
        "Horsepower"
      ],
      "optionA": {
        "trial_id": "9",
        "task_id": "36",
        "values": "2.3, 190.0",
        "target_value": 135
      },
      "optionB": {
        "trial_id": "6",
        "task_id": "36",
        "values": "2.8, 240.0",
        "target_value": 155
      },
      "choice": {
        "button": "J",
        "selected_option": "OptionB"
      }
    },
    {
      "question": 3,
      "target": "User Satisfaction",
      "target_value": 7,
      "options": [
        "[Screen Size",
        "Battery Life"
      ],
      "optionA": {
        "trial_id": "11",
        "task_id": "52",
        "values": "7.0, 30.0",
        "target_value": 7
      },
      "optionB": {
        "trial_id": "11",
        "task_id": "52",
        "values": "7.0, 30.0",
        "target_value": 7
      },
      "choice": {
        "button": "F",
        "selected_option": "OptionA"
      }
    },
    {
      "question": 4,
      "target": "Fun Level",
      "target_value": 8,
      "options": [
        "Number of Players",
        "Game Duration (minutes)"
      ],
      "optionA": {
        "trial_id": "1",
        "task_id": "13",
        "values": "4.0, 60.0",
        "target_value": 8
      },
      "optionB": {
        "trial_id": "12",
        "task_id": "13",
        "values": "5.0, 55.0",
        "target_value": 8
      },
      "choice": {
        "button": "J",
        "selected_option": "OptionB"
      }
    },
    {
      "question": 5,
      "target": "Top Speed",
      "target_value": 125,
      "options": [
        "Car Engine Size",
        "Horsepower"
      ],
      "optionA": {
        "trial_id": "8",
        "task_id": "36",
        "values": "1.5, 170.0",
        "target_value": 125
      },
      "optionB": {
        "trial_id": "16",
        "task_id": "61",
        "values": "1.9, 150.0",
        "target_value": 120
      },
      "choice": {
        "button": "F",
        "selected_option": "OptionA"
      }
    },
    {
      "question": 6,
      "target": "Job Success",
      "target_value": 92,
      "options": [
        "Age",
        "Experience"
      ],
      "optionA": {
        "trial_id": "17",
        "task_id": "117",
        "values": "45.0, 12.0",
        "target_value": 92
      },
      "optionB": {
        "trial_id": "8",
        "task_id": "117",
        "values": "32.0, 5.0",
        "target_value": 70
      },
      "choice": {
        "button": "F",
        "selected_option": "OptionA"
      }
    },
    {
      "question": 7,
      "target": "User satisfaction",
      "target_value": 10,
      "options": [
        "Screen size (inches)",
        "RAM (GB)"
      ],
      "optionA": {
        "trial_id": "9",
        "task_id": "119",
        "values": "18.0, 6.0",
        "target_value": 10
      },
      "optionB": {
        "trial_id": "1",
        "task_id": "119",
        "values": "10.0, 2.0",
        "target_value": 6
      },
      "choice": {
        "button": "F",
        "selected_option": "OptionA"
      }
    },
    {
      "question": 8,
      "target": "Fuel Consumption (L/100km)",
      "target_value": 13,
      "options": [
        "Speed (km/h)",
        "Weight (kg)"
      ],
      "optionA": {
        "trial_id": "19",
        "task_id": "43",
        "values": "145.0, 1900.0",
        "target_value": 13
      },
      "optionB": {
        "trial_id": "19",
        "task_id": "43",
        "values": "145.0, 1900.0",
        "target_value": 13
      },
      "choice": {
        "button": "F",
        "selected_option": "OptionA"
      }
    },
    {
      "question": 9,
      "target": "Speed",
      "target_value": 105,
      "options": [
        "Car Engine Size",
        "Horsepower"
      ],
      "optionA": {
        "trial_id": "12",
        "task_id": "61",
        "values": "1.6, 125.0",
        "target_value": 105
      },
      "optionB": {
        "trial_id": "1",
        "task_id": "36",
        "values": "2.0, 180.0",
        "target_value": 130
      },
      "choice": {
        "button": "J",
        "selected_option": "OptionB"
      }
    },
    {
      "question": "attention_check_9",
      "choice": "J",
      "passed": true,
      "timestamp": 1756154680617
    },
    {
      "question": 10,
      "target": "Taste Rating",
      "target_value": 7,
      "options": [
        "Number of Ingredients",
        "Cooking Time (minutes)"
      ],
      "optionA": {
        "trial_id": "9",
        "task_id": "14",
        "values": "5.0, 30.0",
        "target_value": 7
      },
      "optionB": {
        "trial_id": "1",
        "task_id": "14",
        "values": "5.0, 30.0",
        "target_value": 7
      },
      "choice": {
        "button": "F",
        "selected_option": "OptionA"
      }
    },
    {
      "question": 11,
      "target": "Enjoyment Rating (1-10)",
      "target_value": 6,
      "options": [
        "Number of Pages",
        "Reading Time (minutes)"
      ],
      "optionA": {
        "trial_id": "8",
        "task_id": "10",
        "values": "450.0, 170.0",
        "target_value": 6
      },
      "optionB": {
        "trial_id": "13",
        "task_id": "10",
        "values": "320.0, 130.0",
        "target_value": 7
      },
      "choice": {
        "button": "J",
        "selected_option": "OptionB"
      }
    },
    {
      "question": 12,
      "target": "Battery life",
      "target_value": 13,
      "options": [
        "Phone battery",
        "Screen size"
      ],
      "optionA": {
        "trial_id": "5",
        "task_id": "69",
        "values": "4000.0, 6.0",
        "target_value": 13
      },
      "optionB": {
        "trial_id": "1",
        "task_id": "69",
        "values": "3000.0, 5.0",
        "target_value": 12
      },
      "choice": {
        "button": "F",
        "selected_option": "OptionA"
      }
    },
    {
      "question": 13,
      "target": "Battery life",
      "target_value": 13,
      "options": [
        "Phone battery",
        "Screen size"
      ],
      "optionA": {
        "trial_id": "2",
        "task_id": "69",
        "values": "4000.0, 6.0",
        "target_value": 13
      },
      "optionB": {
        "trial_id": "19",
        "task_id": "69",
        "values": "3500.0, 5.0",
        "target_value": 11
      },
      "choice": {
        "button": "F",
        "selected_option": "OptionA"
      }
    },
    {
      "question": 14,
      "target": "Fitness Level",
      "target_value": 7,
      "options": [
        "Exercise Time (min/day)",
        "Healthy Diet (%)"
      ],
      "optionA": {
        "trial_id": "5",
        "task_id": "46",
        "values": "25.0, 80.0",
        "target_value": 7
      },
      "optionB": {
        "trial_id": "7",
        "task_id": "46",
        "values": "35.0, 75.0",
        "target_value": 7
      },
      "choice": {
        "button": "J",
        "selected_option": "OptionB"
      }
    },
    {
      "question": 15,
      "target": "Fun Level",
      "target_value": 7,
      "options": [
        "Number of Players",
        "Game Duration (minutes)"
      ],
      "optionA": {
        "trial_id": "8",
        "task_id": "13",
        "values": "4.0, 50.0",
        "target_value": 7
      },
      "optionB": {
        "trial_id": "4",
        "task_id": "13",
        "values": "5.0, 45.0",
        "target_value": 7
      },
      "choice": {
        "button": "J",
        "selected_option": "OptionB"
      }
    },
    {
      "question": 16,
      "target": "Performance Score",
      "target_value": 85,
      "options": [
        "Hours of Practice",
        "Natural Talent (1-10)"
      ],
      "optionA": {
        "trial_id": "11",
        "task_id": "78",
        "values": "11.0, 5.0",
        "target_value": 85
      },
      "optionB": {
        "trial_id": "6",
        "task_id": "78",
        "values": "10.0, 7.0",
        "target_value": 85
      },
      "choice": {
        "button": "J",
        "selected_option": "OptionB"
      }
    },
    {
      "question": 17,
      "target": "Value Score",
      "target_value": 70,
      "options": [
        "Price ($)",
        "Size (GB)"
      ],
      "optionA": {
        "trial_id": "19",
        "task_id": "99",
        "values": "50.0, 128.0",
        "target_value": 70
      },
      "optionB": {
        "trial_id": "13",
        "task_id": "99",
        "values": "70.0, 256.0",
        "target_value": 75
      },
      "choice": {
        "button": "J",
        "selected_option": "OptionB"
      }
    },
    {
      "question": 18,
      "target": "Brightness",
      "target_value": 680,
      "options": [
        "Phone Battery Capacity",
        "Screen Size"
      ],
      "optionA": {
        "trial_id": "4",
        "task_id": "37",
        "values": "4500.0, 5.0",
        "target_value": 680
      },
      "optionB": {
        "trial_id": "14",
        "task_id": "37",
        "values": "3500.0, 5.0",
        "target_value": 640
      },
      "choice": {
        "button": "F",
        "selected_option": "OptionA"
      }
    },
    {
      "question": 19,
      "target": "Natural Light (on scale 1-10)",
      "target_value": 8,
      "options": [
        "Room Area (m2)",
        "Number of Windows"
      ],
      "optionA": {
        "trial_id": "20",
        "task_id": "15",
        "values": "30.0, 4.0",
        "target_value": 8
      },
      "optionB": {
        "trial_id": "13",
        "task_id": "15",
        "values": "26.0, 5.0",
        "target_value": 9
      },
      "choice": {
        "button": "J",
        "selected_option": "OptionB"
      }
    },
    {
      "question": "attention_check_19",
      "choice": "F",
      "passed": true,
      "timestamp": 1756154806302
    },
    {
      "question": 20,
      "target": "Age (years)",
      "target_value": 50,
      "options": [
        "Tree Height (m)",
        "Trunk Diameter (cm)"
      ],
      "optionA": {
        "trial_id": "4",
        "task_id": "32",
        "values": "10.0, 30.0",
        "target_value": 50
      },
      "optionB": {
        "trial_id": "13",
        "task_id": "32",
        "values": "7.0, 18.0",
        "target_value": 25
      },
      "choice": {
        "button": "F",
        "selected_option": "OptionA"
      }
    },
    {
      "question": 21,
      "target": "Battery Duration",
      "target_value": 11,
      "options": [
        "Phone Battery Capacity",
        "Screen Brightness"
      ],
      "optionA": {
        "trial_id": "20",
        "task_id": "63",
        "values": "2500.0, 350.0",
        "target_value": 11
      },
      "optionB": {
        "trial_id": "20",
        "task_id": "63",
        "values": "2500.0, 350.0",
        "target_value": 11
      },
      "choice": {
        "button": "F",
        "selected_option": "OptionA"
      }
    },
    {
      "question": 22,
      "target": "Exam Score (%)",
      "target_value": 75,
      "options": [
        "Study Time (hours)",
        "Previous Score (%)"
      ],
      "optionA": {
        "trial_id": "6",
        "task_id": "76",
        "values": "5.0, 70.0",
        "target_value": 75
      },
      "optionB": {
        "trial_id": "9",
        "task_id": "76",
        "values": "7.0, 65.0",
        "target_value": 80
      },
      "choice": {
        "button": "F",
        "selected_option": "OptionA"
      }
    },
    {
      "question": 23,
      "target": "Photo Quality",
      "target_value": 9,
      "options": [
        "Phone Price",
        "Phone Camera Megapixels"
      ],
      "optionA": {
        "trial_id": "2",
        "task_id": "5",
        "values": "550.0, 14.0",
        "target_value": 9
      },
      "optionB": {
        "trial_id": "3",
        "task_id": "5",
        "values": "500.0, 10.0",
        "target_value": 7
      },
      "choice": {
        "button": "F",
        "selected_option": "OptionA"
      }
    },
    {
      "question": 24,
      "target": "Restaurant Customer Satisfaction",
      "target_value": 8.5,
      "options": [
        "Restaurant Menu Size",
        "Restaurant Price Rating"
      ],
      "optionA": {
        "trial_id": "10",
        "task_id": "25",
        "values": "22.0, 4.6",
        "target_value": 8.5
      },
      "optionB": {
        "trial_id": "14",
        "task_id": "25",
        "values": "25.0, 4.5",
        "target_value": 8.4
      },
      "choice": {
        "button": "F",
        "selected_option": "OptionA"
      }
    },
    {
      "question": 25,
      "target": "Strength",
      "target_value": 12,
      "options": [
        "Coffee Beans",
        "Water"
      ],
      "optionA": {
        "trial_id": "8",
        "task_id": "112",
        "values": "8.0, 180.0",
        "target_value": 12
      },
      "optionB": {
        "trial_id": "3",
        "task_id": "112",
        "values": "8.0, 180.0",
        "target_value": 13
      },
      "choice": {
        "button": "F",
        "selected_option": "OptionA"
      }
    },
    {
      "question": 26,
      "target": "Battery Life (hours)",
      "target_value": 11,
      "options": [
        "Phone Weight (g)",
        "Battery Capacity (mAh)"
      ],
      "optionA": {
        "trial_id": "12",
        "task_id": "30",
        "values": "160.0, 4400.0",
        "target_value": 11
      },
      "optionB": {
        "trial_id": "5",
        "task_id": "30",
        "values": "140.0, 3500.0",
        "target_value": 8.5
      },
      "choice": {
        "button": "F",
        "selected_option": "OptionA"
      }
    },
    {
      "question": 27,
      "target": "Bike Speed",
      "target_value": 30,
      "options": [
        "Bike Weight",
        "Bike Wheel Size"
      ],
      "optionA": {
        "trial_id": "13",
        "task_id": "107",
        "values": "16.0, 29.0",
        "target_value": 30
      },
      "optionB": {
        "trial_id": "20",
        "task_id": "107",
        "values": "16.0, 28.0",
        "target_value": 26
      },
      "choice": {
        "button": "F",
        "selected_option": "OptionA"
      }
    },
    {
      "question": 28,
      "target": "Book Rating",
      "target_value": 4.6,
      "options": [
        "Book Page Count",
        "Author Rating"
      ],
      "optionA": {
        "trial_id": "2",
        "task_id": "22",
        "values": "500.0, 4.5",
        "target_value": 4.6
      },
      "optionB": {
        "trial_id": "3",
        "task_id": "22",
        "values": "300.0, 4.9",
        "target_value": 4.8
      },
      "choice": {
        "button": "J",
        "selected_option": "OptionB"
      }
    },
    {
      "question": 29,
      "target": "Speed",
      "target_value": 130,
      "options": [
        "Car Engine Size",
        "Horsepower"
      ],
      "optionA": {
        "trial_id": "15",
        "task_id": "61",
        "values": "2.0, 160.0",
        "target_value": 130
      },
      "optionB": {
        "trial_id": "15",
        "task_id": "36",
        "values": "2.4, 210.0",
        "target_value": 140
      },
      "choice": {
        "button": "J",
        "selected_option": "OptionB"
      }
    },
    {
      "question": "attention_check_29",
      "choice": "J",
      "passed": true,
      "timestamp": 1756154947997
    },
    {
      "question": 30,
      "target": "Energy Boost",
      "target_value": 8,
      "options": [
        "Coffee Caffeine Content",
        "Coffee Richness"
      ],
      "optionA": {
        "trial_id": "3",
        "task_id": "4",
        "values": "80.0, 5.0",
        "target_value": 8
      },
      "optionB": {
        "trial_id": "14",
        "task_id": "4",
        "values": "80.0, 3.0",
        "target_value": 6
      },
      "choice": {
        "button": "F",
        "selected_option": "OptionA"
      }
    },
    {
      "question": 31,
      "target": "Growth Rate",
      "target_value": 5,
      "options": [
        "Plant Leaf Size",
        "Plant Height"
      ],
      "optionA": {
        "trial_id": "17",
        "task_id": "65",
        "values": "14.0, 70.0",
        "target_value": 5
      },
      "optionB": {
        "trial_id": "5",
        "task_id": "65",
        "values": "14.0, 70.0",
        "target_value": 5
      },
      "choice": {
        "button": "F",
        "selected_option": "OptionA"
      }
    },
    {
      "question": 32,
      "target": "Fuel Consumption (L)",
      "target_value": 1250,
      "options": [
        "Flight Duration (hours)",
        "Distance (km)"
      ],
      "optionA": {
        "trial_id": "3",
        "task_id": "33",
        "values": "5.0, 1250.0",
        "target_value": 1250
      },
      "optionB": {
        "trial_id": "6",
        "task_id": "33",
        "values": "2.0, 600.0",
        "target_value": 600
      },
      "choice": {
        "button": "F",
        "selected_option": "OptionA"
      }
    },
    {
      "question": 33,
      "target": "Fuel Consumption (L/100km)",
      "target_value": 9,
      "options": [
        "Engine Size (cc)",
        "Weight (kg)"
      ],
      "optionA": {
        "trial_id": "2",
        "task_id": "11",
        "values": "2500.0, 1300.0",
        "target_value": 9
      },
      "optionB": {
        "trial_id": "14",
        "task_id": "11",
        "values": "2000.0, 1300.0",
        "target_value": 8
      },
      "choice": {
        "button": "F",
        "selected_option": "OptionA"
      }
    },
    {
      "question": 34,
      "target": "Tea Strength (1-10)",
      "target_value": 5,
      "options": [
        "Tea Leaf Quality (1-10)",
        "Tea Steeping Time (minutes)"
      ],
      "optionA": {
        "trial_id": "11",
        "task_id": "80",
        "values": "6.0, 2.0",
        "target_value": 5
      },
      "optionB": {
        "trial_id": "8",
        "task_id": "80",
        "values": "10.0, 6.0",
        "target_value": 9
      },
      "choice": {
        "button": "J",
        "selected_option": "OptionB"
      }
    },
    {
      "question": 35,
      "target": "Book Rating",
      "target_value": 4.4,
      "options": [
        "Book Page Count",
        "Author Rating"
      ],
      "optionA": {
        "trial_id": "19",
        "task_id": "22",
        "values": "250.0, 4.5",
        "target_value": 4.4
      },
      "optionB": {
        "trial_id": "9",
        "task_id": "22",
        "values": "500.0, 4.5",
        "target_value": 4.6
      },
      "choice": {
        "button": "F",
        "selected_option": "OptionA"
      }
    },
    {
      "question": 36,
      "target": "Fuel Consumption (L/100km)",
      "target_value": 11,
      "options": [
        "Speed (km/h)",
        "Weight (kg)"
      ],
      "optionA": {
        "trial_id": "10",
        "task_id": "43",
        "values": "120.0, 1800.0",
        "target_value": 11
      },
      "optionB": {
        "trial_id": "16",
        "task_id": "43",
        "values": "125.0, 1650.0",
        "target_value": 10
      },
      "choice": {
        "button": "F",
        "selected_option": "OptionA"
      }
    },
    {
      "question": 37,
      "target": "Performance",
      "target_value": 7.9,
      "options": [
        "Skill Level",
        "Practice Time"
      ],
      "optionA": {
        "trial_id": "7",
        "task_id": "100",
        "values": "5.0, 16.0",
        "target_value": 7.9
      },
      "optionB": {
        "trial_id": "16",
        "task_id": "100",
        "values": "6.0, 20.0",
        "target_value": 8.4
      },
      "choice": {
        "button": "J",
        "selected_option": "OptionB"
      }
    },
    {
      "question": 38,
      "target": "Quality",
      "target_value": 88,
      "options": [
        "Price",
        "Size"
      ],
      "optionA": {
        "trial_id": "8",
        "task_id": "110",
        "values": "160.0, 15.0",
        "target_value": 88
      },
      "optionB": {
        "trial_id": "16",
        "task_id": "110",
        "values": "150.0, 20.0",
        "target_value": 90
      },
      "choice": {
        "button": "F",
        "selected_option": "OptionA"
      }
    },
    {
      "question": 39,
      "target": "Muscle gain",
      "target_value": 1.3,
      "options": [
        "Minutes of exercise",
        "Protein intake"
      ],
      "optionA": {
        "trial_id": "12",
        "task_id": "59",
        "values": "35.0, 20.0",
        "target_value": 1.3
      },
      "optionB": {
        "trial_id": "7",
        "task_id": "59",
        "values": "50.0, 30.0",
        "target_value": 1.7
      },
      "choice": {
        "button": "J",
        "selected_option": "OptionB"
      }
    },
    {
      "question": "attention_check_39",
      "choice": "F",
      "passed": true,
      "timestamp": 1756155070444
    },
    {
      "question": 40,
      "target": "Reading time",
      "target_value": 7,
      "options": [
        "Book pages",
        "Book chapters"
      ],
      "optionA": {
        "trial_id": "8",
        "task_id": "72",
        "values": "320.0, 16.0",
        "target_value": 7
      },
      "optionB": {
        "trial_id": "9",
        "task_id": "72",
        "values": "350.0, 20.0",
        "target_value": 8
      },
      "choice": {
        "button": "J",
        "selected_option": "OptionB"
      }
    },
    {
      "question": 41,
      "target": "Time to destination (hours)",
      "target_value": 0.34,
      "options": [
        "Distance (miles)",
        "Speed (mph)"
      ],
      "optionA": {
        "trial_id": "3",
        "task_id": "118",
        "values": "12.0, 35.0",
        "target_value": 0.34
      },
      "optionB": {
        "trial_id": "6",
        "task_id": "118",
        "values": "16.0, 45.0",
        "target_value": 0.36
      },
      "choice": {
        "button": "J",
        "selected_option": "OptionB"
      }
    },
    {
      "question": 42,
      "target": "Exam Score (%)",
      "target_value": 75,
      "options": [
        "Study Time (hours)",
        "Previous Score (%)"
      ],
      "optionA": {
        "trial_id": "8",
        "task_id": "76",
        "values": "4.0, 75.0",
        "target_value": 75
      },
      "optionB": {
        "trial_id": "6",
        "task_id": "76",
        "values": "5.0, 70.0",
        "target_value": 75
      },
      "choice": {
        "button": "F",
        "selected_option": "OptionA"
      }
    },
    {
      "question": 43,
      "target": "Taste Rating (1-10)",
      "target_value": 9,
      "options": [
        "Minutes of Cooking",
        "Number of Ingredients"
      ],
      "optionA": {
        "trial_id": "16",
        "task_id": "56",
        "values": "40.0, 8.0",
        "target_value": 9
      },
      "optionB": {
        "trial_id": "3",
        "task_id": "56",
        "values": "30.0, 6.0",
        "target_value": 8
      },
      "choice": {
        "button": "F",
        "selected_option": "OptionA"
      }
    },
    {
      "question": 44,
      "target": "Strength",
      "target_value": 22,
      "options": [
        "Coffee Beans",
        "Water"
      ],
      "optionA": {
        "trial_id": "18",
        "task_id": "112",
        "values": "18.0, 340.0",
        "target_value": 22
      },
      "optionB": {
        "trial_id": "16",
        "task_id": "112",
        "values": "10.0, 200.0",
        "target_value": 14
      },
      "choice": {
        "button": "F",
        "selected_option": "OptionA"
      }
    },
    {
      "question": 45,
      "target": "Warmth Rating",
      "target_value": 3.6,
      "options": [
        "Shirt Weight (g)",
        "Fabric Thickness (mm)"
      ],
      "optionA": {
        "trial_id": "13",
        "task_id": "31",
        "values": "170.0, 1.3",
        "target_value": 3.6
      },
      "optionB": {
        "trial_id": "9",
        "task_id": "31",
        "values": "190.0, 1.6",
        "target_value": 4.2
      },
      "choice": {
        "button": "J",
        "selected_option": "OptionB"
      }
    },
    {
      "question": 46,
      "target": "Battery Life",
      "target_value": 15,
      "options": [
        "Battery Capacity",
        "Weight"
      ],
      "optionA": {
        "trial_id": "13",
        "task_id": "114",
        "values": "4000.0, 250.0",
        "target_value": 15
      },
      "optionB": {
        "trial_id": "10",
        "task_id": "114",
        "values": "5000.0, 290.0",
        "target_value": 17
      },
      "choice": {
        "button": "J",
        "selected_option": "OptionB"
      }
    },
    {
      "question": 47,
      "target": "Fun Level",
      "target_value": 8,
      "options": [
        "Number of Players",
        "Game Duration (minutes)"
      ],
      "optionA": {
        "trial_id": "2",
        "task_id": "13",
        "values": "6.0, 50.0",
        "target_value": 8
      },
      "optionB": {
        "trial_id": "2",
        "task_id": "13",
        "values": "6.0, 50.0",
        "target_value": 8
      },
      "choice": {
        "button": "J",
        "selected_option": "OptionB"
      }
    },
    {
      "question": 48,
      "target": "Popularity Score",
      "target_value": 240,
      "options": [
        "Number of Likes",
        "Number of Comments"
      ],
      "optionA": {
        "trial_id": "7",
        "task_id": "50",
        "values": "200.0, 40.0",
        "target_value": 240
      },
      "optionB": {
        "trial_id": "17",
        "task_id": "50",
        "values": "130.0, 26.0",
        "target_value": 156
      },
      "choice": {
        "button": "F",
        "selected_option": "OptionA"
      }
    },
    {
      "question": 49,
      "target": "Book Reading Time",
      "target_value": 130,
      "options": [
        "Book Thickness",
        "Book Length"
      ],
      "optionA": {
        "trial_id": "13",
        "task_id": "102",
        "values": "450.0, 190.0",
        "target_value": 130
      },
      "optionB": {
        "trial_id": "5",
        "task_id": "102",
        "values": "700.0, 240.0",
        "target_value": 180
      },
      "choice": {
        "button": "J",
        "selected_option": "OptionB"
      }
    },
    {
      "question": 50,
      "target": "Jump Height",
      "target_value": 100,
      "options": [
        "Height",
        "Arm Length"
      ],
      "optionA": {
        "trial_id": "17",
        "task_id": "115",
        "values": "210.0, 85.0",
        "target_value": 100
      },
      "optionB": {
        "trial_id": "1",
        "task_id": "115",
        "values": "180.0, 70.0",
        "target_value": 80
      },
      "choice": {
        "button": "F",
        "selected_option": "OptionA"
      }
    }
  ]
}