{
  "prolific_id": "UNKNOWN",
  "condition_group": "ranking",
  "responses": [
    {
      "question": 1,
      "target": "Distance Traveled",
      "target_value": 725,
      "options": [
        "Speed",
        "Comfort"
      ],
      "optionA": {
        "trial_id": "20",
        "task_id": "129",
        "values": "145.0, 0.2",
        "target_value": 725
      },
      "optionB": {
        "trial_id": "18",
        "task_id": "129",
        "values": "135.0, 0.5",
        "target_value": 675
      },
      "choice": {
        "button": "J",
        "selected_option": "OptionB"
      }
    },
    {
      "question": 2,
      "target": "Race Finish Time (minutes)",
      "target_value": 18,
      "options": [
        "Runner Speed (mph)",
        "Runner Weight (lbs)"
      ],
      "optionA": {
        "trial_id": "6",
        "task_id": "37",
        "values": "7.0, 140.0",
        "target_value": 18
      },
      "optionB": {
        "trial_id": "1",
        "task_id": "37",
        "values": "6.0, 150.0",
        "target_value": 20
      },
      "choice": {
        "button": "J",
        "selected_option": "OptionB"
      }
    },
    {
      "question": 3,
      "target": "Taste Rating",
      "target_value": 6,
      "options": [
        "Coffee Amount",
        "Sugar Amount"
      ],
      "optionA": {
        "trial_id": "11",
        "task_id": "18",
        "values": "3.0, 2",
        "target_value": 6
      },
      "optionB": {
        "trial_id": "2",
        "task_id": "18",
        "values": "4.0, 2",
        "target_value": 6.5
      },
      "choice": {
        "button": "J",
        "selected_option": "OptionB"
      }
    },
    {
      "question": 4,
      "target": "Playfulness score (1-10)",
      "target_value": 4.8,
      "options": [
        "Dog weight (kg)",
        "Dog age (years)"
      ],
      "optionA": {
        "trial_id": "16",
        "task_id": "147",
        "values": "16.0, 6",
        "target_value": 4.8
      },
      "optionB": {
        "trial_id": "3",
        "task_id": "147",
        "values": "12.0, 3",
        "target_value": 7
      },
      "choice": {
        "button": "J",
        "selected_option": "OptionB"
      }
    },
    {
      "question": 5,
      "target": "Battery Life (hours)",
      "target_value": 16,
      "options": [
        "Phone Battery Capacity (mAh)",
        "Phone Weight (g)"
      ],
      "optionA": {
        "trial_id": "20",
        "task_id": "34",
        "values": "7000.0, 125.0",
        "target_value": 16
      },
      "optionB": {
        "trial_id": "20",
        "task_id": "34",
        "values": "7000.0, 125.0",
        "target_value": 16
      },
      "choice": {
        "button": "J",
        "selected_option": "OptionB"
      }
    },
    {
      "question": 6,
      "target": "Fuel efficiency (km/l)",
      "target_value": 10,
      "options": [
        "Engine power (in horsepower)",
        "Weight (in kg)"
      ],
      "optionA": {
        "trial_id": "12",
        "task_id": "87",
        "values": "170.0, 1300",
        "target_value": 10
      },
      "optionB": {
        "trial_id": "17",
        "task_id": "87",
        "values": "210.0, 1400",
        "target_value": 8
      },
      "choice": {
        "button": "F",
        "selected_option": "OptionA"
      }
    },
    {
      "question": 7,
      "target": "How many people buy it",
      "target_value": 50,
      "options": [
        "Shoe price (in USD)",
        "Comfort rating (1-10)"
      ],
      "optionA": {
        "trial_id": "14",
        "task_id": "126",
        "values": "100.0, 8.0",
        "target_value": 50
      },
      "optionB": {
        "trial_id": "8",
        "task_id": "126",
        "values": "90.0, 7.0",
        "target_value": 60
      },
      "choice": {
        "button": "J",
        "selected_option": "OptionB"
      }
    },
    {
      "question": 8,
      "target": "Cooking Time (minutes)",
      "target_value": 12,
      "options": [
        "Number of Ingredients",
        "Prep Time (minutes)"
      ],
      "optionA": {
        "trial_id": "20",
        "task_id": "26",
        "values": "10.0, 20.0",
        "target_value": 12
      },
      "optionB": {
        "trial_id": "2",
        "task_id": "26",
        "values": "10.0, 20.0",
        "target_value": 15
      },
      "choice": {
        "button": "F",
        "selected_option": "OptionA"
      }
    },
    {
      "question": 9,
      "target": "Strength",
      "target_value": 7,
      "options": [
        "Tea leaves (g)",
        "Water temperature (°C)"
      ],
      "optionA": {
        "trial_id": "18",
        "task_id": "120",
        "values": "6.0, 99",
        "target_value": 7
      },
      "optionB": {
        "trial_id": "19",
        "task_id": "120",
        "values": "6.0, 86",
        "target_value": 7
      },
      "choice": {
        "button": "J",
        "selected_option": "OptionB"
      }
    },
    {
      "question": "attention_check_9",
      "choice": "J",
      "passed": true,
      "timestamp": 1756154485992
    },
    {
      "question": 10,
      "target": "Daily travel cost ($)",
      "target_value": 14,
      "options": [
        "Distance to work (miles)",
        "Commute time (minutes)"
      ],
      "optionA": {
        "trial_id": "8",
        "task_id": "138",
        "values": "2.0, 12",
        "target_value": 14
      },
      "optionB": {
        "trial_id": "7",
        "task_id": "138",
        "values": "7.0, 16",
        "target_value": 42
      },
      "choice": {
        "button": "J",
        "selected_option": "OptionB"
      }
    },
    {
      "question": 11,
      "target": "Calories burned",
      "target_value": 320,
      "options": [
        "Exercise time (min)",
        "Heart rate (bpm)"
      ],
      "optionA": {
        "trial_id": "4",
        "task_id": "116",
        "values": "35.0, 105",
        "target_value": 320
      },
      "optionB": {
        "trial_id": "12",
        "task_id": "116",
        "values": "40.0, 115",
        "target_value": 360
      },
      "choice": {
        "button": "J",
        "selected_option": "OptionB"
      }
    },
    {
      "question": 12,
      "target": "Energy level (1-10)",
      "target_value": 10,
      "options": [
        "Hours of sleep",
        "Caffeine intake (mg)"
      ],
      "optionA": {
        "trial_id": "13",
        "task_id": "54",
        "values": "10.0, 30",
        "target_value": 10
      },
      "optionB": {
        "trial_id": "10",
        "task_id": "54",
        "values": "6.0, 180",
        "target_value": 4
      },
      "choice": {
        "button": "F",
        "selected_option": "OptionA"
      }
    },
    {
      "question": 13,
      "target": "Project Success (%)",
      "target_value": 90,
      "options": [
        "Experience (years)",
        "Team Size"
      ],
      "optionA": {
        "trial_id": "4",
        "task_id": "110",
        "values": "7.0, 3",
        "target_value": 90
      },
      "optionB": {
        "trial_id": "15",
        "task_id": "110",
        "values": "12.0, 5",
        "target_value": 87
      },
      "choice": {
        "button": "J",
        "selected_option": "OptionB"
      }
    },
    {
      "question": 14,
      "target": "Warmth Rating (1-10)",
      "target_value": 9.5,
      "options": [
        "Shirt Thickness (mm)",
        "Shirt Weight (g)"
      ],
      "optionA": {
        "trial_id": "18",
        "task_id": "35",
        "values": "4.5, 135.0",
        "target_value": 9.5
      },
      "optionB": {
        "trial_id": "3",
        "task_id": "35",
        "values": "3.0, 140.0",
        "target_value": 8
      },
      "choice": {
        "button": "F",
        "selected_option": "OptionA"
      }
    },
    {
      "question": 15,
      "target": "House Price",
      "target_value": 300000,
      "options": [
        "House Square Feet",
        "House Age"
      ],
      "optionA": {
        "trial_id": "2",
        "task_id": "9",
        "values": "1800.0, 15",
        "target_value": 300000
      },
      "optionB": {
        "trial_id": "16",
        "task_id": "9",
        "values": "2400.0, 5",
        "target_value": 400000
      },
      "choice": {
        "button": "J",
        "selected_option": "OptionB"
      }
    },
    {
      "question": 16,
      "target": "Phone Performance Score",
      "target_value": 8.4,
      "options": [
        "Phone Processor Speed",
        "Phone Battery Capacity"
      ],
      "optionA": {
        "trial_id": "7",
        "task_id": "10",
        "values": "3.0, 5000",
        "target_value": 8.4
      },
      "optionB": {
        "trial_id": "6",
        "task_id": "10",
        "values": "4.0, 3500",
        "target_value": 9
      },
      "choice": {
        "button": "J",
        "selected_option": "OptionB"
      }
    },
    {
      "question": 17,
      "target": "App Performance",
      "target_value": 2,
      "options": [
        "Phone RAM",
        "Phone Storage"
      ],
      "optionA": {
        "trial_id": "12",
        "task_id": "170",
        "values": "2.0, 128",
        "target_value": 2
      },
      "optionB": {
        "trial_id": "16",
        "task_id": "170",
        "values": "6.0, 128",
        "target_value": 4
      },
      "choice": {
        "button": "J",
        "selected_option": "OptionB"
      }
    },
    {
      "question": 18,
      "target": "Reliability",
      "target_value": 65,
      "options": [
        "Car age",
        "Maintenance cost"
      ],
      "optionA": {
        "trial_id": "8",
        "task_id": "83",
        "values": "7.0, 900",
        "target_value": 65
      },
      "optionB": {
        "trial_id": "18",
        "task_id": "83",
        "values": "2.0, 2700",
        "target_value": 98
      },
      "choice": {
        "button": "F",
        "selected_option": "OptionA"
      }
    },
    {
      "question": 19,
      "target": "Fuel Efficiency (km/L)",
      "target_value": 9,
      "options": [
        "Car Engine Size (L)",
        "Weight (kg)"
      ],
      "optionA": {
        "trial_id": "7",
        "task_id": "107",
        "values": "3.5, 1500",
        "target_value": 9
      },
      "optionB": {
        "trial_id": "2",
        "task_id": "107",
        "values": "3.0, 1300",
        "target_value": 10
      },
      "choice": {
        "button": "J",
        "selected_option": "OptionB"
      }
    },
    {
      "question": "attention_check_19",
      "choice": "F",
      "passed": true,
      "timestamp": 1756154526213
    },
    {
      "question": 20,
      "target": "Strength",
      "target_value": 7,
      "options": [
        "Tea leaves (g)",
        "Water temperature (°C)"
      ],
      "optionA": {
        "trial_id": "11",
        "task_id": "120",
        "values": "6.0, 88",
        "target_value": 7
      },
      "optionB": {
        "trial_id": "20",
        "task_id": "120",
        "values": "7.0, 91",
        "target_value": 6
      },
      "choice": {
        "button": "F",
        "selected_option": "OptionA"
      }
    },
    {
      "question": 21,
      "target": "Enjoyment",
      "target_value": 80,
      "options": [
        "Book pages",
        "Author fame"
      ],
      "optionA": {
        "trial_id": "16",
        "task_id": "84",
        "values": "330.0, 7",
        "target_value": 80
      },
      "optionB": {
        "trial_id": "13",
        "task_id": "84",
        "values": "550.0, 5",
        "target_value": 85
      },
      "choice": {
        "button": "J",
        "selected_option": "OptionB"
      }
    },
    {
      "question": 22,
      "target": "Garden yield (lbs)",
      "target_value": 20,
      "options": [
        "Amount of rainfall (inches)",
        "Soil type (1=clay, 2=sandy)"
      ],
      "optionA": {
        "trial_id": "10",
        "task_id": "142",
        "values": "2.0, 2",
        "target_value": 20
      },
      "optionB": {
        "trial_id": "18",
        "task_id": "142",
        "values": "3.0, 2",
        "target_value": 24
      },
      "choice": {
        "button": "J",
        "selected_option": "OptionB"
      }
    },
    {
      "question": 23,
      "target": "Fuel Efficiency (km/l)",
      "target_value": 11,
      "options": [
        "Car Engine Size (liters)",
        "Weight (kg)"
      ],
      "optionA": {
        "trial_id": "6",
        "task_id": "103",
        "values": "2.4, 1300.0",
        "target_value": 11
      },
      "optionB": {
        "trial_id": "8",
        "task_id": "103",
        "values": "2.8, 1500.0",
        "target_value": 10
      },
      "choice": {
        "button": "F",
        "selected_option": "OptionA"
      }
    },
    {
      "question": 24,
      "target": "Comfort (1-10)",
      "target_value": 7,
      "options": [
        "Shoe Width (cm)",
        "Arch Support (1-10)"
      ],
      "optionA": {
        "trial_id": "12",
        "task_id": "7",
        "values": "10.0, 4",
        "target_value": 7
      },
      "optionB": {
        "trial_id": "18",
        "task_id": "7",
        "values": "9.0, 5",
        "target_value": 8
      },
      "choice": {
        "button": "J",
        "selected_option": "OptionB"
      }
    },
    {
      "question": 25,
      "target": "Heart Health",
      "target_value": 80,
      "options": [
        "Age",
        "Exercise Hours"
      ],
      "optionA": {
        "trial_id": "7",
        "task_id": "16",
        "values": "45.0, 2",
        "target_value": 80
      },
      "optionB": {
        "trial_id": "9",
        "task_id": "16",
        "values": "60.0, 0",
        "target_value": 68
      },
      "choice": {
        "button": "F",
        "selected_option": "OptionA"
      }
    },
    {
      "question": 26,
      "target": "Portability",
      "target_value": 7,
      "options": [
        "Battery Life",
        "Weight"
      ],
      "optionA": {
        "trial_id": "18",
        "task_id": "68",
        "values": "30.0, 600",
        "target_value": 7
      },
      "optionB": {
        "trial_id": "18",
        "task_id": "68",
        "values": "30.0, 600",
        "target_value": 7
      },
      "choice": {
        "button": "F",
        "selected_option": "OptionA"
      }
    },
    {
      "question": 27,
      "target": "Quality",
      "target_value": 86,
      "options": [
        "Price",
        "Size"
      ],
      "optionA": {
        "trial_id": "19",
        "task_id": "21",
        "values": "85.0, 3.0",
        "target_value": 86
      },
      "optionB": {
        "trial_id": "2",
        "task_id": "67",
        "values": "120.0, 60",
        "target_value": 7
      },
      "choice": {
        "button": "J",
        "selected_option": "OptionB"
      }
    },
    {
      "question": 28,
      "target": "Bicycle Speed",
      "target_value": 17,
      "options": [
        "Bicycle Weight",
        "Bicycle Price"
      ],
      "optionA": {
        "trial_id": "8",
        "task_id": "39",
        "values": "18.0, 420",
        "target_value": 17
      },
      "optionB": {
        "trial_id": "15",
        "task_id": "39",
        "values": "24.0, 360",
        "target_value": 18
      },
      "choice": {
        "button": "J",
        "selected_option": "OptionB"
      }
    },
    {
      "question": 29,
      "target": "Heart rate",
      "target_value": 60,
      "options": [
        "Age",
        "Exercise hours"
      ],
      "optionA": {
        "trial_id": "5",
        "task_id": "77",
        "values": "25.0, 6",
        "target_value": 60
      },
      "optionB": {
        "trial_id": "1",
        "task_id": "77",
        "values": "30.0, 5",
        "target_value": 65
      },
      "choice": {
        "button": "F",
        "selected_option": "OptionA"
      }
    },
    {
      "question": "attention_check_29",
      "choice": "J",
      "passed": true,
      "timestamp": 1756154563455
    },
    {
      "question": 30,
      "target": "Flower production",
      "target_value": 22,
      "options": [
        "Plant height",
        "Plant width"
      ],
      "optionA": {
        "trial_id": "15",
        "task_id": "63",
        "values": "110.0, 5.0",
        "target_value": 22
      },
      "optionB": {
        "trial_id": "1",
        "task_id": "63",
        "values": "100.0, 5.0",
        "target_value": 20
      },
      "choice": {
        "button": "F",
        "selected_option": "OptionA"
      }
    },
    {
      "question": 31,
      "target": "Heart Health Score",
      "target_value": 86,
      "options": [
        "Age (years)",
        "Exercise Frequency"
      ],
      "optionA": {
        "trial_id": "14",
        "task_id": "149",
        "values": "37.0, 7.0",
        "target_value": 86
      },
      "optionB": {
        "trial_id": "10",
        "task_id": "149",
        "values": "38.0, 6.0",
        "target_value": 84
      },
      "choice": {
        "button": "F",
        "selected_option": "OptionA"
      }
    },
    {
      "question": 32,
      "target": "Calories burned",
      "target_value": 300,
      "options": [
        "Exercise time (min)",
        "Heart rate (bpm)"
      ],
      "optionA": {
        "trial_id": "10",
        "task_id": "116",
        "values": "30.0, 100",
        "target_value": 300
      },
      "optionB": {
        "trial_id": "5",
        "task_id": "116",
        "values": "50.0, 100",
        "target_value": 350
      },
      "choice": {
        "button": "J",
        "selected_option": "OptionB"
      }
    },
    {
      "question": 33,
      "target": "Student Exam Score",
      "target_value": 88,
      "options": [
        "Student Study Hours",
        "Student Distractions"
      ],
      "optionA": {
        "trial_id": "6",
        "task_id": "8",
        "values": "12.0, 1",
        "target_value": 88
      },
      "optionB": {
        "trial_id": "4",
        "task_id": "8",
        "values": "10.0, 2",
        "target_value": 85
      },
      "choice": {
        "button": "F",
        "selected_option": "OptionA"
      }
    },
    {
      "question": 34,
      "target": "Maximum heart rate (bpm)",
      "target_value": 162,
      "options": [
        "Age (years)",
        "Height (cm)"
      ],
      "optionA": {
        "trial_id": "14",
        "task_id": "52",
        "values": "42.0, 176",
        "target_value": 162
      },
      "optionB": {
        "trial_id": "17",
        "task_id": "52",
        "values": "22.0, 160",
        "target_value": 205
      },
      "choice": {
        "button": "J",
        "selected_option": "OptionB"
      }
    },
    {
      "question": 35,
      "target": "Resale value ($)",
      "target_value": 10500,
      "options": [
        "Age of car (years)",
        "Mileage (thousands)"
      ],
      "optionA": {
        "trial_id": "16",
        "task_id": "141",
        "values": "6.0, 90",
        "target_value": 10500
      },
      "optionB": {
        "trial_id": "20",
        "task_id": "141",
        "values": "5.0, 100",
        "target_value": 11500
      },
      "choice": {
        "button": "J",
        "selected_option": "OptionB"
      }
    },
    {
      "question": 36,
      "target": "Flower blooming time",
      "target_value": 4,
      "options": [
        "Hours of sunlight",
        "Humidity"
      ],
      "optionA": {
        "trial_id": "18",
        "task_id": "101",
        "values": "6.0, 70.0",
        "target_value": 4
      },
      "optionB": {
        "trial_id": "6",
        "task_id": "101",
        "values": "6.0, 75.0",
        "target_value": 4
      },
      "choice": {
        "button": "J",
        "selected_option": "OptionB"
      }
    },
    {
      "question": 37,
      "target": "Plant Health",
      "target_value": 8,
      "options": [
        "Plant Height",
        "Water Amount"
      ],
      "optionA": {
        "trial_id": "6",
        "task_id": "169",
        "values": "50.0, 2",
        "target_value": 8
      },
      "optionB": {
        "trial_id": "2",
        "task_id": "169",
        "values": "30.0, 2",
        "target_value": 6
      },
      "choice": {
        "button": "F",
        "selected_option": "OptionA"
      }
    },
    {
      "question": 38,
      "target": "Value",
      "target_value": 8,
      "options": [
        "Price",
        "Size"
      ],
      "optionA": {
        "trial_id": "4",
        "task_id": "67",
        "values": "100.0, 50",
        "target_value": 8
      },
      "optionB": {
        "trial_id": "9",
        "task_id": "67",
        "values": "110.0, 50",
        "target_value": 7
      },
      "choice": {
        "button": "J",
        "selected_option": "OptionB"
      }
    },
    {
      "question": 39,
      "target": "Taste Score",
      "target_value": 6.3,
      "options": [
        "Cooking Time",
        "Spice Level"
      ],
      "optionA": {
        "trial_id": "14",
        "task_id": "130",
        "values": "55.0, 10.0",
        "target_value": 6.3
      },
      "optionB": {
        "trial_id": "8",
        "task_id": "130",
        "values": "40.0, 7.0",
        "target_value": 7
      },
      "choice": {
        "button": "F",
        "selected_option": "OptionA"
      }
    },
    {
      "question": "attention_check_39",
      "choice": "F",
      "passed": true,
      "timestamp": 1756154729492
    },
    {
      "question": 40,
      "target": "Freshness",
      "target_value": 7,
      "options": [
        "Cooking Time",
        "Ingredients"
      ],
      "optionA": {
        "trial_id": "18",
        "task_id": "19",
        "values": "35.0, 5.0",
        "target_value": 7
      },
      "optionB": {
        "trial_id": "14",
        "task_id": "65",
        "values": "40.0, 3",
        "target_value": 6
      },
      "choice": {
        "button": "F",
        "selected_option": "OptionA"
      }
    },
    {
      "question": 41,
      "target": "Flower size (cm)",
      "target_value": 6.2,
      "options": [
        "Plant height (cm)",
        "Plant age (months)"
      ],
      "optionA": {
        "trial_id": "19",
        "task_id": "146",
        "values": "24.0, 3",
        "target_value": 6.2
      },
      "optionB": {
        "trial_id": "14",
        "task_id": "146",
        "values": "36.0, 6",
        "target_value": 4
      },
      "choice": {
        "button": "J",
        "selected_option": "OptionB"
      }
    },
    {
      "question": 42,
      "target": "Taste Rating",
      "target_value": 9,
      "options": [
        "Number of Ingredients",
        "Prep Time (min)"
      ],
      "optionA": {
        "trial_id": "8",
        "task_id": "148",
        "values": "4.0, 20.0",
        "target_value": 9
      },
      "optionB": {
        "trial_id": "4",
        "task_id": "148",
        "values": "5.0, 25.0",
        "target_value": 8
      },
      "choice": {
        "button": "J",
        "selected_option": "OptionB"
      }
    },
    {
      "question": 43,
      "target": "House Price",
      "target_value": 280000,
      "options": [
        "House Square Feet",
        "House Age"
      ],
      "optionA": {
        "trial_id": "7",
        "task_id": "9",
        "values": "1600.0, 20",
        "target_value": 280000
      },
      "optionB": {
        "trial_id": "8",
        "task_id": "9",
        "values": "1400.0, 25",
        "target_value": 250000
      },
      "choice": {
        "button": "F",
        "selected_option": "OptionA"
      }
    },
    {
      "question": 44,
      "target": "Fuel Efficiency (km/l)",
      "target_value": 11,
      "options": [
        "Car Engine Size (liters)",
        "Weight (kg)"
      ],
      "optionA": {
        "trial_id": "16",
        "task_id": "103",
        "values": "2.5, 1350.0",
        "target_value": 11
      },
      "optionB": {
        "trial_id": "16",
        "task_id": "103",
        "values": "2.5, 1350.0",
        "target_value": 11
      },
      "choice": {
        "button": "F",
        "selected_option": "OptionA"
      }
    },
    {
      "question": 45,
      "target": "Speed",
      "target_value": 13,
      "options": [
        "Bike Weight",
        "Bike Tire Size"
      ],
      "optionA": {
        "trial_id": "5",
        "task_id": "172",
        "values": "14.0, 2",
        "target_value": 13
      },
      "optionB": {
        "trial_id": "6",
        "task_id": "172",
        "values": "14.0, 3",
        "target_value": 12
      },
      "choice": {
        "button": "F",
        "selected_option": "OptionA"
      }
    },
    {
      "question": 46,
      "target": "Fuel efficiency (km/l)",
      "target_value": 10.5,
      "options": [
        "Car weight (kg)",
        "Engine size (cc)"
      ],
      "optionA": {
        "trial_id": "16",
        "task_id": "153",
        "values": "1650.0, 1350.0",
        "target_value": 10.5
      },
      "optionB": {
        "trial_id": "19",
        "task_id": "153",
        "values": "1200.0, 1600.0",
        "target_value": 15
      },
      "choice": {
        "button": "J",
        "selected_option": "OptionB"
      }
    },
    {
      "question": 47,
      "target": "100m sprint time (s)",
      "target_value": 12.4,
      "options": [
        "Runner stride length (cm)",
        "Runner age (years)"
      ],
      "optionA": {
        "trial_id": "18",
        "task_id": "145",
        "values": "66.0, 30",
        "target_value": 12.4
      },
      "optionB": {
        "trial_id": "12",
        "task_id": "145",
        "values": "68.0, 31",
        "target_value": 12.2
      },
      "choice": {
        "button": "J",
        "selected_option": "OptionB"
      }
    },
    {
      "question": 48,
      "target": "Exam Score",
      "target_value": 90,
      "options": [
        "Study Time (hours)",
        "Difficulty Level (1-10)"
      ],
      "optionA": {
        "trial_id": "3",
        "task_id": "128",
        "values": "6.0, 2",
        "target_value": 90
      },
      "optionB": {
        "trial_id": "3",
        "task_id": "128",
        "values": "6.0, 2",
        "target_value": 90
      },
      "choice": {
        "button": "F",
        "selected_option": "OptionA"
      }
    },
    {
      "question": 49,
      "target": "Enjoyment (1-10)",
      "target_value": 8,
      "options": [
        "Book Thickness (cm)",
        "Author Fame (1-10)"
      ],
      "optionA": {
        "trial_id": "5",
        "task_id": "1",
        "values": "6.0, 3",
        "target_value": 8
      },
      "optionB": {
        "trial_id": "18",
        "task_id": "1",
        "values": "7.0, 6",
        "target_value": 5
      },
      "choice": {
        "button": "J",
        "selected_option": "OptionB"
      }
    },
    {
      "question": 50,
      "target": "Price",
      "target_value": 400000,
      "options": [
        "House Size",
        "Bedrooms"
      ],
      "optionA": {
        "trial_id": "10",
        "task_id": "15",
        "values": "1900.0, 3",
        "target_value": 400000
      },
      "optionB": {
        "trial_id": "10",
        "task_id": "15",
        "values": "1900.0, 3",
        "target_value": 400000
      },
      "choice": {
        "button": "F",
        "selected_option": "OptionA"
      }
    }
  ]
}