{
  "prolific_id": "UNKNOWN",
  "condition_group": "ranking",
  "responses": [
    {
      "question": 1,
      "target": "Battery Life",
      "target_value": 21,
      "options": [
        "Phone Battery Capacity",
        "Number of Apps Installed"
      ],
      "optionA": {
        "trial_id": "10",
        "task_id": "78",
        "values": "3500.0, 35",
        "target_value": 21
      },
      "optionB": {
        "trial_id": "11",
        "task_id": "78",
        "values": "4500.0, 50",
        "target_value": 23
      },
      "choice": {
        "button": "J",
        "selected_option": "OptionB"
      }
    },
    {
      "question": 2,
      "target": "Bike Speed",
      "target_value": 27,
      "options": [
        "Bike Weight",
        "Bike Frame Size"
      ],
      "optionA": {
        "trial_id": "15",
        "task_id": "106",
        "values": "8.0, 17",
        "target_value": 27
      },
      "optionB": {
        "trial_id": "18",
        "task_id": "106",
        "values": "12.0, 20",
        "target_value": 23
      },
      "choice": {
        "button": "F",
        "selected_option": "OptionA"
      }
    },
    {
      "question": 3,
      "target": "Retention Rate (%)",
      "target_value": 45,
      "options": [
        "Study Time (hours)",
        "Number of Distractions"
      ],
      "optionA": {
        "trial_id": "6",
        "task_id": "161",
        "values": "1.0, 4",
        "target_value": 45
      },
      "optionB": {
        "trial_id": "15",
        "task_id": "161",
        "values": "5.0, 1",
        "target_value": 88
      },
      "choice": {
        "button": "J",
        "selected_option": "OptionB"
      }
    },
    {
      "question": 4,
      "target": "Battery Life",
      "target_value": 20,
      "options": [
        "Phone Battery Capacity",
        "Number of Apps Installed"
      ],
      "optionA": {
        "trial_id": "8",
        "task_id": "78",
        "values": "3800.0, 55",
        "target_value": 20
      },
      "optionB": {
        "trial_id": "8",
        "task_id": "78",
        "values": "3800.0, 55",
        "target_value": 20
      },
      "choice": {
        "button": "J",
        "selected_option": "OptionB"
      }
    },
    {
      "question": 5,
      "target": "Heart Health Score",
      "target_value": 87,
      "options": [
        "Age (years)",
        "Exercise Frequency"
      ],
      "optionA": {
        "trial_id": "5",
        "task_id": "149",
        "values": "35.0, 6.0",
        "target_value": 87
      },
      "optionB": {
        "trial_id": "10",
        "task_id": "149",
        "values": "38.0, 6.0",
        "target_value": 84
      },
      "choice": {
        "button": "F",
        "selected_option": "OptionA"
      }
    },
    {
      "question": 6,
      "target": "Freshness",
      "target_value": 9,
      "options": [
        "Cooking Time",
        "Ingredients"
      ],
      "optionA": {
        "trial_id": "9",
        "task_id": "19",
        "values": "20.0, 6.0",
        "target_value": 9
      },
      "optionB": {
        "trial_id": "15",
        "task_id": "19",
        "values": "30.0, 6.0",
        "target_value": 7
      },
      "choice": {
        "button": "F",
        "selected_option": "OptionA"
      }
    },
    {
      "question": 7,
      "target": "Quality",
      "target_value": 70,
      "options": [
        "Price",
        "Size"
      ],
      "optionA": {
        "trial_id": "5",
        "task_id": "21",
        "values": "130.0, 7.0",
        "target_value": 70
      },
      "optionB": {
        "trial_id": "2",
        "task_id": "21",
        "values": "120.0, 6.0",
        "target_value": 75
      },
      "choice": {
        "button": "J",
        "selected_option": "OptionB"
      }
    },
    {
      "question": 8,
      "target": "Comfort Level",
      "target_value": 5.5,
      "options": [
        "Room Size",
        "Lighting"
      ],
      "optionA": {
        "trial_id": "9",
        "task_id": "132",
        "values": "40.0, 1.5",
        "target_value": 5.5
      },
      "optionB": {
        "trial_id": "3",
        "task_id": "132",
        "values": "25.0, 4.0",
        "target_value": 7
      },
      "choice": {
        "button": "J",
        "selected_option": "OptionB"
      }
    },
    {
      "question": 9,
      "target": "Rent (per month)",
      "target_value": 1400,
      "options": [
        "Distance from center (km)",
        "Size (m²)"
      ],
      "optionA": {
        "trial_id": "6",
        "task_id": "53",
        "values": "4.0, 70",
        "target_value": 1400
      },
      "optionB": {
        "trial_id": "7",
        "task_id": "53",
        "values": "2.0, 30",
        "target_value": 1400
      },
      "choice": {
        "button": "F",
        "selected_option": "OptionA"
      }
    },
    {
      "question": "attention_check_9",
      "choice": "J",
      "passed": true,
      "timestamp": 1756154548386
    },
    {
      "question": 10,
      "target": "Fuel efficiency (km/L)",
      "target_value": 9,
      "options": [
        "Car engine size (L)",
        "Car weight (kg)"
      ],
      "optionA": {
        "trial_id": "18",
        "task_id": "150",
        "values": "3.3, 1700.0",
        "target_value": 9
      },
      "optionB": {
        "trial_id": "12",
        "task_id": "150",
        "values": "2.0, 1350.0",
        "target_value": 15
      },
      "choice": {
        "button": "F",
        "selected_option": "OptionA"
      }
    },
    {
      "question": 11,
      "target": "Retention Rate (%)",
      "target_value": 85,
      "options": [
        "Study Time (hours)",
        "Number of Distractions"
      ],
      "optionA": {
        "trial_id": "20",
        "task_id": "161",
        "values": "3.0, 1",
        "target_value": 85
      },
      "optionB": {
        "trial_id": "15",
        "task_id": "161",
        "values": "5.0, 1",
        "target_value": 88
      },
      "choice": {
        "button": "F",
        "selected_option": "OptionA"
      }
    },
    {
      "question": 12,
      "target": "Exam score",
      "target_value": 70,
      "options": [
        "Study time",
        "Hours slept"
      ],
      "optionA": {
        "trial_id": "1",
        "task_id": "102",
        "values": "2.0, 8",
        "target_value": 70
      },
      "optionB": {
        "trial_id": "17",
        "task_id": "102",
        "values": "3.0, 6",
        "target_value": 75
      },
      "choice": {
        "button": "J",
        "selected_option": "OptionB"
      }
    },
    {
      "question": 13,
      "target": "Fuel Efficiency (km per liter)",
      "target_value": 11,
      "options": [
        "Car Engine Size (in liters)",
        "Car Weight (in kg)"
      ],
      "optionA": {
        "trial_id": "19",
        "task_id": "173",
        "values": "2.3, 1400",
        "target_value": 11
      },
      "optionB": {
        "trial_id": "13",
        "task_id": "173",
        "values": "2.0, 1400",
        "target_value": 12
      },
      "choice": {
        "button": "F",
        "selected_option": "OptionA"
      }
    },
    {
      "question": 14,
      "target": "Taste rating (1-10)",
      "target_value": 5,
      "options": [
        "Number of ingredients (count)",
        "Prep time (minutes)"
      ],
      "optionA": {
        "trial_id": "15",
        "task_id": "97",
        "values": "14.0, 20",
        "target_value": 5
      },
      "optionB": {
        "trial_id": "5",
        "task_id": "97",
        "values": "8.0, 40",
        "target_value": 5
      },
      "choice": {
        "button": "F",
        "selected_option": "OptionA"
      }
    },
    {
      "question": 15,
      "target": "Amount of natural light (lux)",
      "target_value": 1450,
      "options": [
        "Room size (sq ft)",
        "Number of windows"
      ],
      "optionA": {
        "trial_id": "4",
        "task_id": "94",
        "values": "220.0, 5",
        "target_value": 1450
      },
      "optionB": {
        "trial_id": "7",
        "task_id": "94",
        "values": "220.0, 5",
        "target_value": 1550
      },
      "choice": {
        "button": "F",
        "selected_option": "OptionA"
      }
    },
    {
      "question": 16,
      "target": "Deliciousness",
      "target_value": 9,
      "options": [
        "Cooking time",
        "Ingredients"
      ],
      "optionA": {
        "trial_id": "9",
        "task_id": "125",
        "values": "10.0, 9.0",
        "target_value": 9
      },
      "optionB": {
        "trial_id": "4",
        "task_id": "125",
        "values": "35.0, 5.0",
        "target_value": 7
      },
      "choice": {
        "button": "F",
        "selected_option": "OptionA"
      }
    },
    {
      "question": 17,
      "target": "Resale value (in $)",
      "target_value": 14000,
      "options": [
        "Age of car (years)",
        "Mileage (km)"
      ],
      "optionA": {
        "trial_id": "18",
        "task_id": "55",
        "values": "5.0, 50000",
        "target_value": 14000
      },
      "optionB": {
        "trial_id": "10",
        "task_id": "55",
        "values": "5.0, 50000",
        "target_value": 15000
      },
      "choice": {
        "button": "F",
        "selected_option": "OptionA"
      }
    },
    {
      "question": 18,
      "target": "100m sprint time (s)",
      "target_value": 11.7,
      "options": [
        "Runner stride length (cm)",
        "Runner age (years)"
      ],
      "optionA": {
        "trial_id": "13",
        "task_id": "145",
        "values": "73.0, 25",
        "target_value": 11.7
      },
      "optionB": {
        "trial_id": "1",
        "task_id": "145",
        "values": "80.0, 25",
        "target_value": 11.5
      },
      "choice": {
        "button": "F",
        "selected_option": "OptionA"
      }
    },
    {
      "question": 19,
      "target": "Energy boost",
      "target_value": 85,
      "options": [
        "Coffee strength",
        "Caffeine content"
      ],
      "optionA": {
        "trial_id": "8",
        "task_id": "85",
        "values": "3.0, 130",
        "target_value": 85
      },
      "optionB": {
        "trial_id": "12",
        "task_id": "85",
        "values": "4.0, 100",
        "target_value": 75
      },
      "choice": {
        "button": "F",
        "selected_option": "OptionA"
      }
    },
    {
      "question": "attention_check_19",
      "choice": "F",
      "passed": true,
      "timestamp": 1756154657538
    },
    {
      "question": 20,
      "target": "Value for Money",
      "target_value": 41,
      "options": [
        "Price",
        "Weight"
      ],
      "optionA": {
        "trial_id": "14",
        "task_id": "20",
        "values": "95.0, 2.4",
        "target_value": 41
      },
      "optionB": {
        "trial_id": "17",
        "task_id": "20",
        "values": "110.0, 1.6",
        "target_value": 45
      },
      "choice": {
        "button": "F",
        "selected_option": "OptionA"
      }
    },
    {
      "question": 21,
      "target": "Exam score",
      "target_value": 75,
      "options": [
        "Study time",
        "Hours slept"
      ],
      "optionA": {
        "trial_id": "17",
        "task_id": "102",
        "values": "3.0, 6",
        "target_value": 75
      },
      "optionB": {
        "trial_id": "17",
        "task_id": "102",
        "values": "3.0, 6",
        "target_value": 75
      },
      "choice": {
        "button": "F",
        "selected_option": "OptionA"
      }
    },
    {
      "question": 22,
      "target": "Speed",
      "target_value": 12,
      "options": [
        "Bike Weight",
        "Bike Tire Size"
      ],
      "optionA": {
        "trial_id": "6",
        "task_id": "172",
        "values": "14.0, 3",
        "target_value": 12
      },
      "optionB": {
        "trial_id": "15",
        "task_id": "172",
        "values": "24.0, 2",
        "target_value": 8
      },
      "choice": {
        "button": "F",
        "selected_option": "OptionA"
      }
    },
    {
      "question": 23,
      "target": "Shadow coverage",
      "target_value": 60,
      "options": [
        "Tree height",
        "Tree thickness"
      ],
      "optionA": {
        "trial_id": "13",
        "task_id": "58",
        "values": "7.0, 5.0",
        "target_value": 60
      },
      "optionB": {
        "trial_id": "12",
        "task_id": "58",
        "values": "12.0, 2.0",
        "target_value": 75
      },
      "choice": {
        "button": "J",
        "selected_option": "OptionB"
      }
    },
    {
      "question": 24,
      "target": "Heart Health",
      "target_value": 68,
      "options": [
        "Age",
        "Exercise Hours"
      ],
      "optionA": {
        "trial_id": "9",
        "task_id": "16",
        "values": "60.0, 0",
        "target_value": 68
      },
      "optionB": {
        "trial_id": "9",
        "task_id": "16",
        "values": "60.0, 0",
        "target_value": 68
      },
      "choice": {
        "button": "J",
        "selected_option": "OptionB"
      }
    },
    {
      "question": 25,
      "target": "Amount of natural light (lux)",
      "target_value": 1550,
      "options": [
        "Room size (sq ft)",
        "Number of windows"
      ],
      "optionA": {
        "trial_id": "20",
        "task_id": "94",
        "values": "230.0, 4",
        "target_value": 1550
      },
      "optionB": {
        "trial_id": "1",
        "task_id": "94",
        "values": "200.0, 3",
        "target_value": 1500
      },
      "choice": {
        "button": "F",
        "selected_option": "OptionA"
      }
    },
    {
      "question": 26,
      "target": "Market value",
      "target_value": 250,
      "options": [
        "House size",
        "House floors"
      ],
      "optionA": {
        "trial_id": "6",
        "task_id": "64",
        "values": "160.0, 4.0",
        "target_value": 250
      },
      "optionB": {
        "trial_id": "3",
        "task_id": "64",
        "values": "220.0, 1.0",
        "target_value": 320
      },
      "choice": {
        "button": "F",
        "selected_option": "OptionA"
      }
    },
    {
      "question": 27,
      "target": "Exam score",
      "target_value": 59,
      "options": [
        "Study hours",
        "Intelligence score"
      ],
      "optionA": {
        "trial_id": "18",
        "task_id": "122",
        "values": "0.0, 130.0",
        "target_value": 59
      },
      "optionB": {
        "trial_id": "13",
        "task_id": "122",
        "values": "2.0, 100.0",
        "target_value": 65
      },
      "choice": {
        "button": "J",
        "selected_option": "OptionB"
      }
    },
    {
      "question": 28,
      "target": "Value",
      "target_value": 8,
      "options": [
        "Price",
        "Size"
      ],
      "optionA": {
        "trial_id": "8",
        "task_id": "67",
        "values": "110.0, 40",
        "target_value": 8
      },
      "optionB": {
        "trial_id": "3",
        "task_id": "67",
        "values": "80.0, 40",
        "target_value": 9
      },
      "choice": {
        "button": "F",
        "selected_option": "OptionA"
      }
    },
    {
      "question": 29,
      "target": "Morning Alertness",
      "target_value": 4,
      "options": [
        "Hours of Sleep",
        "Number of Alarms"
      ],
      "optionA": {
        "trial_id": "9",
        "task_id": "160",
        "values": "5.0, 2",
        "target_value": 4
      },
      "optionB": {
        "trial_id": "3",
        "task_id": "160",
        "values": "8.0, 0",
        "target_value": 9
      },
      "choice": {
        "button": "F",
        "selected_option": "OptionA"
      }
    },
    {
      "question": "attention_check_29",
      "choice": "J",
      "passed": true,
      "timestamp": 1756154711274
    },
    {
      "question": 30,
      "target": "Fuel Efficiency (km per liter)",
      "target_value": 8,
      "options": [
        "Car Engine Size (in liters)",
        "Car Weight (in kg)"
      ],
      "optionA": {
        "trial_id": "18",
        "task_id": "173",
        "values": "2.8, 1500",
        "target_value": 8
      },
      "optionB": {
        "trial_id": "20",
        "task_id": "173",
        "values": "1.5, 1300",
        "target_value": 16
      },
      "choice": {
        "button": "F",
        "selected_option": "OptionA"
      }
    },
    {
      "question": 31,
      "target": "Student Exam Score",
      "target_value": 92,
      "options": [
        "Student Study Hours",
        "Student Distractions"
      ],
      "optionA": {
        "trial_id": "15",
        "task_id": "8",
        "values": "16.0, 0",
        "target_value": 92
      },
      "optionB": {
        "trial_id": "8",
        "task_id": "8",
        "values": "6.0, 5",
        "target_value": 75
      },
      "choice": {
        "button": "F",
        "selected_option": "OptionA"
      }
    },
    {
      "question": 32,
      "target": "Cost to travel",
      "target_value": 5,
      "options": [
        "Distance",
        "Speed"
      ],
      "optionA": {
        "trial_id": "18",
        "task_id": "124",
        "values": "10.0, 150.0",
        "target_value": 5
      },
      "optionB": {
        "trial_id": "10",
        "task_id": "124",
        "values": "50.0, 110.0",
        "target_value": 25
      },
      "choice": {
        "button": "J",
        "selected_option": "OptionB"
      }
    },
    {
      "question": 33,
      "target": "Fuel efficiency (km/L)",
      "target_value": 9,
      "options": [
        "Car engine size (L)",
        "Car weight (kg)"
      ],
      "optionA": {
        "trial_id": "18",
        "task_id": "150",
        "values": "3.3, 1700.0",
        "target_value": 9
      },
      "optionB": {
        "trial_id": "20",
        "task_id": "150",
        "values": "2.2, 1300.0",
        "target_value": 14
      },
      "choice": {
        "button": "J",
        "selected_option": "OptionB"
      }
    },
    {
      "question": 34,
      "target": "Comfort (1-10)",
      "target_value": 7,
      "options": [
        "Shoe Width (cm)",
        "Arch Support (1-10)"
      ],
      "optionA": {
        "trial_id": "20",
        "task_id": "7",
        "values": "10.0, 6",
        "target_value": 7
      },
      "optionB": {
        "trial_id": "2",
        "task_id": "7",
        "values": "10.0, 5",
        "target_value": 7
      },
      "choice": {
        "button": "F",
        "selected_option": "OptionA"
      }
    },
    {
      "question": 35,
      "target": "Plant Health",
      "target_value": 6,
      "options": [
        "Plant Height",
        "Water Amount"
      ],
      "optionA": {
        "trial_id": "2",
        "task_id": "169",
        "values": "30.0, 2",
        "target_value": 6
      },
      "optionB": {
        "trial_id": "12",
        "task_id": "169",
        "values": "80.0, 2",
        "target_value": 11
      },
      "choice": {
        "button": "F",
        "selected_option": "OptionA"
      }
    },
    {
      "question": 36,
      "target": "Exam Score",
      "target_value": 90,
      "options": [
        "Student Study Time",
        "Time Spent on Social Media"
      ],
      "optionA": {
        "trial_id": "12",
        "task_id": "79",
        "values": "6.0, 0",
        "target_value": 90
      },
      "optionB": {
        "trial_id": "10",
        "task_id": "79",
        "values": "4.0, 2",
        "target_value": 78
      },
      "choice": {
        "button": "F",
        "selected_option": "OptionA"
      }
    },
    {
      "question": 37,
      "target": "Exam Score",
      "target_value": 90,
      "options": [
        "Student Study Time",
        "Time Spent on Social Media"
      ],
      "optionA": {
        "trial_id": "12",
        "task_id": "79",
        "values": "6.0, 0",
        "target_value": 90
      },
      "optionB": {
        "trial_id": "12",
        "task_id": "79",
        "values": "6.0, 0",
        "target_value": 90
      },
      "choice": {
        "button": "J",
        "selected_option": "OptionB"
      }
    },
    {
      "question": 38,
      "target": "Flower blooming time",
      "target_value": 3,
      "options": [
        "Hours of sunlight",
        "Humidity"
      ],
      "optionA": {
        "trial_id": "7",
        "task_id": "101",
        "values": "7.0, 50.0",
        "target_value": 3
      },
      "optionB": {
        "trial_id": "13",
        "task_id": "101",
        "values": "6.0, 65.0",
        "target_value": 4
      },
      "choice": {
        "button": "J",
        "selected_option": "OptionB"
      }
    },
    {
      "question": 39,
      "target": "Battery Life",
      "target_value": 28,
      "options": [
        "Phone Battery Capacity",
        "Number of Apps Installed"
      ],
      "optionA": {
        "trial_id": "5",
        "task_id": "78",
        "values": "5000.0, 30",
        "target_value": 28
      },
      "optionB": {
        "trial_id": "11",
        "task_id": "78",
        "values": "4500.0, 50",
        "target_value": 23
      },
      "choice": {
        "button": "F",
        "selected_option": "OptionA"
      }
    },
    {
      "question": "attention_check_39",
      "choice": "F",
      "passed": true,
      "timestamp": 1756154804130
    },
    {
      "question": 40,
      "target": "Fuel Efficiency (km/L)",
      "target_value": 1,
      "options": [
        "Car Engine Size (L)",
        "Weight (kg)"
      ],
      "optionA": {
        "trial_id": "20",
        "task_id": "107",
        "values": "7.5, 2200",
        "target_value": 1
      },
      "optionB": {
        "trial_id": "9",
        "task_id": "107",
        "values": "4.0, 1600",
        "target_value": 8
      },
      "choice": {
        "button": "F",
        "selected_option": "OptionA"
      }
    },
    {
      "question": 41,
      "target": "Taste Rating",
      "target_value": 6.5,
      "options": [
        "Coffee Amount",
        "Sugar Amount"
      ],
      "optionA": {
        "trial_id": "19",
        "task_id": "18",
        "values": "4.0, 2",
        "target_value": 6.5
      },
      "optionB": {
        "trial_id": "10",
        "task_id": "18",
        "values": "3.0, 2",
        "target_value": 5
      },
      "choice": {
        "button": "J",
        "selected_option": "OptionB"
      }
    },
    {
      "question": 42,
      "target": "App Performance",
      "target_value": 4,
      "options": [
        "Phone RAM",
        "Phone Storage"
      ],
      "optionA": {
        "trial_id": "4",
        "task_id": "170",
        "values": "6.0, 128",
        "target_value": 4
      },
      "optionB": {
        "trial_id": "11",
        "task_id": "170",
        "values": "2.0, 64",
        "target_value": 2
      },
      "choice": {
        "button": "F",
        "selected_option": "OptionA"
      }
    },
    {
      "question": 43,
      "target": "Freshness",
      "target_value": 7,
      "options": [
        "Cooking Time",
        "Ingredients"
      ],
      "optionA": {
        "trial_id": "15",
        "task_id": "19",
        "values": "30.0, 6.0",
        "target_value": 7
      },
      "optionB": {
        "trial_id": "13",
        "task_id": "65",
        "values": "15.0, 6",
        "target_value": 9
      },
      "choice": {
        "button": "J",
        "selected_option": "OptionB"
      }
    },
    {
      "question": 44,
      "target": "Resale value (in $)",
      "target_value": 18000,
      "options": [
        "Age of car (years)",
        "Mileage (km)"
      ],
      "optionA": {
        "trial_id": "12",
        "task_id": "55",
        "values": "4.0, 40000",
        "target_value": 18000
      },
      "optionB": {
        "trial_id": "4",
        "task_id": "55",
        "values": "2.0, 25000",
        "target_value": 22000
      },
      "choice": {
        "button": "J",
        "selected_option": "OptionB"
      }
    },
    {
      "question": 45,
      "target": "Distance Traveled",
      "target_value": 425,
      "options": [
        "Speed",
        "Comfort"
      ],
      "optionA": {
        "trial_id": "8",
        "task_id": "129",
        "values": "85.0, 5.0",
        "target_value": 425
      },
      "optionB": {
        "trial_id": "10",
        "task_id": "129",
        "values": "95.0, 4.0",
        "target_value": 475
      },
      "choice": {
        "button": "J",
        "selected_option": "OptionB"
      }
    },
    {
      "question": 46,
      "target": "Reaction Time (ms)",
      "target_value": 240,
      "options": [
        "Age (years)",
        "Driving Experience (years)"
      ],
      "optionA": {
        "trial_id": "4",
        "task_id": "25",
        "values": "40.0, 20.0",
        "target_value": 240
      },
      "optionB": {
        "trial_id": "11",
        "task_id": "25",
        "values": "45.0, 25.0",
        "target_value": 230
      },
      "choice": {
        "button": "F",
        "selected_option": "OptionA"
      }
    },
    {
      "question": 47,
      "target": "Fuel efficiency (km/l)",
      "target_value": 17,
      "options": [
        "Engine size (cc)",
        "Weight (kg)"
      ],
      "optionA": {
        "trial_id": "9",
        "task_id": "51",
        "values": "1300.0, 1150",
        "target_value": 17
      },
      "optionB": {
        "trial_id": "15",
        "task_id": "51",
        "values": "1650.0, 1270",
        "target_value": 13
      },
      "choice": {
        "button": "J",
        "selected_option": "OptionB"
      }
    },
    {
      "question": 48,
      "target": "Fuel efficiency (km/l)",
      "target_value": 8,
      "options": [
        "Engine power (in horsepower)",
        "Weight (in kg)"
      ],
      "optionA": {
        "trial_id": "9",
        "task_id": "87",
        "values": "200.0, 1500",
        "target_value": 8
      },
      "optionB": {
        "trial_id": "4",
        "task_id": "87",
        "values": "220.0, 1500",
        "target_value": 8
      },
      "choice": {
        "button": "J",
        "selected_option": "OptionB"
      }
    },
    {
      "question": 49,
      "target": "Restaurant Rating",
      "target_value": 5.2,
      "options": [
        "Restaurant Menu Variety",
        "Restaurant Wait Time"
      ],
      "optionA": {
        "trial_id": "17",
        "task_id": "11",
        "values": "90.0, 0",
        "target_value": 5.2
      },
      "optionB": {
        "trial_id": "12",
        "task_id": "11",
        "values": "10.0, 40",
        "target_value": 3.2
      },
      "choice": {
        "button": "F",
        "selected_option": "OptionA"
      }
    },
    {
      "question": 50,
      "target": "Physical Endurance",
      "target_value": 4.5,
      "options": [
        "Age",
        "Height"
      ],
      "optionA": {
        "trial_id": "19",
        "task_id": "135",
        "values": "55.0, 175.0",
        "target_value": 4.5
      },
      "optionB": {
        "trial_id": "1",
        "task_id": "123",
        "values": "20.0, 170.0",
        "target_value": 80
      },
      "choice": {
        "button": "J",
        "selected_option": "OptionB"
      }
    }
  ]
}