{
  "prolific_id": "UNKNOWN",
  "condition_group": "direction",
  "responses": [
    {
      "question": 1,
      "target": "Energy Level",
      "target_value": 9,
      "options": [
        "Dog Size",
        "Exercise Needs"
      ],
      "optionA": {
        "trial_id": "20",
        "task_id": "88",
        "values": "35.0, 8.0",
        "target_value": 9
      },
      "optionB": {
        "trial_id": "14",
        "task_id": "88",
        "values": "45.0, 9.0",
        "target_value": 9
      },
      "choice": {
        "button": "J",
        "selected_option": "OptionB"
      }
    },
    {
      "question": 2,
      "target": "Reading time",
      "target_value": 6,
      "options": [
        "Book pages",
        "Book chapters"
      ],
      "optionA": {
        "trial_id": "13",
        "task_id": "72",
        "values": "280.0, 14.0",
        "target_value": 6
      },
      "optionB": {
        "trial_id": "15",
        "task_id": "72",
        "values": "320.0, 16.0",
        "target_value": 7
      },
      "choice": {
        "button": "J",
        "selected_option": "OptionB"
      }
    },
    {
      "question": 3,
      "target": "Natural Light",
      "target_value": 8,
      "options": [
        "Room Size",
        "Number of Windows"
      ],
      "optionA": {
        "trial_id": "9",
        "task_id": "53",
        "values": "250.0, 4.0",
        "target_value": 8
      },
      "optionB": {
        "trial_id": "17",
        "task_id": "53",
        "values": "190.0, 3.0",
        "target_value": 6
      },
      "choice": {
        "button": "J",
        "selected_option": "OptionB"
      }
    },
    {
      "question": 4,
      "target": "Battery life",
      "target_value": 13,
      "options": [
        "Phone battery",
        "Screen size"
      ],
      "optionA": {
        "trial_id": "12",
        "task_id": "69",
        "values": "4000.0, 6.0",
        "target_value": 13
      },
      "optionB": {
        "trial_id": "9",
        "task_id": "69",
        "values": "4500.0, 7.0",
        "target_value": 14
      },
      "choice": {
        "button": "J",
        "selected_option": "OptionB"
      }
    },
    {
      "question": 5,
      "target": "Taste Rating",
      "target_value": 7,
      "options": [
        "Number of Ingredients",
        "Cooking Time (minutes)"
      ],
      "optionA": {
        "trial_id": "9",
        "task_id": "14",
        "values": "5.0, 30.0",
        "target_value": 7
      },
      "optionB": {
        "trial_id": "20",
        "task_id": "14",
        "values": "6.0, 25.0",
        "target_value": 6
      },
      "choice": {
        "button": "J",
        "selected_option": "OptionB"
      }
    },
    {
      "question": 6,
      "target": "Natural light",
      "target_value": 6,
      "options": [
        "Room size",
        "Window count"
      ],
      "optionA": {
        "trial_id": "11",
        "task_id": "66",
        "values": "110.0, 2.0",
        "target_value": 6
      },
      "optionB": {
        "trial_id": "16",
        "task_id": "66",
        "values": "90.0, 1.0",
        "target_value": 5
      },
      "choice": {
        "button": "F",
        "selected_option": "OptionA"
      }
    },
    {
      "question": 7,
      "target": "House Price",
      "target_value": 310,
      "options": [
        "House Size",
        "Neighborhood Rating"
      ],
      "optionA": {
        "trial_id": "17",
        "task_id": "38",
        "values": "1700.0, 6.0",
        "target_value": 310
      },
      "optionB": {
        "trial_id": "10",
        "task_id": "38",
        "values": "1700.0, 6.0",
        "target_value": 290
      },
      "choice": {
        "button": "F",
        "selected_option": "OptionA"
      }
    },
    {
      "question": 8,
      "target": "Exam score",
      "target_value": 85,
      "options": [
        "Study time (hours)",
        "Class attendance (%)"
      ],
      "optionA": {
        "trial_id": "3",
        "task_id": "91",
        "values": "5.0, 90.0",
        "target_value": 85
      },
      "optionB": {
        "trial_id": "10",
        "task_id": "91",
        "values": "4.0, 90.0",
        "target_value": 86
      },
      "choice": {
        "button": "F",
        "selected_option": "OptionA"
      }
    },
    {
      "question": 9,
      "target": "Enjoyment",
      "target_value": 13,
      "options": [
        "Taste rating",
        "Price"
      ],
      "optionA": {
        "trial_id": "13",
        "task_id": "26",
        "values": "7.0, 7.0",
        "target_value": 13
      },
      "optionB": {
        "trial_id": "1",
        "task_id": "26",
        "values": "8.0, 5.0",
        "target_value": 12
      },
      "choice": {
        "button": "J",
        "selected_option": "OptionB"
      }
    },
    {
      "question": "attention_check_9",
      "choice": "J",
      "passed": true,
      "timestamp": 1756720617426
    },
    {
      "question": 10,
      "target": "Energy Level",
      "target_value": 6,
      "options": [
        "Hours of Sleep",
        "Caffeine Intake (mg)"
      ],
      "optionA": {
        "trial_id": "11",
        "task_id": "45",
        "values": "7.0, 50.0",
        "target_value": 6
      },
      "optionB": {
        "trial_id": "1",
        "task_id": "45",
        "values": "8.0, 50.0",
        "target_value": 7
      },
      "choice": {
        "button": "J",
        "selected_option": "OptionB"
      }
    },
    {
      "question": 11,
      "target": "Exam Score (%)",
      "target_value": 80,
      "options": [
        "Study Time (hours)",
        "Previous Score (%)"
      ],
      "optionA": {
        "trial_id": "4",
        "task_id": "76",
        "values": "6.0, 75.0",
        "target_value": 80
      },
      "optionB": {
        "trial_id": "19",
        "task_id": "76",
        "values": "5.0, 80.0",
        "target_value": 85
      },
      "choice": {
        "button": "J",
        "selected_option": "OptionB"
      }
    },
    {
      "question": 12,
      "target": "Tea Strength (1-10)",
      "target_value": 8,
      "options": [
        "Tea Leaf Quality (1-10)",
        "Tea Steeping Time (minutes)"
      ],
      "optionA": {
        "trial_id": "10",
        "task_id": "80",
        "values": "9.0, 5.0",
        "target_value": 8
      },
      "optionB": {
        "trial_id": "8",
        "task_id": "80",
        "values": "10.0, 6.0",
        "target_value": 9
      },
      "choice": {
        "button": "J",
        "selected_option": "OptionB"
      }
    },
    {
      "question": 13,
      "target": "Fuel Consumption (L)",
      "target_value": 1000,
      "options": [
        "Flight Duration (hours)",
        "Distance (km)"
      ],
      "optionA": {
        "trial_id": "12",
        "task_id": "33",
        "values": "4.0, 1000.0",
        "target_value": 1000
      },
      "optionB": {
        "trial_id": "7",
        "task_id": "33",
        "values": "6.0, 1500.0",
        "target_value": 1500
      },
      "choice": {
        "button": "J",
        "selected_option": "OptionB"
      }
    },
    {
      "question": 14,
      "target": "Prep Time (min)",
      "target_value": 13,
      "options": [
        "Number of Ingredients",
        "Cooking Time (min)"
      ],
      "optionA": {
        "trial_id": "13",
        "task_id": "96",
        "values": "3.0, 18.0",
        "target_value": 13
      },
      "optionB": {
        "trial_id": "9",
        "task_id": "96",
        "values": "6.0, 25.0",
        "target_value": 18
      },
      "choice": {
        "button": "J",
        "selected_option": "OptionB"
      }
    },
    {
      "question": 15,
      "target": "Speed",
      "target_value": 90,
      "options": [
        "Car Engine Size",
        "Horsepower"
      ],
      "optionA": {
        "trial_id": "20",
        "task_id": "61",
        "values": "1.3, 100.0",
        "target_value": 90
      },
      "optionB": {
        "trial_id": "7",
        "task_id": "61",
        "values": "1.4, 100.0",
        "target_value": 90
      },
      "choice": {
        "button": "J",
        "selected_option": "OptionB"
      }
    },
    {
      "question": 16,
      "target": "Speed",
      "target_value": 90,
      "options": [
        "Car Engine Size",
        "Horsepower"
      ],
      "optionA": {
        "trial_id": "20",
        "task_id": "61",
        "values": "1.3, 100.0",
        "target_value": 90
      },
      "optionB": {
        "trial_id": "6",
        "task_id": "61",
        "values": "3.2, 190.0",
        "target_value": 165
      },
      "choice": {
        "button": "J",
        "selected_option": "OptionB"
      }
    },
    {
      "question": 17,
      "target": "Book Knowledge Content",
      "target_value": 5,
      "options": [
        "Book Page Count",
        "Book Reading Level"
      ],
      "optionA": {
        "trial_id": "5",
        "task_id": "1",
        "values": "200.0, 2.0",
        "target_value": 5
      },
      "optionB": {
        "trial_id": "16",
        "task_id": "1",
        "values": "240.0, 4.0",
        "target_value": 6
      },
      "choice": {
        "button": "J",
        "selected_option": "OptionB"
      }
    },
    {
      "question": 18,
      "target": "Room Area (m²)",
      "target_value": 21,
      "options": [
        "Room Length (m)",
        "Room Width (m)"
      ],
      "optionA": {
        "trial_id": "9",
        "task_id": "89",
        "values": "7.0, 3.0",
        "target_value": 21
      },
      "optionB": {
        "trial_id": "10",
        "task_id": "89",
        "values": "3.0, 7.0",
        "target_value": 21
      },
      "choice": {
        "button": "F",
        "selected_option": "OptionA"
      }
    },
    {
      "question": 19,
      "target": "Engagement rate (%)",
      "target_value": 5.6,
      "options": [
        "Number of followers",
        "Post quality score"
      ],
      "optionA": {
        "trial_id": "10",
        "task_id": "71",
        "values": "12000.0, 5.0",
        "target_value": 5.6
      },
      "optionB": {
        "trial_id": "18",
        "task_id": "71",
        "values": "11000.0, 4.0",
        "target_value": 5.5
      },
      "choice": {
        "button": "F",
        "selected_option": "OptionA"
      }
    },
    {
      "question": "attention_check_19",
      "choice": "F",
      "passed": true,
      "timestamp": 1756720691112
    },
    {
      "question": 20,
      "target": "Book Reading Time",
      "target_value": 165,
      "options": [
        "Book Thickness",
        "Book Length"
      ],
      "optionA": {
        "trial_id": "11",
        "task_id": "102",
        "values": "650.0, 230.0",
        "target_value": 165
      },
      "optionB": {
        "trial_id": "2",
        "task_id": "102",
        "values": "400.0, 180.0",
        "target_value": 130
      },
      "choice": {
        "button": "F",
        "selected_option": "OptionA"
      }
    },
    {
      "question": 21,
      "target": "Post reach",
      "target_value": 18000,
      "options": [
        "Number of followers",
        "Engagement rate (%)"
      ],
      "optionA": {
        "trial_id": "5",
        "task_id": "92",
        "values": "1500.0, 6.0",
        "target_value": 18000
      },
      "optionB": {
        "trial_id": "14",
        "task_id": "92",
        "values": "2500.0, 6.0",
        "target_value": 22000
      },
      "choice": {
        "button": "J",
        "selected_option": "OptionB"
      }
    },
    {
      "question": 22,
      "target": "Comfort Score",
      "target_value": 7,
      "options": [
        "Price ($)",
        "Size (sqft)"
      ],
      "optionA": {
        "trial_id": "16",
        "task_id": "44",
        "values": "260000.0, 140.0",
        "target_value": 7
      },
      "optionB": {
        "trial_id": "17",
        "task_id": "44",
        "values": "310000.0, 150.0",
        "target_value": 8
      },
      "choice": {
        "button": "J",
        "selected_option": "OptionB"
      }
    },
    {
      "question": 23,
      "target": "Book Rating",
      "target_value": 4.6,
      "options": [
        "Book Page Count",
        "Author Rating"
      ],
      "optionA": {
        "trial_id": "18",
        "task_id": "22",
        "values": "400.0, 4.7",
        "target_value": 4.6
      },
      "optionB": {
        "trial_id": "5",
        "task_id": "22",
        "values": "350.0, 4.7",
        "target_value": 4.6
      },
      "choice": {
        "button": "F",
        "selected_option": "OptionA"
      }
    },
    {
      "question": 24,
      "target": "Exam Score (out of 100)",
      "target_value": 65,
      "options": [
        "Time Spent Studying (hours)",
        "Number of Chapters Covered"
      ],
      "optionA": {
        "trial_id": "13",
        "task_id": "94",
        "values": "2.0, 4.0",
        "target_value": 65
      },
      "optionB": {
        "trial_id": "5",
        "task_id": "94",
        "values": "4.0, 5.0",
        "target_value": 75
      },
      "choice": {
        "button": "J",
        "selected_option": "OptionB"
      }
    },
    {
      "question": 25,
      "target": "Exam Score",
      "target_value": 68,
      "options": [
        "Hours of Study",
        "Difficulty Level"
      ],
      "optionA": {
        "trial_id": "13",
        "task_id": "12",
        "values": "4.0, 3.0",
        "target_value": 68
      },
      "optionB": {
        "trial_id": "2",
        "task_id": "12",
        "values": "6.0, 4.0",
        "target_value": 73
      },
      "choice": {
        "button": "J",
        "selected_option": "OptionB"
      }
    },
    {
      "question": 26,
      "target": "Restaurant Customer Satisfaction",
      "target_value": 8.7,
      "options": [
        "Restaurant Menu Size",
        "Restaurant Online Rating"
      ],
      "optionA": {
        "trial_id": "14",
        "task_id": "24",
        "values": "19.0, 4.7",
        "target_value": 8.7
      },
      "optionB": {
        "trial_id": "8",
        "task_id": "24",
        "values": "20.0, 4.7",
        "target_value": 8.8
      },
      "choice": {
        "button": "J",
        "selected_option": "OptionB"
      }
    },
    {
      "question": 27,
      "target": "Fitness Level",
      "target_value": 6,
      "options": [
        "Exercise Time (min/day)",
        "Healthy Diet (%)"
      ],
      "optionA": {
        "trial_id": "2",
        "task_id": "46",
        "values": "25.0, 80.0",
        "target_value": 6
      },
      "optionB": {
        "trial_id": "1",
        "task_id": "46",
        "values": "30.0, 70.0",
        "target_value": 6
      },
      "choice": {
        "button": "J",
        "selected_option": "OptionB"
      }
    },
    {
      "question": 28,
      "target": "Performance",
      "target_value": 8.3,
      "options": [
        "Skill Level",
        "Practice Time"
      ],
      "optionA": {
        "trial_id": "14",
        "task_id": "100",
        "values": "7.0, 12.0",
        "target_value": 8.3
      },
      "optionB": {
        "trial_id": "15",
        "task_id": "100",
        "values": "5.0, 18.0",
        "target_value": 8.1
      },
      "choice": {
        "button": "F",
        "selected_option": "OptionA"
      }
    },
    {
      "question": 29,
      "target": "Quality",
      "target_value": 70,
      "options": [
        "Price",
        "Size"
      ],
      "optionA": {
        "trial_id": "1",
        "task_id": "110",
        "values": "100.0, 10.0",
        "target_value": 70
      },
      "optionB": {
        "trial_id": "7",
        "task_id": "110",
        "values": "180.0, 20.0",
        "target_value": 90
      },
      "choice": {
        "button": "J",
        "selected_option": "OptionB"
      }
    },
    {
      "question": "attention_check_29",
      "choice": "J",
      "passed": true,
      "timestamp": 1756720927063
    },
    {
      "question": 30,
      "target": "Phone Performance",
      "target_value": 140,
      "options": [
        "Phone RAM",
        "Phone Storage"
      ],
      "optionA": {
        "trial_id": "15",
        "task_id": "86",
        "values": "64.0, 8192.0",
        "target_value": 140
      },
      "optionB": {
        "trial_id": "6",
        "task_id": "86",
        "values": "12.0, 512.0",
        "target_value": 100
      },
      "choice": {
        "button": "F",
        "selected_option": "OptionA"
      }
    },
    {
      "question": 31,
      "target": "Popularity Score",
      "target_value": 65,
      "options": [
        "Price ($)",
        "Rating (1-10)"
      ],
      "optionA": {
        "trial_id": "2",
        "task_id": "97",
        "values": "70.0, 5.0",
        "target_value": 65
      },
      "optionB": {
        "trial_id": "2",
        "task_id": "97",
        "values": "70.0, 5.0",
        "target_value": 65
      },
      "choice": {
        "button": "F",
        "selected_option": "OptionA"
      }
    },
    {
      "question": 32,
      "target": "Warmth Rating",
      "target_value": 4.4,
      "options": [
        "Shirt Weight (g)",
        "Fabric Thickness (mm)"
      ],
      "optionA": {
        "trial_id": "17",
        "task_id": "31",
        "values": "185.0, 1.7",
        "target_value": 4.4
      },
      "optionB": {
        "trial_id": "6",
        "task_id": "31",
        "values": "160.0, 1.1",
        "target_value": 3.2
      },
      "choice": {
        "button": "F",
        "selected_option": "OptionA"
      }
    },
    {
      "question": 33,
      "target": "Performance Quality (on scale 1-10)",
      "target_value": 7,
      "options": [
        "Hours of Practice",
        "Musical Experience (years)"
      ],
      "optionA": {
        "trial_id": "12",
        "task_id": "17",
        "values": "70.0, 3.0",
        "target_value": 7
      },
      "optionB": {
        "trial_id": "6",
        "task_id": "17",
        "values": "100.0, 3.0",
        "target_value": 8
      },
      "choice": {
        "button": "J",
        "selected_option": "OptionB"
      }
    },
    {
      "question": 34,
      "target": "Enjoyment Score",
      "target_value": 8,
      "options": [
        "Book Length (pages)",
        "Author Fame (1-10)"
      ],
      "optionA": {
        "trial_id": "20",
        "task_id": "29",
        "values": "350.0, 7.0",
        "target_value": 8
      },
      "optionB": {
        "trial_id": "10",
        "task_id": "29",
        "values": "300.0, 6.0",
        "target_value": 7.5
      },
      "choice": {
        "button": "F",
        "selected_option": "OptionA"
      }
    },
    {
      "question": 35,
      "target": "Apartment price",
      "target_value": 1500,
      "options": [
        "Distance from city center",
        "Room size"
      ],
      "optionA": {
        "trial_id": "8",
        "task_id": "58",
        "values": "4.0, 60.0",
        "target_value": 1500
      },
      "optionB": {
        "trial_id": "17",
        "task_id": "58",
        "values": "2.0, 40.0",
        "target_value": 1300
      },
      "choice": {
        "button": "J",
        "selected_option": "OptionB"
      }
    },
    {
      "question": 36,
      "target": "Energy Level",
      "target_value": 7,
      "options": [
        "Hours of Sleep",
        "Caffeine Intake (mg)"
      ],
      "optionA": {
        "trial_id": "10",
        "task_id": "45",
        "values": "7.0, 60.0",
        "target_value": 7
      },
      "optionB": {
        "trial_id": "1",
        "task_id": "45",
        "values": "8.0, 50.0",
        "target_value": 7
      },
      "choice": {
        "button": "J",
        "selected_option": "OptionB"
      }
    },
    {
      "question": 37,
      "target": "Age (years)",
      "target_value": 60,
      "options": [
        "Tree Height (m)",
        "Trunk Diameter (cm)"
      ],
      "optionA": {
        "trial_id": "8",
        "task_id": "32",
        "values": "12.0, 35.0",
        "target_value": 60
      },
      "optionB": {
        "trial_id": "2",
        "task_id": "32",
        "values": "8.0, 25.0",
        "target_value": 40
      },
      "choice": {
        "button": "F",
        "selected_option": "OptionA"
      }
    },
    {
      "question": 38,
      "target": "Market value ($)",
      "target_value": 280000,
      "options": [
        "Number of bedrooms",
        "House size (sq ft)"
      ],
      "optionA": {
        "trial_id": "4",
        "task_id": "90",
        "values": "5.0, 1200.0",
        "target_value": 280000
      },
      "optionB": {
        "trial_id": "3",
        "task_id": "90",
        "values": "4.0, 1500.0",
        "target_value": 300000
      },
      "choice": {
        "button": "F",
        "selected_option": "OptionA"
      }
    },
    {
      "question": 39,
      "target": "Book Rating",
      "target_value": 4.7,
      "options": [
        "Book Page Count",
        "Author Rating"
      ],
      "optionA": {
        "trial_id": "17",
        "task_id": "22",
        "values": "350.0, 4.8",
        "target_value": 4.7
      },
      "optionB": {
        "trial_id": "2",
        "task_id": "22",
        "values": "500.0, 4.5",
        "target_value": 4.6
      },
      "choice": {
        "button": "F",
        "selected_option": "OptionA"
      }
    },
    {
      "question": "attention_check_39",
      "choice": "F",
      "passed": true,
      "timestamp": 1756721055273
    },
    {
      "question": 40,
      "target": "Brightness",
      "target_value": 700,
      "options": [
        "Phone Battery Capacity",
        "Screen Size"
      ],
      "optionA": {
        "trial_id": "3",
        "task_id": "37",
        "values": "4000.0, 6.0",
        "target_value": 700
      },
      "optionB": {
        "trial_id": "4",
        "task_id": "37",
        "values": "4500.0, 5.0",
        "target_value": 680
      },
      "choice": {
        "button": "J",
        "selected_option": "OptionB"
      }
    },
    {
      "question": 41,
      "target": "Social Engagement (on scale 1-10)",
      "target_value": 8,
      "options": [
        "Number of Friends",
        "Average Message Frequency"
      ],
      "optionA": {
        "trial_id": "18",
        "task_id": "21",
        "values": "160.0, 4.0",
        "target_value": 8
      },
      "optionB": {
        "trial_id": "3",
        "task_id": "21",
        "values": "120.0, 4.0",
        "target_value": 8
      },
      "choice": {
        "button": "F",
        "selected_option": "OptionA"
      }
    },
    {
      "question": 42,
      "target": "Performance Quality (on scale 1-10)",
      "target_value": 9,
      "options": [
        "Hours of Practice",
        "Musical Experience (years)"
      ],
      "optionA": {
        "trial_id": "20",
        "task_id": "17",
        "values": "110.0, 4.0",
        "target_value": 9
      },
      "optionB": {
        "trial_id": "15",
        "task_id": "17",
        "values": "70.0, 3.0",
        "target_value": 7
      },
      "choice": {
        "button": "F",
        "selected_option": "OptionA"
      }
    },
    {
      "question": 43,
      "target": "Exam Score (%)",
      "target_value": 75,
      "options": [
        "Study Time (hours)",
        "Previous Score (%)"
      ],
      "optionA": {
        "trial_id": "6",
        "task_id": "76",
        "values": "5.0, 70.0",
        "target_value": 75
      },
      "optionB": {
        "trial_id": "7",
        "task_id": "76",
        "values": "3.0, 80.0",
        "target_value": 80
      },
      "choice": {
        "button": "J",
        "selected_option": "OptionB"
      }
    },
    {
      "question": 44,
      "target": "Battery life hours",
      "target_value": 15,
      "options": [
        "Phone battery capacity",
        "Phone weight"
      ],
      "optionA": {
        "trial_id": "2",
        "task_id": "73",
        "values": "4000.0, 200.0",
        "target_value": 15
      },
      "optionB": {
        "trial_id": "17",
        "task_id": "73",
        "values": "3800.0, 210.0",
        "target_value": 16
      },
      "choice": {
        "button": "F",
        "selected_option": "OptionA"
      }
    },
    {
      "question": 45,
      "target": "House Price ($1000s)",
      "target_value": 310,
      "options": [
        "Number of Rooms",
        "Square Feet"
      ],
      "optionA": {
        "trial_id": "7",
        "task_id": "77",
        "values": "4.0, 1900.0",
        "target_value": 310
      },
      "optionB": {
        "trial_id": "15",
        "task_id": "77",
        "values": "3.0, 1500.0",
        "target_value": 250
      },
      "choice": {
        "button": "F",
        "selected_option": "OptionA"
      }
    },
    {
      "question": 46,
      "target": "Battery Life",
      "target_value": 34,
      "options": [
        "Phone Weight",
        "Battery Capacity"
      ],
      "optionA": {
        "trial_id": "13",
        "task_id": "54",
        "values": "230.0, 4200.0",
        "target_value": 34
      },
      "optionB": {
        "trial_id": "2",
        "task_id": "54",
        "values": "250.0, 3800.0",
        "target_value": 30
      },
      "choice": {
        "button": "F",
        "selected_option": "OptionA"
      }
    },
    {
      "question": 47,
      "target": "Training Difficulty (1-10)",
      "target_value": 4,
      "options": [
        "Dog Size",
        "Dog Energy Level"
      ],
      "optionA": {
        "trial_id": "5",
        "task_id": "82",
        "values": "40.0, 5.0",
        "target_value": 4
      },
      "optionB": {
        "trial_id": "12",
        "task_id": "82",
        "values": "60.0, 7.0",
        "target_value": 6
      },
      "choice": {
        "button": "J",
        "selected_option": "OptionB"
      }
    },
    {
      "question": 48,
      "target": "Popularity Score",
      "target_value": 75,
      "options": [
        "Price ($)",
        "Rating (1-10)"
      ],
      "optionA": {
        "trial_id": "5",
        "task_id": "97",
        "values": "40.0, 9.0",
        "target_value": 75
      },
      "optionB": {
        "trial_id": "4",
        "task_id": "97",
        "values": "80.0, 6.0",
        "target_value": 72
      },
      "choice": {
        "button": "F",
        "selected_option": "OptionA"
      }
    },
    {
      "question": 49,
      "target": "Comfort Score",
      "target_value": 8,
      "options": [
        "Price ($)",
        "Size (sqft)"
      ],
      "optionA": {
        "trial_id": "10",
        "task_id": "44",
        "values": "270000.0, 150.0",
        "target_value": 8
      },
      "optionB": {
        "trial_id": "13",
        "task_id": "44",
        "values": "300000.0, 160.0",
        "target_value": 8
      },
      "choice": {
        "button": "J",
        "selected_option": "OptionB"
      }
    },
    {
      "question": 50,
      "target": "Fuel Consumption (L)",
      "target_value": 1250,
      "options": [
        "Flight Duration (hours)",
        "Distance (km)"
      ],
      "optionA": {
        "trial_id": "3",
        "task_id": "33",
        "values": "5.0, 1250.0",
        "target_value": 1250
      },
      "optionB": {
        "trial_id": "12",
        "task_id": "33",
        "values": "4.0, 1000.0",
        "target_value": 1000
      },
      "choice": {
        "button": "F",
        "selected_option": "OptionA"
      }
    }
  ]
}