{
  "prolific_id": "UNKNOWN",
  "condition_group": "direction",
  "responses": [
    {
      "question": 1,
      "target": "Taste Rating",
      "target_value": 6,
      "options": [
        "Number of Ingredients",
        "Cooking Time (minutes)"
      ],
      "optionA": {
        "trial_id": "20",
        "task_id": "14",
        "values": "6.0, 25.0",
        "target_value": 6
      },
      "optionB": {
        "trial_id": "3",
        "task_id": "14",
        "values": "4.0, 20.0",
        "target_value": 6
      },
      "choice": {
        "button": "F",
        "selected_option": "OptionA"
      }
    },
    {
      "question": 2,
      "target": "Popularity Score",
      "target_value": 72,
      "options": [
        "Price ($)",
        "Rating (1-10)"
      ],
      "optionA": {
        "trial_id": "18",
        "task_id": "97",
        "values": "80.0, 7.0",
        "target_value": 72
      },
      "optionB": {
        "trial_id": "10",
        "task_id": "97",
        "values": "90.0, 5.0",
        "target_value": 71
      },
      "choice": {
        "button": "F",
        "selected_option": "OptionA"
      }
    },
    {
      "question": 3,
      "target": "Home Value (thousands)",
      "target_value": 330,
      "options": [
        "House Size (sqm)",
        "Neighborhood Safety (1-10)"
      ],
      "optionA": {
        "trial_id": "7",
        "task_id": "41",
        "values": "110.0, 10.0",
        "target_value": 330
      },
      "optionB": {
        "trial_id": "7",
        "task_id": "41",
        "values": "110.0, 10.0",
        "target_value": 330
      },
      "choice": {
        "button": "J",
        "selected_option": "OptionB"
      }
    },
    {
      "question": 4,
      "target": "Performance Score",
      "target_value": 90,
      "options": [
        "Hours of Practice",
        "Natural Talent (1-10)"
      ],
      "optionA": {
        "trial_id": "3",
        "task_id": "78",
        "values": "12.0, 6.0",
        "target_value": 90
      },
      "optionB": {
        "trial_id": "8",
        "task_id": "78",
        "values": "7.0, 10.0",
        "target_value": 93
      },
      "choice": {
        "button": "J",
        "selected_option": "OptionB"
      }
    },
    {
      "question": 5,
      "target": "Battery life",
      "target_value": 10,
      "options": [
        "Phone battery",
        "Screen size"
      ],
      "optionA": {
        "trial_id": "3",
        "task_id": "69",
        "values": "2500.0, 4.0",
        "target_value": 10
      },
      "optionB": {
        "trial_id": "11",
        "task_id": "69",
        "values": "3000.0, 5.0",
        "target_value": 12
      },
      "choice": {
        "button": "J",
        "selected_option": "OptionB"
      }
    },
    {
      "question": 6,
      "target": "Fun Score",
      "target_value": 6,
      "options": [
        "Number of Players",
        "Game Length (min)"
      ],
      "optionA": {
        "trial_id": "19",
        "task_id": "98",
        "values": "3.0, 45.0",
        "target_value": 6
      },
      "optionB": {
        "trial_id": "1",
        "task_id": "98",
        "values": "4.0, 60.0",
        "target_value": 7
      },
      "choice": {
        "button": "J",
        "selected_option": "OptionB"
      }
    },
    {
      "question": 7,
      "target": "Market value ($)",
      "target_value": 220000,
      "options": [
        "Number of bedrooms",
        "House size (sq ft)"
      ],
      "optionA": {
        "trial_id": "13",
        "task_id": "90",
        "values": "2.0, 1100.0",
        "target_value": 220000
      },
      "optionB": {
        "trial_id": "16",
        "task_id": "90",
        "values": "4.0, 1400.0",
        "target_value": 290000
      },
      "choice": {
        "button": "J",
        "selected_option": "OptionB"
      }
    },
    {
      "question": 8,
      "target": "Light amount",
      "target_value": 9,
      "options": [
        "Room size (m2)",
        "Number of windows"
      ],
      "optionA": {
        "trial_id": "3",
        "task_id": "85",
        "values": "25.0, 4.0",
        "target_value": 9
      },
      "optionB": {
        "trial_id": "9",
        "task_id": "85",
        "values": "20.0, 4.0",
        "target_value": 9
      },
      "choice": {
        "button": "J",
        "selected_option": "OptionB"
      }
    },
    {
      "question": 9,
      "target": "Enjoyment Rating (1-10)",
      "target_value": 6,
      "options": [
        "Number of Pages",
        "Reading Time (minutes)"
      ],
      "optionA": {
        "trial_id": "20",
        "task_id": "10",
        "values": "410.0, 155.0",
        "target_value": 6
      },
      "optionB": {
        "trial_id": "10",
        "task_id": "10",
        "values": "380.0, 140.0",
        "target_value": 6
      },
      "choice": {
        "button": "F",
        "selected_option": "OptionA"
      }
    },
    {
      "question": "attention_check_9",
      "choice": "J",
      "passed": true,
      "timestamp": 1756154577022
    },
    {
      "question": 10,
      "target": "Exam Score (out of 100)",
      "target_value": 80,
      "options": [
        "Time Spent Studying (hours)",
        "Number of Chapters Covered"
      ],
      "optionA": {
        "trial_id": "16",
        "task_id": "94",
        "values": "6.0, 6.0",
        "target_value": 80
      },
      "optionB": {
        "trial_id": "19",
        "task_id": "94",
        "values": "3.0, 5.0",
        "target_value": 70
      },
      "choice": {
        "button": "F",
        "selected_option": "OptionA"
      }
    },
    {
      "question": 11,
      "target": "Natural Light (on scale 1-10)",
      "target_value": 7,
      "options": [
        "Room Area (m2)",
        "Number of Windows"
      ],
      "optionA": {
        "trial_id": "18",
        "task_id": "15",
        "values": "24.0, 3.0",
        "target_value": 7
      },
      "optionB": {
        "trial_id": "7",
        "task_id": "15",
        "values": "18.0, 2.0",
        "target_value": 6
      },
      "choice": {
        "button": "F",
        "selected_option": "OptionA"
      }
    },
    {
      "question": 12,
      "target": "Customer Satisfaction",
      "target_value": 7.5,
      "options": [
        "Price ($)",
        "Quality Rating (1-10)"
      ],
      "optionA": {
        "trial_id": "13",
        "task_id": "49",
        "values": "100.0, 7.0",
        "target_value": 7.5
      },
      "optionB": {
        "trial_id": "3",
        "task_id": "49",
        "values": "150.0, 8.0",
        "target_value": 8.5
      },
      "choice": {
        "button": "J",
        "selected_option": "OptionB"
      }
    },
    {
      "question": 13,
      "target": "Bike Speed",
      "target_value": 24,
      "options": [
        "Bike Weight",
        "Bike Wheel Size"
      ],
      "optionA": {
        "trial_id": "9",
        "task_id": "107",
        "values": "10.0, 27.0",
        "target_value": 24
      },
      "optionB": {
        "trial_id": "20",
        "task_id": "107",
        "values": "16.0, 28.0",
        "target_value": 26
      },
      "choice": {
        "button": "J",
        "selected_option": "OptionB"
      }
    },
    {
      "question": 14,
      "target": "Phone Performance",
      "target_value": 75,
      "options": [
        "Phone RAM",
        "Phone Screen Size"
      ],
      "optionA": {
        "trial_id": "10",
        "task_id": "103",
        "values": "4.0, 5.9",
        "target_value": 75
      },
      "optionB": {
        "trial_id": "13",
        "task_id": "103",
        "values": "10.0, 6.8",
        "target_value": 94
      },
      "choice": {
        "button": "J",
        "selected_option": "OptionB"
      }
    },
    {
      "question": 15,
      "target": "House Price",
      "target_value": 480000,
      "options": [
        "House Size sqft",
        "House Location Rating"
      ],
      "optionA": {
        "trial_id": "15",
        "task_id": "23",
        "values": "2300.0, 10.0",
        "target_value": 480000
      },
      "optionB": {
        "trial_id": "6",
        "task_id": "23",
        "values": "2200.0, 8.0",
        "target_value": 410000
      },
      "choice": {
        "button": "F",
        "selected_option": "OptionA"
      }
    },
    {
      "question": 16,
      "target": "Energy Boost",
      "target_value": 10,
      "options": [
        "Coffee Caffeine Content",
        "Coffee Richness"
      ],
      "optionA": {
        "trial_id": "12",
        "task_id": "4",
        "values": "120.0, 6.0",
        "target_value": 10
      },
      "optionB": {
        "trial_id": "8",
        "task_id": "4",
        "values": "85.0, 5.0",
        "target_value": 8
      },
      "choice": {
        "button": "F",
        "selected_option": "OptionA"
      }
    },
    {
      "question": 17,
      "target": "Exam Score",
      "target_value": 70,
      "options": [
        "Hours of Study",
        "Difficulty Level"
      ],
      "optionA": {
        "trial_id": "20",
        "task_id": "12",
        "values": "5.0, 3.0",
        "target_value": 70
      },
      "optionB": {
        "trial_id": "14",
        "task_id": "12",
        "values": "5.0, 4.0",
        "target_value": 70
      },
      "choice": {
        "button": "F",
        "selected_option": "OptionA"
      }
    },
    {
      "question": 18,
      "target": "Job Success",
      "target_value": 70,
      "options": [
        "Age",
        "Experience"
      ],
      "optionA": {
        "trial_id": "1",
        "task_id": "117",
        "values": "30.0, 5.0",
        "target_value": 70
      },
      "optionB": {
        "trial_id": "6",
        "task_id": "117",
        "values": "40.0, 9.0",
        "target_value": 85
      },
      "choice": {
        "button": "J",
        "selected_option": "OptionB"
      }
    },
    {
      "question": 19,
      "target": "Exam Score",
      "target_value": 68,
      "options": [
        "Student Study Time (hours)",
        "Class Attendance (%)"
      ],
      "optionA": {
        "trial_id": "11",
        "task_id": "40",
        "values": "5.0, 75.0",
        "target_value": 68
      },
      "optionB": {
        "trial_id": "2",
        "task_id": "40",
        "values": "6.0, 75.0",
        "target_value": 72
      },
      "choice": {
        "button": "J",
        "selected_option": "OptionB"
      }
    },
    {
      "question": "attention_check_19",
      "choice": "F",
      "passed": true,
      "timestamp": 1756154679609
    },
    {
      "question": 20,
      "target": "Book Knowledge Content",
      "target_value": 6,
      "options": [
        "Book Page Count",
        "Book Reading Level"
      ],
      "optionA": {
        "trial_id": "9",
        "task_id": "1",
        "values": "350.0, 3.0",
        "target_value": 6
      },
      "optionB": {
        "trial_id": "10",
        "task_id": "1",
        "values": "330.0, 4.0",
        "target_value": 7
      },
      "choice": {
        "button": "J",
        "selected_option": "OptionB"
      }
    },
    {
      "question": 21,
      "target": "Battery Life",
      "target_value": 34,
      "options": [
        "Phone Weight",
        "Battery Capacity"
      ],
      "optionA": {
        "trial_id": "6",
        "task_id": "54",
        "values": "240.0, 4400.0",
        "target_value": 34
      },
      "optionB": {
        "trial_id": "14",
        "task_id": "54",
        "values": "240.0, 4000.0",
        "target_value": 33
      },
      "choice": {
        "button": "F",
        "selected_option": "OptionA"
      }
    },
    {
      "question": 22,
      "target": "Weight loss",
      "target_value": 2,
      "options": [
        "Exercise duration",
        "Intensity level"
      ],
      "optionA": {
        "trial_id": "14",
        "task_id": "67",
        "values": "50.0, 7.0",
        "target_value": 2
      },
      "optionB": {
        "trial_id": "17",
        "task_id": "67",
        "values": "45.0, 5.0",
        "target_value": 1.6
      },
      "choice": {
        "button": "F",
        "selected_option": "OptionA"
      }
    },
    {
      "question": 23,
      "target": "Tea Strength (1-10)",
      "target_value": 7,
      "options": [
        "Tea Leaf Quality (1-10)",
        "Tea Steeping Time (minutes)"
      ],
      "optionA": {
        "trial_id": "5",
        "task_id": "80",
        "values": "8.0, 4.0",
        "target_value": 7
      },
      "optionB": {
        "trial_id": "10",
        "task_id": "80",
        "values": "9.0, 5.0",
        "target_value": 8
      },
      "choice": {
        "button": "J",
        "selected_option": "OptionB"
      }
    },
    {
      "question": 24,
      "target": "Knowledge Content",
      "target_value": 8,
      "options": [
        "Book Thickness",
        "Book Reading Level"
      ],
      "optionA": {
        "trial_id": "14",
        "task_id": "6",
        "values": "30.0, 5.0",
        "target_value": 8
      },
      "optionB": {
        "trial_id": "15",
        "task_id": "6",
        "values": "28.0, 2.0",
        "target_value": 4
      },
      "choice": {
        "button": "F",
        "selected_option": "OptionA"
      }
    },
    {
      "question": 25,
      "target": "Prep Time (min)",
      "target_value": 15,
      "options": [
        "Number of Ingredients",
        "Cooking Time (min)"
      ],
      "optionA": {
        "trial_id": "5",
        "task_id": "96",
        "values": "4.0, 20.0",
        "target_value": 15
      },
      "optionB": {
        "trial_id": "13",
        "task_id": "96",
        "values": "3.0, 18.0",
        "target_value": 13
      },
      "choice": {
        "button": "F",
        "selected_option": "OptionA"
      }
    },
    {
      "question": 26,
      "target": "Performance Rating",
      "target_value": 9,
      "options": [
        "Computer Weight (kg)",
        "RAM (GB)"
      ],
      "optionA": {
        "trial_id": "16",
        "task_id": "34",
        "values": "1.7, 16.0",
        "target_value": 9
      },
      "optionB": {
        "trial_id": "8",
        "task_id": "34",
        "values": "1.8, 14.0",
        "target_value": 8
      },
      "choice": {
        "button": "F",
        "selected_option": "OptionA"
      }
    },
    {
      "question": 27,
      "target": "Book Reading Time",
      "target_value": 165,
      "options": [
        "Book Thickness",
        "Book Length"
      ],
      "optionA": {
        "trial_id": "11",
        "task_id": "102",
        "values": "650.0, 230.0",
        "target_value": 165
      },
      "optionB": {
        "trial_id": "12",
        "task_id": "102",
        "values": "550.0, 210.0",
        "target_value": 145
      },
      "choice": {
        "button": "F",
        "selected_option": "OptionA"
      }
    },
    {
      "question": 28,
      "target": "Speed (km/h)",
      "target_value": 185,
      "options": [
        "Engine Horsepower",
        "Weight (kg)"
      ],
      "optionA": {
        "trial_id": "5",
        "task_id": "47",
        "values": "170.0, 1300.0",
        "target_value": 185
      },
      "optionB": {
        "trial_id": "14",
        "task_id": "47",
        "values": "210.0, 1500.0",
        "target_value": 193
      },
      "choice": {
        "button": "J",
        "selected_option": "OptionB"
      }
    },
    {
      "question": 29,
      "target": "Battery Life",
      "target_value": 10,
      "options": [
        "Battery Capacity",
        "Weight"
      ],
      "optionA": {
        "trial_id": "3",
        "task_id": "114",
        "values": "2500.0, 180.0",
        "target_value": 10
      },
      "optionB": {
        "trial_id": "5",
        "task_id": "114",
        "values": "4000.0, 250.0",
        "target_value": 15
      },
      "choice": {
        "button": "J",
        "selected_option": "OptionB"
      }
    },
    {
      "question": "attention_check_29",
      "choice": "J",
      "passed": true,
      "timestamp": 1756154804784
    },
    {
      "question": 30,
      "target": "Battery life hours",
      "target_value": 18,
      "options": [
        "Phone battery capacity",
        "Phone weight"
      ],
      "optionA": {
        "trial_id": "5",
        "task_id": "73",
        "values": "4500.0, 220.0",
        "target_value": 18
      },
      "optionB": {
        "trial_id": "16",
        "task_id": "73",
        "values": "2500.0, 160.0",
        "target_value": 9
      },
      "choice": {
        "button": "F",
        "selected_option": "OptionA"
      }
    },
    {
      "question": 31,
      "target": "Dog Energy Level",
      "target_value": 9,
      "options": [
        "Dog Weight",
        "Dog Activity Level"
      ],
      "optionA": {
        "trial_id": "19",
        "task_id": "105",
        "values": "34.0, 6.0",
        "target_value": 9
      },
      "optionB": {
        "trial_id": "8",
        "task_id": "105",
        "values": "15.0, 3.0",
        "target_value": 6
      },
      "choice": {
        "button": "F",
        "selected_option": "OptionA"
      }
    },
    {
      "question": 32,
      "target": "App Popularity",
      "target_value": 70,
      "options": [
        "App User Ratings (1-5)",
        "Number of Reviews"
      ],
      "optionA": {
        "trial_id": "11",
        "task_id": "42",
        "values": "4.0, 120.0",
        "target_value": 70
      },
      "optionB": {
        "trial_id": "18",
        "task_id": "42",
        "values": "5.0, 80.0",
        "target_value": 70
      },
      "choice": {
        "button": "F",
        "selected_option": "OptionA"
      }
    },
    {
      "question": 33,
      "target": "Energy Level",
      "target_value": 7,
      "options": [
        "Hours of Sleep",
        "Caffeine Intake (mg)"
      ],
      "optionA": {
        "trial_id": "1",
        "task_id": "45",
        "values": "8.0, 50.0",
        "target_value": 7
      },
      "optionB": {
        "trial_id": "5",
        "task_id": "45",
        "values": "9.0, 60.0",
        "target_value": 8
      },
      "choice": {
        "button": "J",
        "selected_option": "OptionB"
      }
    },
    {
      "question": 34,
      "target": "Dog Activity Level",
      "target_value": 10,
      "options": [
        "Dog Size",
        "Dog Exercise Needs"
      ],
      "optionA": {
        "trial_id": "6",
        "task_id": "3",
        "values": "55.0, 5.0",
        "target_value": 10
      },
      "optionB": {
        "trial_id": "10",
        "task_id": "3",
        "values": "28.0, 2.0",
        "target_value": 5
      },
      "choice": {
        "button": "F",
        "selected_option": "OptionA"
      }
    },
    {
      "question": 35,
      "target": "Home Comfort (1-10)",
      "target_value": 6,
      "options": [
        "Number of Bedrooms",
        "Square Feet"
      ],
      "optionA": {
        "trial_id": "20",
        "task_id": "9",
        "values": "4.0, 1350.0",
        "target_value": 6
      },
      "optionB": {
        "trial_id": "15",
        "task_id": "9",
        "values": "4.0, 1650.0",
        "target_value": 8
      },
      "choice": {
        "button": "J",
        "selected_option": "OptionB"
      }
    },
    {
      "question": 36,
      "target": "Top Speed",
      "target_value": 160,
      "options": [
        "Car Engine Size",
        "Horsepower"
      ],
      "optionA": {
        "trial_id": "18",
        "task_id": "36",
        "values": "3.0, 250.0",
        "target_value": 160
      },
      "optionB": {
        "trial_id": "16",
        "task_id": "61",
        "values": "1.9, 150.0",
        "target_value": 120
      },
      "choice": {
        "button": "F",
        "selected_option": "OptionA"
      }
    },
    {
      "question": 37,
      "target": "Enjoyment",
      "target_value": 13,
      "options": [
        "Taste rating",
        "Price"
      ],
      "optionA": {
        "trial_id": "13",
        "task_id": "26",
        "values": "7.0, 7.0",
        "target_value": 13
      },
      "optionB": {
        "trial_id": "2",
        "task_id": "26",
        "values": "6.0, 7.0",
        "target_value": 11
      },
      "choice": {
        "button": "F",
        "selected_option": "OptionA"
      }
    },
    {
      "question": 38,
      "target": "Enjoyment Rating (1-10)",
      "target_value": 6,
      "options": [
        "Number of Pages",
        "Reading Time (minutes)"
      ],
      "optionA": {
        "trial_id": "10",
        "task_id": "10",
        "values": "380.0, 140.0",
        "target_value": 6
      },
      "optionB": {
        "trial_id": "18",
        "task_id": "10",
        "values": "340.0, 125.0",
        "target_value": 5
      },
      "choice": {
        "button": "F",
        "selected_option": "OptionA"
      }
    },
    {
      "question": 39,
      "target": "Durability Perception (1-10)",
      "target_value": 7,
      "options": [
        "Price ($)",
        "Warranty (years)"
      ],
      "optionA": {
        "trial_id": "17",
        "task_id": "8",
        "values": "240.0, 4.0",
        "target_value": 7
      },
      "optionB": {
        "trial_id": "1",
        "task_id": "8",
        "values": "200.0, 3.0",
        "target_value": 7
      },
      "choice": {
        "button": "F",
        "selected_option": "OptionA"
      }
    },
    {
      "question": "attention_check_39",
      "choice": "F",
      "passed": true,
      "timestamp": 1756154896260
    },
    {
      "question": 40,
      "target": "Plant Growth Rate",
      "target_value": 3.2,
      "options": [
        "Plant Height",
        "Plant Width"
      ],
      "optionA": {
        "trial_id": "11",
        "task_id": "104",
        "values": "1.9, 0.6",
        "target_value": 3.2
      },
      "optionB": {
        "trial_id": "13",
        "task_id": "104",
        "values": "2.2, 0.8",
        "target_value": 3.8
      },
      "choice": {
        "button": "J",
        "selected_option": "OptionB"
      }
    },
    {
      "question": 41,
      "target": "Prep Time (min)",
      "target_value": 13,
      "options": [
        "Number of Ingredients",
        "Cooking Time (min)"
      ],
      "optionA": {
        "trial_id": "13",
        "task_id": "96",
        "values": "3.0, 18.0",
        "target_value": 13
      },
      "optionB": {
        "trial_id": "10",
        "task_id": "96",
        "values": "9.0, 30.0",
        "target_value": 20
      },
      "choice": {
        "button": "J",
        "selected_option": "OptionB"
      }
    },
    {
      "question": 42,
      "target": "Restaurant Popularity (on scale 1-10)",
      "target_value": 6,
      "options": [
        "Number of Reviews",
        "Average Rating (out of 5)"
      ],
      "optionA": {
        "trial_id": "11",
        "task_id": "19",
        "values": "100.0, 4.0",
        "target_value": 6
      },
      "optionB": {
        "trial_id": "14",
        "task_id": "19",
        "values": "300.0, 4.6",
        "target_value": 8
      },
      "choice": {
        "button": "J",
        "selected_option": "OptionB"
      }
    },
    {
      "question": 43,
      "target": "Natural Light (on scale 1-10)",
      "target_value": 9,
      "options": [
        "Room Area (m2)",
        "Number of Windows"
      ],
      "optionA": {
        "trial_id": "10",
        "task_id": "15",
        "values": "22.0, 5.0",
        "target_value": 9
      },
      "optionB": {
        "trial_id": "1",
        "task_id": "15",
        "values": "20.0, 3.0",
        "target_value": 7
      },
      "choice": {
        "button": "F",
        "selected_option": "OptionA"
      }
    },
    {
      "question": 44,
      "target": "Exam Score (out of 100)",
      "target_value": 60,
      "options": [
        "Time Spent Studying (hours)",
        "Number of Chapters Covered"
      ],
      "optionA": {
        "trial_id": "3",
        "task_id": "94",
        "values": "2.0, 3.0",
        "target_value": 60
      },
      "optionB": {
        "trial_id": "19",
        "task_id": "94",
        "values": "3.0, 5.0",
        "target_value": 70
      },
      "choice": {
        "button": "J",
        "selected_option": "OptionB"
      }
    },
    {
      "question": 45,
      "target": "Tea Strength (1-10)",
      "target_value": 7,
      "options": [
        "Tea Leaf Quality (1-10)",
        "Tea Steeping Time (minutes)"
      ],
      "optionA": {
        "trial_id": "2",
        "task_id": "80",
        "values": "8.0, 4.0",
        "target_value": 7
      },
      "optionB": {
        "trial_id": "9",
        "task_id": "80",
        "values": "7.0, 3.0",
        "target_value": 6
      },
      "choice": {
        "button": "F",
        "selected_option": "OptionA"
      }
    },
    {
      "question": 46,
      "target": "Social Engagement (on scale 1-10)",
      "target_value": 8,
      "options": [
        "Number of Friends",
        "Average Message Frequency"
      ],
      "optionA": {
        "trial_id": "10",
        "task_id": "21",
        "values": "140.0, 4.0",
        "target_value": 8
      },
      "optionB": {
        "trial_id": "14",
        "task_id": "21",
        "values": "180.0, 3.0",
        "target_value": 7
      },
      "choice": {
        "button": "F",
        "selected_option": "OptionA"
      }
    },
    {
      "question": 47,
      "target": "Taste score",
      "target_value": 7,
      "options": [
        "Coffee strength",
        "Bean quality"
      ],
      "optionA": {
        "trial_id": "10",
        "task_id": "68",
        "values": "3.0, 7.0",
        "target_value": 7
      },
      "optionB": {
        "trial_id": "6",
        "task_id": "68",
        "values": "3.0, 7.0",
        "target_value": 7
      },
      "choice": {
        "button": "J",
        "selected_option": "OptionB"
      }
    },
    {
      "question": 48,
      "target": "Book Knowledge Content",
      "target_value": 5,
      "options": [
        "Book Page Count",
        "Book Reading Level"
      ],
      "optionA": {
        "trial_id": "15",
        "task_id": "1",
        "values": "220.0, 3.0",
        "target_value": 5
      },
      "optionB": {
        "trial_id": "20",
        "task_id": "1",
        "values": "290.0, 3.0",
        "target_value": 5
      },
      "choice": {
        "button": "J",
        "selected_option": "OptionB"
      }
    },
    {
      "question": 49,
      "target": "Enjoyment",
      "target_value": 7,
      "options": [
        "Tea Strength",
        "Flavor Variety"
      ],
      "optionA": {
        "trial_id": "2",
        "task_id": "55",
        "values": "6.0, 2.0",
        "target_value": 7
      },
      "optionB": {
        "trial_id": "19",
        "task_id": "55",
        "values": "2.0, 2.0",
        "target_value": 6.3
      },
      "choice": {
        "button": "F",
        "selected_option": "OptionA"
      }
    },
    {
      "question": 50,
      "target": "Bike Speed",
      "target_value": 22,
      "options": [
        "Bike Weight",
        "Bike Wheel Size"
      ],
      "optionA": {
        "trial_id": "15",
        "task_id": "107",
        "values": "8.0, 25.0",
        "target_value": 22
      },
      "optionB": {
        "trial_id": "13",
        "task_id": "107",
        "values": "16.0, 29.0",
        "target_value": 30
      },
      "choice": {
        "button": "J",
        "selected_option": "OptionB"
      }
    }
  ]
}