{
  "prolific_id": "UNKNOWN",
  "condition_group": "ranking",
  "responses": [
    {
      "question": 1,
      "target": "Water Usage (ml/day)",
      "target_value": 185,
      "options": [
        "Plant Height",
        "Plant Leaves"
      ],
      "optionA": {
        "trial_id": "13",
        "task_id": "73",
        "values": "29.0, 10.0",
        "target_value": 185
      },
      "optionB": {
        "trial_id": "2",
        "task_id": "73",
        "values": "40.0, 12.0",
        "target_value": 180
      },
      "choice": {
        "button": "J",
        "selected_option": "OptionB"
      }
    },
    {
      "question": 2,
      "target": "Reading Enjoyment",
      "target_value": 10,
      "options": [
        "Book Length",
        "Author Fame"
      ],
      "optionA": {
        "trial_id": "7",
        "task_id": "131",
        "values": "600.0, 5.0",
        "target_value": 10
      },
      "optionB": {
        "trial_id": "14",
        "task_id": "131",
        "values": "1000.0, 1.0",
        "target_value": 14
      },
      "choice": {
        "button": "F",
        "selected_option": "OptionA"
      }
    },
    {
      "question": 3,
      "target": "Race Finish Time (minutes)",
      "target_value": 17.5,
      "options": [
        "Runner Speed (mph)",
        "Runner Weight (lbs)"
      ],
      "optionA": {
        "trial_id": "16",
        "task_id": "37",
        "values": "7.5, 145.0",
        "target_value": 17.5
      },
      "optionB": {
        "trial_id": "17",
        "task_id": "37",
        "values": "9.5, 125.0",
        "target_value": 13.5
      },
      "choice": {
        "button": "J",
        "selected_option": "OptionB"
      }
    },
    {
      "question": 4,
      "target": "Fuel Cost",
      "target_value": 3.44,
      "options": [
        "Distance (km)",
        "Fuel Efficiency (km/L)"
      ],
      "optionA": {
        "trial_id": "9",
        "task_id": "70",
        "values": "55.0, 16",
        "target_value": 3.44
      },
      "optionB": {
        "trial_id": "3",
        "task_id": "70",
        "values": "40.0, 18",
        "target_value": 2.22
      },
      "choice": {
        "button": "F",
        "selected_option": "OptionA"
      }
    },
    {
      "question": 5,
      "target": "Exam Score (points)",
      "target_value": 80,
      "options": [
        "Study Time (hours)",
        "Distractions (number)"
      ],
      "optionA": {
        "trial_id": "10",
        "task_id": "23",
        "values": "6.0, 1",
        "target_value": 80
      },
      "optionB": {
        "trial_id": "20",
        "task_id": "23",
        "values": "5.0, 1",
        "target_value": 75
      },
      "choice": {
        "button": "F",
        "selected_option": "OptionA"
      }
    },
    {
      "question": 6,
      "target": "Tree trunk volume (m³)",
      "target_value": 5,
      "options": [
        "Height (cm)",
        "Width (cm)"
      ],
      "optionA": {
        "trial_id": "7",
        "task_id": "162",
        "values": "180.0, 34",
        "target_value": 5
      },
      "optionB": {
        "trial_id": "20",
        "task_id": "162",
        "values": "130.0, 49",
        "target_value": 2
      },
      "choice": {
        "button": "F",
        "selected_option": "OptionA"
      }
    },
    {
      "question": 7,
      "target": "Enjoyment (1-10)",
      "target_value": 6,
      "options": [
        "Book Thickness (cm)",
        "Author Fame (1-10)"
      ],
      "optionA": {
        "trial_id": "11",
        "task_id": "1",
        "values": "4.0, 5",
        "target_value": 6
      },
      "optionB": {
        "trial_id": "14",
        "task_id": "1",
        "values": "5.0, 5",
        "target_value": 6
      },
      "choice": {
        "button": "J",
        "selected_option": "OptionB"
      }
    },
    {
      "question": 8,
      "target": "Test Score",
      "target_value": 70,
      "options": [
        "Student Study Time",
        "Student Distractions"
      ],
      "optionA": {
        "trial_id": "15",
        "task_id": "72",
        "values": "1.0, 4.0",
        "target_value": 70
      },
      "optionB": {
        "trial_id": "11",
        "task_id": "72",
        "values": "4.0, 9.0",
        "target_value": 70
      },
      "choice": {
        "button": "J",
        "selected_option": "OptionB"
      }
    },
    {
      "question": 9,
      "target": "Garden yield (lbs)",
      "target_value": 20,
      "options": [
        "Amount of rainfall (inches)",
        "Soil type (1=clay, 2=sandy)"
      ],
      "optionA": {
        "trial_id": "4",
        "task_id": "142",
        "values": "1.0, 1",
        "target_value": 20
      },
      "optionB": {
        "trial_id": "17",
        "task_id": "142",
        "values": "1.0, 1",
        "target_value": 18
      },
      "choice": {
        "button": "F",
        "selected_option": "OptionA"
      }
    },
    {
      "question": "attention_check_9",
      "choice": "J",
      "passed": true,
      "timestamp": 1756154671162
    },
    {
      "question": 10,
      "target": "Morning alertness (1-10)",
      "target_value": 5,
      "options": [
        "Amount of sleep (hours)",
        "Time to bed (minutes past 10pm)"
      ],
      "optionA": {
        "trial_id": "5",
        "task_id": "96",
        "values": "6.0, 60",
        "target_value": 5
      },
      "optionB": {
        "trial_id": "18",
        "task_id": "96",
        "values": "6.0, 60",
        "target_value": 5
      },
      "choice": {
        "button": "F",
        "selected_option": "OptionA"
      }
    },
    {
      "question": 11,
      "target": "Comfort (1-10)",
      "target_value": 8,
      "options": [
        "Shoe Width (cm)",
        "Arch Support (1-10)"
      ],
      "optionA": {
        "trial_id": "10",
        "task_id": "7",
        "values": "9.0, 5",
        "target_value": 8
      },
      "optionB": {
        "trial_id": "10",
        "task_id": "7",
        "values": "9.0, 5",
        "target_value": 8
      },
      "choice": {
        "button": "F",
        "selected_option": "OptionA"
      }
    },
    {
      "question": 12,
      "target": "Tastiness",
      "target_value": 6,
      "options": [
        "Pizza size (inches)",
        "Cheese amount (g)"
      ],
      "optionA": {
        "trial_id": "7",
        "task_id": "121",
        "values": "16.0, 130",
        "target_value": 6
      },
      "optionB": {
        "trial_id": "16",
        "task_id": "121",
        "values": "20.0, 130",
        "target_value": 4
      },
      "choice": {
        "button": "J",
        "selected_option": "OptionB"
      }
    },
    {
      "question": 13,
      "target": "Travel Time (min)",
      "target_value": 24,
      "options": [
        "Distance (km)",
        "Speed (km/h)"
      ],
      "optionA": {
        "trial_id": "20",
        "task_id": "166",
        "values": "20.0, 50",
        "target_value": 24
      },
      "optionB": {
        "trial_id": "19",
        "task_id": "166",
        "values": "18.0, 85",
        "target_value": 13
      },
      "choice": {
        "button": "F",
        "selected_option": "OptionA"
      }
    },
    {
      "question": 14,
      "target": "House price ($)",
      "target_value": 265000,
      "options": [
        "House size (sq ft)",
        "House age (years)"
      ],
      "optionA": {
        "trial_id": "15",
        "task_id": "155",
        "values": "1950.0, 10.0",
        "target_value": 265000
      },
      "optionB": {
        "trial_id": "7",
        "task_id": "155",
        "values": "1900.0, 8.0",
        "target_value": 260000
      },
      "choice": {
        "button": "J",
        "selected_option": "OptionB"
      }
    },
    {
      "question": 15,
      "target": "Energy Boost (1-10)",
      "target_value": 5,
      "options": [
        "Number of Calories",
        "Sugar (g)"
      ],
      "optionA": {
        "trial_id": "5",
        "task_id": "111",
        "values": "140.0, 6",
        "target_value": 5
      },
      "optionB": {
        "trial_id": "19",
        "task_id": "111",
        "values": "160.0, 12",
        "target_value": 3
      },
      "choice": {
        "button": "J",
        "selected_option": "OptionB"
      }
    },
    {
      "question": 16,
      "target": "Amount of natural light (lux)",
      "target_value": 1450,
      "options": [
        "Room size (sq ft)",
        "Number of windows"
      ],
      "optionA": {
        "trial_id": "15",
        "task_id": "94",
        "values": "190.0, 4",
        "target_value": 1450
      },
      "optionB": {
        "trial_id": "15",
        "task_id": "94",
        "values": "190.0, 4",
        "target_value": 1450
      },
      "choice": {
        "button": "F",
        "selected_option": "OptionA"
      }
    },
    {
      "question": 17,
      "target": "Warmth Rating (1-10)",
      "target_value": 8,
      "options": [
        "Shirt Thickness (mm)",
        "Shirt Weight (g)"
      ],
      "optionA": {
        "trial_id": "3",
        "task_id": "35",
        "values": "3.0, 140.0",
        "target_value": 8
      },
      "optionB": {
        "trial_id": "5",
        "task_id": "35",
        "values": "4.0, 130.0",
        "target_value": 9
      },
      "choice": {
        "button": "J",
        "selected_option": "OptionB"
      }
    },
    {
      "question": 18,
      "target": "Daily travel cost ($)",
      "target_value": 48,
      "options": [
        "Distance to work (miles)",
        "Commute time (minutes)"
      ],
      "optionA": {
        "trial_id": "3",
        "task_id": "138",
        "values": "8.0, 12",
        "target_value": 48
      },
      "optionB": {
        "trial_id": "14",
        "task_id": "138",
        "values": "3.0, 20",
        "target_value": 15
      },
      "choice": {
        "button": "F",
        "selected_option": "OptionA"
      }
    },
    {
      "question": 19,
      "target": "Car Value",
      "target_value": 20000,
      "options": [
        "Age (years)",
        "Mileage (km)"
      ],
      "optionA": {
        "trial_id": "5",
        "task_id": "127",
        "values": "10.0, 50000",
        "target_value": 20000
      },
      "optionB": {
        "trial_id": "3",
        "task_id": "127",
        "values": "7.0, 30000",
        "target_value": 25000
      },
      "choice": {
        "button": "J",
        "selected_option": "OptionB"
      }
    },
    {
      "question": "attention_check_19",
      "choice": "F",
      "passed": true,
      "timestamp": 1756154780443
    },
    {
      "question": 20,
      "target": "Battery Life",
      "target_value": 18,
      "options": [
        "Phone Battery Capacity",
        "Phone Weight"
      ],
      "optionA": {
        "trial_id": "6",
        "task_id": "171",
        "values": "5000.0, 200",
        "target_value": 18
      },
      "optionB": {
        "trial_id": "11",
        "task_id": "171",
        "values": "8000.0, 180",
        "target_value": 32
      },
      "choice": {
        "button": "J",
        "selected_option": "OptionB"
      }
    },
    {
      "question": 21,
      "target": "Exam score",
      "target_value": 95,
      "options": [
        "Study hours",
        "Intelligence score"
      ],
      "optionA": {
        "trial_id": "15",
        "task_id": "122",
        "values": "9.0, 50.0",
        "target_value": 95
      },
      "optionB": {
        "trial_id": "4",
        "task_id": "122",
        "values": "5.0, 70.0",
        "target_value": 83
      },
      "choice": {
        "button": "J",
        "selected_option": "OptionB"
      }
    },
    {
      "question": 22,
      "target": "Heating cost (per month)",
      "target_value": 440,
      "options": [
        "House size (sqm)",
        "Number of windows"
      ],
      "optionA": {
        "trial_id": "12",
        "task_id": "151",
        "values": "160.0, 2.0",
        "target_value": 440
      },
      "optionB": {
        "trial_id": "8",
        "task_id": "151",
        "values": "90.0, 8.0",
        "target_value": 260
      },
      "choice": {
        "button": "J",
        "selected_option": "OptionB"
      }
    },
    {
      "question": 23,
      "target": "Calories Burned",
      "target_value": 200,
      "options": [
        "Exercise Duration",
        "Exercise Intensity"
      ],
      "optionA": {
        "trial_id": "4",
        "task_id": "71",
        "values": "40.0, 5.0",
        "target_value": 200
      },
      "optionB": {
        "trial_id": "11",
        "task_id": "71",
        "values": "20.0, 7.0",
        "target_value": 170
      },
      "choice": {
        "button": "F",
        "selected_option": "OptionA"
      }
    },
    {
      "question": 24,
      "target": "Health index",
      "target_value": 75,
      "options": [
        "Age",
        "Exercise hours"
      ],
      "optionA": {
        "trial_id": "4",
        "task_id": "82",
        "values": "45.0, 2",
        "target_value": 75
      },
      "optionB": {
        "trial_id": "1",
        "task_id": "77",
        "values": "30.0, 5",
        "target_value": 65
      },
      "choice": {
        "button": "J",
        "selected_option": "OptionB"
      }
    },
    {
      "question": 25,
      "target": "Growth Rate (cm/week)",
      "target_value": 5,
      "options": [
        "Plant Height (cm)",
        "Sunlight (hours/day)"
      ],
      "optionA": {
        "trial_id": "15",
        "task_id": "4",
        "values": "35.0, 5",
        "target_value": 5
      },
      "optionB": {
        "trial_id": "17",
        "task_id": "4",
        "values": "20.0, 5",
        "target_value": 3
      },
      "choice": {
        "button": "F",
        "selected_option": "OptionA"
      }
    },
    {
      "question": 26,
      "target": "Heart rate",
      "target_value": 75,
      "options": [
        "Age",
        "Exercise hours"
      ],
      "optionA": {
        "trial_id": "7",
        "task_id": "77",
        "values": "50.0, 3",
        "target_value": 75
      },
      "optionB": {
        "trial_id": "16",
        "task_id": "82",
        "values": "50.0, 2",
        "target_value": 80
      },
      "choice": {
        "button": "F",
        "selected_option": "OptionA"
      }
    },
    {
      "question": 27,
      "target": "Training time",
      "target_value": 24,
      "options": [
        "Dog weight",
        "Dog breed"
      ],
      "optionA": {
        "trial_id": "6",
        "task_id": "59",
        "values": "16.0, 3.0",
        "target_value": 24
      },
      "optionB": {
        "trial_id": "2",
        "task_id": "59",
        "values": "15.0, 2.0",
        "target_value": 25
      },
      "choice": {
        "button": "F",
        "selected_option": "OptionA"
      }
    },
    {
      "question": 28,
      "target": "Comfort level",
      "target_value": 9,
      "options": [
        "Room size",
        "Room furniture"
      ],
      "optionA": {
        "trial_id": "3",
        "task_id": "60",
        "values": "18.0, 1.0",
        "target_value": 9
      },
      "optionB": {
        "trial_id": "9",
        "task_id": "60",
        "values": "14.0, 3.0",
        "target_value": 7
      },
      "choice": {
        "button": "J",
        "selected_option": "OptionB"
      }
    },
    {
      "question": 29,
      "target": "Taste Rating",
      "target_value": 6,
      "options": [
        "Coffee Amount",
        "Sugar Amount"
      ],
      "optionA": {
        "trial_id": "11",
        "task_id": "18",
        "values": "3.0, 2",
        "target_value": 6
      },
      "optionB": {
        "trial_id": "9",
        "task_id": "18",
        "values": "2.0, 1",
        "target_value": 5.5
      },
      "choice": {
        "button": "F",
        "selected_option": "OptionA"
      }
    },
    {
      "question": "attention_check_29",
      "choice": "J",
      "passed": true,
      "timestamp": 1756154868490
    },
    {
      "question": 30,
      "target": "Exam score (%)",
      "target_value": 75,
      "options": [
        "Student study hours per week",
        "Student age (years)"
      ],
      "optionA": {
        "trial_id": "18",
        "task_id": "144",
        "values": "4.0, 17",
        "target_value": 75
      },
      "optionB": {
        "trial_id": "11",
        "task_id": "144",
        "values": "11.0, 16",
        "target_value": 88
      },
      "choice": {
        "button": "J",
        "selected_option": "OptionB"
      }
    },
    {
      "question": 31,
      "target": "Portability",
      "target_value": 7,
      "options": [
        "Battery Life",
        "Weight"
      ],
      "optionA": {
        "trial_id": "14",
        "task_id": "68",
        "values": "20.0, 450",
        "target_value": 7
      },
      "optionB": {
        "trial_id": "2",
        "task_id": "68",
        "values": "18.0, 400",
        "target_value": 7
      },
      "choice": {
        "button": "J",
        "selected_option": "OptionB"
      }
    },
    {
      "question": 32,
      "target": "Tastiness",
      "target_value": 7,
      "options": [
        "Pizza size (inches)",
        "Cheese amount (g)"
      ],
      "optionA": {
        "trial_id": "2",
        "task_id": "121",
        "values": "14.0, 160",
        "target_value": 7
      },
      "optionB": {
        "trial_id": "7",
        "task_id": "121",
        "values": "16.0, 130",
        "target_value": 6
      },
      "choice": {
        "button": "J",
        "selected_option": "OptionB"
      }
    },
    {
      "question": 33,
      "target": "Comfort level",
      "target_value": 9,
      "options": [
        "Room size",
        "Room furniture"
      ],
      "optionA": {
        "trial_id": "8",
        "task_id": "60",
        "values": "18.0, 3.0",
        "target_value": 9
      },
      "optionB": {
        "trial_id": "1",
        "task_id": "60",
        "values": "15.0, 2.0",
        "target_value": 8
      },
      "choice": {
        "button": "F",
        "selected_option": "OptionA"
      }
    },
    {
      "question": 34,
      "target": "Cooking time (minutes)",
      "target_value": 22,
      "options": [
        "Number of ingredients",
        "Prep time (minutes)"
      ],
      "optionA": {
        "trial_id": "7",
        "task_id": "140",
        "values": "7.0, 5",
        "target_value": 22
      },
      "optionB": {
        "trial_id": "19",
        "task_id": "140",
        "values": "5.0, 12",
        "target_value": 25
      },
      "choice": {
        "button": "J",
        "selected_option": "OptionB"
      }
    },
    {
      "question": 35,
      "target": "Market value",
      "target_value": 300,
      "options": [
        "House size",
        "House floors"
      ],
      "optionA": {
        "trial_id": "4",
        "task_id": "64",
        "values": "200.0, 2.0",
        "target_value": 300
      },
      "optionB": {
        "trial_id": "15",
        "task_id": "64",
        "values": "210.0, 2.0",
        "target_value": 310
      },
      "choice": {
        "button": "J",
        "selected_option": "OptionB"
      }
    },
    {
      "question": 36,
      "target": "Energy Level",
      "target_value": 5,
      "options": [
        "Age of Dog (years)",
        "Size (lbs)"
      ],
      "optionA": {
        "trial_id": "8",
        "task_id": "159",
        "values": "4.0, 20.0",
        "target_value": 5
      },
      "optionB": {
        "trial_id": "17",
        "task_id": "159",
        "values": "3.0, 18.0",
        "target_value": 6
      },
      "choice": {
        "button": "J",
        "selected_option": "OptionB"
      }
    },
    {
      "question": 37,
      "target": "Fuel efficiency (km/L)",
      "target_value": 19,
      "options": [
        "Car engine size (L)",
        "Car weight (kg)"
      ],
      "optionA": {
        "trial_id": "15",
        "task_id": "150",
        "values": "1.6, 1150.0",
        "target_value": 19
      },
      "optionB": {
        "trial_id": "13",
        "task_id": "150",
        "values": "2.5, 1500.0",
        "target_value": 11
      },
      "choice": {
        "button": "F",
        "selected_option": "OptionA"
      }
    },
    {
      "question": 38,
      "target": "Garden yield (lbs)",
      "target_value": 22,
      "options": [
        "Amount of rainfall (inches)",
        "Soil type (1=clay, 2=sandy)"
      ],
      "optionA": {
        "trial_id": "15",
        "task_id": "142",
        "values": "4.0, 2",
        "target_value": 22
      },
      "optionB": {
        "trial_id": "17",
        "task_id": "142",
        "values": "1.0, 1",
        "target_value": 18
      },
      "choice": {
        "button": "F",
        "selected_option": "OptionA"
      }
    },
    {
      "question": 39,
      "target": "Battery Life (hours)",
      "target_value": 8,
      "options": [
        "Phone Battery (mAh)",
        "Screen Brightness (%)"
      ],
      "optionA": {
        "trial_id": "20",
        "task_id": "5",
        "values": "3500.0, 70",
        "target_value": 8
      },
      "optionB": {
        "trial_id": "9",
        "task_id": "5",
        "values": "4000.0, 80",
        "target_value": 9
      },
      "choice": {
        "button": "J",
        "selected_option": "OptionB"
      }
    },
    {
      "question": "attention_check_39",
      "choice": "F",
      "passed": true,
      "timestamp": 1756154933007
    },
    {
      "question": 40,
      "target": "Energy level (1-10)",
      "target_value": 4,
      "options": [
        "Hours of sleep",
        "Caffeine intake (mg)"
      ],
      "optionA": {
        "trial_id": "10",
        "task_id": "54",
        "values": "6.0, 180",
        "target_value": 4
      },
      "optionB": {
        "trial_id": "5",
        "task_id": "54",
        "values": "8.0, 80",
        "target_value": 7
      },
      "choice": {
        "button": "F",
        "selected_option": "OptionA"
      }
    },
    {
      "question": 41,
      "target": "Car Value",
      "target_value": 45000,
      "options": [
        "Age (years)",
        "Mileage (km)"
      ],
      "optionA": {
        "trial_id": "7",
        "task_id": "127",
        "values": "3.0, 10000",
        "target_value": 45000
      },
      "optionB": {
        "trial_id": "14",
        "task_id": "127",
        "values": "3.0, 10000",
        "target_value": 47000
      },
      "choice": {
        "button": "F",
        "selected_option": "OptionA"
      }
    },
    {
      "question": 42,
      "target": "Student Exam Score",
      "target_value": 85,
      "options": [
        "Student Study Hours",
        "Student Distractions"
      ],
      "optionA": {
        "trial_id": "1",
        "task_id": "8",
        "values": "10.0, 2",
        "target_value": 85
      },
      "optionB": {
        "trial_id": "13",
        "task_id": "8",
        "values": "2.0, 7",
        "target_value": 70
      },
      "choice": {
        "button": "F",
        "selected_option": "OptionA"
      }
    },
    {
      "question": 43,
      "target": "Fatigue (1-10)",
      "target_value": 7,
      "options": [
        "Exercise Duration (min)",
        "Rest Time (min)"
      ],
      "optionA": {
        "trial_id": "14",
        "task_id": "2",
        "values": "55.0, 15",
        "target_value": 7
      },
      "optionB": {
        "trial_id": "5",
        "task_id": "2",
        "values": "25.0, 20",
        "target_value": 3
      },
      "choice": {
        "button": "F",
        "selected_option": "OptionA"
      }
    },
    {
      "question": 44,
      "target": "Exam score",
      "target_value": 89,
      "options": [
        "Study hours",
        "Intelligence score"
      ],
      "optionA": {
        "trial_id": "8",
        "task_id": "122",
        "values": "6.0, 80.0",
        "target_value": 89
      },
      "optionB": {
        "trial_id": "3",
        "task_id": "122",
        "values": "6.0, 65.0",
        "target_value": 84
      },
      "choice": {
        "button": "F",
        "selected_option": "OptionA"
      }
    },
    {
      "question": 45,
      "target": "Car Value",
      "target_value": 40000,
      "options": [
        "Age (years)",
        "Mileage (km)"
      ],
      "optionA": {
        "trial_id": "2",
        "task_id": "127",
        "values": "3.0, 15000",
        "target_value": 40000
      },
      "optionB": {
        "trial_id": "6",
        "task_id": "127",
        "values": "8.0, 45000",
        "target_value": 25000
      },
      "choice": {
        "button": "F",
        "selected_option": "OptionA"
      }
    },
    {
      "question": 46,
      "target": "Warmth Rating (1-10)",
      "target_value": 9.5,
      "options": [
        "Shirt Thickness (mm)",
        "Shirt Weight (g)"
      ],
      "optionA": {
        "trial_id": "18",
        "task_id": "35",
        "values": "4.5, 135.0",
        "target_value": 9.5
      },
      "optionB": {
        "trial_id": "5",
        "task_id": "35",
        "values": "4.0, 130.0",
        "target_value": 9
      },
      "choice": {
        "button": "F",
        "selected_option": "OptionA"
      }
    },
    {
      "question": 47,
      "target": "Enjoyment",
      "target_value": 85,
      "options": [
        "Book pages",
        "Author fame"
      ],
      "optionA": {
        "trial_id": "3",
        "task_id": "84",
        "values": "500.0, 6",
        "target_value": 85
      },
      "optionB": {
        "trial_id": "4",
        "task_id": "84",
        "values": "450.0, 7",
        "target_value": 90
      },
      "choice": {
        "button": "J",
        "selected_option": "OptionB"
      }
    },
    {
      "question": 48,
      "target": "Project Success (%)",
      "target_value": 95,
      "options": [
        "Experience (years)",
        "Team Size"
      ],
      "optionA": {
        "trial_id": "6",
        "task_id": "110",
        "values": "8.0, 5",
        "target_value": 95
      },
      "optionB": {
        "trial_id": "4",
        "task_id": "110",
        "values": "7.0, 3",
        "target_value": 90
      },
      "choice": {
        "button": "F",
        "selected_option": "OptionA"
      }
    },
    {
      "question": 49,
      "target": "Exam Score (points)",
      "target_value": 90,
      "options": [
        "Study Time (hours)",
        "Distractions (number)"
      ],
      "optionA": {
        "trial_id": "7",
        "task_id": "23",
        "values": "7.0, 0",
        "target_value": 90
      },
      "optionB": {
        "trial_id": "12",
        "task_id": "23",
        "values": "5.0, 2",
        "target_value": 70
      },
      "choice": {
        "button": "F",
        "selected_option": "OptionA"
      }
    },
    {
      "question": 50,
      "target": "Comfort (1-10)",
      "target_value": 7,
      "options": [
        "Shoe Width (cm)",
        "Arch Support (1-10)"
      ],
      "optionA": {
        "trial_id": "9",
        "task_id": "7",
        "values": "10.0, 4",
        "target_value": 7
      },
      "optionB": {
        "trial_id": "20",
        "task_id": "7",
        "values": "10.0, 6",
        "target_value": 7
      },
      "choice": {
        "button": "J",
        "selected_option": "OptionB"
      }
    }
  ]
}