{
  "prolific_id": "UNKNOWN",
  "condition_group": "ranking",
  "responses": [
    {
      "question": 1,
      "target": "Energy Boost (scale 1-10)",
      "target_value": 6,
      "options": [
        "Coffee Strength (scale 1-10)",
        "Caffeine Content (mg)"
      ],
      "optionA": {
        "trial_id": "9",
        "task_id": "24",
        "values": "9.0, 80",
        "target_value": 6
      },
      "optionB": {
        "trial_id": "5",
        "task_id": "24",
        "values": "10.0, 90",
        "target_value": 7
      },
      "choice": {
        "button": "J",
        "selected_option": "OptionB"
      }
    },
    {
      "question": 2,
      "target": "Deliciousness",
      "target_value": 6,
      "options": [
        "Cooking time",
        "Ingredients"
      ],
      "optionA": {
        "trial_id": "8",
        "task_id": "125",
        "values": "45.0, 4.0",
        "target_value": 6
      },
      "optionB": {
        "trial_id": "8",
        "task_id": "125",
        "values": "45.0, 4.0",
        "target_value": 6
      },
      "choice": {
        "button": "F",
        "selected_option": "OptionA"
      }
    },
    {
      "question": 3,
      "target": "Maximum heart rate (bpm)",
      "target_value": 157,
      "options": [
        "Age (years)",
        "Height (cm)"
      ],
      "optionA": {
        "trial_id": "18",
        "task_id": "52",
        "values": "48.0, 177",
        "target_value": 157
      },
      "optionB": {
        "trial_id": "1",
        "task_id": "52",
        "values": "25.0, 170",
        "target_value": 190
      },
      "choice": {
        "button": "F",
        "selected_option": "OptionA"
      }
    },
    {
      "question": 4,
      "target": "Battery Life (hours)",
      "target_value": 18,
      "options": [
        "Phone RAM (GB)",
        "Screen Size (inches)"
      ],
      "optionA": {
        "trial_id": "14",
        "task_id": "104",
        "values": "8.0, 7.0",
        "target_value": 18
      },
      "optionB": {
        "trial_id": "6",
        "task_id": "104",
        "values": "5.0, 6.8",
        "target_value": 14
      },
      "choice": {
        "button": "J",
        "selected_option": "OptionB"
      }
    },
    {
      "question": 5,
      "target": "Resale value ($)",
      "target_value": 10000,
      "options": [
        "Age of car (years)",
        "Mileage (thousands)"
      ],
      "optionA": {
        "trial_id": "8",
        "task_id": "141",
        "values": "5.0, 110",
        "target_value": 10000
      },
      "optionB": {
        "trial_id": "3",
        "task_id": "141",
        "values": "7.0, 60",
        "target_value": 10000
      },
      "choice": {
        "button": "F",
        "selected_option": "OptionA"
      }
    },
    {
      "question": 6,
      "target": "Speed (km/h)",
      "target_value": 24,
      "options": [
        "Bicycle weight (kg)",
        "Wheel size (inches)"
      ],
      "optionA": {
        "trial_id": "3",
        "task_id": "119",
        "values": "11.0, 25",
        "target_value": 24
      },
      "optionB": {
        "trial_id": "2",
        "task_id": "119",
        "values": "12.0, 27",
        "target_value": 24
      },
      "choice": {
        "button": "J",
        "selected_option": "OptionB"
      }
    },
    {
      "question": 7,
      "target": "Daily travel cost ($)",
      "target_value": 15,
      "options": [
        "Distance to work (miles)",
        "Commute time (minutes)"
      ],
      "optionA": {
        "trial_id": "14",
        "task_id": "138",
        "values": "3.0, 20",
        "target_value": 15
      },
      "optionB": {
        "trial_id": "6",
        "task_id": "138",
        "values": "6.0, 14",
        "target_value": 30
      },
      "choice": {
        "button": "J",
        "selected_option": "OptionB"
      }
    },
    {
      "question": 8,
      "target": "Comfort Level",
      "target_value": 6,
      "options": [
        "Room Size",
        "Lighting"
      ],
      "optionA": {
        "trial_id": "6",
        "task_id": "132",
        "values": "35.0, 2.0",
        "target_value": 6
      },
      "optionB": {
        "trial_id": "18",
        "task_id": "132",
        "values": "65.0, 0.2",
        "target_value": 3
      },
      "choice": {
        "button": "J",
        "selected_option": "OptionB"
      }
    },
    {
      "question": 9,
      "target": "Taste Rating",
      "target_value": 9,
      "options": [
        "Number of Ingredients",
        "Prep Time (min)"
      ],
      "optionA": {
        "trial_id": "3",
        "task_id": "148",
        "values": "4.0, 15.0",
        "target_value": 9
      },
      "optionB": {
        "trial_id": "2",
        "task_id": "148",
        "values": "6.0, 30.0",
        "target_value": 7
      },
      "choice": {
        "button": "J",
        "selected_option": "OptionB"
      }
    },
    {
      "question": "attention_check_9",
      "choice": "J",
      "passed": true,
      "timestamp": 1756154641548
    },
    {
      "question": 10,
      "target": "Car Value",
      "target_value": 47000,
      "options": [
        "Age (years)",
        "Mileage (km)"
      ],
      "optionA": {
        "trial_id": "14",
        "task_id": "127",
        "values": "3.0, 10000",
        "target_value": 47000
      },
      "optionB": {
        "trial_id": "20",
        "task_id": "127",
        "values": "6.0, 25000",
        "target_value": 33000
      },
      "choice": {
        "button": "F",
        "selected_option": "OptionA"
      }
    },
    {
      "question": 11,
      "target": "Exam Score",
      "target_value": 120,
      "options": [
        "Student Study Time",
        "Student Sleep Hours"
      ],
      "optionA": {
        "trial_id": "20",
        "task_id": "38",
        "values": "13.0, 1",
        "target_value": 120
      },
      "optionB": {
        "trial_id": "16",
        "task_id": "38",
        "values": "11.0, 1",
        "target_value": 110
      },
      "choice": {
        "button": "F",
        "selected_option": "OptionA"
      }
    },
    {
      "question": 12,
      "target": "Energy Boost (1-10)",
      "target_value": 6,
      "options": [
        "Number of Calories",
        "Sugar (g)"
      ],
      "optionA": {
        "trial_id": "3",
        "task_id": "111",
        "values": "120.0, 8",
        "target_value": 6
      },
      "optionB": {
        "trial_id": "5",
        "task_id": "111",
        "values": "140.0, 6",
        "target_value": 5
      },
      "choice": {
        "button": "J",
        "selected_option": "OptionB"
      }
    },
    {
      "question": 13,
      "target": "100m sprint time (s)",
      "target_value": 12.5,
      "options": [
        "Runner stride length (cm)",
        "Runner age (years)"
      ],
      "optionA": {
        "trial_id": "4",
        "task_id": "145",
        "values": "65.0, 32",
        "target_value": 12.5
      },
      "optionB": {
        "trial_id": "10",
        "task_id": "145",
        "values": "72.0, 28",
        "target_value": 11.8
      },
      "choice": {
        "button": "J",
        "selected_option": "OptionB"
      }
    },
    {
      "question": 14,
      "target": "Bike Speed",
      "target_value": 23,
      "options": [
        "Bike Weight",
        "Bike Frame Size"
      ],
      "optionA": {
        "trial_id": "2",
        "task_id": "106",
        "values": "12.0, 20",
        "target_value": 23
      },
      "optionB": {
        "trial_id": "6",
        "task_id": "106",
        "values": "13.0, 22",
        "target_value": 22
      },
      "choice": {
        "button": "F",
        "selected_option": "OptionA"
      }
    },
    {
      "question": 15,
      "target": "Energy Level (1-10)",
      "target_value": 4,
      "options": [
        "Dog Weight (lbs)",
        "Dog Age (years)"
      ],
      "optionA": {
        "trial_id": "5",
        "task_id": "36",
        "values": "30.0, 4.0",
        "target_value": 4
      },
      "optionB": {
        "trial_id": "13",
        "task_id": "36",
        "values": "27.0, 3.5",
        "target_value": 4.5
      },
      "choice": {
        "button": "F",
        "selected_option": "OptionA"
      }
    },
    {
      "question": 16,
      "target": "Flower blooming time",
      "target_value": 4,
      "options": [
        "Hours of sunlight",
        "Humidity"
      ],
      "optionA": {
        "trial_id": "19",
        "task_id": "101",
        "values": "7.0, 45.0",
        "target_value": 4
      },
      "optionB": {
        "trial_id": "12",
        "task_id": "101",
        "values": "5.0, 85.0",
        "target_value": 5
      },
      "choice": {
        "button": "J",
        "selected_option": "OptionB"
      }
    },
    {
      "question": 17,
      "target": "Heart Health",
      "target_value": 83,
      "options": [
        "Age",
        "Exercise Hours"
      ],
      "optionA": {
        "trial_id": "6",
        "task_id": "16",
        "values": "35.0, 3",
        "target_value": 83
      },
      "optionB": {
        "trial_id": "18",
        "task_id": "16",
        "values": "65.0, 0",
        "target_value": 71
      },
      "choice": {
        "button": "F",
        "selected_option": "OptionA"
      }
    },
    {
      "question": 18,
      "target": "Fuel Efficiency (km/L)",
      "target_value": 9,
      "options": [
        "Car Engine Size (L)",
        "Weight (kg)"
      ],
      "optionA": {
        "trial_id": "4",
        "task_id": "107",
        "values": "3.5, 1400",
        "target_value": 9
      },
      "optionB": {
        "trial_id": "14",
        "task_id": "107",
        "values": "6.0, 1900",
        "target_value": 4
      },
      "choice": {
        "button": "F",
        "selected_option": "OptionA"
      }
    },
    {
      "question": 19,
      "target": "Deliciousness",
      "target_value": 5,
      "options": [
        "Cooking Time",
        "Ingredients"
      ],
      "optionA": {
        "trial_id": "20",
        "task_id": "65",
        "values": "40.0, 2",
        "target_value": 5
      },
      "optionB": {
        "trial_id": "20",
        "task_id": "65",
        "values": "40.0, 2",
        "target_value": 5
      },
      "choice": {
        "button": "F",
        "selected_option": "OptionA"
      }
    },
    {
      "question": "attention_check_19",
      "choice": "F",
      "passed": true,
      "timestamp": 1756154766137
    },
    {
      "question": 20,
      "target": "House price ($)",
      "target_value": 265000,
      "options": [
        "House size (sq ft)",
        "House age (years)"
      ],
      "optionA": {
        "trial_id": "15",
        "task_id": "155",
        "values": "1950.0, 10.0",
        "target_value": 265000
      },
      "optionB": {
        "trial_id": "15",
        "task_id": "155",
        "values": "1950.0, 10.0",
        "target_value": 265000
      },
      "choice": {
        "button": "F",
        "selected_option": "OptionA"
      }
    },
    {
      "question": 21,
      "target": "Test Score",
      "target_value": 75,
      "options": [
        "Student Study Time",
        "Student Distractions"
      ],
      "optionA": {
        "trial_id": "1",
        "task_id": "72",
        "values": "2.0, 5.0",
        "target_value": 75
      },
      "optionB": {
        "trial_id": "5",
        "task_id": "72",
        "values": "3.0, 7.0",
        "target_value": 72
      },
      "choice": {
        "button": "J",
        "selected_option": "OptionB"
      }
    },
    {
      "question": 22,
      "target": "Mood Score (1-10)",
      "target_value": 6,
      "options": [
        "Hours of Sleep",
        "Screen Time (hours)"
      ],
      "optionA": {
        "trial_id": "6",
        "task_id": "109",
        "values": "5.0, 4",
        "target_value": 6
      },
      "optionB": {
        "trial_id": "20",
        "task_id": "109",
        "values": "8.0, 3",
        "target_value": 8
      },
      "choice": {
        "button": "J",
        "selected_option": "OptionB"
      }
    },
    {
      "question": 23,
      "target": "Flower production",
      "target_value": 22,
      "options": [
        "Plant height",
        "Plant width"
      ],
      "optionA": {
        "trial_id": "15",
        "task_id": "63",
        "values": "110.0, 5.0",
        "target_value": 22
      },
      "optionB": {
        "trial_id": "4",
        "task_id": "63",
        "values": "100.0, 5.0",
        "target_value": 20
      },
      "choice": {
        "button": "F",
        "selected_option": "OptionA"
      }
    },
    {
      "question": 24,
      "target": "Speed",
      "target_value": 10,
      "options": [
        "Bike Weight",
        "Bike Tire Size"
      ],
      "optionA": {
        "trial_id": "11",
        "task_id": "172",
        "values": "20.0, 2",
        "target_value": 10
      },
      "optionB": {
        "trial_id": "3",
        "task_id": "172",
        "values": "12.0, 2",
        "target_value": 14
      },
      "choice": {
        "button": "F",
        "selected_option": "OptionA"
      }
    },
    {
      "question": 25,
      "target": "Amount of natural light (lux)",
      "target_value": 1400,
      "options": [
        "Room size (sq ft)",
        "Number of windows"
      ],
      "optionA": {
        "trial_id": "5",
        "task_id": "94",
        "values": "180.0, 4",
        "target_value": 1400
      },
      "optionB": {
        "trial_id": "6",
        "task_id": "94",
        "values": "240.0, 3",
        "target_value": 1550
      },
      "choice": {
        "button": "F",
        "selected_option": "OptionA"
      }
    },
    {
      "question": 26,
      "target": "Heart Health Score",
      "target_value": 84,
      "options": [
        "Age (years)",
        "Exercise Frequency"
      ],
      "optionA": {
        "trial_id": "19",
        "task_id": "149",
        "values": "36.0, 3.0",
        "target_value": 84
      },
      "optionB": {
        "trial_id": "17",
        "task_id": "149",
        "values": "29.0, 4.0",
        "target_value": 87
      },
      "choice": {
        "button": "J",
        "selected_option": "OptionB"
      }
    },
    {
      "question": 27,
      "target": "Post reach (people)",
      "target_value": 4000,
      "options": [
        "Number of likes (count)",
        "Time posted (hours ago)"
      ],
      "optionA": {
        "trial_id": "5",
        "task_id": "93",
        "values": "800.0, 3",
        "target_value": 4000
      },
      "optionB": {
        "trial_id": "13",
        "task_id": "93",
        "values": "1000.0, 6",
        "target_value": 5000
      },
      "choice": {
        "button": "F",
        "selected_option": "OptionA"
      }
    },
    {
      "question": 28,
      "target": "Enjoyment (1-10)",
      "target_value": 6,
      "options": [
        "Book Thickness (cm)",
        "Author Fame (1-10)"
      ],
      "optionA": {
        "trial_id": "20",
        "task_id": "1",
        "values": "6.0, 5",
        "target_value": 6
      },
      "optionB": {
        "trial_id": "8",
        "task_id": "1",
        "values": "3.0, 4",
        "target_value": 5
      },
      "choice": {
        "button": "F",
        "selected_option": "OptionA"
      }
    },
    {
      "question": 29,
      "target": "Energy Level (1-10)",
      "target_value": 4,
      "options": [
        "Dog Weight (lbs)",
        "Dog Age (years)"
      ],
      "optionA": {
        "trial_id": "14",
        "task_id": "36",
        "values": "37.0, 2.5",
        "target_value": 4
      },
      "optionB": {
        "trial_id": "17",
        "task_id": "36",
        "values": "37.0, 5.5",
        "target_value": 2.5
      },
      "choice": {
        "button": "F",
        "selected_option": "OptionA"
      }
    },
    {
      "question": "attention_check_29",
      "choice": "J",
      "passed": true,
      "timestamp": 1756154878277
    },
    {
      "question": 30,
      "target": "Weight Loss (lbs)",
      "target_value": 7,
      "options": [
        "Exercise Minutes",
        "Diet Score (1-10)"
      ],
      "optionA": {
        "trial_id": "11",
        "task_id": "112",
        "values": "80.0, 9",
        "target_value": 7
      },
      "optionB": {
        "trial_id": "15",
        "task_id": "112",
        "values": "100.0, 7",
        "target_value": 9
      },
      "choice": {
        "button": "F",
        "selected_option": "OptionA"
      }
    },
    {
      "question": 31,
      "target": "Energy boost",
      "target_value": 70,
      "options": [
        "Coffee strength",
        "Caffeine content"
      ],
      "optionA": {
        "trial_id": "10",
        "task_id": "85",
        "values": "5.0, 80",
        "target_value": 70
      },
      "optionB": {
        "trial_id": "19",
        "task_id": "85",
        "values": "3.0, 80",
        "target_value": 75
      },
      "choice": {
        "button": "F",
        "selected_option": "OptionA"
      }
    },
    {
      "question": 32,
      "target": "Value",
      "target_value": 6,
      "options": [
        "Price",
        "Size"
      ],
      "optionA": {
        "trial_id": "7",
        "task_id": "67",
        "values": "90.0, 30",
        "target_value": 6
      },
      "optionB": {
        "trial_id": "4",
        "task_id": "21",
        "values": "90.0, 5.0",
        "target_value": 82
      },
      "choice": {
        "button": "J",
        "selected_option": "OptionB"
      }
    },
    {
      "question": 33,
      "target": "Warmth Rating (1-10)",
      "target_value": 10.5,
      "options": [
        "Shirt Thickness (mm)",
        "Shirt Weight (g)"
      ],
      "optionA": {
        "trial_id": "20",
        "task_id": "35",
        "values": "5.5, 125.0",
        "target_value": 10.5
      },
      "optionB": {
        "trial_id": "13",
        "task_id": "35",
        "values": "3.5, 145.0",
        "target_value": 8.5
      },
      "choice": {
        "button": "J",
        "selected_option": "OptionB"
      }
    },
    {
      "question": 34,
      "target": "Battery life (hours)",
      "target_value": 7.3,
      "options": [
        "Laptop weight (kg)",
        "Screen size (inches)"
      ],
      "optionA": {
        "trial_id": "17",
        "task_id": "118",
        "values": "1.6, 14",
        "target_value": 7.3
      },
      "optionB": {
        "trial_id": "11",
        "task_id": "118",
        "values": "1.9, 11",
        "target_value": 6.9
      },
      "choice": {
        "button": "J",
        "selected_option": "OptionB"
      }
    },
    {
      "question": 35,
      "target": "Health index",
      "target_value": 90,
      "options": [
        "Age",
        "Exercise hours"
      ],
      "optionA": {
        "trial_id": "13",
        "task_id": "82",
        "values": "35.0, 3",
        "target_value": 90
      },
      "optionB": {
        "trial_id": "11",
        "task_id": "82",
        "values": "45.0, 2",
        "target_value": 85
      },
      "choice": {
        "button": "F",
        "selected_option": "OptionA"
      }
    },
    {
      "question": 36,
      "target": "Flower blooming time",
      "target_value": 4,
      "options": [
        "Hours of sunlight",
        "Humidity"
      ],
      "optionA": {
        "trial_id": "1",
        "task_id": "101",
        "values": "6.0, 70.0",
        "target_value": 4
      },
      "optionB": {
        "trial_id": "16",
        "task_id": "101",
        "values": "9.0, 50.0",
        "target_value": 2
      },
      "choice": {
        "button": "F",
        "selected_option": "OptionA"
      }
    },
    {
      "question": 37,
      "target": "Exam Score",
      "target_value": 80,
      "options": [
        "Student Study Time",
        "Student Sleep Hours"
      ],
      "optionA": {
        "trial_id": "4",
        "task_id": "38",
        "values": "5.0, 7",
        "target_value": 80
      },
      "optionB": {
        "trial_id": "4",
        "task_id": "38",
        "values": "5.0, 7",
        "target_value": 80
      },
      "choice": {
        "button": "F",
        "selected_option": "OptionA"
      }
    },
    {
      "question": 38,
      "target": "Maximum heart rate (bpm)",
      "target_value": 162,
      "options": [
        "Age (years)",
        "Height (cm)"
      ],
      "optionA": {
        "trial_id": "14",
        "task_id": "52",
        "values": "42.0, 176",
        "target_value": 162
      },
      "optionB": {
        "trial_id": "1",
        "task_id": "52",
        "values": "25.0, 170",
        "target_value": 190
      },
      "choice": {
        "button": "F",
        "selected_option": "OptionA"
      }
    },
    {
      "question": 39,
      "target": "Value for Money",
      "target_value": 43,
      "options": [
        "Price",
        "Weight"
      ],
      "optionA": {
        "trial_id": "18",
        "task_id": "20",
        "values": "100.0, 1.8",
        "target_value": 43
      },
      "optionB": {
        "trial_id": "2",
        "task_id": "20",
        "values": "120.0, 1.5",
        "target_value": 40
      },
      "choice": {
        "button": "F",
        "selected_option": "OptionA"
      }
    },
    {
      "question": "attention_check_39",
      "choice": "F",
      "passed": true,
      "timestamp": 1756155015018
    },
    {
      "question": 40,
      "target": "Taste Rating (scale 1-10)",
      "target_value": 5,
      "options": [
        "Number of Ingredients",
        "Cooking Time (minutes)"
      ],
      "optionA": {
        "trial_id": "13",
        "task_id": "167",
        "values": "13.0, 50",
        "target_value": 5
      },
      "optionB": {
        "trial_id": "12",
        "task_id": "167",
        "values": "10.0, 30",
        "target_value": 7
      },
      "choice": {
        "button": "F",
        "selected_option": "OptionA"
      }
    },
    {
      "question": 41,
      "target": "Fuel Efficiency (km/L)",
      "target_value": 6,
      "options": [
        "Car Engine Size (L)",
        "Weight (kg)"
      ],
      "optionA": {
        "trial_id": "13",
        "task_id": "107",
        "values": "5.0, 1800",
        "target_value": 6
      },
      "optionB": {
        "trial_id": "8",
        "task_id": "107",
        "values": "4.5, 1600",
        "target_value": 7
      },
      "choice": {
        "button": "F",
        "selected_option": "OptionA"
      }
    },
    {
      "question": 42,
      "target": "Skill Level",
      "target_value": 8,
      "options": [
        "Experience",
        "Years of Education"
      ],
      "optionA": {
        "trial_id": "7",
        "task_id": "137",
        "values": "8.0, 11.0",
        "target_value": 8
      },
      "optionB": {
        "trial_id": "12",
        "task_id": "137",
        "values": "3.0, 14.0",
        "target_value": 8
      },
      "choice": {
        "button": "F",
        "selected_option": "OptionA"
      }
    },
    {
      "question": 43,
      "target": "Speed (km/h)",
      "target_value": 24,
      "options": [
        "Bicycle weight (kg)",
        "Wheel size (inches)"
      ],
      "optionA": {
        "trial_id": "3",
        "task_id": "119",
        "values": "11.0, 25",
        "target_value": 24
      },
      "optionB": {
        "trial_id": "3",
        "task_id": "119",
        "values": "11.0, 25",
        "target_value": 24
      },
      "choice": {
        "button": "F",
        "selected_option": "OptionA"
      }
    },
    {
      "question": 44,
      "target": "Muscle gain",
      "target_value": 70,
      "options": [
        "Exercise intensity",
        "Water intake"
      ],
      "optionA": {
        "trial_id": "10",
        "task_id": "86",
        "values": "5.0, 5",
        "target_value": 70
      },
      "optionB": {
        "trial_id": "17",
        "task_id": "86",
        "values": "8.0, 1",
        "target_value": 85
      },
      "choice": {
        "button": "J",
        "selected_option": "OptionB"
      }
    },
    {
      "question": 45,
      "target": "Battery life",
      "target_value": 11,
      "options": [
        "Battery capacity",
        "Weight"
      ],
      "optionA": {
        "trial_id": "11",
        "task_id": "75",
        "values": "4500.0, 280",
        "target_value": 11
      },
      "optionB": {
        "trial_id": "17",
        "task_id": "75",
        "values": "5000.0, 250",
        "target_value": 12
      },
      "choice": {
        "button": "J",
        "selected_option": "OptionB"
      }
    },
    {
      "question": 46,
      "target": "Commute time (minutes)",
      "target_value": 28,
      "options": [
        "Distance to work (miles)",
        "Number of traffic lights"
      ],
      "optionA": {
        "trial_id": "20",
        "task_id": "95",
        "values": "4.0, 14",
        "target_value": 28
      },
      "optionB": {
        "trial_id": "20",
        "task_id": "95",
        "values": "4.0, 14",
        "target_value": 28
      },
      "choice": {
        "button": "F",
        "selected_option": "OptionA"
      }
    },
    {
      "question": 47,
      "target": "Strength",
      "target_value": 6,
      "options": [
        "Tea leaves (g)",
        "Water temperature (°C)"
      ],
      "optionA": {
        "trial_id": "4",
        "task_id": "120",
        "values": "7.0, 90",
        "target_value": 6
      },
      "optionB": {
        "trial_id": "19",
        "task_id": "120",
        "values": "6.0, 86",
        "target_value": 7
      },
      "choice": {
        "button": "F",
        "selected_option": "OptionA"
      }
    },
    {
      "question": 48,
      "target": "Heart rate",
      "target_value": 63,
      "options": [
        "Age",
        "Exercise hours"
      ],
      "optionA": {
        "trial_id": "12",
        "task_id": "77",
        "values": "30.0, 5",
        "target_value": 63
      },
      "optionB": {
        "trial_id": "20",
        "task_id": "77",
        "values": "60.0, 1",
        "target_value": 80
      },
      "choice": {
        "button": "J",
        "selected_option": "OptionB"
      }
    },
    {
      "question": 49,
      "target": "Reading time (hours)",
      "target_value": 5.5,
      "options": [
        "Book pages",
        "Book weight (g)"
      ],
      "optionA": {
        "trial_id": "7",
        "task_id": "114",
        "values": "450.0, 340",
        "target_value": 5.5
      },
      "optionB": {
        "trial_id": "4",
        "task_id": "114",
        "values": "450.0, 370",
        "target_value": 5.4
      },
      "choice": {
        "button": "J",
        "selected_option": "OptionB"
      }
    },
    {
      "question": 50,
      "target": "Post reach (people)",
      "target_value": 6000,
      "options": [
        "Number of likes (count)",
        "Time posted (hours ago)"
      ],
      "optionA": {
        "trial_id": "17",
        "task_id": "93",
        "values": "1200.0, 5",
        "target_value": 6000
      },
      "optionB": {
        "trial_id": "15",
        "task_id": "93",
        "values": "800.0, 4",
        "target_value": 4000
      },
      "choice": {
        "button": "F",
        "selected_option": "OptionA"
      }
    }
  ]
}