{
  "prolific_id": "UNKNOWN",
  "condition_group": "ranking",
  "responses": [
    {
      "question": 1,
      "target": "Customer Satisfaction",
      "target_value": 6,
      "options": [
        "Restaurant Wait Time (in mins)",
        "Restaurant Rating (1-5)"
      ],
      "optionA": {
        "trial_id": "2",
        "task_id": "174",
        "values": "20.0, 3",
        "target_value": 6
      },
      "optionB": {
        "trial_id": "18",
        "task_id": "174",
        "values": "26.0, 1",
        "target_value": 4
      },
      "choice": {
        "button": "F",
        "selected_option": "OptionA"
      }
    },
    {
      "question": 2,
      "target": "Deliciousness",
      "target_value": 7,
      "options": [
        "Cooking Time",
        "Ingredients"
      ],
      "optionA": {
        "trial_id": "19",
        "task_id": "65",
        "values": "30.0, 6",
        "target_value": 7
      },
      "optionB": {
        "trial_id": "19",
        "task_id": "19",
        "values": "25.0, 7.0",
        "target_value": 8
      },
      "choice": {
        "button": "F",
        "selected_option": "OptionA"
      }
    },
    {
      "question": 3,
      "target": "Deliciousness",
      "target_value": 4,
      "options": [
        "Cooking time",
        "Ingredients"
      ],
      "optionA": {
        "trial_id": "16",
        "task_id": "125",
        "values": "65.0, 2.0",
        "target_value": 4
      },
      "optionB": {
        "trial_id": "2",
        "task_id": "125",
        "values": "25.0, 6.0",
        "target_value": 8
      },
      "choice": {
        "button": "J",
        "selected_option": "OptionB"
      }
    },
    {
      "question": 4,
      "target": "Garden yield (kg)",
      "target_value": 50,
      "options": [
        "Amount of fertilizer (grams)",
        "Rainfall (mm/week)"
      ],
      "optionA": {
        "trial_id": "1",
        "task_id": "92",
        "values": "200.0, 100",
        "target_value": 50
      },
      "optionB": {
        "trial_id": "14",
        "task_id": "92",
        "values": "170.0, 130",
        "target_value": 49
      },
      "choice": {
        "button": "J",
        "selected_option": "OptionB"
      }
    },
    {
      "question": 5,
      "target": "Battery Life",
      "target_value": 20,
      "options": [
        "Phone Battery Capacity",
        "Screen Size"
      ],
      "optionA": {
        "trial_id": "11",
        "task_id": "28",
        "values": "4200.0, 5.9",
        "target_value": 20
      },
      "optionB": {
        "trial_id": "13",
        "task_id": "28",
        "values": "5000.0, 6.1",
        "target_value": 23
      },
      "choice": {
        "button": "J",
        "selected_option": "OptionB"
      }
    },
    {
      "question": 6,
      "target": "Battery Life",
      "target_value": 18,
      "options": [
        "Phone Battery Capacity",
        "Screen Size"
      ],
      "optionA": {
        "trial_id": "12",
        "task_id": "28",
        "values": "3800.0, 6.8",
        "target_value": 18
      },
      "optionB": {
        "trial_id": "7",
        "task_id": "28",
        "values": "4500.0, 5.5",
        "target_value": 21
      },
      "choice": {
        "button": "J",
        "selected_option": "OptionB"
      }
    },
    {
      "question": 7,
      "target": "Project Success (%)",
      "target_value": 81,
      "options": [
        "Experience (years)",
        "Team Size"
      ],
      "optionA": {
        "trial_id": "20",
        "task_id": "110",
        "values": "15.0, 7",
        "target_value": 81
      },
      "optionB": {
        "trial_id": "6",
        "task_id": "110",
        "values": "8.0, 5",
        "target_value": 95
      },
      "choice": {
        "button": "F",
        "selected_option": "OptionA"
      }
    },
    {
      "question": 8,
      "target": "Energy Boost (1-10)",
      "target_value": 4,
      "options": [
        "Number of Calories",
        "Sugar (g)"
      ],
      "optionA": {
        "trial_id": "17",
        "task_id": "111",
        "values": "140.0, 8",
        "target_value": 4
      },
      "optionB": {
        "trial_id": "9",
        "task_id": "111",
        "values": "180.0, 8",
        "target_value": 3
      },
      "choice": {
        "button": "J",
        "selected_option": "OptionB"
      }
    },
    {
      "question": 9,
      "target": "Fuel Efficiency (km/l)",
      "target_value": 10,
      "options": [
        "Car Engine Size (liters)",
        "Weight (kg)"
      ],
      "optionA": {
        "trial_id": "14",
        "task_id": "103",
        "values": "2.6, 1400.0",
        "target_value": 10
      },
      "optionB": {
        "trial_id": "13",
        "task_id": "103",
        "values": "2.0, 1300.0",
        "target_value": 12
      },
      "choice": {
        "button": "F",
        "selected_option": "OptionA"
      }
    },
    {
      "question": "attention_check_9",
      "choice": "J",
      "passed": true,
      "timestamp": 1756154664805
    },
    {
      "question": 10,
      "target": "Training time",
      "target_value": 25,
      "options": [
        "Dog weight",
        "Dog breed"
      ],
      "optionA": {
        "trial_id": "9",
        "task_id": "59",
        "values": "15.0, 2.0",
        "target_value": 25
      },
      "optionB": {
        "trial_id": "3",
        "task_id": "59",
        "values": "25.0, 1.0",
        "target_value": 35
      },
      "choice": {
        "button": "J",
        "selected_option": "OptionB"
      }
    },
    {
      "question": 11,
      "target": "Exam Score",
      "target_value": 110,
      "options": [
        "Student Study Time",
        "Student Sleep Hours"
      ],
      "optionA": {
        "trial_id": "16",
        "task_id": "38",
        "values": "11.0, 1",
        "target_value": 110
      },
      "optionB": {
        "trial_id": "8",
        "task_id": "38",
        "values": "7.0, 5",
        "target_value": 90
      },
      "choice": {
        "button": "J",
        "selected_option": "OptionB"
      }
    },
    {
      "question": 12,
      "target": "Comfort",
      "target_value": 6,
      "options": [
        "Age",
        "Size"
      ],
      "optionA": {
        "trial_id": "12",
        "task_id": "66",
        "values": "10.0, 30",
        "target_value": 6
      },
      "optionB": {
        "trial_id": "16",
        "task_id": "66",
        "values": "3.0, 25",
        "target_value": 8
      },
      "choice": {
        "button": "J",
        "selected_option": "OptionB"
      }
    },
    {
      "question": 13,
      "target": "Favorability",
      "target_value": 9,
      "options": [
        "Coffee strength",
        "Coffee cream"
      ],
      "optionA": {
        "trial_id": "11",
        "task_id": "57",
        "values": "10.0, 0.5",
        "target_value": 9
      },
      "optionB": {
        "trial_id": "6",
        "task_id": "57",
        "values": "7.0, 0.5",
        "target_value": 6
      },
      "choice": {
        "button": "F",
        "selected_option": "OptionA"
      }
    },
    {
      "question": 14,
      "target": "Reading Enjoyment",
      "target_value": 11,
      "options": [
        "Book Length",
        "Author Fame"
      ],
      "optionA": {
        "trial_id": "8",
        "task_id": "131",
        "values": "700.0, 4.0",
        "target_value": 11
      },
      "optionB": {
        "trial_id": "14",
        "task_id": "131",
        "values": "1000.0, 1.0",
        "target_value": 14
      },
      "choice": {
        "button": "F",
        "selected_option": "OptionA"
      }
    },
    {
      "question": 15,
      "target": "Value for Money",
      "target_value": 42,
      "options": [
        "Price",
        "Weight"
      ],
      "optionA": {
        "trial_id": "4",
        "task_id": "20",
        "values": "90.0, 2.5",
        "target_value": 42
      },
      "optionB": {
        "trial_id": "14",
        "task_id": "20",
        "values": "95.0, 2.4",
        "target_value": 41
      },
      "choice": {
        "button": "F",
        "selected_option": "OptionA"
      }
    },
    {
      "question": 16,
      "target": "Deliciousness",
      "target_value": 6,
      "options": [
        "Cooking Time",
        "Ingredients"
      ],
      "optionA": {
        "trial_id": "11",
        "task_id": "65",
        "values": "50.0, 3",
        "target_value": 6
      },
      "optionB": {
        "trial_id": "13",
        "task_id": "19",
        "values": "28.0, 4.0",
        "target_value": 8
      },
      "choice": {
        "button": "F",
        "selected_option": "OptionA"
      }
    },
    {
      "question": 17,
      "target": "Shadow coverage",
      "target_value": 80,
      "options": [
        "Tree height",
        "Tree thickness"
      ],
      "optionA": {
        "trial_id": "17",
        "task_id": "58",
        "values": "13.0, 2.0",
        "target_value": 80
      },
      "optionB": {
        "trial_id": "8",
        "task_id": "58",
        "values": "13.0, 3.0",
        "target_value": 80
      },
      "choice": {
        "button": "J",
        "selected_option": "OptionB"
      }
    },
    {
      "question": 18,
      "target": "Height (cm)",
      "target_value": 15,
      "options": [
        "Age of the plant (weeks)",
        "Water given (ml/day)"
      ],
      "optionA": {
        "trial_id": "11",
        "task_id": "91",
        "values": "5.0, 400",
        "target_value": 15
      },
      "optionB": {
        "trial_id": "11",
        "task_id": "91",
        "values": "5.0, 400",
        "target_value": 15
      },
      "choice": {
        "button": "F",
        "selected_option": "OptionA"
      }
    },
    {
      "question": 19,
      "target": "Exam score (%)",
      "target_value": 74,
      "options": [
        "Student study hours per week",
        "Student age (years)"
      ],
      "optionA": {
        "trial_id": "10",
        "task_id": "144",
        "values": "4.0, 15",
        "target_value": 74
      },
      "optionB": {
        "trial_id": "14",
        "task_id": "144",
        "values": "3.0, 16",
        "target_value": 70
      },
      "choice": {
        "button": "F",
        "selected_option": "OptionA"
      }
    },
    {
      "question": "attention_check_19",
      "choice": "F",
      "passed": true,
      "timestamp": 1756154738862
    },
    {
      "question": 20,
      "target": "Exam score (%)",
      "target_value": 65,
      "options": [
        "Time spent studying (hours)",
        "Number of breaks (times)"
      ],
      "optionA": {
        "trial_id": "3",
        "task_id": "139",
        "values": "4.0, 4",
        "target_value": 65
      },
      "optionB": {
        "trial_id": "18",
        "task_id": "89",
        "values": "4.0, 2",
        "target_value": 75
      },
      "choice": {
        "button": "F",
        "selected_option": "OptionA"
      }
    },
    {
      "question": 21,
      "target": "Comfort (1-10)",
      "target_value": 9,
      "options": [
        "Shoe Width (cm)",
        "Arch Support (1-10)"
      ],
      "optionA": {
        "trial_id": "5",
        "task_id": "7",
        "values": "8.0, 7",
        "target_value": 9
      },
      "optionB": {
        "trial_id": "16",
        "task_id": "7",
        "values": "8.0, 8",
        "target_value": 9
      },
      "choice": {
        "button": "J",
        "selected_option": "OptionB"
      }
    },
    {
      "question": 22,
      "target": "Lighting (lux)",
      "target_value": 590,
      "options": [
        "Room size (m2)",
        "Number of windows"
      ],
      "optionA": {
        "trial_id": "10",
        "task_id": "115",
        "values": "20.0, 2",
        "target_value": 590
      },
      "optionB": {
        "trial_id": "12",
        "task_id": "115",
        "values": "25.0, 3",
        "target_value": 680
      },
      "choice": {
        "button": "J",
        "selected_option": "OptionB"
      }
    },
    {
      "question": 23,
      "target": "Comfort",
      "target_value": 6,
      "options": [
        "Age",
        "Size"
      ],
      "optionA": {
        "trial_id": "15",
        "task_id": "66",
        "values": "10.0, 15",
        "target_value": 6
      },
      "optionB": {
        "trial_id": "14",
        "task_id": "66",
        "values": "8.0, 20",
        "target_value": 6
      },
      "choice": {
        "button": "J",
        "selected_option": "OptionB"
      }
    },
    {
      "question": 24,
      "target": "Wait Time (minutes)",
      "target_value": 26,
      "options": [
        "Restaurant Size",
        "Restaurant Reviews"
      ],
      "optionA": {
        "trial_id": "9",
        "task_id": "74",
        "values": "120.0, 4.7",
        "target_value": 26
      },
      "optionB": {
        "trial_id": "5",
        "task_id": "74",
        "values": "110.0, 4.6",
        "target_value": 28
      },
      "choice": {
        "button": "F",
        "selected_option": "OptionA"
      }
    },
    {
      "question": 25,
      "target": "Favorability",
      "target_value": 4,
      "options": [
        "Coffee strength",
        "Coffee cream"
      ],
      "optionA": {
        "trial_id": "9",
        "task_id": "57",
        "values": "5.0, 0.6",
        "target_value": 4
      },
      "optionB": {
        "trial_id": "20",
        "task_id": "57",
        "values": "7.0, 0.8",
        "target_value": 5
      },
      "choice": {
        "button": "J",
        "selected_option": "OptionB"
      }
    },
    {
      "question": 26,
      "target": "Exam score",
      "target_value": 65,
      "options": [
        "Study hours",
        "Intelligence"
      ],
      "optionA": {
        "trial_id": "10",
        "task_id": "81",
        "values": "3.0, 90",
        "target_value": 65
      },
      "optionB": {
        "trial_id": "1",
        "task_id": "81",
        "values": "5.0, 80",
        "target_value": 85
      },
      "choice": {
        "button": "J",
        "selected_option": "OptionB"
      }
    },
    {
      "question": 27,
      "target": "Weight Loss (lbs)",
      "target_value": 12,
      "options": [
        "Exercise Minutes",
        "Diet Score (1-10)"
      ],
      "optionA": {
        "trial_id": "20",
        "task_id": "112",
        "values": "130.0, 8",
        "target_value": 12
      },
      "optionB": {
        "trial_id": "18",
        "task_id": "112",
        "values": "120.0, 7",
        "target_value": 11
      },
      "choice": {
        "button": "F",
        "selected_option": "OptionA"
      }
    },
    {
      "question": 28,
      "target": "Ease of Use (1-10)",
      "target_value": 9,
      "options": [
        "Bag Weight (kg)",
        "Number of Compartments"
      ],
      "optionA": {
        "trial_id": "20",
        "task_id": "6",
        "values": "1.5, 1",
        "target_value": 9
      },
      "optionB": {
        "trial_id": "17",
        "task_id": "6",
        "values": "1.5, 1",
        "target_value": 9
      },
      "choice": {
        "button": "F",
        "selected_option": "OptionA"
      }
    },
    {
      "question": 29,
      "target": "Enjoyment Score",
      "target_value": 4.4,
      "options": [
        "Book Thickness",
        "Number of Reviews"
      ],
      "optionA": {
        "trial_id": "8",
        "task_id": "27",
        "values": "400.0, 180.0",
        "target_value": 4.4
      },
      "optionB": {
        "trial_id": "17",
        "task_id": "27",
        "values": "350.0, 130.0",
        "target_value": 4.4
      },
      "choice": {
        "button": "F",
        "selected_option": "OptionA"
      }
    },
    {
      "question": "attention_check_29",
      "choice": "J",
      "passed": true,
      "timestamp": 1756154797126
    },
    {
      "question": 30,
      "target": "Fuel Efficiency (km per liter)",
      "target_value": 8,
      "options": [
        "Car Engine Size (in liters)",
        "Car Weight (in kg)"
      ],
      "optionA": {
        "trial_id": "7",
        "task_id": "173",
        "values": "3.0, 1600",
        "target_value": 8
      },
      "optionB": {
        "trial_id": "13",
        "task_id": "173",
        "values": "2.0, 1400",
        "target_value": 12
      },
      "choice": {
        "button": "F",
        "selected_option": "OptionA"
      }
    },
    {
      "question": 31,
      "target": "Reliability",
      "target_value": 55,
      "options": [
        "Car age",
        "Maintenance cost"
      ],
      "optionA": {
        "trial_id": "6",
        "task_id": "83",
        "values": "9.0, 600",
        "target_value": 55
      },
      "optionB": {
        "trial_id": "11",
        "task_id": "83",
        "values": "6.0, 900",
        "target_value": 75
      },
      "choice": {
        "button": "F",
        "selected_option": "OptionA"
      }
    },
    {
      "question": 32,
      "target": "Customer satisfaction (1-10)",
      "target_value": 6.5,
      "options": [
        "Number of reviews",
        "Price (in $)"
      ],
      "optionA": {
        "trial_id": "13",
        "task_id": "56",
        "values": "70.0, 60",
        "target_value": 6.5
      },
      "optionB": {
        "trial_id": "4",
        "task_id": "56",
        "values": "150.0, 50",
        "target_value": 8
      },
      "choice": {
        "button": "J",
        "selected_option": "OptionB"
      }
    },
    {
      "question": 33,
      "target": "Water Usage (ml/day)",
      "target_value": 190,
      "options": [
        "Plant Height",
        "Plant Leaves"
      ],
      "optionA": {
        "trial_id": "17",
        "task_id": "73",
        "values": "34.0, 11.0",
        "target_value": 190
      },
      "optionB": {
        "trial_id": "6",
        "task_id": "73",
        "values": "45.0, 13.0",
        "target_value": 170
      },
      "choice": {
        "button": "J",
        "selected_option": "OptionB"
      }
    },
    {
      "question": 34,
      "target": "Playfulness score (1-10)",
      "target_value": 7.5,
      "options": [
        "Dog weight (kg)",
        "Dog age (years)"
      ],
      "optionA": {
        "trial_id": "9",
        "task_id": "147",
        "values": "11.0, 3",
        "target_value": 7.5
      },
      "optionB": {
        "trial_id": "7",
        "task_id": "147",
        "values": "9.0, 2",
        "target_value": 8.5
      },
      "choice": {
        "button": "J",
        "selected_option": "OptionB"
      }
    },
    {
      "question": 35,
      "target": "Mood Score (1-10)",
      "target_value": 8,
      "options": [
        "Hours of Sleep",
        "Screen Time (hours)"
      ],
      "optionA": {
        "trial_id": "13",
        "task_id": "109",
        "values": "8.0, 3",
        "target_value": 8
      },
      "optionB": {
        "trial_id": "3",
        "task_id": "109",
        "values": "7.0, 1",
        "target_value": 8
      },
      "choice": {
        "button": "J",
        "selected_option": "OptionB"
      }
    },
    {
      "question": 36,
      "target": "Battery life",
      "target_value": 12,
      "options": [
        "Battery capacity",
        "Weight"
      ],
      "optionA": {
        "trial_id": "4",
        "task_id": "75",
        "values": "5000.0, 270",
        "target_value": 12
      },
      "optionB": {
        "trial_id": "8",
        "task_id": "75",
        "values": "6000.0, 290",
        "target_value": 14
      },
      "choice": {
        "button": "J",
        "selected_option": "OptionB"
      }
    },
    {
      "question": 37,
      "target": "Health index",
      "target_value": 92,
      "options": [
        "Age",
        "Exercise hours"
      ],
      "optionA": {
        "trial_id": "17",
        "task_id": "82",
        "values": "28.0, 4",
        "target_value": 92
      },
      "optionB": {
        "trial_id": "3",
        "task_id": "77",
        "values": "40.0, 4",
        "target_value": 70
      },
      "choice": {
        "button": "F",
        "selected_option": "OptionA"
      }
    },
    {
      "question": 38,
      "target": "Exam score (points)",
      "target_value": 78,
      "options": [
        "Time spent studying (hours)",
        "Number of breaks (times)"
      ],
      "optionA": {
        "trial_id": "10",
        "task_id": "89",
        "values": "3.0, 4",
        "target_value": 78
      },
      "optionB": {
        "trial_id": "1",
        "task_id": "139",
        "values": "3.0, 5",
        "target_value": 60
      },
      "choice": {
        "button": "J",
        "selected_option": "OptionB"
      }
    },
    {
      "question": 39,
      "target": "Garden yield (lbs)",
      "target_value": 30,
      "options": [
        "Amount of rainfall (inches)",
        "Soil type (1=clay, 2=sandy)"
      ],
      "optionA": {
        "trial_id": "14",
        "task_id": "142",
        "values": "5.0, 1",
        "target_value": 30
      },
      "optionB": {
        "trial_id": "10",
        "task_id": "142",
        "values": "2.0, 2",
        "target_value": 20
      },
      "choice": {
        "button": "J",
        "selected_option": "OptionB"
      }
    },
    {
      "question": "attention_check_39",
      "choice": "F",
      "passed": true,
      "timestamp": 1756154863302
    },
    {
      "question": 40,
      "target": "Morning alertness (1-10)",
      "target_value": 9,
      "options": [
        "Amount of sleep (hours)",
        "Time to bed (minutes past 10pm)"
      ],
      "optionA": {
        "trial_id": "7",
        "task_id": "96",
        "values": "9.0, 15",
        "target_value": 9
      },
      "optionB": {
        "trial_id": "20",
        "task_id": "96",
        "values": "9.0, 15",
        "target_value": 9
      },
      "choice": {
        "button": "F",
        "selected_option": "OptionA"
      }
    },
    {
      "question": 41,
      "target": "Energy level (1-10)",
      "target_value": 4,
      "options": [
        "Hours of sleep",
        "Caffeine intake (mg)"
      ],
      "optionA": {
        "trial_id": "10",
        "task_id": "54",
        "values": "6.0, 180",
        "target_value": 4
      },
      "optionB": {
        "trial_id": "6",
        "task_id": "54",
        "values": "7.0, 120",
        "target_value": 5
      },
      "choice": {
        "button": "J",
        "selected_option": "OptionB"
      }
    },
    {
      "question": 42,
      "target": "Project Success (%)",
      "target_value": 85,
      "options": [
        "Experience (years)",
        "Team Size"
      ],
      "optionA": {
        "trial_id": "17",
        "task_id": "110",
        "values": "13.0, 7",
        "target_value": 85
      },
      "optionB": {
        "trial_id": "15",
        "task_id": "110",
        "values": "12.0, 5",
        "target_value": 87
      },
      "choice": {
        "button": "F",
        "selected_option": "OptionA"
      }
    },
    {
      "question": 43,
      "target": "Price",
      "target_value": 380000,
      "options": [
        "House Size",
        "Bedrooms"
      ],
      "optionA": {
        "trial_id": "4",
        "task_id": "15",
        "values": "2000.0, 3",
        "target_value": 380000
      },
      "optionB": {
        "trial_id": "10",
        "task_id": "15",
        "values": "1900.0, 3",
        "target_value": 400000
      },
      "choice": {
        "button": "F",
        "selected_option": "OptionA"
      }
    },
    {
      "question": 44,
      "target": "Rent (per month)",
      "target_value": 1300,
      "options": [
        "Distance from center (km)",
        "Size (m²)"
      ],
      "optionA": {
        "trial_id": "12",
        "task_id": "53",
        "values": "5.0, 80",
        "target_value": 1300
      },
      "optionB": {
        "trial_id": "9",
        "task_id": "53",
        "values": "4.0, 50",
        "target_value": 1300
      },
      "choice": {
        "button": "F",
        "selected_option": "OptionA"
      }
    },
    {
      "question": 45,
      "target": "Reliability",
      "target_value": 50,
      "options": [
        "Car age",
        "Maintenance cost"
      ],
      "optionA": {
        "trial_id": "5",
        "task_id": "83",
        "values": "10.0, 500",
        "target_value": 50
      },
      "optionB": {
        "trial_id": "3",
        "task_id": "83",
        "values": "3.0, 1500",
        "target_value": 85
      },
      "choice": {
        "button": "F",
        "selected_option": "OptionA"
      }
    },
    {
      "question": 46,
      "target": "Muscle gain",
      "target_value": 75,
      "options": [
        "Exercise intensity",
        "Water intake"
      ],
      "optionA": {
        "trial_id": "9",
        "task_id": "86",
        "values": "4.0, 4",
        "target_value": 75
      },
      "optionB": {
        "trial_id": "12",
        "task_id": "86",
        "values": "8.0, 2",
        "target_value": 65
      },
      "choice": {
        "button": "J",
        "selected_option": "OptionB"
      }
    },
    {
      "question": 47,
      "target": "Exam Score",
      "target_value": 85,
      "options": [
        "Student Study Time",
        "Student Sleep Hours"
      ],
      "optionA": {
        "trial_id": "6",
        "task_id": "38",
        "values": "6.0, 6",
        "target_value": 85
      },
      "optionB": {
        "trial_id": "4",
        "task_id": "38",
        "values": "5.0, 7",
        "target_value": 80
      },
      "choice": {
        "button": "J",
        "selected_option": "OptionB"
      }
    },
    {
      "question": 48,
      "target": "Fuel efficiency (km/l)",
      "target_value": 10,
      "options": [
        "Engine power (in horsepower)",
        "Weight (in kg)"
      ],
      "optionA": {
        "trial_id": "12",
        "task_id": "87",
        "values": "170.0, 1300",
        "target_value": 10
      },
      "optionB": {
        "trial_id": "20",
        "task_id": "87",
        "values": "210.0, 1500",
        "target_value": 8
      },
      "choice": {
        "button": "J",
        "selected_option": "OptionB"
      }
    },
    {
      "question": 49,
      "target": "Exam Score",
      "target_value": 87,
      "options": [
        "Study Time (hours)",
        "Intelligence Score"
      ],
      "optionA": {
        "trial_id": "20",
        "task_id": "157",
        "values": "6.0, 75.0",
        "target_value": 87
      },
      "optionB": {
        "trial_id": "11",
        "task_id": "157",
        "values": "5.0, 70.0",
        "target_value": 83
      },
      "choice": {
        "button": "F",
        "selected_option": "OptionA"
      }
    },
    {
      "question": 50,
      "target": "Endurance",
      "target_value": 80,
      "options": [
        "Age",
        "Height"
      ],
      "optionA": {
        "trial_id": "1",
        "task_id": "123",
        "values": "20.0, 170.0",
        "target_value": 80
      },
      "optionB": {
        "trial_id": "8",
        "task_id": "123",
        "values": "30.0, 180.0",
        "target_value": 90
      },
      "choice": {
        "button": "F",
        "selected_option": "OptionA"
      }
    }
  ]
}