{
  "prolific_id": "UNKNOWN",
  "condition_group": "ranking",
  "responses": [
    {
      "question": 1,
      "target": "Heart Health Score",
      "target_value": 88,
      "options": [
        "Age (years)",
        "Exercise Frequency"
      ],
      "optionA": {
        "trial_id": "3",
        "task_id": "149",
        "values": "25.0, 4.0",
        "target_value": 88
      },
      "optionB": {
        "trial_id": "15",
        "task_id": "149",
        "values": "34.0, 5.0",
        "target_value": 88
      },
      "choice": {
        "button": "J",
        "selected_option": "OptionB"
      }
    },
    {
      "question": 2,
      "target": "Market value",
      "target_value": 310,
      "options": [
        "House size",
        "House floors"
      ],
      "optionA": {
        "trial_id": "15",
        "task_id": "64",
        "values": "210.0, 2.0",
        "target_value": 310
      },
      "optionB": {
        "trial_id": "4",
        "task_id": "64",
        "values": "200.0, 2.0",
        "target_value": 300
      },
      "choice": {
        "button": "F",
        "selected_option": "OptionA"
      }
    },
    {
      "question": 3,
      "target": "100m sprint time (s)",
      "target_value": 11.8,
      "options": [
        "Runner stride length (cm)",
        "Runner age (years)"
      ],
      "optionA": {
        "trial_id": "17",
        "task_id": "145",
        "values": "76.0, 26",
        "target_value": 11.8
      },
      "optionB": {
        "trial_id": "8",
        "task_id": "145",
        "values": "60.0, 30",
        "target_value": 12.4
      },
      "choice": {
        "button": "J",
        "selected_option": "OptionB"
      }
    },
    {
      "question": 4,
      "target": "Enjoyment (1-10)",
      "target_value": 8,
      "options": [
        "Book Thickness (cm)",
        "Author Fame (1-10)"
      ],
      "optionA": {
        "trial_id": "5",
        "task_id": "1",
        "values": "6.0, 3",
        "target_value": 8
      },
      "optionB": {
        "trial_id": "18",
        "task_id": "1",
        "values": "7.0, 6",
        "target_value": 5
      },
      "choice": {
        "button": "F",
        "selected_option": "OptionA"
      }
    },
    {
      "question": 5,
      "target": "Taste Rating",
      "target_value": 9,
      "options": [
        "Number of Ingredients",
        "Prep Time (min)"
      ],
      "optionA": {
        "trial_id": "18",
        "task_id": "148",
        "values": "4.0, 20.0",
        "target_value": 9
      },
      "optionB": {
        "trial_id": "16",
        "task_id": "148",
        "values": "6.0, 30.0",
        "target_value": 7
      },
      "choice": {
        "button": "J",
        "selected_option": "OptionB"
      }
    },
    {
      "question": 6,
      "target": "Taste Rating (scale 1-10)",
      "target_value": 7,
      "options": [
        "Number of Ingredients",
        "Cooking Time (minutes)"
      ],
      "optionA": {
        "trial_id": "9",
        "task_id": "167",
        "values": "11.0, 35",
        "target_value": 7
      },
      "optionB": {
        "trial_id": "4",
        "task_id": "167",
        "values": "10.0, 35",
        "target_value": 7
      },
      "choice": {
        "button": "F",
        "selected_option": "OptionA"
      }
    },
    {
      "question": 7,
      "target": "Cooling Time (min)",
      "target_value": 27,
      "options": [
        "Room Size (m²)",
        "Window Size (m²)"
      ],
      "optionA": {
        "trial_id": "16",
        "task_id": "143",
        "values": "25.0, 3.2",
        "target_value": 27
      },
      "optionB": {
        "trial_id": "12",
        "task_id": "143",
        "values": "21.0, 2.2",
        "target_value": 33
      },
      "choice": {
        "button": "F",
        "selected_option": "OptionA"
      }
    },
    {
      "question": 8,
      "target": "Weight Loss (lbs)",
      "target_value": 6,
      "options": [
        "Exercise Minutes",
        "Diet Score (1-10)"
      ],
      "optionA": {
        "trial_id": "8",
        "task_id": "112",
        "values": "70.0, 6",
        "target_value": 6
      },
      "optionB": {
        "trial_id": "6",
        "task_id": "112",
        "values": "60.0, 9",
        "target_value": 5
      },
      "choice": {
        "button": "J",
        "selected_option": "OptionB"
      }
    },
    {
      "question": 9,
      "target": "Flower production",
      "target_value": 14,
      "options": [
        "Plant height",
        "Plant width"
      ],
      "optionA": {
        "trial_id": "10",
        "task_id": "63",
        "values": "70.0, 7.0",
        "target_value": 14
      },
      "optionB": {
        "trial_id": "9",
        "task_id": "63",
        "values": "90.0, 6.0",
        "target_value": 18
      },
      "choice": {
        "button": "J",
        "selected_option": "OptionB"
      }
    },
    {
      "question": "attention_check_9",
      "choice": "J",
      "passed": true,
      "timestamp": 1756154471620
    },
    {
      "question": 10,
      "target": "App Performance",
      "target_value": 7,
      "options": [
        "Phone RAM",
        "Phone Storage"
      ],
      "optionA": {
        "trial_id": "10",
        "task_id": "170",
        "values": "16.0, 128",
        "target_value": 7
      },
      "optionB": {
        "trial_id": "19",
        "task_id": "170",
        "values": "12.0, 64",
        "target_value": 6
      },
      "choice": {
        "button": "F",
        "selected_option": "OptionA"
      }
    },
    {
      "question": 11,
      "target": "Cooling Time (min)",
      "target_value": 35,
      "options": [
        "Room Size (m²)",
        "Window Size (m²)"
      ],
      "optionA": {
        "trial_id": "8",
        "task_id": "143",
        "values": "20.0, 2.0",
        "target_value": 35
      },
      "optionB": {
        "trial_id": "2",
        "task_id": "143",
        "values": "25.0, 3.0",
        "target_value": 25
      },
      "choice": {
        "button": "J",
        "selected_option": "OptionB"
      }
    },
    {
      "question": 12,
      "target": "Bike Speed",
      "target_value": 23,
      "options": [
        "Bike Weight",
        "Bike Frame Size"
      ],
      "optionA": {
        "trial_id": "2",
        "task_id": "106",
        "values": "12.0, 20",
        "target_value": 23
      },
      "optionB": {
        "trial_id": "16",
        "task_id": "106",
        "values": "10.0, 18",
        "target_value": 25
      },
      "choice": {
        "button": "F",
        "selected_option": "OptionA"
      }
    },
    {
      "question": 13,
      "target": "Project Success (%)",
      "target_value": 80,
      "options": [
        "Experience (years)",
        "Team Size"
      ],
      "optionA": {
        "trial_id": "1",
        "task_id": "110",
        "values": "5.0, 3",
        "target_value": 80
      },
      "optionB": {
        "trial_id": "10",
        "task_id": "110",
        "values": "10.0, 6",
        "target_value": 91
      },
      "choice": {
        "button": "J",
        "selected_option": "OptionB"
      }
    },
    {
      "question": 14,
      "target": "Enjoyment Score",
      "target_value": 4.4,
      "options": [
        "Book Thickness",
        "Number of Reviews"
      ],
      "optionA": {
        "trial_id": "17",
        "task_id": "27",
        "values": "350.0, 130.0",
        "target_value": 4.4
      },
      "optionB": {
        "trial_id": "9",
        "task_id": "27",
        "values": "200.0, 150.0",
        "target_value": 4.6
      },
      "choice": {
        "button": "J",
        "selected_option": "OptionB"
      }
    },
    {
      "question": 15,
      "target": "Mobile Phone Performance",
      "target_value": 90,
      "options": [
        "Mobile Phone RAM",
        "Mobile Phone Battery Size"
      ],
      "optionA": {
        "trial_id": "12",
        "task_id": "40",
        "values": "16.0, 3000",
        "target_value": 90
      },
      "optionB": {
        "trial_id": "19",
        "task_id": "40",
        "values": "22.0, 2200",
        "target_value": 115
      },
      "choice": {
        "button": "J",
        "selected_option": "OptionB"
      }
    },
    {
      "question": 16,
      "target": "Car Value",
      "target_value": 20000,
      "options": [
        "Age (years)",
        "Mileage (km)"
      ],
      "optionA": {
        "trial_id": "5",
        "task_id": "127",
        "values": "10.0, 50000",
        "target_value": 20000
      },
      "optionB": {
        "trial_id": "16",
        "task_id": "127",
        "values": "7.0, 35000",
        "target_value": 30000
      },
      "choice": {
        "button": "J",
        "selected_option": "OptionB"
      }
    },
    {
      "question": 17,
      "target": "Health index",
      "target_value": 90,
      "options": [
        "Age",
        "Exercise hours"
      ],
      "optionA": {
        "trial_id": "5",
        "task_id": "82",
        "values": "30.0, 4",
        "target_value": 90
      },
      "optionB": {
        "trial_id": "16",
        "task_id": "82",
        "values": "50.0, 2",
        "target_value": 80
      },
      "choice": {
        "button": "F",
        "selected_option": "OptionA"
      }
    },
    {
      "question": 18,
      "target": "Garden yield (lbs)",
      "target_value": 18,
      "options": [
        "Amount of rainfall (inches)",
        "Soil type (1=clay, 2=sandy)"
      ],
      "optionA": {
        "trial_id": "16",
        "task_id": "142",
        "values": "1.0, 1",
        "target_value": 18
      },
      "optionB": {
        "trial_id": "4",
        "task_id": "142",
        "values": "1.0, 1",
        "target_value": 20
      },
      "choice": {
        "button": "J",
        "selected_option": "OptionB"
      }
    },
    {
      "question": 19,
      "target": "Shadow coverage",
      "target_value": 70,
      "options": [
        "Tree height",
        "Tree thickness"
      ],
      "optionA": {
        "trial_id": "4",
        "task_id": "58",
        "values": "10.0, 2.0",
        "target_value": 70
      },
      "optionB": {
        "trial_id": "6",
        "task_id": "58",
        "values": "6.0, 5.0",
        "target_value": 60
      },
      "choice": {
        "button": "J",
        "selected_option": "OptionB"
      }
    },
    {
      "question": "attention_check_19",
      "choice": "F",
      "passed": true,
      "timestamp": 1756154527332
    },
    {
      "question": 20,
      "target": "Fuel Consumption (mpg)",
      "target_value": 27,
      "options": [
        "Speed (mph)",
        "Engine Size (L)"
      ],
      "optionA": {
        "trial_id": "10",
        "task_id": "156",
        "values": "70.0, 3.0",
        "target_value": 27
      },
      "optionB": {
        "trial_id": "16",
        "task_id": "156",
        "values": "65.0, 2.5",
        "target_value": 30
      },
      "choice": {
        "button": "J",
        "selected_option": "OptionB"
      }
    },
    {
      "question": 21,
      "target": "Plant Health",
      "target_value": 8,
      "options": [
        "Plant Height",
        "Water Amount"
      ],
      "optionA": {
        "trial_id": "6",
        "task_id": "169",
        "values": "50.0, 2",
        "target_value": 8
      },
      "optionB": {
        "trial_id": "14",
        "task_id": "169",
        "values": "90.0, 2",
        "target_value": 12
      },
      "choice": {
        "button": "J",
        "selected_option": "OptionB"
      }
    },
    {
      "question": 22,
      "target": "Ease of Use (1-10)",
      "target_value": 5,
      "options": [
        "Bag Weight (kg)",
        "Number of Compartments"
      ],
      "optionA": {
        "trial_id": "12",
        "task_id": "6",
        "values": "4.0, 6",
        "target_value": 5
      },
      "optionB": {
        "trial_id": "8",
        "task_id": "6",
        "values": "1.5, 2",
        "target_value": 9
      },
      "choice": {
        "button": "F",
        "selected_option": "OptionA"
      }
    },
    {
      "question": 23,
      "target": "Reading Enjoyment",
      "target_value": 10,
      "options": [
        "Book Length",
        "Author Fame"
      ],
      "optionA": {
        "trial_id": "6",
        "task_id": "131",
        "values": "600.0, 5.0",
        "target_value": 10
      },
      "optionB": {
        "trial_id": "1",
        "task_id": "131",
        "values": "300.0, 8.0",
        "target_value": 7
      },
      "choice": {
        "button": "J",
        "selected_option": "OptionB"
      }
    },
    {
      "question": 24,
      "target": "Enjoyment (1-10)",
      "target_value": 6,
      "options": [
        "Book Thickness (cm)",
        "Author Fame (1-10)"
      ],
      "optionA": {
        "trial_id": "17",
        "task_id": "1",
        "values": "5.0, 8",
        "target_value": 6
      },
      "optionB": {
        "trial_id": "10",
        "task_id": "1",
        "values": "5.0, 6",
        "target_value": 8
      },
      "choice": {
        "button": "F",
        "selected_option": "OptionA"
      }
    },
    {
      "question": 25,
      "target": "User Satisfaction",
      "target_value": 8.5,
      "options": [
        "Smartphone Price",
        "Battery Capacity"
      ],
      "optionA": {
        "trial_id": "16",
        "task_id": "31",
        "values": "620.0, 3700.0",
        "target_value": 8.5
      },
      "optionB": {
        "trial_id": "14",
        "task_id": "31",
        "values": "700.0, 3300.0",
        "target_value": 8.2
      },
      "choice": {
        "button": "F",
        "selected_option": "OptionA"
      }
    },
    {
      "question": 26,
      "target": "Speed on Flat Ground",
      "target_value": 27,
      "options": [
        "Bike Weight",
        "Wheel Size"
      ],
      "optionA": {
        "trial_id": "13",
        "task_id": "30",
        "values": "9.0, 26.0",
        "target_value": 27
      },
      "optionB": {
        "trial_id": "15",
        "task_id": "30",
        "values": "11.0, 28.0",
        "target_value": 24
      },
      "choice": {
        "button": "J",
        "selected_option": "OptionB"
      }
    },
    {
      "question": 27,
      "target": "Exam score",
      "target_value": 77,
      "options": [
        "Study hours",
        "Intelligence score"
      ],
      "optionA": {
        "trial_id": "6",
        "task_id": "122",
        "values": "3.0, 90.0",
        "target_value": 77
      },
      "optionB": {
        "trial_id": "11",
        "task_id": "122",
        "values": "8.0, 60.0",
        "target_value": 92
      },
      "choice": {
        "button": "F",
        "selected_option": "OptionA"
      }
    },
    {
      "question": 28,
      "target": "Favorability",
      "target_value": 5,
      "options": [
        "Coffee strength",
        "Coffee cream"
      ],
      "optionA": {
        "trial_id": "17",
        "task_id": "57",
        "values": "6.0, 0.5",
        "target_value": 5
      },
      "optionB": {
        "trial_id": "4",
        "task_id": "57",
        "values": "5.0, 0.8",
        "target_value": 4
      },
      "choice": {
        "button": "J",
        "selected_option": "OptionB"
      }
    },
    {
      "question": 29,
      "target": "Fuel Efficiency (km/L)",
      "target_value": 13,
      "options": [
        "Car Weight (kg)",
        "Engine Power (hp)"
      ],
      "optionA": {
        "trial_id": "2",
        "task_id": "3",
        "values": "1400.0, 120",
        "target_value": 13
      },
      "optionB": {
        "trial_id": "20",
        "task_id": "3",
        "values": "1600.0, 170",
        "target_value": 9
      },
      "choice": {
        "button": "J",
        "selected_option": "OptionB"
      }
    },
    {
      "question": "attention_check_29",
      "choice": "J",
      "passed": true,
      "timestamp": 1756154586138
    },
    {
      "question": 30,
      "target": "Job Success",
      "target_value": 3,
      "options": [
        "Age",
        "Experience"
      ],
      "optionA": {
        "trial_id": "17",
        "task_id": "133",
        "values": "70.0, 0.1",
        "target_value": 3
      },
      "optionB": {
        "trial_id": "16",
        "task_id": "133",
        "values": "70.0, 0.1",
        "target_value": 3
      },
      "choice": {
        "button": "J",
        "selected_option": "OptionB"
      }
    },
    {
      "question": 31,
      "target": "Speed (km/h)",
      "target_value": 25,
      "options": [
        "Bicycle weight (kg)",
        "Wheel size (inches)"
      ],
      "optionA": {
        "trial_id": "15",
        "task_id": "119",
        "values": "10.0, 27",
        "target_value": 25
      },
      "optionB": {
        "trial_id": "17",
        "task_id": "119",
        "values": "11.0, 26",
        "target_value": 24
      },
      "choice": {
        "button": "J",
        "selected_option": "OptionB"
      }
    },
    {
      "question": 32,
      "target": "Exam Score",
      "target_value": 105,
      "options": [
        "Student Study Time",
        "Student Sleep Hours"
      ],
      "optionA": {
        "trial_id": "14",
        "task_id": "38",
        "values": "10.0, 2",
        "target_value": 105
      },
      "optionB": {
        "trial_id": "19",
        "task_id": "38",
        "values": "14.0, 2",
        "target_value": 125
      },
      "choice": {
        "button": "J",
        "selected_option": "OptionB"
      }
    },
    {
      "question": 33,
      "target": "Morning Alertness",
      "target_value": 8,
      "options": [
        "Hours of Sleep",
        "Number of Alarms"
      ],
      "optionA": {
        "trial_id": "13",
        "task_id": "160",
        "values": "8.0, 1",
        "target_value": 8
      },
      "optionB": {
        "trial_id": "17",
        "task_id": "160",
        "values": "9.0, 1",
        "target_value": 9
      },
      "choice": {
        "button": "J",
        "selected_option": "OptionB"
      }
    },
    {
      "question": 34,
      "target": "Taste Rating",
      "target_value": 7,
      "options": [
        "Number of Ingredients",
        "Prep Time (min)"
      ],
      "optionA": {
        "trial_id": "5",
        "task_id": "148",
        "values": "6.0, 25.0",
        "target_value": 7
      },
      "optionB": {
        "trial_id": "19",
        "task_id": "148",
        "values": "6.0, 25.0",
        "target_value": 7
      },
      "choice": {
        "button": "F",
        "selected_option": "OptionA"
      }
    },
    {
      "question": 35,
      "target": "Car Value",
      "target_value": 35000,
      "options": [
        "Age (years)",
        "Mileage (km)"
      ],
      "optionA": {
        "trial_id": "19",
        "task_id": "127",
        "values": "5.0, 20000",
        "target_value": 35000
      },
      "optionB": {
        "trial_id": "2",
        "task_id": "127",
        "values": "3.0, 15000",
        "target_value": 40000
      },
      "choice": {
        "button": "J",
        "selected_option": "OptionB"
      }
    },
    {
      "question": 36,
      "target": "Cooking time (minutes)",
      "target_value": 24,
      "options": [
        "Number of ingredients",
        "Prep time (minutes)"
      ],
      "optionA": {
        "trial_id": "6",
        "task_id": "140",
        "values": "6.0, 10",
        "target_value": 24
      },
      "optionB": {
        "trial_id": "14",
        "task_id": "140",
        "values": "3.0, 14",
        "target_value": 18
      },
      "choice": {
        "button": "J",
        "selected_option": "OptionB"
      }
    },
    {
      "question": 37,
      "target": "Exercise Burned Calories",
      "target_value": 230,
      "options": [
        "Exercise Intensity",
        "Exercise Duration"
      ],
      "optionA": {
        "trial_id": "11",
        "task_id": "13",
        "values": "4.0, 70",
        "target_value": 230
      },
      "optionB": {
        "trial_id": "20",
        "task_id": "13",
        "values": "11.0, 5",
        "target_value": 380
      },
      "choice": {
        "button": "F",
        "selected_option": "OptionA"
      }
    },
    {
      "question": 38,
      "target": "Exam Score",
      "target_value": 90,
      "options": [
        "Study Time (hours)",
        "Difficulty Level (1-10)"
      ],
      "optionA": {
        "trial_id": "6",
        "task_id": "128",
        "values": "6.0, 3",
        "target_value": 90
      },
      "optionB": {
        "trial_id": "14",
        "task_id": "128",
        "values": "6.0, 4",
        "target_value": 85
      },
      "choice": {
        "button": "F",
        "selected_option": "OptionA"
      }
    },
    {
      "question": 39,
      "target": "Distance",
      "target_value": 420,
      "options": [
        "Fuel Efficiency",
        "Weight"
      ],
      "optionA": {
        "trial_id": "15",
        "task_id": "69",
        "values": "28.0, 1400",
        "target_value": 420
      },
      "optionB": {
        "trial_id": "15",
        "task_id": "69",
        "values": "28.0, 1400",
        "target_value": 420
      },
      "choice": {
        "button": "F",
        "selected_option": "OptionA"
      }
    },
    {
      "question": "attention_check_39",
      "choice": "F",
      "passed": true,
      "timestamp": 1756154629812
    },
    {
      "question": 40,
      "target": "Value for Money",
      "target_value": 32,
      "options": [
        "Price",
        "Weight"
      ],
      "optionA": {
        "trial_id": "10",
        "task_id": "20",
        "values": "85.0, 3.0",
        "target_value": 32
      },
      "optionB": {
        "trial_id": "11",
        "task_id": "20",
        "values": "120.0, 1.8",
        "target_value": 38
      },
      "choice": {
        "button": "F",
        "selected_option": "OptionA"
      }
    },
    {
      "question": 41,
      "target": "App Performance",
      "target_value": 4,
      "options": [
        "Phone RAM",
        "Phone Storage"
      ],
      "optionA": {
        "trial_id": "15",
        "task_id": "170",
        "values": "6.0, 64",
        "target_value": 4
      },
      "optionB": {
        "trial_id": "9",
        "task_id": "170",
        "values": "16.0, 64",
        "target_value": 7
      },
      "choice": {
        "button": "J",
        "selected_option": "OptionB"
      }
    },
    {
      "question": 42,
      "target": "Growth Rate (cm/week)",
      "target_value": 5,
      "options": [
        "Plant Height (cm)",
        "Sunlight (hours/day)"
      ],
      "optionA": {
        "trial_id": "1",
        "task_id": "4",
        "values": "30.0, 6",
        "target_value": 5
      },
      "optionB": {
        "trial_id": "16",
        "task_id": "4",
        "values": "45.0, 6",
        "target_value": 6
      },
      "choice": {
        "button": "J",
        "selected_option": "OptionB"
      }
    },
    {
      "question": 43,
      "target": "Muscle gain",
      "target_value": 75,
      "options": [
        "Exercise intensity",
        "Water intake"
      ],
      "optionA": {
        "trial_id": "14",
        "task_id": "86",
        "values": "7.0, 3",
        "target_value": 75
      },
      "optionB": {
        "trial_id": "14",
        "task_id": "86",
        "values": "7.0, 3",
        "target_value": 75
      },
      "choice": {
        "button": "F",
        "selected_option": "OptionA"
      }
    },
    {
      "question": 44,
      "target": "Strength",
      "target_value": 8,
      "options": [
        "Tea leaves (g)",
        "Water temperature (°C)"
      ],
      "optionA": {
        "trial_id": "14",
        "task_id": "120",
        "values": "5.0, 103",
        "target_value": 8
      },
      "optionB": {
        "trial_id": "5",
        "task_id": "120",
        "values": "4.0, 95",
        "target_value": 9
      },
      "choice": {
        "button": "F",
        "selected_option": "OptionA"
      }
    },
    {
      "question": 45,
      "target": "Energy Boost (scale 1-10)",
      "target_value": 6,
      "options": [
        "Coffee Strength (scale 1-10)",
        "Caffeine Content (mg)"
      ],
      "optionA": {
        "trial_id": "7",
        "task_id": "24",
        "values": "7.0, 110",
        "target_value": 6
      },
      "optionB": {
        "trial_id": "1",
        "task_id": "24",
        "values": "8.0, 100",
        "target_value": 7
      },
      "choice": {
        "button": "F",
        "selected_option": "OptionA"
      }
    },
    {
      "question": 46,
      "target": "Walking speed (km/h)",
      "target_value": 5.6,
      "options": [
        "Person height (cm)",
        "Age (years)"
      ],
      "optionA": {
        "trial_id": "15",
        "task_id": "163",
        "values": "180.0, 31.0",
        "target_value": 5.6
      },
      "optionB": {
        "trial_id": "3",
        "task_id": "163",
        "values": "175.0, 25.0",
        "target_value": 5.2
      },
      "choice": {
        "button": "J",
        "selected_option": "OptionB"
      }
    },
    {
      "question": 47,
      "target": "Market value",
      "target_value": 290,
      "options": [
        "House size",
        "House floors"
      ],
      "optionA": {
        "trial_id": "16",
        "task_id": "64",
        "values": "190.0, 3.0",
        "target_value": 290
      },
      "optionB": {
        "trial_id": "15",
        "task_id": "64",
        "values": "210.0, 2.0",
        "target_value": 310
      },
      "choice": {
        "button": "J",
        "selected_option": "OptionB"
      }
    },
    {
      "question": 48,
      "target": "Phone Performance Score",
      "target_value": 9.9,
      "options": [
        "Phone Processor Speed",
        "Phone Battery Capacity"
      ],
      "optionA": {
        "trial_id": "17",
        "task_id": "10",
        "values": "5.5, 2000",
        "target_value": 9.9
      },
      "optionB": {
        "trial_id": "13",
        "task_id": "10",
        "values": "1.5, 6500",
        "target_value": 7.8
      },
      "choice": {
        "button": "F",
        "selected_option": "OptionA"
      }
    },
    {
      "question": 49,
      "target": "Cost to travel",
      "target_value": 15,
      "options": [
        "Distance",
        "Speed"
      ],
      "optionA": {
        "trial_id": "14",
        "task_id": "124",
        "values": "30.0, 130.0",
        "target_value": 15
      },
      "optionB": {
        "trial_id": "1",
        "task_id": "124",
        "values": "100.0, 60.0",
        "target_value": 50
      },
      "choice": {
        "button": "F",
        "selected_option": "OptionA"
      }
    },
    {
      "question": 50,
      "target": "Battery life",
      "target_value": 28,
      "options": [
        "Phone battery",
        "Phone size"
      ],
      "optionA": {
        "trial_id": "3",
        "task_id": "62",
        "values": "4500.0, 15.0",
        "target_value": 28
      },
      "optionB": {
        "trial_id": "15",
        "task_id": "62",
        "values": "5000.0, 14.0",
        "target_value": 30
      },
      "choice": {
        "button": "J",
        "selected_option": "OptionB"
      }
    }
  ]
}