{
  "prolific_id": "UNKNOWN",
  "condition_group": "ranking",
  "responses": [
    {
      "question": 1,
      "target": "Flower size (cm)",
      "target_value": 3.4,
      "options": [
        "Plant height (cm)",
        "Plant age (months)"
      ],
      "optionA": {
        "trial_id": "12",
        "task_id": "146",
        "values": "41.0, 8",
        "target_value": 3.4
      },
      "optionB": {
        "trial_id": "4",
        "task_id": "146",
        "values": "35.0, 7",
        "target_value": 4
      },
      "choice": {
        "button": "F",
        "selected_option": "OptionA"
      }
    },
    {
      "question": 2,
      "target": "Flower production",
      "target_value": 14,
      "options": [
        "Plant height",
        "Plant width"
      ],
      "optionA": {
        "trial_id": "5",
        "task_id": "63",
        "values": "80.0, 7.0",
        "target_value": 14
      },
      "optionB": {
        "trial_id": "8",
        "task_id": "63",
        "values": "130.0, 4.0",
        "target_value": 26
      },
      "choice": {
        "button": "J",
        "selected_option": "OptionB"
      }
    },
    {
      "question": 3,
      "target": "Morning Alertness",
      "target_value": 8,
      "options": [
        "Hours of Sleep",
        "Number of Alarms"
      ],
      "optionA": {
        "trial_id": "13",
        "task_id": "160",
        "values": "8.0, 1",
        "target_value": 8
      },
      "optionB": {
        "trial_id": "20",
        "task_id": "160",
        "values": "6.0, 1",
        "target_value": 6
      },
      "choice": {
        "button": "J",
        "selected_option": "OptionB"
      }
    },
    {
      "question": 4,
      "target": "Exam score",
      "target_value": 100,
      "options": [
        "Time spent studying",
        "Time spent watching TV"
      ],
      "optionA": {
        "trial_id": "15",
        "task_id": "100",
        "values": "8.0, 0.0",
        "target_value": 100
      },
      "optionB": {
        "trial_id": "16",
        "task_id": "100",
        "values": "9.0, 1.0",
        "target_value": 98
      },
      "choice": {
        "button": "J",
        "selected_option": "OptionB"
      }
    },
    {
      "question": 5,
      "target": "Battery Life (hours)",
      "target_value": 21,
      "options": [
        "Phone RAM (GB)",
        "Screen Size (inches)"
      ],
      "optionA": {
        "trial_id": "13",
        "task_id": "104",
        "values": "6.0, 6.3",
        "target_value": 21
      },
      "optionB": {
        "trial_id": "1",
        "task_id": "104",
        "values": "4.0, 6.5",
        "target_value": 18
      },
      "choice": {
        "button": "F",
        "selected_option": "OptionA"
      }
    },
    {
      "question": 6,
      "target": "Exam Score",
      "target_value": 95,
      "options": [
        "Student Study Time",
        "Student Sleep Hours"
      ],
      "optionA": {
        "trial_id": "10",
        "task_id": "38",
        "values": "8.0, 4",
        "target_value": 95
      },
      "optionB": {
        "trial_id": "13",
        "task_id": "38",
        "values": "11.0, 1",
        "target_value": 110
      },
      "choice": {
        "button": "F",
        "selected_option": "OptionA"
      }
    },
    {
      "question": 7,
      "target": "Enjoyment Score",
      "target_value": 4.2,
      "options": [
        "Book Thickness",
        "Number of Reviews"
      ],
      "optionA": {
        "trial_id": "6",
        "task_id": "27",
        "values": "500.0, 100.0",
        "target_value": 4.2
      },
      "optionB": {
        "trial_id": "2",
        "task_id": "27",
        "values": "300.0, 200.0",
        "target_value": 4.6
      },
      "choice": {
        "button": "J",
        "selected_option": "OptionB"
      }
    },
    {
      "question": 8,
      "target": "Taste rating (1-10)",
      "target_value": 6,
      "options": [
        "Number of ingredients (count)",
        "Prep time (minutes)"
      ],
      "optionA": {
        "trial_id": "3",
        "task_id": "97",
        "values": "12.0, 20",
        "target_value": 6
      },
      "optionB": {
        "trial_id": "10",
        "task_id": "97",
        "values": "12.0, 20",
        "target_value": 6
      },
      "choice": {
        "button": "J",
        "selected_option": "OptionB"
      }
    },
    {
      "question": 9,
      "target": "Reading Enjoyment",
      "target_value": 14,
      "options": [
        "Book Length",
        "Author Fame"
      ],
      "optionA": {
        "trial_id": "14",
        "task_id": "131",
        "values": "1000.0, 1.0",
        "target_value": 14
      },
      "optionB": {
        "trial_id": "2",
        "task_id": "131",
        "values": "400.0, 7.0",
        "target_value": 8
      },
      "choice": {
        "button": "J",
        "selected_option": "OptionB"
      }
    },
    {
      "question": "attention_check_9",
      "choice": "J",
      "passed": true,
      "timestamp": 1756156417614
    },
    {
      "question": 10,
      "target": "Car Value",
      "target_value": 47000,
      "options": [
        "Age (years)",
        "Mileage (km)"
      ],
      "optionA": {
        "trial_id": "14",
        "task_id": "127",
        "values": "3.0, 10000",
        "target_value": 47000
      },
      "optionB": {
        "trial_id": "15",
        "task_id": "127",
        "values": "9.0, 45000",
        "target_value": 24000
      },
      "choice": {
        "button": "F",
        "selected_option": "OptionA"
      }
    },
    {
      "question": 11,
      "target": "Job Success",
      "target_value": 6,
      "options": [
        "Age",
        "Experience"
      ],
      "optionA": {
        "trial_id": "4",
        "task_id": "133",
        "values": "40.0, 3.0",
        "target_value": 6
      },
      "optionB": {
        "trial_id": "8",
        "task_id": "133",
        "values": "50.0, 1.0",
        "target_value": 5
      },
      "choice": {
        "button": "F",
        "selected_option": "OptionA"
      }
    },
    {
      "question": 12,
      "target": "Customer Rating (1-10)",
      "target_value": 6,
      "options": [
        "Price ($)",
        "Weight (oz)"
      ],
      "optionA": {
        "trial_id": "18",
        "task_id": "108",
        "values": "18.0, 18",
        "target_value": 6
      },
      "optionB": {
        "trial_id": "3",
        "task_id": "108",
        "values": "15.0, 12",
        "target_value": 6
      },
      "choice": {
        "button": "F",
        "selected_option": "OptionA"
      }
    },
    {
      "question": 13,
      "target": "Morning alertness (1-10)",
      "target_value": 5,
      "options": [
        "Amount of sleep (hours)",
        "Time to bed (minutes past 10pm)"
      ],
      "optionA": {
        "trial_id": "2",
        "task_id": "96",
        "values": "7.0, 60",
        "target_value": 5
      },
      "optionB": {
        "trial_id": "5",
        "task_id": "96",
        "values": "6.0, 60",
        "target_value": 5
      },
      "choice": {
        "button": "F",
        "selected_option": "OptionA"
      }
    },
    {
      "question": 14,
      "target": "Race Finish Time (minutes)",
      "target_value": 16,
      "options": [
        "Runner Speed (mph)",
        "Runner Weight (lbs)"
      ],
      "optionA": {
        "trial_id": "5",
        "task_id": "37",
        "values": "8.0, 130.0",
        "target_value": 16
      },
      "optionB": {
        "trial_id": "19",
        "task_id": "37",
        "values": "10.5, 115.0",
        "target_value": 11.5
      },
      "choice": {
        "button": "F",
        "selected_option": "OptionA"
      }
    },
    {
      "question": 15,
      "target": "Exam Score",
      "target_value": 85,
      "options": [
        "Student Study Time",
        "Student Sleep Hours"
      ],
      "optionA": {
        "trial_id": "6",
        "task_id": "38",
        "values": "6.0, 6",
        "target_value": 85
      },
      "optionB": {
        "trial_id": "17",
        "task_id": "38",
        "values": "13.0, 1",
        "target_value": 120
      },
      "choice": {
        "button": "J",
        "selected_option": "OptionB"
      }
    },
    {
      "question": 16,
      "target": "Enjoyment (1-10)",
      "target_value": 5,
      "options": [
        "Book Thickness (cm)",
        "Author Fame (1-10)"
      ],
      "optionA": {
        "trial_id": "19",
        "task_id": "1",
        "values": "4.0, 3",
        "target_value": 5
      },
      "optionB": {
        "trial_id": "16",
        "task_id": "1",
        "values": "4.0, 4",
        "target_value": 6
      },
      "choice": {
        "button": "J",
        "selected_option": "OptionB"
      }
    },
    {
      "question": 17,
      "target": "Student Exam Score",
      "target_value": 65,
      "options": [
        "Student Study Hours",
        "Student Distractions"
      ],
      "optionA": {
        "trial_id": "14",
        "task_id": "8",
        "values": "0.0, 8",
        "target_value": 65
      },
      "optionB": {
        "trial_id": "2",
        "task_id": "8",
        "values": "8.0, 3",
        "target_value": 80
      },
      "choice": {
        "button": "J",
        "selected_option": "OptionB"
      }
    },
    {
      "question": 18,
      "target": "Customer satisfaction (1-10)",
      "target_value": 9,
      "options": [
        "Number of reviews",
        "Price (in $)"
      ],
      "optionA": {
        "trial_id": "9",
        "task_id": "56",
        "values": "200.0, 40",
        "target_value": 9
      },
      "optionB": {
        "trial_id": "6",
        "task_id": "56",
        "values": "100.0, 55",
        "target_value": 7.5
      },
      "choice": {
        "button": "J",
        "selected_option": "OptionB"
      }
    },
    {
      "question": 19,
      "target": "Daily travel cost ($)",
      "target_value": 30,
      "options": [
        "Distance to work (miles)",
        "Commute time (minutes)"
      ],
      "optionA": {
        "trial_id": "6",
        "task_id": "138",
        "values": "6.0, 14",
        "target_value": 30
      },
      "optionB": {
        "trial_id": "17",
        "task_id": "138",
        "values": "9.0, 8",
        "target_value": 54
      },
      "choice": {
        "button": "F",
        "selected_option": "OptionA"
      }
    },
    {
      "question": "attention_check_19",
      "choice": "F",
      "passed": true,
      "timestamp": 1756156587534
    },
    {
      "question": 20,
      "target": "Engagement rate (%)",
      "target_value": 3,
      "options": [
        "Number of followers (count)",
        "Time posted (hours ago)"
      ],
      "optionA": {
        "trial_id": "15",
        "task_id": "98",
        "values": "800.0, 4",
        "target_value": 3
      },
      "optionB": {
        "trial_id": "3",
        "task_id": "98",
        "values": "1200.0, 1",
        "target_value": 6
      },
      "choice": {
        "button": "J",
        "selected_option": "OptionB"
      }
    },
    {
      "question": 21,
      "target": "Student Exam Score",
      "target_value": 75,
      "options": [
        "Student Study Hours",
        "Student Distractions"
      ],
      "optionA": {
        "trial_id": "9",
        "task_id": "8",
        "values": "6.0, 5",
        "target_value": 75
      },
      "optionB": {
        "trial_id": "10",
        "task_id": "8",
        "values": "4.0, 6",
        "target_value": 72
      },
      "choice": {
        "button": "J",
        "selected_option": "OptionB"
      }
    },
    {
      "question": 22,
      "target": "Strength",
      "target_value": 4,
      "options": [
        "Tea leaves (g)",
        "Water temperature (°C)"
      ],
      "optionA": {
        "trial_id": "16",
        "task_id": "120",
        "values": "9.0, 87",
        "target_value": 4
      },
      "optionB": {
        "trial_id": "3",
        "task_id": "120",
        "values": "6.0, 85",
        "target_value": 7
      },
      "choice": {
        "button": "F",
        "selected_option": "OptionA"
      }
    },
    {
      "question": 23,
      "target": "Fuel Efficiency (km/L)",
      "target_value": 3,
      "options": [
        "Car Engine Size (L)",
        "Weight (kg)"
      ],
      "optionA": {
        "trial_id": "16",
        "task_id": "107",
        "values": "6.5, 2000",
        "target_value": 3
      },
      "optionB": {
        "trial_id": "14",
        "task_id": "107",
        "values": "6.0, 1900",
        "target_value": 4
      },
      "choice": {
        "button": "F",
        "selected_option": "OptionA"
      }
    },
    {
      "question": 24,
      "target": "Market value",
      "target_value": 330,
      "options": [
        "House size",
        "House floors"
      ],
      "optionA": {
        "trial_id": "17",
        "task_id": "64",
        "values": "230.0, 3.0",
        "target_value": 330
      },
      "optionB": {
        "trial_id": "12",
        "task_id": "64",
        "values": "220.0, 2.0",
        "target_value": 320
      },
      "choice": {
        "button": "F",
        "selected_option": "OptionA"
      }
    },
    {
      "question": 25,
      "target": "Nutritional Value",
      "target_value": 70,
      "options": [
        "Weight",
        "Calories"
      ],
      "optionA": {
        "trial_id": "20",
        "task_id": "136",
        "values": "100.0, 95.0",
        "target_value": 70
      },
      "optionB": {
        "trial_id": "7",
        "task_id": "136",
        "values": "120.0, 140.0",
        "target_value": 60
      },
      "choice": {
        "button": "J",
        "selected_option": "OptionB"
      }
    },
    {
      "question": 26,
      "target": "Water Usage (ml/day)",
      "target_value": 165,
      "options": [
        "Plant Height",
        "Plant Leaves"
      ],
      "optionA": {
        "trial_id": "14",
        "task_id": "73",
        "values": "39.0, 12.0",
        "target_value": 165
      },
      "optionB": {
        "trial_id": "12",
        "task_id": "73",
        "values": "42.0, 14.0",
        "target_value": 175
      },
      "choice": {
        "button": "J",
        "selected_option": "OptionB"
      }
    },
    {
      "question": 27,
      "target": "Energy Level (1-10)",
      "target_value": 1,
      "options": [
        "Dog Weight (lbs)",
        "Dog Age (years)"
      ],
      "optionA": {
        "trial_id": "10",
        "task_id": "36",
        "values": "50.0, 5.0",
        "target_value": 1
      },
      "optionB": {
        "trial_id": "4",
        "task_id": "36",
        "values": "35.0, 2.0",
        "target_value": 4
      },
      "choice": {
        "button": "F",
        "selected_option": "OptionA"
      }
    },
    {
      "question": 28,
      "target": "Project Success (%)",
      "target_value": 93,
      "options": [
        "Experience (years)",
        "Team Size"
      ],
      "optionA": {
        "trial_id": "9",
        "task_id": "110",
        "values": "9.0, 5",
        "target_value": 93
      },
      "optionB": {
        "trial_id": "4",
        "task_id": "110",
        "values": "7.0, 3",
        "target_value": 90
      },
      "choice": {
        "button": "J",
        "selected_option": "OptionB"
      }
    },
    {
      "question": 29,
      "target": "Reading Enjoyment",
      "target_value": 8,
      "options": [
        "Book Length",
        "Author Fame"
      ],
      "optionA": {
        "trial_id": "3",
        "task_id": "131",
        "values": "400.0, 7.0",
        "target_value": 8
      },
      "optionB": {
        "trial_id": "10",
        "task_id": "131",
        "values": "800.0, 3.0",
        "target_value": 12
      },
      "choice": {
        "button": "J",
        "selected_option": "OptionB"
      }
    },
    {
      "question": "attention_check_29",
      "choice": "F",
      "passed": false,
      "timestamp": 1756156737356
    },
    {
      "question": 30,
      "target": "Battery Life (hours)",
      "target_value": 20,
      "options": [
        "Phone RAM (GB)",
        "Screen Size (inches)"
      ],
      "optionA": {
        "trial_id": "3",
        "task_id": "104",
        "values": "6.0, 6.2",
        "target_value": 20
      },
      "optionB": {
        "trial_id": "3",
        "task_id": "104",
        "values": "6.0, 6.2",
        "target_value": 20
      },
      "choice": {
        "button": "F",
        "selected_option": "OptionA"
      }
    },
    {
      "question": 31,
      "target": "Restaurant Rating",
      "target_value": 4.8,
      "options": [
        "Restaurant Menu Variety",
        "Restaurant Wait Time"
      ],
      "optionA": {
        "trial_id": "16",
        "task_id": "11",
        "values": "70.0, 5",
        "target_value": 4.8
      },
      "optionB": {
        "trial_id": "4",
        "task_id": "11",
        "values": "50.0, 15",
        "target_value": 4.2
      },
      "choice": {
        "button": "F",
        "selected_option": "OptionA"
      }
    },
    {
      "question": 32,
      "target": "Market value",
      "target_value": 300,
      "options": [
        "House size",
        "House floors"
      ],
      "optionA": {
        "trial_id": "1",
        "task_id": "64",
        "values": "200.0, 2.0",
        "target_value": 300
      },
      "optionB": {
        "trial_id": "12",
        "task_id": "64",
        "values": "220.0, 2.0",
        "target_value": 320
      },
      "choice": {
        "button": "J",
        "selected_option": "OptionB"
      }
    },
    {
      "question": 33,
      "target": "Taste Rating (scale 1-10)",
      "target_value": 7,
      "options": [
        "Number of Ingredients",
        "Cooking Time (minutes)"
      ],
      "optionA": {
        "trial_id": "14",
        "task_id": "167",
        "values": "11.0, 35",
        "target_value": 7
      },
      "optionB": {
        "trial_id": "9",
        "task_id": "167",
        "values": "11.0, 35",
        "target_value": 7
      },
      "choice": {
        "button": "J",
        "selected_option": "OptionB"
      }
    },
    {
      "question": 34,
      "target": "Usage Time",
      "target_value": 14,
      "options": [
        "Battery Capacity",
        "Weight"
      ],
      "optionA": {
        "trial_id": "12",
        "task_id": "22",
        "values": "5000.0, 190.0",
        "target_value": 14
      },
      "optionB": {
        "trial_id": "6",
        "task_id": "22",
        "values": "3500.0, 230.0",
        "target_value": 11
      },
      "choice": {
        "button": "F",
        "selected_option": "OptionA"
      }
    },
    {
      "question": 35,
      "target": "Time to Destination (hours)",
      "target_value": 2.5,
      "options": [
        "Car Speed (mph)",
        "Fuel Efficiency (mpg)"
      ],
      "optionA": {
        "trial_id": "4",
        "task_id": "32",
        "values": "50.0, 30.0",
        "target_value": 2.5
      },
      "optionB": {
        "trial_id": "6",
        "task_id": "32",
        "values": "60.0, 25.0",
        "target_value": 2
      },
      "choice": {
        "button": "J",
        "selected_option": "OptionB"
      }
    },
    {
      "question": 36,
      "target": "Battery Life (hours)",
      "target_value": 16.5,
      "options": [
        "Phone Battery Capacity (mAh)",
        "Phone Weight (g)"
      ],
      "optionA": {
        "trial_id": "19",
        "task_id": "34",
        "values": "7500.0, 115.0",
        "target_value": 16.5
      },
      "optionB": {
        "trial_id": "13",
        "task_id": "34",
        "values": "4500.0, 145.0",
        "target_value": 10.5
      },
      "choice": {
        "button": "J",
        "selected_option": "OptionB"
      }
    },
    {
      "question": 37,
      "target": "Restaurant Rating",
      "target_value": 5.2,
      "options": [
        "Restaurant Menu Variety",
        "Restaurant Wait Time"
      ],
      "optionA": {
        "trial_id": "17",
        "task_id": "11",
        "values": "90.0, 0",
        "target_value": 5.2
      },
      "optionB": {
        "trial_id": "20",
        "task_id": "11",
        "values": "90.0, 0",
        "target_value": 5.2
      },
      "choice": {
        "button": "J",
        "selected_option": "OptionB"
      }
    },
    {
      "question": 38,
      "target": "Battery Life (hours)",
      "target_value": 18,
      "options": [
        "Phone RAM (GB)",
        "Screen Size (inches)"
      ],
      "optionA": {
        "trial_id": "15",
        "task_id": "104",
        "values": "5.0, 6.1",
        "target_value": 18
      },
      "optionB": {
        "trial_id": "5",
        "task_id": "104",
        "values": "3.0, 6.0",
        "target_value": 16
      },
      "choice": {
        "button": "F",
        "selected_option": "OptionA"
      }
    },
    {
      "question": 39,
      "target": "Morning alertness (1-10)",
      "target_value": 6,
      "options": [
        "Amount of sleep (hours)",
        "Time to bed (minutes past 10pm)"
      ],
      "optionA": {
        "trial_id": "11",
        "task_id": "96",
        "values": "7.0, 30",
        "target_value": 6
      },
      "optionB": {
        "trial_id": "17",
        "task_id": "96",
        "values": "8.0, 30",
        "target_value": 7
      },
      "choice": {
        "button": "J",
        "selected_option": "OptionB"
      }
    },
    {
      "question": "attention_check_39",
      "choice": "F",
      "passed": true,
      "timestamp": 1756156900792
    },
    {
      "question": 40,
      "target": "Energy boost",
      "target_value": 65,
      "options": [
        "Coffee strength",
        "Caffeine content"
      ],
      "optionA": {
        "trial_id": "2",
        "task_id": "85",
        "values": "5.0, 90",
        "target_value": 65
      },
      "optionB": {
        "trial_id": "1",
        "task_id": "85",
        "values": "4.0, 80",
        "target_value": 70
      },
      "choice": {
        "button": "F",
        "selected_option": "OptionA"
      }
    },
    {
      "question": 41,
      "target": "Battery life (hours)",
      "target_value": 7.4,
      "options": [
        "Laptop weight (kg)",
        "Screen size (inches)"
      ],
      "optionA": {
        "trial_id": "13",
        "task_id": "118",
        "values": "1.3, 15",
        "target_value": 7.4
      },
      "optionB": {
        "trial_id": "10",
        "task_id": "118",
        "values": "1.6, 13",
        "target_value": 6.7
      },
      "choice": {
        "button": "J",
        "selected_option": "OptionB"
      }
    },
    {
      "question": 42,
      "target": "100m sprint time (s)",
      "target_value": 12.4,
      "options": [
        "Runner stride length (cm)",
        "Runner age (years)"
      ],
      "optionA": {
        "trial_id": "8",
        "task_id": "145",
        "values": "60.0, 30",
        "target_value": 12.4
      },
      "optionB": {
        "trial_id": "8",
        "task_id": "145",
        "values": "60.0, 30",
        "target_value": 12.4
      },
      "choice": {
        "button": "F",
        "selected_option": "OptionA"
      }
    },
    {
      "question": 43,
      "target": "Battery Life (hours)",
      "target_value": 10,
      "options": [
        "Phone Battery Capacity (mAh)",
        "Phone Brand (1=Premium, 2=Budget)"
      ],
      "optionA": {
        "trial_id": "16",
        "task_id": "175",
        "values": "2700.0, 2",
        "target_value": 10
      },
      "optionB": {
        "trial_id": "16",
        "task_id": "175",
        "values": "2700.0, 2",
        "target_value": 10
      },
      "choice": {
        "button": "J",
        "selected_option": "OptionB"
      }
    },
    {
      "question": 44,
      "target": "Weight Loss (lbs)",
      "target_value": 3,
      "options": [
        "Exercise Minutes",
        "Diet Score (1-10)"
      ],
      "optionA": {
        "trial_id": "2",
        "task_id": "112",
        "values": "40.0, 7",
        "target_value": 3
      },
      "optionB": {
        "trial_id": "11",
        "task_id": "112",
        "values": "80.0, 9",
        "target_value": 7
      },
      "choice": {
        "button": "F",
        "selected_option": "OptionA"
      }
    },
    {
      "question": 45,
      "target": "Speed (km/h)",
      "target_value": 19,
      "options": [
        "Bike wheel size (inches)",
        "Frame weight (kg)"
      ],
      "optionA": {
        "trial_id": "3",
        "task_id": "164",
        "values": "27.0, 2.7",
        "target_value": 19
      },
      "optionB": {
        "trial_id": "5",
        "task_id": "164",
        "values": "28.0, 2.4",
        "target_value": 21
      },
      "choice": {
        "button": "J",
        "selected_option": "OptionB"
      }
    },
    {
      "question": 46,
      "target": "Lighting (lux)",
      "target_value": 500,
      "options": [
        "Room size (m2)",
        "Number of windows"
      ],
      "optionA": {
        "trial_id": "7",
        "task_id": "115",
        "values": "18.0, 3",
        "target_value": 500
      },
      "optionB": {
        "trial_id": "17",
        "task_id": "115",
        "values": "26.0, 2",
        "target_value": 710
      },
      "choice": {
        "button": "F",
        "selected_option": "OptionA"
      }
    },
    {
      "question": 47,
      "target": "Speed (km/h)",
      "target_value": 24,
      "options": [
        "Bicycle weight (kg)",
        "Wheel size (inches)"
      ],
      "optionA": {
        "trial_id": "3",
        "task_id": "119",
        "values": "11.0, 25",
        "target_value": 24
      },
      "optionB": {
        "trial_id": "20",
        "task_id": "119",
        "values": "11.0, 29",
        "target_value": 25
      },
      "choice": {
        "button": "F",
        "selected_option": "OptionA"
      }
    },
    {
      "question": 48,
      "target": "Restaurant Rating",
      "target_value": 3.4,
      "options": [
        "Restaurant Menu Variety",
        "Restaurant Wait Time"
      ],
      "optionA": {
        "trial_id": "11",
        "task_id": "11",
        "values": "20.0, 35",
        "target_value": 3.4
      },
      "optionB": {
        "trial_id": "4",
        "task_id": "11",
        "values": "50.0, 15",
        "target_value": 4.2
      },
      "choice": {
        "button": "J",
        "selected_option": "OptionB"
      }
    },
    {
      "question": 49,
      "target": "Health index",
      "target_value": 85,
      "options": [
        "Age",
        "Exercise hours"
      ],
      "optionA": {
        "trial_id": "11",
        "task_id": "82",
        "values": "45.0, 2",
        "target_value": 85
      },
      "optionB": {
        "trial_id": "8",
        "task_id": "82",
        "values": "55.0, 2",
        "target_value": 65
      },
      "choice": {
        "button": "J",
        "selected_option": "OptionB"
      }
    },
    {
      "question": 50,
      "target": "Cooking Time (minutes)",
      "target_value": 15,
      "options": [
        "Number of Ingredients",
        "Prep Time (minutes)"
      ],
      "optionA": {
        "trial_id": "5",
        "task_id": "26",
        "values": "3.0, 5.0",
        "target_value": 15
      },
      "optionB": {
        "trial_id": "8",
        "task_id": "26",
        "values": "8.0, 15.0",
        "target_value": 12
      },
      "choice": {
        "button": "J",
        "selected_option": "OptionB"
      }
    }
  ]
}