{
  "prolific_id": "UNKNOWN",
  "condition_group": "ranking",
  "responses": [
    {
      "question": 1,
      "target": "Energy Level (1-10)",
      "target_value": 3,
      "options": [
        "Dog Weight (lbs)",
        "Dog Age (years)"
      ],
      "optionA": {
        "trial_id": "6",
        "task_id": "36",
        "values": "40.0, 3.0",
        "target_value": 3
      },
      "optionB": {
        "trial_id": "6",
        "task_id": "36",
        "values": "40.0, 3.0",
        "target_value": 3
      },
      "choice": {
        "button": "F",
        "selected_option": "OptionA"
      }
    },
    {
      "question": 2,
      "target": "Water Usage (ml/day)",
      "target_value": 180,
      "options": [
        "Plant Height",
        "Plant Leaves"
      ],
      "optionA": {
        "trial_id": "15",
        "task_id": "73",
        "values": "26.0, 9.0",
        "target_value": 180
      },
      "optionB": {
        "trial_id": "1",
        "task_id": "73",
        "values": "30.0, 10.0",
        "target_value": 200
      },
      "choice": {
        "button": "J",
        "selected_option": "OptionB"
      }
    },
    {
      "question": 3,
      "target": "Taste Rating",
      "target_value": 9,
      "options": [
        "Number of Ingredients",
        "Prep Time (min)"
      ],
      "optionA": {
        "trial_id": "8",
        "task_id": "148",
        "values": "4.0, 20.0",
        "target_value": 9
      },
      "optionB": {
        "trial_id": "10",
        "task_id": "148",
        "values": "6.0, 30.0",
        "target_value": 7
      },
      "choice": {
        "button": "J",
        "selected_option": "OptionB"
      }
    },
    {
      "question": 4,
      "target": "Exercise Burned Calories",
      "target_value": 270,
      "options": [
        "Exercise Intensity",
        "Exercise Duration"
      ],
      "optionA": {
        "trial_id": "7",
        "task_id": "13",
        "values": "6.0, 50",
        "target_value": 270
      },
      "optionB": {
        "trial_id": "7",
        "task_id": "13",
        "values": "6.0, 50",
        "target_value": 270
      },
      "choice": {
        "button": "F",
        "selected_option": "OptionA"
      }
    },
    {
      "question": 5,
      "target": "Physical Endurance",
      "target_value": 4.5,
      "options": [
        "Age",
        "Height"
      ],
      "optionA": {
        "trial_id": "19",
        "task_id": "135",
        "values": "55.0, 175.0",
        "target_value": 4.5
      },
      "optionB": {
        "trial_id": "15",
        "task_id": "123",
        "values": "45.0, 195.0",
        "target_value": 75
      },
      "choice": {
        "button": "J",
        "selected_option": "OptionB"
      }
    },
    {
      "question": 6,
      "target": "Fuel efficiency (km/l)",
      "target_value": 7,
      "options": [
        "Engine power (in horsepower)",
        "Weight (in kg)"
      ],
      "optionA": {
        "trial_id": "14",
        "task_id": "87",
        "values": "220.0, 1500",
        "target_value": 7
      },
      "optionB": {
        "trial_id": "1",
        "task_id": "87",
        "values": "200.0, 1500",
        "target_value": 8
      },
      "choice": {
        "button": "J",
        "selected_option": "OptionB"
      }
    },
    {
      "question": 7,
      "target": "Cooking Time (minutes)",
      "target_value": 12,
      "options": [
        "Number of Ingredients",
        "Prep Time (minutes)"
      ],
      "optionA": {
        "trial_id": "12",
        "task_id": "26",
        "values": "6.0, 10.0",
        "target_value": 12
      },
      "optionB": {
        "trial_id": "7",
        "task_id": "26",
        "values": "10.0, 20.0",
        "target_value": 10
      },
      "choice": {
        "button": "J",
        "selected_option": "OptionB"
      }
    },
    {
      "question": 8,
      "target": "Customer Satisfaction",
      "target_value": 9,
      "options": [
        "Restaurant Wait Time (in mins)",
        "Restaurant Rating (1-5)"
      ],
      "optionA": {
        "trial_id": "11",
        "task_id": "174",
        "values": "8.0, 5",
        "target_value": 9
      },
      "optionB": {
        "trial_id": "3",
        "task_id": "174",
        "values": "15.0, 5",
        "target_value": 7
      },
      "choice": {
        "button": "F",
        "selected_option": "OptionA"
      }
    },
    {
      "question": 9,
      "target": "Battery life (hours)",
      "target_value": 6.9,
      "options": [
        "Laptop weight (kg)",
        "Screen size (inches)"
      ],
      "optionA": {
        "trial_id": "11",
        "task_id": "118",
        "values": "1.9, 11",
        "target_value": 6.9
      },
      "optionB": {
        "trial_id": "8",
        "task_id": "118",
        "values": "1.2, 15",
        "target_value": 7.1
      },
      "choice": {
        "button": "F",
        "selected_option": "OptionA"
      }
    },
    {
      "question": "attention_check_9",
      "choice": "J",
      "passed": true,
      "timestamp": 1756154593631
    },
    {
      "question": 10,
      "target": "Phone price ($)",
      "target_value": 550,
      "options": [
        "Phone battery capacity (mAh)",
        "Phone screen size (inches)"
      ],
      "optionA": {
        "trial_id": "3",
        "task_id": "154",
        "values": "3800.0, 6.5",
        "target_value": 550
      },
      "optionB": {
        "trial_id": "5",
        "task_id": "154",
        "values": "4200.0, 5.9",
        "target_value": 620
      },
      "choice": {
        "button": "J",
        "selected_option": "OptionB"
      }
    },
    {
      "question": 11,
      "target": "Favorability",
      "target_value": 5,
      "options": [
        "Coffee strength",
        "Coffee cream"
      ],
      "optionA": {
        "trial_id": "16",
        "task_id": "57",
        "values": "6.0, 0.4",
        "target_value": 5
      },
      "optionB": {
        "trial_id": "9",
        "task_id": "57",
        "values": "5.0, 0.6",
        "target_value": 4
      },
      "choice": {
        "button": "J",
        "selected_option": "OptionB"
      }
    },
    {
      "question": 12,
      "target": "Price",
      "target_value": 350000,
      "options": [
        "House Size",
        "Bedrooms"
      ],
      "optionA": {
        "trial_id": "1",
        "task_id": "15",
        "values": "2000.0, 3",
        "target_value": 350000
      },
      "optionB": {
        "trial_id": "14",
        "task_id": "15",
        "values": "2100.0, 3",
        "target_value": 420000
      },
      "choice": {
        "button": "J",
        "selected_option": "OptionB"
      }
    },
    {
      "question": 13,
      "target": "Project Success (%)",
      "target_value": 85,
      "options": [
        "Experience (years)",
        "Team Size"
      ],
      "optionA": {
        "trial_id": "16",
        "task_id": "110",
        "values": "13.0, 6",
        "target_value": 85
      },
      "optionB": {
        "trial_id": "17",
        "task_id": "110",
        "values": "13.0, 7",
        "target_value": 85
      },
      "choice": {
        "button": "J",
        "selected_option": "OptionB"
      }
    },
    {
      "question": 14,
      "target": "Phone price ($)",
      "target_value": 520,
      "options": [
        "Phone battery capacity (mAh)",
        "Phone screen size (inches)"
      ],
      "optionA": {
        "trial_id": "18",
        "task_id": "154",
        "values": "5300.0, 5.9",
        "target_value": 520
      },
      "optionB": {
        "trial_id": "7",
        "task_id": "154",
        "values": "3900.0, 6.2",
        "target_value": 560
      },
      "choice": {
        "button": "F",
        "selected_option": "OptionA"
      }
    },
    {
      "question": 15,
      "target": "Value",
      "target_value": 8,
      "options": [
        "Price",
        "Size"
      ],
      "optionA": {
        "trial_id": "17",
        "task_id": "67",
        "values": "90.0, 40",
        "target_value": 8
      },
      "optionB": {
        "trial_id": "14",
        "task_id": "67",
        "values": "100.0, 40",
        "target_value": 8
      },
      "choice": {
        "button": "J",
        "selected_option": "OptionB"
      }
    },
    {
      "question": 16,
      "target": "Comfort",
      "target_value": 8,
      "options": [
        "Age",
        "Size"
      ],
      "optionA": {
        "trial_id": "8",
        "task_id": "66",
        "values": "4.0, 25",
        "target_value": 8
      },
      "optionB": {
        "trial_id": "12",
        "task_id": "66",
        "values": "10.0, 30",
        "target_value": 6
      },
      "choice": {
        "button": "F",
        "selected_option": "OptionA"
      }
    },
    {
      "question": 17,
      "target": "Fuel efficiency (km/l)",
      "target_value": 16,
      "options": [
        "Car weight (kg)",
        "Engine size (cc)"
      ],
      "optionA": {
        "trial_id": "5",
        "task_id": "153",
        "values": "1100.0, 1700.0",
        "target_value": 16
      },
      "optionB": {
        "trial_id": "20",
        "task_id": "153",
        "values": "1400.0, 1400.0",
        "target_value": 12
      },
      "choice": {
        "button": "J",
        "selected_option": "OptionB"
      }
    },
    {
      "question": 18,
      "target": "Energy boost",
      "target_value": 80,
      "options": [
        "Coffee strength",
        "Caffeine content"
      ],
      "optionA": {
        "trial_id": "11",
        "task_id": "85",
        "values": "3.0, 90",
        "target_value": 80
      },
      "optionB": {
        "trial_id": "3",
        "task_id": "85",
        "values": "3.0, 100",
        "target_value": 85
      },
      "choice": {
        "button": "J",
        "selected_option": "OptionB"
      }
    },
    {
      "question": 19,
      "target": "Flower production",
      "target_value": 20,
      "options": [
        "Plant height",
        "Plant width"
      ],
      "optionA": {
        "trial_id": "19",
        "task_id": "63",
        "values": "100.0, 6.0",
        "target_value": 20
      },
      "optionB": {
        "trial_id": "14",
        "task_id": "63",
        "values": "50.0, 9.0",
        "target_value": 10
      },
      "choice": {
        "button": "F",
        "selected_option": "OptionA"
      }
    },
    {
      "question": "attention_check_19",
      "choice": "F",
      "passed": true,
      "timestamp": 1756154642616
    },
    {
      "question": 20,
      "target": "Comfort level",
      "target_value": 7,
      "options": [
        "Room size",
        "Room furniture"
      ],
      "optionA": {
        "trial_id": "9",
        "task_id": "60",
        "values": "14.0, 3.0",
        "target_value": 7
      },
      "optionB": {
        "trial_id": "20",
        "task_id": "60",
        "values": "17.0, 3.0",
        "target_value": 8
      },
      "choice": {
        "button": "J",
        "selected_option": "OptionB"
      }
    },
    {
      "question": 21,
      "target": "Physical Endurance",
      "target_value": 5,
      "options": [
        "Age",
        "Height"
      ],
      "optionA": {
        "trial_id": "20",
        "task_id": "135",
        "values": "50.0, 170.0",
        "target_value": 5
      },
      "optionB": {
        "trial_id": "2",
        "task_id": "123",
        "values": "25.0, 175.0",
        "target_value": 85
      },
      "choice": {
        "button": "J",
        "selected_option": "OptionB"
      }
    },
    {
      "question": 22,
      "target": "Reading Enjoyment",
      "target_value": 16,
      "options": [
        "Book Length",
        "Author Fame"
      ],
      "optionA": {
        "trial_id": "18",
        "task_id": "131",
        "values": "1200.0, 0.25",
        "target_value": 16
      },
      "optionB": {
        "trial_id": "7",
        "task_id": "131",
        "values": "600.0, 5.0",
        "target_value": 10
      },
      "choice": {
        "button": "J",
        "selected_option": "OptionB"
      }
    },
    {
      "question": 23,
      "target": "Warmth Rating (1-10)",
      "target_value": 10,
      "options": [
        "Shirt Thickness (mm)",
        "Shirt Weight (g)"
      ],
      "optionA": {
        "trial_id": "7",
        "task_id": "35",
        "values": "5.0, 120.0",
        "target_value": 10
      },
      "optionB": {
        "trial_id": "15",
        "task_id": "35",
        "values": "4.5, 135.0",
        "target_value": 9.5
      },
      "choice": {
        "button": "J",
        "selected_option": "OptionB"
      }
    },
    {
      "question": 24,
      "target": "Energy level (1-10)",
      "target_value": 7,
      "options": [
        "Hours of sleep",
        "Caffeine intake (mg)"
      ],
      "optionA": {
        "trial_id": "12",
        "task_id": "54",
        "values": "8.0, 60",
        "target_value": 7
      },
      "optionB": {
        "trial_id": "19",
        "task_id": "54",
        "values": "5.0, 180",
        "target_value": 4
      },
      "choice": {
        "button": "F",
        "selected_option": "OptionA"
      }
    },
    {
      "question": 25,
      "target": "Fuel efficiency (km/l)",
      "target_value": 15,
      "options": [
        "Engine size (cc)",
        "Weight (kg)"
      ],
      "optionA": {
        "trial_id": "13",
        "task_id": "51",
        "values": "1550.0, 1220",
        "target_value": 15
      },
      "optionB": {
        "trial_id": "19",
        "task_id": "51",
        "values": "1750.0, 1320",
        "target_value": 12
      },
      "choice": {
        "button": "F",
        "selected_option": "OptionA"
      }
    },
    {
      "question": 26,
      "target": "Distance",
      "target_value": 405,
      "options": [
        "Fuel Efficiency",
        "Weight"
      ],
      "optionA": {
        "trial_id": "11",
        "task_id": "69",
        "values": "27.0, 1500",
        "target_value": 405
      },
      "optionB": {
        "trial_id": "20",
        "task_id": "69",
        "values": "25.0, 1600",
        "target_value": 400
      },
      "choice": {
        "button": "F",
        "selected_option": "OptionA"
      }
    },
    {
      "question": 27,
      "target": "Battery Life",
      "target_value": 18,
      "options": [
        "Phone Battery Capacity",
        "Screen Size"
      ],
      "optionA": {
        "trial_id": "17",
        "task_id": "28",
        "values": "4000.0, 6.3",
        "target_value": 18
      },
      "optionB": {
        "trial_id": "7",
        "task_id": "28",
        "values": "4500.0, 5.5",
        "target_value": 21
      },
      "choice": {
        "button": "J",
        "selected_option": "OptionB"
      }
    },
    {
      "question": 28,
      "target": "Bike Speed",
      "target_value": 23,
      "options": [
        "Bike Weight",
        "Bike Frame Size"
      ],
      "optionA": {
        "trial_id": "10",
        "task_id": "106",
        "values": "12.0, 20",
        "target_value": 23
      },
      "optionB": {
        "trial_id": "9",
        "task_id": "106",
        "values": "10.0, 19",
        "target_value": 25
      },
      "choice": {
        "button": "J",
        "selected_option": "OptionB"
      }
    },
    {
      "question": 29,
      "target": "Growth Rate (cm/week)",
      "target_value": 5,
      "options": [
        "Plant Height (cm)",
        "Sunlight (hours/day)"
      ],
      "optionA": {
        "trial_id": "12",
        "task_id": "4",
        "values": "35.0, 5",
        "target_value": 5
      },
      "optionB": {
        "trial_id": "19",
        "task_id": "4",
        "values": "30.0, 4",
        "target_value": 4
      },
      "choice": {
        "button": "F",
        "selected_option": "OptionA"
      }
    },
    {
      "question": "attention_check_29",
      "choice": "J",
      "passed": true,
      "timestamp": 1756154693625
    },
    {
      "question": 30,
      "target": "Heating cost (per month)",
      "target_value": 380,
      "options": [
        "House size (sqm)",
        "Number of windows"
      ],
      "optionA": {
        "trial_id": "5",
        "task_id": "151",
        "values": "130.0, 4.0",
        "target_value": 380
      },
      "optionB": {
        "trial_id": "13",
        "task_id": "151",
        "values": "100.0, 8.0",
        "target_value": 260
      },
      "choice": {
        "button": "J",
        "selected_option": "OptionB"
      }
    },
    {
      "question": 31,
      "target": "Heart Health",
      "target_value": 85,
      "options": [
        "Age",
        "Exercise Hours"
      ],
      "optionA": {
        "trial_id": "2",
        "task_id": "16",
        "values": "40.0, 2",
        "target_value": 85
      },
      "optionB": {
        "trial_id": "19",
        "task_id": "16",
        "values": "30.0, 2",
        "target_value": 84
      },
      "choice": {
        "button": "J",
        "selected_option": "OptionB"
      }
    },
    {
      "question": 32,
      "target": "Morning Alertness",
      "target_value": 8,
      "options": [
        "Hours of Sleep",
        "Number of Alarms"
      ],
      "optionA": {
        "trial_id": "8",
        "task_id": "160",
        "values": "8.0, 1",
        "target_value": 8
      },
      "optionB": {
        "trial_id": "14",
        "task_id": "160",
        "values": "7.0, 2",
        "target_value": 6
      },
      "choice": {
        "button": "F",
        "selected_option": "OptionA"
      }
    },
    {
      "question": 33,
      "target": "Popularity",
      "target_value": 78,
      "options": [
        "Book age",
        "Page count"
      ],
      "optionA": {
        "trial_id": "8",
        "task_id": "134",
        "values": "6.0, 380",
        "target_value": 78
      },
      "optionB": {
        "trial_id": "16",
        "task_id": "134",
        "values": "10.0, 390",
        "target_value": 71
      },
      "choice": {
        "button": "J",
        "selected_option": "OptionB"
      }
    },
    {
      "question": 34,
      "target": "Ease of Use (1-10)",
      "target_value": 8,
      "options": [
        "Bag Weight (kg)",
        "Number of Compartments"
      ],
      "optionA": {
        "trial_id": "19",
        "task_id": "6",
        "values": "2.5, 3",
        "target_value": 8
      },
      "optionB": {
        "trial_id": "17",
        "task_id": "6",
        "values": "1.5, 1",
        "target_value": 9
      },
      "choice": {
        "button": "J",
        "selected_option": "OptionB"
      }
    },
    {
      "question": 35,
      "target": "Time to Destination (hours)",
      "target_value": 2.2,
      "options": [
        "Car Speed (mph)",
        "Fuel Efficiency (mpg)"
      ],
      "optionA": {
        "trial_id": "12",
        "task_id": "32",
        "values": "55.0, 32.0",
        "target_value": 2.2
      },
      "optionB": {
        "trial_id": "12",
        "task_id": "32",
        "values": "55.0, 32.0",
        "target_value": 2.2
      },
      "choice": {
        "button": "J",
        "selected_option": "OptionB"
      }
    },
    {
      "question": 36,
      "target": "Value",
      "target_value": 6,
      "options": [
        "Price",
        "Size"
      ],
      "optionA": {
        "trial_id": "12",
        "task_id": "67",
        "values": "130.0, 60",
        "target_value": 6
      },
      "optionB": {
        "trial_id": "4",
        "task_id": "67",
        "values": "100.0, 50",
        "target_value": 8
      },
      "choice": {
        "button": "F",
        "selected_option": "OptionA"
      }
    },
    {
      "question": 37,
      "target": "Energy level (1-10)",
      "target_value": 9,
      "options": [
        "Hours of sleep",
        "Caffeine intake (mg)"
      ],
      "optionA": {
        "trial_id": "4",
        "task_id": "54",
        "values": "9.0, 30",
        "target_value": 9
      },
      "optionB": {
        "trial_id": "3",
        "task_id": "54",
        "values": "6.0, 150",
        "target_value": 5
      },
      "choice": {
        "button": "F",
        "selected_option": "OptionA"
      }
    },
    {
      "question": 38,
      "target": "Mobile Phone Performance",
      "target_value": 75,
      "options": [
        "Mobile Phone RAM",
        "Mobile Phone Battery Size"
      ],
      "optionA": {
        "trial_id": "6",
        "task_id": "40",
        "values": "10.0, 3300",
        "target_value": 75
      },
      "optionB": {
        "trial_id": "1",
        "task_id": "40",
        "values": "4.0, 4000",
        "target_value": 70
      },
      "choice": {
        "button": "F",
        "selected_option": "OptionA"
      }
    },
    {
      "question": 39,
      "target": "Job Success",
      "target_value": 4.5,
      "options": [
        "Age",
        "Experience"
      ],
      "optionA": {
        "trial_id": "10",
        "task_id": "133",
        "values": "55.0, 0.5",
        "target_value": 4.5
      },
      "optionB": {
        "trial_id": "5",
        "task_id": "133",
        "values": "40.0, 3.0",
        "target_value": 6
      },
      "choice": {
        "button": "J",
        "selected_option": "OptionB"
      }
    },
    {
      "question": "attention_check_39",
      "choice": "F",
      "passed": true,
      "timestamp": 1756154744963
    },
    {
      "question": 40,
      "target": "Fuel Consumption (mpg)",
      "target_value": 22,
      "options": [
        "Speed (mph)",
        "Engine Size (L)"
      ],
      "optionA": {
        "trial_id": "8",
        "task_id": "156",
        "values": "70.0, 3.5",
        "target_value": 22
      },
      "optionB": {
        "trial_id": "5",
        "task_id": "156",
        "values": "55.0, 2.0",
        "target_value": 35
      },
      "choice": {
        "button": "F",
        "selected_option": "OptionA"
      }
    },
    {
      "question": 41,
      "target": "Speed (km/h)",
      "target_value": 20,
      "options": [
        "Bike wheel size (inches)",
        "Frame weight (kg)"
      ],
      "optionA": {
        "trial_id": "13",
        "task_id": "164",
        "values": "27.0, 2.5",
        "target_value": 20
      },
      "optionB": {
        "trial_id": "2",
        "task_id": "164",
        "values": "26.0, 3.0",
        "target_value": 18
      },
      "choice": {
        "button": "F",
        "selected_option": "OptionA"
      }
    },
    {
      "question": 42,
      "target": "Ease of Use (1-10)",
      "target_value": 5,
      "options": [
        "Bag Weight (kg)",
        "Number of Compartments"
      ],
      "optionA": {
        "trial_id": "12",
        "task_id": "6",
        "values": "4.0, 6",
        "target_value": 5
      },
      "optionB": {
        "trial_id": "16",
        "task_id": "6",
        "values": "2.0, 2",
        "target_value": 8
      },
      "choice": {
        "button": "J",
        "selected_option": "OptionB"
      }
    },
    {
      "question": 43,
      "target": "Battery Life",
      "target_value": 20,
      "options": [
        "Phone Battery Capacity",
        "Screen Size"
      ],
      "optionA": {
        "trial_id": "11",
        "task_id": "28",
        "values": "4200.0, 5.9",
        "target_value": 20
      },
      "optionB": {
        "trial_id": "16",
        "task_id": "28",
        "values": "4500.0, 6.5",
        "target_value": 22
      },
      "choice": {
        "button": "F",
        "selected_option": "OptionA"
      }
    },
    {
      "question": 44,
      "target": "House price (thousands)",
      "target_value": 365,
      "options": [
        "House size (m2)",
        "Number of bedrooms"
      ],
      "optionA": {
        "trial_id": "12",
        "task_id": "117",
        "values": "125.0, 4",
        "target_value": 365
      },
      "optionB": {
        "trial_id": "3",
        "task_id": "117",
        "values": "130.0, 2",
        "target_value": 360
      },
      "choice": {
        "button": "F",
        "selected_option": "OptionA"
      }
    },
    {
      "question": 45,
      "target": "Favorability",
      "target_value": 5,
      "options": [
        "Coffee strength",
        "Coffee cream"
      ],
      "optionA": {
        "trial_id": "20",
        "task_id": "57",
        "values": "7.0, 0.8",
        "target_value": 5
      },
      "optionB": {
        "trial_id": "2",
        "task_id": "57",
        "values": "6.0, 0.6",
        "target_value": 5
      },
      "choice": {
        "button": "F",
        "selected_option": "OptionA"
      }
    },
    {
      "question": 46,
      "target": "Battery Life (hours)",
      "target_value": 14,
      "options": [
        "Phone Battery Capacity (mAh)",
        "Phone Brand (1=Premium, 2=Budget)"
      ],
      "optionA": {
        "trial_id": "6",
        "task_id": "175",
        "values": "3500.0, 2",
        "target_value": 14
      },
      "optionB": {
        "trial_id": "16",
        "task_id": "175",
        "values": "2700.0, 2",
        "target_value": 10
      },
      "choice": {
        "button": "F",
        "selected_option": "OptionA"
      }
    },
    {
      "question": 47,
      "target": "Battery Life (hours)",
      "target_value": 10.5,
      "options": [
        "Phone Battery Capacity (mAh)",
        "Phone Weight (g)"
      ],
      "optionA": {
        "trial_id": "13",
        "task_id": "34",
        "values": "4500.0, 145.0",
        "target_value": 10.5
      },
      "optionB": {
        "trial_id": "19",
        "task_id": "34",
        "values": "7500.0, 115.0",
        "target_value": 16.5
      },
      "choice": {
        "button": "J",
        "selected_option": "OptionB"
      }
    },
    {
      "question": 48,
      "target": "Commute time (minutes)",
      "target_value": 28,
      "options": [
        "Distance to work (miles)",
        "Number of traffic lights"
      ],
      "optionA": {
        "trial_id": "3",
        "task_id": "95",
        "values": "4.0, 12",
        "target_value": 28
      },
      "optionB": {
        "trial_id": "16",
        "task_id": "95",
        "values": "5.0, 13",
        "target_value": 31
      },
      "choice": {
        "button": "F",
        "selected_option": "OptionA"
      }
    },
    {
      "question": 49,
      "target": "Heating cost (per month)",
      "target_value": 420,
      "options": [
        "House size (sqm)",
        "Number of windows"
      ],
      "optionA": {
        "trial_id": "18",
        "task_id": "151",
        "values": "150.0, 1.0",
        "target_value": 420
      },
      "optionB": {
        "trial_id": "17",
        "task_id": "151",
        "values": "140.0, 2.0",
        "target_value": 400
      },
      "choice": {
        "button": "J",
        "selected_option": "OptionB"
      }
    },
    {
      "question": 50,
      "target": "Deliciousness",
      "target_value": 5,
      "options": [
        "Cooking time",
        "Ingredients"
      ],
      "optionA": {
        "trial_id": "12",
        "task_id": "125",
        "values": "55.0, 3.0",
        "target_value": 5
      },
      "optionB": {
        "trial_id": "10",
        "task_id": "125",
        "values": "5.0, 10.0",
        "target_value": 10
      },
      "choice": {
        "button": "J",
        "selected_option": "OptionB"
      }
    }
  ]
}