{
  "prolific_id": "UNKNOWN",
  "condition_group": "direction",
  "responses": [
    {
      "question": 1,
      "target": "Recipe Complexity",
      "target_value": 6,
      "options": [
        "Recipe Servings",
        "Recipe Ingredients"
      ],
      "optionA": {
        "trial_id": "2",
        "task_id": "106",
        "values": "3.0, 8.0",
        "target_value": 6
      },
      "optionB": {
        "trial_id": "20",
        "task_id": "106",
        "values": "7.0, 12.0",
        "target_value": 8
      },
      "choice": {
        "button": "J",
        "selected_option": "OptionB"
      }
    },
    {
      "question": 2,
      "target": "Plant Growth Rate",
      "target_value": 3.2,
      "options": [
        "Plant Height",
        "Plant Width"
      ],
      "optionA": {
        "trial_id": "20",
        "task_id": "104",
        "values": "1.9, 0.6",
        "target_value": 3.2
      },
      "optionB": {
        "trial_id": "4",
        "task_id": "104",
        "values": "1.5, 0.5",
        "target_value": 2.7
      },
      "choice": {
        "button": "F",
        "selected_option": "OptionA"
      }
    },
    {
      "question": 3,
      "target": "App Popularity",
      "target_value": 65,
      "options": [
        "App User Ratings (1-5)",
        "Number of Reviews"
      ],
      "optionA": {
        "trial_id": "8",
        "task_id": "42",
        "values": "5.0, 50.0",
        "target_value": 65
      },
      "optionB": {
        "trial_id": "5",
        "task_id": "42",
        "values": "5.0, 200.0",
        "target_value": 90
      },
      "choice": {
        "button": "J",
        "selected_option": "OptionB"
      }
    },
    {
      "question": 4,
      "target": "Battery life hours",
      "target_value": 14,
      "options": [
        "Phone battery capacity",
        "Phone weight"
      ],
      "optionA": {
        "trial_id": "9",
        "task_id": "73",
        "values": "3500.0, 200.0",
        "target_value": 14
      },
      "optionB": {
        "trial_id": "5",
        "task_id": "73",
        "values": "4500.0, 220.0",
        "target_value": 18
      },
      "choice": {
        "button": "J",
        "selected_option": "OptionB"
      }
    },
    {
      "question": 5,
      "target": "Growth Rate (cm/week)",
      "target_value": 2.5,
      "options": [
        "Plant Leaf Size",
        "Plant Water Usage"
      ],
      "optionA": {
        "trial_id": "5",
        "task_id": "83",
        "values": "8.0, 4.0",
        "target_value": 2.5
      },
      "optionB": {
        "trial_id": "12",
        "task_id": "83",
        "values": "9.0, 5.0",
        "target_value": 2.9
      },
      "choice": {
        "button": "F",
        "selected_option": "OptionA"
      }
    },
    {
      "question": 6,
      "target": "Recipe Complexity",
      "target_value": 5,
      "options": [
        "Recipe Servings",
        "Recipe Ingredients"
      ],
      "optionA": {
        "trial_id": "8",
        "task_id": "106",
        "values": "2.0, 7.0",
        "target_value": 5
      },
      "optionB": {
        "trial_id": "16",
        "task_id": "106",
        "values": "3.0, 8.0",
        "target_value": 6
      },
      "choice": {
        "button": "J",
        "selected_option": "OptionB"
      }
    },
    {
      "question": 7,
      "target": "Fun Score",
      "target_value": 7,
      "options": [
        "Number of Players",
        "Game Length (min)"
      ],
      "optionA": {
        "trial_id": "6",
        "task_id": "98",
        "values": "6.0, 60.0",
        "target_value": 7
      },
      "optionB": {
        "trial_id": "11",
        "task_id": "98",
        "values": "3.0, 40.0",
        "target_value": 5
      },
      "choice": {
        "button": "J",
        "selected_option": "OptionB"
      }
    },
    {
      "question": 8,
      "target": "Tea Strength (1-10)",
      "target_value": 4,
      "options": [
        "Tea Leaf Quality (1-10)",
        "Tea Steeping Time (minutes)"
      ],
      "optionA": {
        "trial_id": "15",
        "task_id": "80",
        "values": "5.0, 1.0",
        "target_value": 4
      },
      "optionB": {
        "trial_id": "9",
        "task_id": "80",
        "values": "7.0, 3.0",
        "target_value": 6
      },
      "choice": {
        "button": "J",
        "selected_option": "OptionB"
      }
    },
    {
      "question": 9,
      "target": "Growth Rate",
      "target_value": 4,
      "options": [
        "Plant Leaf Size",
        "Plant Height"
      ],
      "optionA": {
        "trial_id": "2",
        "task_id": "65",
        "values": "12.0, 60.0",
        "target_value": 4
      },
      "optionB": {
        "trial_id": "2",
        "task_id": "65",
        "values": "12.0, 60.0",
        "target_value": 4
      },
      "choice": {
        "button": "F",
        "selected_option": "OptionA"
      }
    },
    {
      "question": "attention_check_9",
      "choice": "J",
      "passed": true,
      "timestamp": 1756154901777
    },
    {
      "question": 10,
      "target": "Time to destination (hours)",
      "target_value": 0.35,
      "options": [
        "Distance (miles)",
        "Speed (mph)"
      ],
      "optionA": {
        "trial_id": "4",
        "task_id": "118",
        "values": "14.0, 40.0",
        "target_value": 0.35
      },
      "optionB": {
        "trial_id": "2",
        "task_id": "118",
        "values": "12.0, 35.0",
        "target_value": 0.34
      },
      "choice": {
        "button": "F",
        "selected_option": "OptionA"
      }
    },
    {
      "question": 11,
      "target": "Enjoyment",
      "target_value": 6.8,
      "options": [
        "Tea Strength",
        "Flavor Variety"
      ],
      "optionA": {
        "trial_id": "16",
        "task_id": "55",
        "values": "2.0, 5.0",
        "target_value": 6.8
      },
      "optionB": {
        "trial_id": "13",
        "task_id": "55",
        "values": "4.0, 5.0",
        "target_value": 7.6
      },
      "choice": {
        "button": "J",
        "selected_option": "OptionB"
      }
    },
    {
      "question": 12,
      "target": "Popularity Score",
      "target_value": 65,
      "options": [
        "Price ($)",
        "Rating (1-10)"
      ],
      "optionA": {
        "trial_id": "2",
        "task_id": "97",
        "values": "70.0, 5.0",
        "target_value": 65
      },
      "optionB": {
        "trial_id": "1",
        "task_id": "97",
        "values": "50.0, 7.0",
        "target_value": 60
      },
      "choice": {
        "button": "F",
        "selected_option": "OptionA"
      }
    },
    {
      "question": 13,
      "target": "Knowledge Content",
      "target_value": 7,
      "options": [
        "Book Thickness",
        "Book Reading Level"
      ],
      "optionA": {
        "trial_id": "13",
        "task_id": "6",
        "values": "32.0, 4.0",
        "target_value": 7
      },
      "optionB": {
        "trial_id": "16",
        "task_id": "6",
        "values": "30.0, 3.0",
        "target_value": 5
      },
      "choice": {
        "button": "F",
        "selected_option": "OptionA"
      }
    },
    {
      "question": 14,
      "target": "Top Speed",
      "target_value": 150,
      "options": [
        "Engine Size",
        "Horsepower"
      ],
      "optionA": {
        "trial_id": "1",
        "task_id": "113",
        "values": "2.0, 120.0",
        "target_value": 150
      },
      "optionB": {
        "trial_id": "2",
        "task_id": "113",
        "values": "2.5, 140.0",
        "target_value": 160
      },
      "choice": {
        "button": "J",
        "selected_option": "OptionB"
      }
    },
    {
      "question": 15,
      "target": "Battery Life",
      "target_value": 37,
      "options": [
        "Phone Weight",
        "Battery Capacity"
      ],
      "optionA": {
        "trial_id": "18",
        "task_id": "54",
        "values": "220.0, 4700.0",
        "target_value": 37
      },
      "optionB": {
        "trial_id": "4",
        "task_id": "54",
        "values": "200.0, 3600.0",
        "target_value": 29
      },
      "choice": {
        "button": "F",
        "selected_option": "OptionA"
      }
    },
    {
      "question": 16,
      "target": "Fun Level",
      "target_value": 7,
      "options": [
        "Number of Players",
        "Game Duration (minutes)"
      ],
      "optionA": {
        "trial_id": "3",
        "task_id": "13",
        "values": "3.0, 50.0",
        "target_value": 7
      },
      "optionB": {
        "trial_id": "11",
        "task_id": "13",
        "values": "7.0, 65.0",
        "target_value": 9
      },
      "choice": {
        "button": "J",
        "selected_option": "OptionB"
      }
    },
    {
      "question": 17,
      "target": "Home value",
      "target_value": 260000,
      "options": [
        "House size",
        "Neighborhood quality"
      ],
      "optionA": {
        "trial_id": "8",
        "task_id": "70",
        "values": "110.0, 7.0",
        "target_value": 260000
      },
      "optionB": {
        "trial_id": "8",
        "task_id": "70",
        "values": "110.0, 7.0",
        "target_value": 260000
      },
      "choice": {
        "button": "F",
        "selected_option": "OptionA"
      }
    },
    {
      "question": 18,
      "target": "Distance Covered",
      "target_value": 50,
      "options": [
        "Bike Speed",
        "Bike Weight"
      ],
      "optionA": {
        "trial_id": "10",
        "task_id": "7",
        "values": "21.0, 10.0",
        "target_value": 50
      },
      "optionB": {
        "trial_id": "10",
        "task_id": "7",
        "values": "21.0, 10.0",
        "target_value": 50
      },
      "choice": {
        "button": "F",
        "selected_option": "OptionA"
      }
    },
    {
      "question": 19,
      "target": "Taste Rating (1-10)",
      "target_value": 9,
      "options": [
        "Minutes of Cooking",
        "Number of Ingredients"
      ],
      "optionA": {
        "trial_id": "16",
        "task_id": "56",
        "values": "40.0, 8.0",
        "target_value": 9
      },
      "optionB": {
        "trial_id": "16",
        "task_id": "56",
        "values": "40.0, 8.0",
        "target_value": 9
      },
      "choice": {
        "button": "F",
        "selected_option": "OptionA"
      }
    },
    {
      "question": "attention_check_19",
      "choice": "F",
      "passed": true,
      "timestamp": 1756154937506
    },
    {
      "question": 20,
      "target": "Phone Performance",
      "target_value": 80,
      "options": [
        "Phone RAM",
        "Phone Storage"
      ],
      "optionA": {
        "trial_id": "3",
        "task_id": "86",
        "values": "6.0, 128.0",
        "target_value": 80
      },
      "optionB": {
        "trial_id": "12",
        "task_id": "86",
        "values": "32.0, 4096.0",
        "target_value": 130
      },
      "choice": {
        "button": "J",
        "selected_option": "OptionB"
      }
    },
    {
      "question": 21,
      "target": "Weight Loss",
      "target_value": 1.5,
      "options": [
        "Calories",
        "Exercise Time"
      ],
      "optionA": {
        "trial_id": "20",
        "task_id": "51",
        "values": "500.0, 20.0",
        "target_value": 1.5
      },
      "optionB": {
        "trial_id": "20",
        "task_id": "51",
        "values": "500.0, 20.0",
        "target_value": 1.5
      },
      "choice": {
        "button": "F",
        "selected_option": "OptionA"
      }
    },
    {
      "question": 22,
      "target": "Exam Score",
      "target_value": 77,
      "options": [
        "Student Study Time (hours)",
        "Class Attendance (%)"
      ],
      "optionA": {
        "trial_id": "20",
        "task_id": "40",
        "values": "6.0, 85.0",
        "target_value": 77
      },
      "optionB": {
        "trial_id": "9",
        "task_id": "40",
        "values": "6.0, 95.0",
        "target_value": 80
      },
      "choice": {
        "button": "J",
        "selected_option": "OptionB"
      }
    },
    {
      "question": 23,
      "target": "Weight loss",
      "target_value": 1.7,
      "options": [
        "Exercise duration",
        "Intensity level"
      ],
      "optionA": {
        "trial_id": "9",
        "task_id": "67",
        "values": "50.0, 5.0",
        "target_value": 1.7
      },
      "optionB": {
        "trial_id": "14",
        "task_id": "67",
        "values": "50.0, 7.0",
        "target_value": 2
      },
      "choice": {
        "button": "F",
        "selected_option": "OptionA"
      }
    },
    {
      "question": 24,
      "target": "Bike Speed",
      "target_value": 24,
      "options": [
        "Bike Weight",
        "Bike Wheel Size"
      ],
      "optionA": {
        "trial_id": "9",
        "task_id": "107",
        "values": "10.0, 27.0",
        "target_value": 24
      },
      "optionB": {
        "trial_id": "20",
        "task_id": "107",
        "values": "16.0, 28.0",
        "target_value": 26
      },
      "choice": {
        "button": "J",
        "selected_option": "OptionB"
      }
    },
    {
      "question": 25,
      "target": "House Price (thousands)",
      "target_value": 320,
      "options": [
        "House Size (m²)",
        "House Distance to City (km)"
      ],
      "optionA": {
        "trial_id": "4",
        "task_id": "79",
        "values": "130.0, 8.0",
        "target_value": 320
      },
      "optionB": {
        "trial_id": "15",
        "task_id": "79",
        "values": "100.0, 3.0",
        "target_value": 280
      },
      "choice": {
        "button": "F",
        "selected_option": "OptionA"
      }
    },
    {
      "question": 26,
      "target": "Performance",
      "target_value": 8.4,
      "options": [
        "Skill Level",
        "Practice Time"
      ],
      "optionA": {
        "trial_id": "20",
        "task_id": "100",
        "values": "5.0, 20.0",
        "target_value": 8.4
      },
      "optionB": {
        "trial_id": "10",
        "task_id": "100",
        "values": "6.0, 16.0",
        "target_value": 8.2
      },
      "choice": {
        "button": "J",
        "selected_option": "OptionB"
      }
    },
    {
      "question": 27,
      "target": "Post reach",
      "target_value": 18000,
      "options": [
        "Number of followers",
        "Engagement rate (%)"
      ],
      "optionA": {
        "trial_id": "4",
        "task_id": "92",
        "values": "2500.0, 5.0",
        "target_value": 18000
      },
      "optionB": {
        "trial_id": "8",
        "task_id": "92",
        "values": "1800.0, 7.0",
        "target_value": 21000
      },
      "choice": {
        "button": "F",
        "selected_option": "OptionA"
      }
    },
    {
      "question": 28,
      "target": "Doneness",
      "target_value": 75,
      "options": [
        "Cooking Time",
        "Size"
      ],
      "optionA": {
        "trial_id": "2",
        "task_id": "116",
        "values": "35.0, 220.0",
        "target_value": 75
      },
      "optionB": {
        "trial_id": "9",
        "task_id": "116",
        "values": "40.0, 280.0",
        "target_value": 85
      },
      "choice": {
        "button": "J",
        "selected_option": "OptionB"
      }
    },
    {
      "question": 29,
      "target": "Speed (km/h)",
      "target_value": 180,
      "options": [
        "Engine Horsepower",
        "Weight (kg)"
      ],
      "optionA": {
        "trial_id": "10",
        "task_id": "47",
        "values": "180.0, 1350.0",
        "target_value": 180
      },
      "optionB": {
        "trial_id": "17",
        "task_id": "47",
        "values": "180.0, 1350.0",
        "target_value": 183
      },
      "choice": {
        "button": "F",
        "selected_option": "OptionA"
      }
    },
    {
      "question": "attention_check_29",
      "choice": "F",
      "passed": false,
      "timestamp": 1756154982544
    },
    {
      "question": 30,
      "target": "Energy Level",
      "target_value": 8,
      "options": [
        "Dog Size",
        "Exercise Needs"
      ],
      "optionA": {
        "trial_id": "5",
        "task_id": "88",
        "values": "55.0, 7.0",
        "target_value": 8
      },
      "optionB": {
        "trial_id": "10",
        "task_id": "88",
        "values": "40.0, 7.0",
        "target_value": 8
      },
      "choice": {
        "button": "F",
        "selected_option": "OptionA"
      }
    },
    {
      "question": 31,
      "target": "User Satisfaction",
      "target_value": 7,
      "options": [
        "Screen Size",
        "Battery Life"
      ],
      "optionA": {
        "trial_id": "4",
        "task_id": "52",
        "values": "8.0, 30.0",
        "target_value": 7
      },
      "optionB": {
        "trial_id": "13",
        "task_id": "52",
        "values": "5.0, 35.0",
        "target_value": 7
      },
      "choice": {
        "button": "F",
        "selected_option": "OptionA"
      }
    },
    {
      "question": 32,
      "target": "Top Speed",
      "target_value": 160,
      "options": [
        "Car Engine Size",
        "Horsepower"
      ],
      "optionA": {
        "trial_id": "5",
        "task_id": "36",
        "values": "3.0, 250.0",
        "target_value": 160
      },
      "optionB": {
        "trial_id": "3",
        "task_id": "61",
        "values": "1.6, 120.0",
        "target_value": 100
      },
      "choice": {
        "button": "F",
        "selected_option": "OptionA"
      }
    },
    {
      "question": 33,
      "target": "Satiety (on scale 1-10)",
      "target_value": 8,
      "options": [
        "Number of Calories",
        "Protein (g)"
      ],
      "optionA": {
        "trial_id": "2",
        "task_id": "16",
        "values": "300.0, 15.0",
        "target_value": 8
      },
      "optionB": {
        "trial_id": "20",
        "task_id": "16",
        "values": "550.0, 24.0",
        "target_value": 10
      },
      "choice": {
        "button": "J",
        "selected_option": "OptionB"
      }
    },
    {
      "question": 34,
      "target": "Doneness",
      "target_value": 65,
      "options": [
        "Cooking Time",
        "Size"
      ],
      "optionA": {
        "trial_id": "15",
        "task_id": "116",
        "values": "25.0, 180.0",
        "target_value": 65
      },
      "optionB": {
        "trial_id": "13",
        "task_id": "116",
        "values": "35.0, 260.0",
        "target_value": 85
      },
      "choice": {
        "button": "J",
        "selected_option": "OptionB"
      }
    },
    {
      "question": 35,
      "target": "Room Size",
      "target_value": 30,
      "options": [
        "Room Width",
        "Room Length"
      ],
      "optionA": {
        "trial_id": "17",
        "task_id": "109",
        "values": "5.0, 6.0",
        "target_value": 30
      },
      "optionB": {
        "trial_id": "5",
        "task_id": "109",
        "values": "7.0, 8.0",
        "target_value": 56
      },
      "choice": {
        "button": "J",
        "selected_option": "OptionB"
      }
    },
    {
      "question": 36,
      "target": "Fun Score",
      "target_value": 6,
      "options": [
        "Number of Players",
        "Game Length (min)"
      ],
      "optionA": {
        "trial_id": "12",
        "task_id": "98",
        "values": "4.0, 45.0",
        "target_value": 6
      },
      "optionB": {
        "trial_id": "2",
        "task_id": "98",
        "values": "5.0, 50.0",
        "target_value": 6
      },
      "choice": {
        "button": "F",
        "selected_option": "OptionA"
      }
    },
    {
      "question": 37,
      "target": "Restaurant Popularity (on scale 1-10)",
      "target_value": 9,
      "options": [
        "Number of Reviews",
        "Average Rating (out of 5)"
      ],
      "optionA": {
        "trial_id": "13",
        "task_id": "19",
        "values": "250.0, 4.8",
        "target_value": 9
      },
      "optionB": {
        "trial_id": "20",
        "task_id": "19",
        "values": "270.0, 4.6",
        "target_value": 8
      },
      "choice": {
        "button": "J",
        "selected_option": "OptionB"
      }
    },
    {
      "question": 38,
      "target": "Recipe difficulty",
      "target_value": 8,
      "options": [
        "Number of ingredients",
        "Prep time (minutes)"
      ],
      "optionA": {
        "trial_id": "5",
        "task_id": "60",
        "values": "7.0, 25.0",
        "target_value": 8
      },
      "optionB": {
        "trial_id": "15",
        "task_id": "60",
        "values": "4.0, 12.0",
        "target_value": 5
      },
      "choice": {
        "button": "F",
        "selected_option": "OptionA"
      }
    },
    {
      "question": 39,
      "target": "Phone Performance",
      "target_value": 140,
      "options": [
        "Phone RAM",
        "Phone Storage"
      ],
      "optionA": {
        "trial_id": "14",
        "task_id": "86",
        "values": "64.0, 8192.0",
        "target_value": 140
      },
      "optionB": {
        "trial_id": "4",
        "task_id": "86",
        "values": "8.0, 256.0",
        "target_value": 90
      },
      "choice": {
        "button": "J",
        "selected_option": "OptionB"
      }
    },
    {
      "question": "attention_check_39",
      "choice": "F",
      "passed": true,
      "timestamp": 1756155002467
    },
    {
      "question": 40,
      "target": "Restaurant Customer Satisfaction",
      "target_value": 8.4,
      "options": [
        "Restaurant Menu Size",
        "Restaurant Price Rating"
      ],
      "optionA": {
        "trial_id": "8",
        "task_id": "25",
        "values": "24.0, 4.5",
        "target_value": 8.4
      },
      "optionB": {
        "trial_id": "2",
        "task_id": "25",
        "values": "22.0, 4.5",
        "target_value": 8.4
      },
      "choice": {
        "button": "F",
        "selected_option": "OptionA"
      }
    },
    {
      "question": 41,
      "target": "Exercise Intensity",
      "target_value": 5.5,
      "options": [
        "Time to Walk (min)",
        "Number of Steps"
      ],
      "optionA": {
        "trial_id": "20",
        "task_id": "95",
        "values": "12.0, 1100.0",
        "target_value": 5.5
      },
      "optionB": {
        "trial_id": "8",
        "task_id": "95",
        "values": "8.0, 800.0",
        "target_value": 4
      },
      "choice": {
        "button": "F",
        "selected_option": "OptionA"
      }
    },
    {
      "question": 42,
      "target": "Physical strength",
      "target_value": 85,
      "options": [
        "Height (cm)",
        "Weight (kg)"
      ],
      "optionA": {
        "trial_id": "19",
        "task_id": "84",
        "values": "180.0, 80.0",
        "target_value": 85
      },
      "optionB": {
        "trial_id": "18",
        "task_id": "84",
        "values": "170.0, 65.0",
        "target_value": 68
      },
      "choice": {
        "button": "J",
        "selected_option": "OptionB"
      }
    },
    {
      "question": 43,
      "target": "Restaurant Popularity (on scale 1-10)",
      "target_value": 8,
      "options": [
        "Number of Reviews",
        "Average Rating (out of 5)"
      ],
      "optionA": {
        "trial_id": "10",
        "task_id": "19",
        "values": "220.0, 4.5",
        "target_value": 8
      },
      "optionB": {
        "trial_id": "6",
        "task_id": "19",
        "values": "250.0, 4.5",
        "target_value": 8
      },
      "choice": {
        "button": "J",
        "selected_option": "OptionB"
      }
    },
    {
      "question": 44,
      "target": "Battery life hours",
      "target_value": 12,
      "options": [
        "Phone battery capacity",
        "Phone weight"
      ],
      "optionA": {
        "trial_id": "12",
        "task_id": "73",
        "values": "3000.0, 190.0",
        "target_value": 12
      },
      "optionB": {
        "trial_id": "5",
        "task_id": "73",
        "values": "4500.0, 220.0",
        "target_value": 18
      },
      "choice": {
        "button": "J",
        "selected_option": "OptionB"
      }
    },
    {
      "question": 45,
      "target": "Fun Level",
      "target_value": 7,
      "options": [
        "Number of Players",
        "Game Duration (minutes)"
      ],
      "optionA": {
        "trial_id": "4",
        "task_id": "13",
        "values": "5.0, 45.0",
        "target_value": 7
      },
      "optionB": {
        "trial_id": "3",
        "task_id": "13",
        "values": "3.0, 50.0",
        "target_value": 7
      },
      "choice": {
        "button": "F",
        "selected_option": "OptionA"
      }
    },
    {
      "question": 46,
      "target": "Top Speed",
      "target_value": 140,
      "options": [
        "Car Engine Size",
        "Horsepower"
      ],
      "optionA": {
        "trial_id": "12",
        "task_id": "36",
        "values": "2.5, 220.0",
        "target_value": 140
      },
      "optionB": {
        "trial_id": "17",
        "task_id": "61",
        "values": "2.8, 220.0",
        "target_value": 180
      },
      "choice": {
        "button": "J",
        "selected_option": "OptionB"
      }
    },
    {
      "question": 47,
      "target": "Growth Rate",
      "target_value": 5,
      "options": [
        "Plant Leaf Size",
        "Plant Height"
      ],
      "optionA": {
        "trial_id": "10",
        "task_id": "65",
        "values": "14.0, 70.0",
        "target_value": 5
      },
      "optionB": {
        "trial_id": "16",
        "task_id": "65",
        "values": "10.0, 50.0",
        "target_value": 3
      },
      "choice": {
        "button": "F",
        "selected_option": "OptionA"
      }
    },
    {
      "question": 48,
      "target": "Dog Energy Level",
      "target_value": 8,
      "options": [
        "Dog Weight",
        "Dog Activity Level"
      ],
      "optionA": {
        "trial_id": "4",
        "task_id": "105",
        "values": "25.0, 5.0",
        "target_value": 8
      },
      "optionB": {
        "trial_id": "8",
        "task_id": "105",
        "values": "15.0, 3.0",
        "target_value": 6
      },
      "choice": {
        "button": "F",
        "selected_option": "OptionA"
      }
    },
    {
      "question": 49,
      "target": "Exam Score (%)",
      "target_value": 75,
      "options": [
        "Study Time (hours)",
        "Previous Score (%)"
      ],
      "optionA": {
        "trial_id": "10",
        "task_id": "76",
        "values": "5.0, 70.0",
        "target_value": 75
      },
      "optionB": {
        "trial_id": "5",
        "task_id": "76",
        "values": "6.0, 60.0",
        "target_value": 75
      },
      "choice": {
        "button": "F",
        "selected_option": "OptionA"
      }
    },
    {
      "question": 50,
      "target": "Exercise Intensity",
      "target_value": 3,
      "options": [
        "Time to Walk (min)",
        "Number of Steps"
      ],
      "optionA": {
        "trial_id": "7",
        "task_id": "95",
        "values": "6.0, 600.0",
        "target_value": 3
      },
      "optionB": {
        "trial_id": "11",
        "task_id": "95",
        "values": "9.0, 900.0",
        "target_value": 4.5
      },
      "choice": {
        "button": "J",
        "selected_option": "OptionB"
      }
    }
  ]
}