{
  "prolific_id": "UNKNOWN",
  "condition_group": "direction",
  "responses": [
    {
      "question": 1,
      "target": "Training Difficulty (1-10)",
      "target_value": 5,
      "options": [
        "Dog Size",
        "Dog Energy Level"
      ],
      "optionA": {
        "trial_id": "9",
        "task_id": "82",
        "values": "55.0, 6.0",
        "target_value": 5
      },
      "optionB": {
        "trial_id": "7",
        "task_id": "82",
        "values": "70.0, 9.0",
        "target_value": 8
      },
      "choice": {
        "button": "J",
        "selected_option": "OptionB"
      }
    },
    {
      "question": 2,
      "target": "Bike Speed",
      "target_value": 100,
      "options": [
        "Bike Weight",
        "Bike Power"
      ],
      "optionA": {
        "trial_id": "14",
        "task_id": "87",
        "values": "24.0, 500.0",
        "target_value": 100
      },
      "optionB": {
        "trial_id": "8",
        "task_id": "87",
        "values": "18.0, 350.0",
        "target_value": 70
      },
      "choice": {
        "button": "F",
        "selected_option": "OptionA"
      }
    },
    {
      "question": 3,
      "target": "Phone Battery Life",
      "target_value": 30,
      "options": [
        "Phone Battery Capacity",
        "Phone Weight"
      ],
      "optionA": {
        "trial_id": "20",
        "task_id": "108",
        "values": "4000.0, 200.0",
        "target_value": 30
      },
      "optionB": {
        "trial_id": "1",
        "task_id": "108",
        "values": "4000.0, 200.0",
        "target_value": 30
      },
      "choice": {
        "button": "F",
        "selected_option": "OptionA"
      }
    },
    {
      "question": 4,
      "target": "Training Difficulty (1-10)",
      "target_value": 8,
      "options": [
        "Dog Size",
        "Dog Energy Level"
      ],
      "optionA": {
        "trial_id": "7",
        "task_id": "82",
        "values": "70.0, 9.0",
        "target_value": 8
      },
      "optionB": {
        "trial_id": "18",
        "task_id": "82",
        "values": "45.0, 6.0",
        "target_value": 5
      },
      "choice": {
        "button": "F",
        "selected_option": "OptionA"
      }
    },
    {
      "question": 5,
      "target": "Performance Quality (on scale 1-10)",
      "target_value": 8,
      "options": [
        "Hours of Practice",
        "Musical Experience (years)"
      ],
      "optionA": {
        "trial_id": "9",
        "task_id": "17",
        "values": "90.0, 3.0",
        "target_value": 8
      },
      "optionB": {
        "trial_id": "13",
        "task_id": "17",
        "values": "100.0, 4.0",
        "target_value": 9
      },
      "choice": {
        "button": "J",
        "selected_option": "OptionB"
      }
    },
    {
      "question": 6,
      "target": "Taste score",
      "target_value": 9,
      "options": [
        "Coffee strength",
        "Bean quality"
      ],
      "optionA": {
        "trial_id": "13",
        "task_id": "68",
        "values": "5.0, 8.0",
        "target_value": 9
      },
      "optionB": {
        "trial_id": "6",
        "task_id": "68",
        "values": "3.0, 7.0",
        "target_value": 7
      },
      "choice": {
        "button": "F",
        "selected_option": "OptionA"
      }
    },
    {
      "question": 7,
      "target": "Top Speed",
      "target_value": 140,
      "options": [
        "Car Engine Size",
        "Horsepower"
      ],
      "optionA": {
        "trial_id": "15",
        "task_id": "36",
        "values": "2.4, 210.0",
        "target_value": 140
      },
      "optionB": {
        "trial_id": "20",
        "task_id": "61",
        "values": "1.3, 100.0",
        "target_value": 90
      },
      "choice": {
        "button": "F",
        "selected_option": "OptionA"
      }
    },
    {
      "question": 8,
      "target": "Recipe difficulty",
      "target_value": 8,
      "options": [
        "Number of ingredients",
        "Prep time (minutes)"
      ],
      "optionA": {
        "trial_id": "5",
        "task_id": "60",
        "values": "7.0, 25.0",
        "target_value": 8
      },
      "optionB": {
        "trial_id": "10",
        "task_id": "60",
        "values": "4.0, 12.0",
        "target_value": 5
      },
      "choice": {
        "button": "F",
        "selected_option": "OptionA"
      }
    },
    {
      "question": 9,
      "target": "Bike Speed",
      "target_value": 40,
      "options": [
        "Bike Weight",
        "Bike Power"
      ],
      "optionA": {
        "trial_id": "3",
        "task_id": "87",
        "values": "12.0, 200.0",
        "target_value": 40
      },
      "optionB": {
        "trial_id": "3",
        "task_id": "87",
        "values": "12.0, 200.0",
        "target_value": 40
      },
      "choice": {
        "button": "F",
        "selected_option": "OptionA"
      }
    },
    {
      "question": "attention_check_9",
      "choice": "J",
      "passed": true,
      "timestamp": 1756154591627
    },
    {
      "question": 10,
      "target": "Growth speed",
      "target_value": 4.8,
      "options": [
        "Plant height cm",
        "Plant leaf count"
      ],
      "optionA": {
        "trial_id": "9",
        "task_id": "74",
        "values": "35.0, 12.0",
        "target_value": 4.8
      },
      "optionB": {
        "trial_id": "14",
        "task_id": "74",
        "values": "42.0, 16.0",
        "target_value": 6.2
      },
      "choice": {
        "button": "J",
        "selected_option": "OptionB"
      }
    },
    {
      "question": 11,
      "target": "Enjoyment",
      "target_value": 7.3,
      "options": [
        "Tea Strength",
        "Flavor Variety"
      ],
      "optionA": {
        "trial_id": "18",
        "task_id": "55",
        "values": "5.0, 3.0",
        "target_value": 7.3
      },
      "optionB": {
        "trial_id": "2",
        "task_id": "55",
        "values": "6.0, 2.0",
        "target_value": 7
      },
      "choice": {
        "button": "F",
        "selected_option": "OptionA"
      }
    },
    {
      "question": 12,
      "target": "Time to destination (hours)",
      "target_value": 0.34,
      "options": [
        "Distance (miles)",
        "Speed (mph)"
      ],
      "optionA": {
        "trial_id": "3",
        "task_id": "118",
        "values": "12.0, 35.0",
        "target_value": 0.34
      },
      "optionB": {
        "trial_id": "3",
        "task_id": "118",
        "values": "12.0, 35.0",
        "target_value": 0.34
      },
      "choice": {
        "button": "F",
        "selected_option": "OptionA"
      }
    },
    {
      "question": 13,
      "target": "Performance",
      "target_value": 8.5,
      "options": [
        "Skill Level",
        "Practice Time"
      ],
      "optionA": {
        "trial_id": "18",
        "task_id": "100",
        "values": "6.0, 18.0",
        "target_value": 8.5
      },
      "optionB": {
        "trial_id": "19",
        "task_id": "100",
        "values": "6.0, 16.0",
        "target_value": 8.1
      },
      "choice": {
        "button": "F",
        "selected_option": "OptionA"
      }
    },
    {
      "question": 14,
      "target": "Recipe difficulty",
      "target_value": 6.5,
      "options": [
        "Number of ingredients",
        "Prep time (minutes)"
      ],
      "optionA": {
        "trial_id": "20",
        "task_id": "60",
        "values": "6.0, 18.0",
        "target_value": 6.5
      },
      "optionB": {
        "trial_id": "5",
        "task_id": "60",
        "values": "7.0, 25.0",
        "target_value": 8
      },
      "choice": {
        "button": "J",
        "selected_option": "OptionB"
      }
    },
    {
      "question": 15,
      "target": "Growth Rate",
      "target_value": 4,
      "options": [
        "Plant Leaf Size",
        "Plant Height"
      ],
      "optionA": {
        "trial_id": "2",
        "task_id": "65",
        "values": "12.0, 60.0",
        "target_value": 4
      },
      "optionB": {
        "trial_id": "3",
        "task_id": "65",
        "values": "8.0, 40.0",
        "target_value": 2
      },
      "choice": {
        "button": "F",
        "selected_option": "OptionA"
      }
    },
    {
      "question": 16,
      "target": "Exam Score (%)",
      "target_value": 75,
      "options": [
        "Study Time (hours)",
        "Previous Score (%)"
      ],
      "optionA": {
        "trial_id": "5",
        "task_id": "76",
        "values": "6.0, 60.0",
        "target_value": 75
      },
      "optionB": {
        "trial_id": "13",
        "task_id": "76",
        "values": "4.0, 70.0",
        "target_value": 75
      },
      "choice": {
        "button": "J",
        "selected_option": "OptionB"
      }
    },
    {
      "question": 17,
      "target": "Energy Level",
      "target_value": 8,
      "options": [
        "Hours of Sleep",
        "Caffeine Intake (mg)"
      ],
      "optionA": {
        "trial_id": "6",
        "task_id": "45",
        "values": "8.0, 70.0",
        "target_value": 8
      },
      "optionB": {
        "trial_id": "5",
        "task_id": "45",
        "values": "9.0, 60.0",
        "target_value": 8
      },
      "choice": {
        "button": "F",
        "selected_option": "OptionA"
      }
    },
    {
      "question": 18,
      "target": "House Price (thousands)",
      "target_value": 320,
      "options": [
        "House Size (m²)",
        "House Distance to City (km)"
      ],
      "optionA": {
        "trial_id": "9",
        "task_id": "79",
        "values": "130.0, 6.0",
        "target_value": 320
      },
      "optionB": {
        "trial_id": "2",
        "task_id": "79",
        "values": "150.0, 10.0",
        "target_value": 350
      },
      "choice": {
        "button": "J",
        "selected_option": "OptionB"
      }
    },
    {
      "question": 19,
      "target": "Engagement rate (%)",
      "target_value": 6,
      "options": [
        "Number of followers",
        "Post quality score"
      ],
      "optionA": {
        "trial_id": "6",
        "task_id": "71",
        "values": "10000.0, 6.0",
        "target_value": 6
      },
      "optionB": {
        "trial_id": "5",
        "task_id": "71",
        "values": "8000.0, 8.0",
        "target_value": 5.8
      },
      "choice": {
        "button": "F",
        "selected_option": "OptionA"
      }
    },
    {
      "question": "attention_check_19",
      "choice": "F",
      "passed": true,
      "timestamp": 1756154683224
    },
    {
      "question": 20,
      "target": "Deliciousness",
      "target_value": 50,
      "options": [
        "Cooking time",
        "Ingredients count"
      ],
      "optionA": {
        "trial_id": "7",
        "task_id": "27",
        "values": "10.0, 3.0",
        "target_value": 50
      },
      "optionB": {
        "trial_id": "2",
        "task_id": "27",
        "values": "45.0, 3.0",
        "target_value": 70
      },
      "choice": {
        "button": "J",
        "selected_option": "OptionB"
      }
    },
    {
      "question": 21,
      "target": "Jump Height",
      "target_value": 93,
      "options": [
        "Height",
        "Arm Length"
      ],
      "optionA": {
        "trial_id": "6",
        "task_id": "115",
        "values": "200.0, 77.0",
        "target_value": 93
      },
      "optionB": {
        "trial_id": "15",
        "task_id": "115",
        "values": "170.0, 65.0",
        "target_value": 75
      },
      "choice": {
        "button": "F",
        "selected_option": "OptionA"
      }
    },
    {
      "question": 22,
      "target": "Exercise Intensity",
      "target_value": 4,
      "options": [
        "Time to Walk (min)",
        "Number of Steps"
      ],
      "optionA": {
        "trial_id": "8",
        "task_id": "95",
        "values": "8.0, 800.0",
        "target_value": 4
      },
      "optionB": {
        "trial_id": "13",
        "task_id": "95",
        "values": "11.0, 1000.0",
        "target_value": 5
      },
      "choice": {
        "button": "J",
        "selected_option": "OptionB"
      }
    },
    {
      "question": 23,
      "target": "Energy Boost",
      "target_value": 8,
      "options": [
        "Coffee Caffeine Content",
        "Coffee Richness"
      ],
      "optionA": {
        "trial_id": "16",
        "task_id": "4",
        "values": "95.0, 5.0",
        "target_value": 8
      },
      "optionB": {
        "trial_id": "15",
        "task_id": "4",
        "values": "105.0, 4.0",
        "target_value": 7
      },
      "choice": {
        "button": "J",
        "selected_option": "OptionB"
      }
    },
    {
      "question": 24,
      "target": "Dog Energy Level",
      "target_value": 9,
      "options": [
        "Dog Weight",
        "Dog Activity Level"
      ],
      "optionA": {
        "trial_id": "14",
        "task_id": "105",
        "values": "34.0, 6.0",
        "target_value": 9
      },
      "optionB": {
        "trial_id": "9",
        "task_id": "105",
        "values": "28.0, 5.0",
        "target_value": 8
      },
      "choice": {
        "button": "F",
        "selected_option": "OptionA"
      }
    },
    {
      "question": 25,
      "target": "Warmth Rating",
      "target_value": 5,
      "options": [
        "Shirt Weight (g)",
        "Fabric Thickness (mm)"
      ],
      "optionA": {
        "trial_id": "3",
        "task_id": "31",
        "values": "220.0, 1.8",
        "target_value": 5
      },
      "optionB": {
        "trial_id": "20",
        "task_id": "31",
        "values": "185.0, 1.6",
        "target_value": 4.3
      },
      "choice": {
        "button": "F",
        "selected_option": "OptionA"
      }
    },
    {
      "question": 26,
      "target": "House Price",
      "target_value": 410000,
      "options": [
        "House Size sqft",
        "House Location Rating"
      ],
      "optionA": {
        "trial_id": "20",
        "task_id": "23",
        "values": "2000.0, 8.0",
        "target_value": 410000
      },
      "optionB": {
        "trial_id": "7",
        "task_id": "23",
        "values": "2400.0, 10.0",
        "target_value": 500000
      },
      "choice": {
        "button": "J",
        "selected_option": "OptionB"
      }
    },
    {
      "question": 27,
      "target": "Performance",
      "target_value": 8.4,
      "options": [
        "Skill Level",
        "Practice Time"
      ],
      "optionA": {
        "trial_id": "8",
        "task_id": "100",
        "values": "6.0, 20.0",
        "target_value": 8.4
      },
      "optionB": {
        "trial_id": "8",
        "task_id": "100",
        "values": "6.0, 20.0",
        "target_value": 8.4
      },
      "choice": {
        "button": "F",
        "selected_option": "OptionA"
      }
    },
    {
      "question": 28,
      "target": "Movie enjoyment",
      "target_value": 8,
      "options": [
        "Movie runtime",
        "Movie rating"
      ],
      "optionA": {
        "trial_id": "8",
        "task_id": "75",
        "values": "120.0, 7.5",
        "target_value": 8
      },
      "optionB": {
        "trial_id": "18",
        "task_id": "75",
        "values": "130.0, 7.5",
        "target_value": 8
      },
      "choice": {
        "button": "F",
        "selected_option": "OptionA"
      }
    },
    {
      "question": 29,
      "target": "Home Comfort (1-10)",
      "target_value": 8,
      "options": [
        "Number of Bedrooms",
        "Square Feet"
      ],
      "optionA": {
        "trial_id": "9",
        "task_id": "9",
        "values": "4.0, 1700.0",
        "target_value": 8
      },
      "optionB": {
        "trial_id": "3",
        "task_id": "9",
        "values": "4.0, 1600.0",
        "target_value": 8
      },
      "choice": {
        "button": "F",
        "selected_option": "OptionA"
      }
    },
    {
      "question": "attention_check_29",
      "choice": "J",
      "passed": true,
      "timestamp": 1756154761928
    },
    {
      "question": 30,
      "target": "Photo Quality",
      "target_value": 8,
      "options": [
        "Phone Price",
        "Phone Camera Megapixels"
      ],
      "optionA": {
        "trial_id": "15",
        "task_id": "5",
        "values": "550.0, 12.0",
        "target_value": 8
      },
      "optionB": {
        "trial_id": "16",
        "task_id": "5",
        "values": "530.0, 14.0",
        "target_value": 9
      },
      "choice": {
        "button": "J",
        "selected_option": "OptionB"
      }
    },
    {
      "question": 31,
      "target": "Room Area (m²)",
      "target_value": 21,
      "options": [
        "Room Length (m)",
        "Room Width (m)"
      ],
      "optionA": {
        "trial_id": "10",
        "task_id": "89",
        "values": "3.0, 7.0",
        "target_value": 21
      },
      "optionB": {
        "trial_id": "14",
        "task_id": "89",
        "values": "6.0, 4.0",
        "target_value": 24
      },
      "choice": {
        "button": "F",
        "selected_option": "OptionA"
      }
    },
    {
      "question": 32,
      "target": "Dog Activity Level",
      "target_value": 11,
      "options": [
        "Dog Size",
        "Dog Exercise Needs"
      ],
      "optionA": {
        "trial_id": "12",
        "task_id": "3",
        "values": "65.0, 6.0",
        "target_value": 11
      },
      "optionB": {
        "trial_id": "9",
        "task_id": "3",
        "values": "25.0, 1.0",
        "target_value": 4
      },
      "choice": {
        "button": "F",
        "selected_option": "OptionA"
      }
    },
    {
      "question": 33,
      "target": "Top Speed",
      "target_value": 125,
      "options": [
        "Car Engine Size",
        "Horsepower"
      ],
      "optionA": {
        "trial_id": "13",
        "task_id": "36",
        "values": "1.9, 170.0",
        "target_value": 125
      },
      "optionB": {
        "trial_id": "20",
        "task_id": "36",
        "values": "1.8, 180.0",
        "target_value": 130
      },
      "choice": {
        "button": "F",
        "selected_option": "OptionA"
      }
    },
    {
      "question": 34,
      "target": "House Price",
      "target_value": 440000,
      "options": [
        "House Size sqft",
        "House Location Rating"
      ],
      "optionA": {
        "trial_id": "11",
        "task_id": "23",
        "values": "2000.0, 9.0",
        "target_value": 440000
      },
      "optionB": {
        "trial_id": "8",
        "task_id": "23",
        "values": "2000.0, 9.0",
        "target_value": 440000
      },
      "choice": {
        "button": "F",
        "selected_option": "OptionA"
      }
    },
    {
      "question": 35,
      "target": "Phone Performance",
      "target_value": 72,
      "options": [
        "Phone RAM",
        "Phone Screen Size"
      ],
      "optionA": {
        "trial_id": "7",
        "task_id": "103",
        "values": "4.0, 5.5",
        "target_value": 72
      },
      "optionB": {
        "trial_id": "13",
        "task_id": "103",
        "values": "10.0, 6.8",
        "target_value": 94
      },
      "choice": {
        "button": "J",
        "selected_option": "OptionB"
      }
    },
    {
      "question": 36,
      "target": "Restaurant Customer Satisfaction",
      "target_value": 8.9,
      "options": [
        "Restaurant Menu Size",
        "Restaurant Online Rating"
      ],
      "optionA": {
        "trial_id": "17",
        "task_id": "24",
        "values": "23.0, 4.8",
        "target_value": 8.9
      },
      "optionB": {
        "trial_id": "7",
        "task_id": "24",
        "values": "22.0, 4.8",
        "target_value": 8.9
      },
      "choice": {
        "button": "F",
        "selected_option": "OptionA"
      }
    },
    {
      "question": 37,
      "target": "Training Difficulty (1-10)",
      "target_value": 8,
      "options": [
        "Dog Size",
        "Dog Energy Level"
      ],
      "optionA": {
        "trial_id": "16",
        "task_id": "82",
        "values": "70.0, 9.0",
        "target_value": 8
      },
      "optionB": {
        "trial_id": "7",
        "task_id": "82",
        "values": "70.0, 9.0",
        "target_value": 8
      },
      "choice": {
        "button": "F",
        "selected_option": "OptionA"
      }
    },
    {
      "question": 38,
      "target": "Phone Performance",
      "target_value": 120,
      "options": [
        "Phone RAM",
        "Phone Storage"
      ],
      "optionA": {
        "trial_id": "11",
        "task_id": "86",
        "values": "24.0, 2048.0",
        "target_value": 120
      },
      "optionB": {
        "trial_id": "3",
        "task_id": "86",
        "values": "6.0, 128.0",
        "target_value": 80
      },
      "choice": {
        "button": "F",
        "selected_option": "OptionA"
      }
    },
    {
      "question": 39,
      "target": "Prep Time (min)",
      "target_value": 21,
      "options": [
        "Number of Ingredients",
        "Cooking Time (min)"
      ],
      "optionA": {
        "trial_id": "20",
        "task_id": "96",
        "values": "10.0, 30.0",
        "target_value": 21
      },
      "optionB": {
        "trial_id": "13",
        "task_id": "96",
        "values": "3.0, 18.0",
        "target_value": 13
      },
      "choice": {
        "button": "F",
        "selected_option": "OptionA"
      }
    },
    {
      "question": "attention_check_39",
      "choice": "F",
      "passed": true,
      "timestamp": 1756154843066
    },
    {
      "question": 40,
      "target": "Exam Score",
      "target_value": 76,
      "options": [
        "Student Study Time (hours)",
        "Class Attendance (%)"
      ],
      "optionA": {
        "trial_id": "13",
        "task_id": "40",
        "values": "8.0, 80.0",
        "target_value": 76
      },
      "optionB": {
        "trial_id": "12",
        "task_id": "40",
        "values": "6.0, 70.0",
        "target_value": 69
      },
      "choice": {
        "button": "F",
        "selected_option": "OptionA"
      }
    },
    {
      "question": 41,
      "target": "Age (years)",
      "target_value": 65,
      "options": [
        "Tree Height (m)",
        "Trunk Diameter (cm)"
      ],
      "optionA": {
        "trial_id": "15",
        "task_id": "32",
        "values": "13.0, 38.0",
        "target_value": 65
      },
      "optionB": {
        "trial_id": "18",
        "task_id": "32",
        "values": "8.0, 23.0",
        "target_value": 35
      },
      "choice": {
        "button": "F",
        "selected_option": "OptionA"
      }
    },
    {
      "question": 42,
      "target": "Enjoyment Score",
      "target_value": 8,
      "options": [
        "Book Length (pages)",
        "Author Fame (1-10)"
      ],
      "optionA": {
        "trial_id": "1",
        "task_id": "29",
        "values": "200.0, 7.0",
        "target_value": 8
      },
      "optionB": {
        "trial_id": "13",
        "task_id": "29",
        "values": "180.0, 5.0",
        "target_value": 6.5
      },
      "choice": {
        "button": "F",
        "selected_option": "OptionA"
      }
    },
    {
      "question": 43,
      "target": "Deliciousness",
      "target_value": 65,
      "options": [
        "Cooking time",
        "Ingredients count"
      ],
      "optionA": {
        "trial_id": "14",
        "task_id": "27",
        "values": "10.0, 5.0",
        "target_value": 65
      },
      "optionB": {
        "trial_id": "10",
        "task_id": "27",
        "values": "30.0, 5.0",
        "target_value": 65
      },
      "choice": {
        "button": "J",
        "selected_option": "OptionB"
      }
    },
    {
      "question": 44,
      "target": "Muscle gain",
      "target_value": 1.7,
      "options": [
        "Minutes of exercise",
        "Protein intake"
      ],
      "optionA": {
        "trial_id": "7",
        "task_id": "59",
        "values": "50.0, 30.0",
        "target_value": 1.7
      },
      "optionB": {
        "trial_id": "5",
        "task_id": "59",
        "values": "20.0, 10.0",
        "target_value": 0.8
      },
      "choice": {
        "button": "F",
        "selected_option": "OptionA"
      }
    },
    {
      "question": 45,
      "target": "Performance Score",
      "target_value": 85,
      "options": [
        "Hours of Practice",
        "Natural Talent (1-10)"
      ],
      "optionA": {
        "trial_id": "18",
        "task_id": "78",
        "values": "10.0, 6.0",
        "target_value": 85
      },
      "optionB": {
        "trial_id": "1",
        "task_id": "78",
        "values": "10.0, 7.0",
        "target_value": 85
      },
      "choice": {
        "button": "J",
        "selected_option": "OptionB"
      }
    },
    {
      "question": 46,
      "target": "Natural Light",
      "target_value": 10,
      "options": [
        "Room Size",
        "Number of Windows"
      ],
      "optionA": {
        "trial_id": "16",
        "task_id": "53",
        "values": "310.0, 6.0",
        "target_value": 10
      },
      "optionB": {
        "trial_id": "9",
        "task_id": "53",
        "values": "250.0, 4.0",
        "target_value": 8
      },
      "choice": {
        "button": "F",
        "selected_option": "OptionA"
      }
    },
    {
      "question": 47,
      "target": "Warmth Rating",
      "target_value": 3.8,
      "options": [
        "Shirt Weight (g)",
        "Fabric Thickness (mm)"
      ],
      "optionA": {
        "trial_id": "5",
        "task_id": "31",
        "values": "180.0, 1.4",
        "target_value": 3.8
      },
      "optionB": {
        "trial_id": "11",
        "task_id": "31",
        "values": "210.0, 1.9",
        "target_value": 5.2
      },
      "choice": {
        "button": "J",
        "selected_option": "OptionB"
      }
    },
    {
      "question": 48,
      "target": "Taste Rating",
      "target_value": 7,
      "options": [
        "Number of Ingredients",
        "Cooking Time (minutes)"
      ],
      "optionA": {
        "trial_id": "15",
        "task_id": "14",
        "values": "6.0, 30.0",
        "target_value": 7
      },
      "optionB": {
        "trial_id": "12",
        "task_id": "14",
        "values": "6.0, 27.0",
        "target_value": 7
      },
      "choice": {
        "button": "F",
        "selected_option": "OptionA"
      }
    },
    {
      "question": 49,
      "target": "Speed (km/h)",
      "target_value": 195,
      "options": [
        "Engine Horsepower",
        "Weight (kg)"
      ],
      "optionA": {
        "trial_id": "11",
        "task_id": "47",
        "values": "220.0, 1500.0",
        "target_value": 195
      },
      "optionB": {
        "trial_id": "5",
        "task_id": "47",
        "values": "170.0, 1300.0",
        "target_value": 185
      },
      "choice": {
        "button": "F",
        "selected_option": "OptionA"
      }
    },
    {
      "question": 50,
      "target": "Comfort",
      "target_value": 80,
      "options": [
        "Shoe Weight",
        "Brand Reputation"
      ],
      "optionA": {
        "trial_id": "17",
        "task_id": "62",
        "values": "230.0, 6.0",
        "target_value": 80
      },
      "optionB": {
        "trial_id": "14",
        "task_id": "62",
        "values": "220.0, 6.0",
        "target_value": 80
      },
      "choice": {
        "button": "F",
        "selected_option": "OptionA"
      }
    }
  ]
}