{
  "prolific_id": "UNKNOWN",
  "condition_group": "ranking",
  "responses": [
    {
      "question": 1,
      "target": "Energy level (1-10)",
      "target_value": 5,
      "options": [
        "Hours of sleep",
        "Caffeine intake (mg)"
      ],
      "optionA": {
        "trial_id": "3",
        "task_id": "54",
        "values": "6.0, 150",
        "target_value": 5
      },
      "optionB": {
        "trial_id": "12",
        "task_id": "54",
        "values": "8.0, 60",
        "target_value": 7
      },
      "choice": {
        "button": "J",
        "selected_option": "OptionB"
      }
    },
    {
      "question": 2,
      "target": "House Price",
      "target_value": 300,
      "options": [
        "House Size",
        "Housing Age"
      ],
      "optionA": {
        "trial_id": "6",
        "task_id": "99",
        "values": "180.0, 12",
        "target_value": 300
      },
      "optionB": {
        "trial_id": "19",
        "task_id": "99",
        "values": "240.0, 9",
        "target_value": 380
      },
      "choice": {
        "button": "J",
        "selected_option": "OptionB"
      }
    },
    {
      "question": 3,
      "target": "Fuel efficiency (km/L)",
      "target_value": 15,
      "options": [
        "Car engine size (L)",
        "Car weight (kg)"
      ],
      "optionA": {
        "trial_id": "1",
        "task_id": "150",
        "values": "2.0, 1200.0",
        "target_value": 15
      },
      "optionB": {
        "trial_id": "5",
        "task_id": "150",
        "values": "3.0, 1600.0",
        "target_value": 10
      },
      "choice": {
        "button": "F",
        "selected_option": "OptionA"
      }
    },
    {
      "question": 4,
      "target": "Tree trunk volume (m³)",
      "target_value": 7,
      "options": [
        "Height (cm)",
        "Width (cm)"
      ],
      "optionA": {
        "trial_id": "18",
        "task_id": "162",
        "values": "220.0, 26",
        "target_value": 7
      },
      "optionB": {
        "trial_id": "2",
        "task_id": "162",
        "values": "180.0, 35",
        "target_value": 4
      },
      "choice": {
        "button": "J",
        "selected_option": "OptionB"
      }
    },
    {
      "question": 5,
      "target": "Value",
      "target_value": 6,
      "options": [
        "Price",
        "Size"
      ],
      "optionA": {
        "trial_id": "15",
        "task_id": "67",
        "values": "130.0, 60",
        "target_value": 6
      },
      "optionB": {
        "trial_id": "10",
        "task_id": "67",
        "values": "90.0, 30",
        "target_value": 6
      },
      "choice": {
        "button": "J",
        "selected_option": "OptionB"
      }
    },
    {
      "question": 6,
      "target": "Cost to travel",
      "target_value": 30,
      "options": [
        "Distance",
        "Speed"
      ],
      "optionA": {
        "trial_id": "9",
        "task_id": "124",
        "values": "60.0, 100.0",
        "target_value": 30
      },
      "optionB": {
        "trial_id": "12",
        "task_id": "124",
        "values": "190.0, 40.0",
        "target_value": 95
      },
      "choice": {
        "button": "J",
        "selected_option": "OptionB"
      }
    },
    {
      "question": 7,
      "target": "Tastiness",
      "target_value": 6,
      "options": [
        "Pizza size (inches)",
        "Cheese amount (g)"
      ],
      "optionA": {
        "trial_id": "18",
        "task_id": "121",
        "values": "14.0, 200",
        "target_value": 6
      },
      "optionB": {
        "trial_id": "15",
        "task_id": "121",
        "values": "18.0, 120",
        "target_value": 5
      },
      "choice": {
        "button": "F",
        "selected_option": "OptionA"
      }
    },
    {
      "question": 8,
      "target": "Energy Level (1-10)",
      "target_value": 4.5,
      "options": [
        "Dog Weight (lbs)",
        "Dog Age (years)"
      ],
      "optionA": {
        "trial_id": "13",
        "task_id": "36",
        "values": "27.0, 3.5",
        "target_value": 4.5
      },
      "optionB": {
        "trial_id": "2",
        "task_id": "36",
        "values": "30.0, 1.0",
        "target_value": 5
      },
      "choice": {
        "button": "J",
        "selected_option": "OptionB"
      }
    },
    {
      "question": 9,
      "target": "Comfort (1-10)",
      "target_value": 7,
      "options": [
        "Shoe Width (cm)",
        "Arch Support (1-10)"
      ],
      "optionA": {
        "trial_id": "20",
        "task_id": "7",
        "values": "10.0, 6",
        "target_value": 7
      },
      "optionB": {
        "trial_id": "12",
        "task_id": "7",
        "values": "10.0, 4",
        "target_value": 7
      },
      "choice": {
        "button": "F",
        "selected_option": "OptionA"
      }
    },
    {
      "question": "attention_check_9",
      "choice": "J",
      "passed": true,
      "timestamp": 1756720488368
    },
    {
      "question": 10,
      "target": "Weight loss",
      "target_value": 6,
      "options": [
        "Exercise intensity",
        "Exercise duration"
      ],
      "optionA": {
        "trial_id": "12",
        "task_id": "61",
        "values": "9.0, 35.0",
        "target_value": 6
      },
      "optionB": {
        "trial_id": "15",
        "task_id": "61",
        "values": "10.0, 30.0",
        "target_value": 6
      },
      "choice": {
        "button": "F",
        "selected_option": "OptionA"
      }
    },
    {
      "question": 11,
      "target": "Comfort level",
      "target_value": 6,
      "options": [
        "Room size",
        "Room furniture"
      ],
      "optionA": {
        "trial_id": "2",
        "task_id": "60",
        "values": "12.0, 3.0",
        "target_value": 6
      },
      "optionB": {
        "trial_id": "11",
        "task_id": "60",
        "values": "22.0, 1.0",
        "target_value": 11
      },
      "choice": {
        "button": "F",
        "selected_option": "OptionA"
      }
    },
    {
      "question": 12,
      "target": "Plant Health",
      "target_value": 7,
      "options": [
        "Plant Height",
        "Water Amount"
      ],
      "optionA": {
        "trial_id": "4",
        "task_id": "169",
        "values": "40.0, 2",
        "target_value": 7
      },
      "optionB": {
        "trial_id": "4",
        "task_id": "169",
        "values": "40.0, 2",
        "target_value": 7
      },
      "choice": {
        "button": "F",
        "selected_option": "OptionA"
      }
    },
    {
      "question": 13,
      "target": "Enjoyment",
      "target_value": 70,
      "options": [
        "Book pages",
        "Author fame"
      ],
      "optionA": {
        "trial_id": "6",
        "task_id": "84",
        "values": "180.0, 11",
        "target_value": 70
      },
      "optionB": {
        "trial_id": "14",
        "task_id": "84",
        "values": "530.0, 6",
        "target_value": 90
      },
      "choice": {
        "button": "J",
        "selected_option": "OptionB"
      }
    },
    {
      "question": 14,
      "target": "Comfort (1-10)",
      "target_value": 8,
      "options": [
        "Shoe Width (cm)",
        "Arch Support (1-10)"
      ],
      "optionA": {
        "trial_id": "7",
        "task_id": "7",
        "values": "9.0, 6",
        "target_value": 8
      },
      "optionB": {
        "trial_id": "12",
        "task_id": "7",
        "values": "10.0, 4",
        "target_value": 7
      },
      "choice": {
        "button": "F",
        "selected_option": "OptionA"
      }
    },
    {
      "question": 15,
      "target": "Plant Health",
      "target_value": 12,
      "options": [
        "Plant Height",
        "Water Amount"
      ],
      "optionA": {
        "trial_id": "14",
        "task_id": "169",
        "values": "90.0, 2",
        "target_value": 12
      },
      "optionB": {
        "trial_id": "10",
        "task_id": "169",
        "values": "70.0, 2",
        "target_value": 10
      },
      "choice": {
        "button": "F",
        "selected_option": "OptionA"
      }
    },
    {
      "question": 16,
      "target": "Taste Rating",
      "target_value": 5.5,
      "options": [
        "Coffee Amount",
        "Sugar Amount"
      ],
      "optionA": {
        "trial_id": "9",
        "task_id": "18",
        "values": "2.0, 1",
        "target_value": 5.5
      },
      "optionB": {
        "trial_id": "17",
        "task_id": "18",
        "values": "3.0, 0",
        "target_value": 5
      },
      "choice": {
        "button": "F",
        "selected_option": "OptionA"
      }
    },
    {
      "question": 17,
      "target": "Plant Health",
      "target_value": 11,
      "options": [
        "Plant Height",
        "Water Amount"
      ],
      "optionA": {
        "trial_id": "9",
        "task_id": "169",
        "values": "70.0, 1",
        "target_value": 11
      },
      "optionB": {
        "trial_id": "2",
        "task_id": "169",
        "values": "30.0, 2",
        "target_value": 6
      },
      "choice": {
        "button": "J",
        "selected_option": "OptionB"
      }
    },
    {
      "question": 18,
      "target": "Comfort level",
      "target_value": 6,
      "options": [
        "Room size",
        "Room furniture"
      ],
      "optionA": {
        "trial_id": "2",
        "task_id": "60",
        "values": "12.0, 3.0",
        "target_value": 6
      },
      "optionB": {
        "trial_id": "13",
        "task_id": "60",
        "values": "12.0, 4.0",
        "target_value": 5
      },
      "choice": {
        "button": "J",
        "selected_option": "OptionB"
      }
    },
    {
      "question": 19,
      "target": "Growth Rate (cm/week)",
      "target_value": 4,
      "options": [
        "Plant Height (cm)",
        "Sunlight (hours/day)"
      ],
      "optionA": {
        "trial_id": "5",
        "task_id": "4",
        "values": "20.0, 7",
        "target_value": 4
      },
      "optionB": {
        "trial_id": "2",
        "task_id": "4",
        "values": "40.0, 5",
        "target_value": 6
      },
      "choice": {
        "button": "J",
        "selected_option": "OptionB"
      }
    },
    {
      "question": "attention_check_19",
      "choice": "F",
      "passed": true,
      "timestamp": 1756720549420
    },
    {
      "question": 20,
      "target": "Energy boost",
      "target_value": 85,
      "options": [
        "Coffee strength",
        "Caffeine content"
      ],
      "optionA": {
        "trial_id": "15",
        "task_id": "85",
        "values": "2.0, 110",
        "target_value": 85
      },
      "optionB": {
        "trial_id": "15",
        "task_id": "85",
        "values": "2.0, 110",
        "target_value": 85
      },
      "choice": {
        "button": "F",
        "selected_option": "OptionA"
      }
    },
    {
      "question": 21,
      "target": "Energy Boost (1-10)",
      "target_value": 6,
      "options": [
        "Number of Calories",
        "Sugar (g)"
      ],
      "optionA": {
        "trial_id": "13",
        "task_id": "111",
        "values": "100.0, 12",
        "target_value": 6
      },
      "optionB": {
        "trial_id": "8",
        "task_id": "111",
        "values": "180.0, 12",
        "target_value": 3
      },
      "choice": {
        "button": "J",
        "selected_option": "OptionB"
      }
    },
    {
      "question": 22,
      "target": "Enjoyment",
      "target_value": 90,
      "options": [
        "Book pages",
        "Author fame"
      ],
      "optionA": {
        "trial_id": "4",
        "task_id": "84",
        "values": "450.0, 7",
        "target_value": 90
      },
      "optionB": {
        "trial_id": "19",
        "task_id": "84",
        "values": "150.0, 9",
        "target_value": 60
      },
      "choice": {
        "button": "F",
        "selected_option": "OptionA"
      }
    },
    {
      "question": 23,
      "target": "Exam score",
      "target_value": 70,
      "options": [
        "Time spent studying",
        "Time spent watching TV"
      ],
      "optionA": {
        "trial_id": "8",
        "task_id": "100",
        "values": "5.0, 3.0",
        "target_value": 70
      },
      "optionB": {
        "trial_id": "16",
        "task_id": "100",
        "values": "9.0, 1.0",
        "target_value": 98
      },
      "choice": {
        "button": "J",
        "selected_option": "OptionB"
      }
    },
    {
      "question": 24,
      "target": "Wait Time (minutes)",
      "target_value": 27,
      "options": [
        "Restaurant Size",
        "Restaurant Reviews"
      ],
      "optionA": {
        "trial_id": "17",
        "task_id": "74",
        "values": "115.0, 4.6",
        "target_value": 27
      },
      "optionB": {
        "trial_id": "20",
        "task_id": "74",
        "values": "115.0, 4.1",
        "target_value": 33
      },
      "choice": {
        "button": "J",
        "selected_option": "OptionB"
      }
    },
    {
      "question": 25,
      "target": "House price ($)",
      "target_value": 260000,
      "options": [
        "House size (sq ft)",
        "House age (years)"
      ],
      "optionA": {
        "trial_id": "18",
        "task_id": "155",
        "values": "2450.0, 19.0",
        "target_value": 260000
      },
      "optionB": {
        "trial_id": "8",
        "task_id": "155",
        "values": "2300.0, 18.0",
        "target_value": 250000
      },
      "choice": {
        "button": "F",
        "selected_option": "OptionA"
      }
    },
    {
      "question": 26,
      "target": "Nutritional Value",
      "target_value": 50,
      "options": [
        "Weight",
        "Calories"
      ],
      "optionA": {
        "trial_id": "16",
        "task_id": "136",
        "values": "140.0, 150.0",
        "target_value": 50
      },
      "optionB": {
        "trial_id": "9",
        "task_id": "136",
        "values": "90.0, 100.0",
        "target_value": 80
      },
      "choice": {
        "button": "F",
        "selected_option": "OptionA"
      }
    },
    {
      "question": 27,
      "target": "Fuel Efficiency",
      "target_value": 33,
      "options": [
        "Car Engine Size",
        "Car Weight"
      ],
      "optionA": {
        "trial_id": "11",
        "task_id": "168",
        "values": "1.6, 3700",
        "target_value": 33
      },
      "optionB": {
        "trial_id": "12",
        "task_id": "105",
        "values": "2.6, 1700",
        "target_value": 15
      },
      "choice": {
        "button": "J",
        "selected_option": "OptionB"
      }
    },
    {
      "question": 28,
      "target": "House Price",
      "target_value": 300,
      "options": [
        "House Size",
        "Housing Age"
      ],
      "optionA": {
        "trial_id": "9",
        "task_id": "99",
        "values": "180.0, 12",
        "target_value": 300
      },
      "optionB": {
        "trial_id": "17",
        "task_id": "99",
        "values": "190.0, 11",
        "target_value": 320
      },
      "choice": {
        "button": "J",
        "selected_option": "OptionB"
      }
    },
    {
      "question": 29,
      "target": "App Performance",
      "target_value": 4,
      "options": [
        "Phone RAM",
        "Phone Storage"
      ],
      "optionA": {
        "trial_id": "4",
        "task_id": "170",
        "values": "6.0, 128",
        "target_value": 4
      },
      "optionB": {
        "trial_id": "10",
        "task_id": "170",
        "values": "16.0, 128",
        "target_value": 7
      },
      "choice": {
        "button": "J",
        "selected_option": "OptionB"
      }
    },
    {
      "question": "attention_check_29",
      "choice": "J",
      "passed": true,
      "timestamp": 1756720609334
    },
    {
      "question": 30,
      "target": "Taste Rating",
      "target_value": 5.5,
      "options": [
        "Coffee Amount",
        "Sugar Amount"
      ],
      "optionA": {
        "trial_id": "12",
        "task_id": "18",
        "values": "4.0, 3",
        "target_value": 5.5
      },
      "optionB": {
        "trial_id": "15",
        "task_id": "18",
        "values": "2.0, 3",
        "target_value": 6
      },
      "choice": {
        "button": "F",
        "selected_option": "OptionA"
      }
    },
    {
      "question": 31,
      "target": "Quality",
      "target_value": 80,
      "options": [
        "Price",
        "Size"
      ],
      "optionA": {
        "trial_id": "1",
        "task_id": "21",
        "values": "100.0, 5.0",
        "target_value": 80
      },
      "optionB": {
        "trial_id": "5",
        "task_id": "21",
        "values": "130.0, 7.0",
        "target_value": 70
      },
      "choice": {
        "button": "J",
        "selected_option": "OptionB"
      }
    },
    {
      "question": 32,
      "target": "Dog Obedience Score",
      "target_value": 9.2,
      "options": [
        "Dog Training Hours",
        "Dog Distractions"
      ],
      "optionA": {
        "trial_id": "18",
        "task_id": "12",
        "values": "16.0, 0",
        "target_value": 9.2
      },
      "optionB": {
        "trial_id": "7",
        "task_id": "12",
        "values": "8.0, 4",
        "target_value": 7.8
      },
      "choice": {
        "button": "F",
        "selected_option": "OptionA"
      }
    },
    {
      "question": 33,
      "target": "Morning Alertness",
      "target_value": 6,
      "options": [
        "Hours of Sleep",
        "Number of Alarms"
      ],
      "optionA": {
        "trial_id": "2",
        "task_id": "160",
        "values": "6.0, 2",
        "target_value": 6
      },
      "optionB": {
        "trial_id": "1",
        "task_id": "160",
        "values": "7.0, 1",
        "target_value": 8
      },
      "choice": {
        "button": "J",
        "selected_option": "OptionB"
      }
    },
    {
      "question": 34,
      "target": "App Performance",
      "target_value": 4,
      "options": [
        "Phone RAM",
        "Phone Storage"
      ],
      "optionA": {
        "trial_id": "16",
        "task_id": "170",
        "values": "6.0, 128",
        "target_value": 4
      },
      "optionB": {
        "trial_id": "11",
        "task_id": "170",
        "values": "2.0, 64",
        "target_value": 2
      },
      "choice": {
        "button": "F",
        "selected_option": "OptionA"
      }
    },
    {
      "question": 35,
      "target": "Exam score (%)",
      "target_value": 70,
      "options": [
        "Student study hours per week",
        "Student age (years)"
      ],
      "optionA": {
        "trial_id": "14",
        "task_id": "144",
        "values": "3.0, 16",
        "target_value": 70
      },
      "optionB": {
        "trial_id": "4",
        "task_id": "144",
        "values": "4.0, 15",
        "target_value": 72
      },
      "choice": {
        "button": "F",
        "selected_option": "OptionA"
      }
    },
    {
      "question": 36,
      "target": "Fuel efficiency (km/l)",
      "target_value": 15,
      "options": [
        "Car weight (kg)",
        "Engine size (cc)"
      ],
      "optionA": {
        "trial_id": "1",
        "task_id": "153",
        "values": "1200.0, 1600.0",
        "target_value": 15
      },
      "optionB": {
        "trial_id": "15",
        "task_id": "153",
        "values": "1350.0, 1450.0",
        "target_value": 13.5
      },
      "choice": {
        "button": "J",
        "selected_option": "OptionB"
      }
    },
    {
      "question": 37,
      "target": "Shade Area (sq ft)",
      "target_value": 130,
      "options": [
        "Tree Height (ft)",
        "Tree Diameter (in)"
      ],
      "optionA": {
        "trial_id": "11",
        "task_id": "33",
        "values": "45.0, 11.0",
        "target_value": 130
      },
      "optionB": {
        "trial_id": "20",
        "task_id": "33",
        "values": "75.0, 6.0",
        "target_value": 220
      },
      "choice": {
        "button": "F",
        "selected_option": "OptionA"
      }
    },
    {
      "question": 38,
      "target": "Cooking Time (minutes)",
      "target_value": 14,
      "options": [
        "Number of Ingredients",
        "Prep Time (minutes)"
      ],
      "optionA": {
        "trial_id": "11",
        "task_id": "26",
        "values": "4.0, 8.0",
        "target_value": 14
      },
      "optionB": {
        "trial_id": "12",
        "task_id": "26",
        "values": "6.0, 10.0",
        "target_value": 12
      },
      "choice": {
        "button": "J",
        "selected_option": "OptionB"
      }
    },
    {
      "question": 39,
      "target": "Fuel consumption (liters per 100km)",
      "target_value": 6.3,
      "options": [
        "Car engine size (liters)",
        "Car weight (kg)"
      ],
      "optionA": {
        "trial_id": "20",
        "task_id": "113",
        "values": "1.4, 1750",
        "target_value": 6.3
      },
      "optionB": {
        "trial_id": "7",
        "task_id": "113",
        "values": "2.2, 1600",
        "target_value": 7.8
      },
      "choice": {
        "button": "J",
        "selected_option": "OptionB"
      }
    },
    {
      "question": "attention_check_39",
      "choice": "F",
      "passed": true,
      "timestamp": 1756720665859
    },
    {
      "question": 40,
      "target": "Flower production",
      "target_value": 26,
      "options": [
        "Plant height",
        "Plant width"
      ],
      "optionA": {
        "trial_id": "8",
        "task_id": "63",
        "values": "130.0, 4.0",
        "target_value": 26
      },
      "optionB": {
        "trial_id": "2",
        "task_id": "63",
        "values": "80.0, 6.0",
        "target_value": 16
      },
      "choice": {
        "button": "F",
        "selected_option": "OptionA"
      }
    },
    {
      "question": 41,
      "target": "Bike Speed",
      "target_value": 23,
      "options": [
        "Bike Weight",
        "Bike Frame Size"
      ],
      "optionA": {
        "trial_id": "10",
        "task_id": "106",
        "values": "12.0, 20",
        "target_value": 23
      },
      "optionB": {
        "trial_id": "20",
        "task_id": "106",
        "values": "11.0, 19",
        "target_value": 24
      },
      "choice": {
        "button": "J",
        "selected_option": "OptionB"
      }
    },
    {
      "question": 42,
      "target": "Speed on Flat Ground",
      "target_value": 22,
      "options": [
        "Bike Weight",
        "Wheel Size"
      ],
      "optionA": {
        "trial_id": "2",
        "task_id": "30",
        "values": "12.0, 29.0",
        "target_value": 22
      },
      "optionB": {
        "trial_id": "13",
        "task_id": "30",
        "values": "9.0, 26.0",
        "target_value": 27
      },
      "choice": {
        "button": "F",
        "selected_option": "OptionA"
      }
    },
    {
      "question": 43,
      "target": "Rent (per month)",
      "target_value": 1200,
      "options": [
        "Distance from center (km)",
        "Size (m²)"
      ],
      "optionA": {
        "trial_id": "1",
        "task_id": "53",
        "values": "5.0, 50",
        "target_value": 1200
      },
      "optionB": {
        "trial_id": "19",
        "task_id": "53",
        "values": "3.0, 30",
        "target_value": 1300
      },
      "choice": {
        "button": "J",
        "selected_option": "OptionB"
      }
    },
    {
      "question": 44,
      "target": "Energy Level (scale 1-10)",
      "target_value": 5,
      "options": [
        "Age (years)",
        "Number of Pets"
      ],
      "optionA": {
        "trial_id": "4",
        "task_id": "165",
        "values": "4.0, 2",
        "target_value": 5
      },
      "optionB": {
        "trial_id": "7",
        "task_id": "165",
        "values": "8.0, 2",
        "target_value": 3
      },
      "choice": {
        "button": "F",
        "selected_option": "OptionA"
      }
    },
    {
      "question": 45,
      "target": "Rent (per month)",
      "target_value": 1200,
      "options": [
        "Distance from center (km)",
        "Size (m²)"
      ],
      "optionA": {
        "trial_id": "15",
        "task_id": "53",
        "values": "5.0, 60",
        "target_value": 1200
      },
      "optionB": {
        "trial_id": "10",
        "task_id": "53",
        "values": "3.0, 60",
        "target_value": 1400
      },
      "choice": {
        "button": "J",
        "selected_option": "OptionB"
      }
    },
    {
      "question": 46,
      "target": "Fuel Efficiency (km/l)",
      "target_value": 11,
      "options": [
        "Car Engine Size (liters)",
        "Weight (kg)"
      ],
      "optionA": {
        "trial_id": "16",
        "task_id": "103",
        "values": "2.5, 1350.0",
        "target_value": 11
      },
      "optionB": {
        "trial_id": "8",
        "task_id": "103",
        "values": "2.8, 1500.0",
        "target_value": 10
      },
      "choice": {
        "button": "F",
        "selected_option": "OptionA"
      }
    },
    {
      "question": 47,
      "target": "Distance Traveled",
      "target_value": 550,
      "options": [
        "Speed",
        "Comfort"
      ],
      "optionA": {
        "trial_id": "11",
        "task_id": "129",
        "values": "110.0, 2.0",
        "target_value": 550
      },
      "optionB": {
        "trial_id": "4",
        "task_id": "129",
        "values": "65.0, 7.0",
        "target_value": 325
      },
      "choice": {
        "button": "F",
        "selected_option": "OptionA"
      }
    },
    {
      "question": 48,
      "target": "Reliability",
      "target_value": 80,
      "options": [
        "Car age",
        "Maintenance cost"
      ],
      "optionA": {
        "trial_id": "12",
        "task_id": "83",
        "values": "5.0, 1000",
        "target_value": 80
      },
      "optionB": {
        "trial_id": "5",
        "task_id": "83",
        "values": "10.0, 500",
        "target_value": 50
      },
      "choice": {
        "button": "J",
        "selected_option": "OptionB"
      }
    },
    {
      "question": 49,
      "target": "Morning alertness (1-10)",
      "target_value": 9,
      "options": [
        "Amount of sleep (hours)",
        "Time to bed (minutes past 10pm)"
      ],
      "optionA": {
        "trial_id": "20",
        "task_id": "96",
        "values": "9.0, 15",
        "target_value": 9
      },
      "optionB": {
        "trial_id": "1",
        "task_id": "96",
        "values": "8.0, 30",
        "target_value": 8
      },
      "choice": {
        "button": "F",
        "selected_option": "OptionA"
      }
    },
    {
      "question": 50,
      "target": "Battery life",
      "target_value": 20,
      "options": [
        "Phone battery",
        "Phone size"
      ],
      "optionA": {
        "trial_id": "8",
        "task_id": "62",
        "values": "3000.0, 22.0",
        "target_value": 20
      },
      "optionB": {
        "trial_id": "8",
        "task_id": "62",
        "values": "3000.0, 22.0",
        "target_value": 20
      },
      "choice": {
        "button": "F",
        "selected_option": "OptionA"
      }
    }
  ]
}