{
  "prolific_id": "UNKNOWN",
  "condition_group": "ranking",
  "responses": [
    {
      "question": 1,
      "target": "Reading Enjoyment",
      "target_value": 16,
      "options": [
        "Book Length",
        "Author Fame"
      ],
      "optionA": {
        "trial_id": "18",
        "task_id": "131",
        "values": "1200.0, 0.25",
        "target_value": 16
      },
      "optionB": {
        "trial_id": "14",
        "task_id": "131",
        "values": "1000.0, 1.0",
        "target_value": 14
      },
      "choice": {
        "button": "J",
        "selected_option": "OptionB"
      }
    },
    {
      "question": 2,
      "target": "Job Success",
      "target_value": 5,
      "options": [
        "Age",
        "Experience"
      ],
      "optionA": {
        "trial_id": "9",
        "task_id": "133",
        "values": "50.0, 1.0",
        "target_value": 5
      },
      "optionB": {
        "trial_id": "6",
        "task_id": "133",
        "values": "45.0, 2.0",
        "target_value": 5.5
      },
      "choice": {
        "button": "J",
        "selected_option": "OptionB"
      }
    },
    {
      "question": 3,
      "target": "Fuel Efficiency (km/L)",
      "target_value": 11,
      "options": [
        "Car Weight (kg)",
        "Engine Power (hp)"
      ],
      "optionA": {
        "trial_id": "19",
        "task_id": "3",
        "values": "1400.0, 150",
        "target_value": 11
      },
      "optionB": {
        "trial_id": "12",
        "task_id": "3",
        "values": "1300.0, 150",
        "target_value": 12
      },
      "choice": {
        "button": "J",
        "selected_option": "OptionB"
      }
    },
    {
      "question": 4,
      "target": "Water Usage (ml/day)",
      "target_value": 170,
      "options": [
        "Plant Height",
        "Plant Leaves"
      ],
      "optionA": {
        "trial_id": "6",
        "task_id": "73",
        "values": "45.0, 13.0",
        "target_value": 170
      },
      "optionB": {
        "trial_id": "4",
        "task_id": "73",
        "values": "35.0, 10.0",
        "target_value": 160
      },
      "choice": {
        "button": "J",
        "selected_option": "OptionB"
      }
    },
    {
      "question": 5,
      "target": "Freshness",
      "target_value": 8,
      "options": [
        "Cooking Time",
        "Ingredients"
      ],
      "optionA": {
        "trial_id": "19",
        "task_id": "19",
        "values": "25.0, 7.0",
        "target_value": 8
      },
      "optionB": {
        "trial_id": "16",
        "task_id": "19",
        "values": "25.0, 5.0",
        "target_value": 8
      },
      "choice": {
        "button": "F",
        "selected_option": "OptionA"
      }
    },
    {
      "question": 6,
      "target": "Reliability",
      "target_value": 85,
      "options": [
        "Car age",
        "Maintenance cost"
      ],
      "optionA": {
        "trial_id": "14",
        "task_id": "83",
        "values": "3.0, 1600",
        "target_value": 85
      },
      "optionB": {
        "trial_id": "9",
        "task_id": "83",
        "values": "2.0, 2000",
        "target_value": 95
      },
      "choice": {
        "button": "F",
        "selected_option": "OptionA"
      }
    },
    {
      "question": 7,
      "target": "Heating cost (per month)",
      "target_value": 270,
      "options": [
        "House size (sqm)",
        "Number of windows"
      ],
      "optionA": {
        "trial_id": "7",
        "task_id": "151",
        "values": "80.0, 7.0",
        "target_value": 270
      },
      "optionB": {
        "trial_id": "4",
        "task_id": "151",
        "values": "110.0, 6.0",
        "target_value": 320
      },
      "choice": {
        "button": "J",
        "selected_option": "OptionB"
      }
    },
    {
      "question": 8,
      "target": "Bicycle Speed",
      "target_value": 20,
      "options": [
        "Bicycle Weight",
        "Bicycle Price"
      ],
      "optionA": {
        "trial_id": "2",
        "task_id": "39",
        "values": "12.0, 450",
        "target_value": 20
      },
      "optionB": {
        "trial_id": "1",
        "task_id": "39",
        "values": "10.0, 500",
        "target_value": 25
      },
      "choice": {
        "button": "J",
        "selected_option": "OptionB"
      }
    },
    {
      "question": 9,
      "target": "Favorability",
      "target_value": 6,
      "options": [
        "Coffee strength",
        "Coffee cream"
      ],
      "optionA": {
        "trial_id": "3",
        "task_id": "57",
        "values": "7.0, 0.7",
        "target_value": 6
      },
      "optionB": {
        "trial_id": "10",
        "task_id": "57",
        "values": "3.0, 0.7",
        "target_value": 2
      },
      "choice": {
        "button": "F",
        "selected_option": "OptionA"
      }
    },
    {
      "question": "attention_check_9",
      "choice": "J",
      "passed": true,
      "timestamp": 1756154576547
    },
    {
      "question": 10,
      "target": "Fuel Efficiency",
      "target_value": 29,
      "options": [
        "Car Engine Size",
        "Car Weight"
      ],
      "optionA": {
        "trial_id": "17",
        "task_id": "168",
        "values": "2.4, 3400",
        "target_value": 29
      },
      "optionB": {
        "trial_id": "15",
        "task_id": "168",
        "values": "1.5, 3600",
        "target_value": 34
      },
      "choice": {
        "button": "J",
        "selected_option": "OptionB"
      }
    },
    {
      "question": 11,
      "target": "Battery Life (hours)",
      "target_value": 15,
      "options": [
        "Phone Battery Capacity (mAh)",
        "Phone Weight (g)"
      ],
      "optionA": {
        "trial_id": "10",
        "task_id": "34",
        "values": "6500.0, 120.0",
        "target_value": 15
      },
      "optionB": {
        "trial_id": "13",
        "task_id": "34",
        "values": "4500.0, 145.0",
        "target_value": 10.5
      },
      "choice": {
        "button": "F",
        "selected_option": "OptionA"
      }
    },
    {
      "question": 12,
      "target": "Exam Score",
      "target_value": 105,
      "options": [
        "Student Study Time",
        "Student Sleep Hours"
      ],
      "optionA": {
        "trial_id": "14",
        "task_id": "38",
        "values": "10.0, 2",
        "target_value": 105
      },
      "optionB": {
        "trial_id": "4",
        "task_id": "38",
        "values": "5.0, 7",
        "target_value": 80
      },
      "choice": {
        "button": "J",
        "selected_option": "OptionB"
      }
    },
    {
      "question": 13,
      "target": "Quality",
      "target_value": 70,
      "options": [
        "Price",
        "Size"
      ],
      "optionA": {
        "trial_id": "5",
        "task_id": "21",
        "values": "130.0, 7.0",
        "target_value": 70
      },
      "optionB": {
        "trial_id": "18",
        "task_id": "67",
        "values": "110.0, 50",
        "target_value": 7
      },
      "choice": {
        "button": "F",
        "selected_option": "OptionA"
      }
    },
    {
      "question": 14,
      "target": "Battery life",
      "target_value": 10,
      "options": [
        "Battery capacity",
        "Weight"
      ],
      "optionA": {
        "trial_id": "2",
        "task_id": "75",
        "values": "4000.0, 250",
        "target_value": 10
      },
      "optionB": {
        "trial_id": "17",
        "task_id": "75",
        "values": "5000.0, 250",
        "target_value": 12
      },
      "choice": {
        "button": "J",
        "selected_option": "OptionB"
      }
    },
    {
      "question": 15,
      "target": "Exam Score",
      "target_value": 80,
      "options": [
        "Study Time (hours)",
        "Difficulty Level (1-10)"
      ],
      "optionA": {
        "trial_id": "2",
        "task_id": "128",
        "values": "4.0, 5",
        "target_value": 80
      },
      "optionB": {
        "trial_id": "10",
        "task_id": "128",
        "values": "4.0, 2",
        "target_value": 80
      },
      "choice": {
        "button": "J",
        "selected_option": "OptionB"
      }
    },
    {
      "question": 16,
      "target": "Tastiness",
      "target_value": 5,
      "options": [
        "Pizza size (inches)",
        "Cheese amount (g)"
      ],
      "optionA": {
        "trial_id": "15",
        "task_id": "121",
        "values": "18.0, 120",
        "target_value": 5
      },
      "optionB": {
        "trial_id": "6",
        "task_id": "121",
        "values": "12.0, 170",
        "target_value": 6
      },
      "choice": {
        "button": "J",
        "selected_option": "OptionB"
      }
    },
    {
      "question": 17,
      "target": "Distance Traveled",
      "target_value": 600,
      "options": [
        "Speed",
        "Comfort"
      ],
      "optionA": {
        "trial_id": "13",
        "task_id": "129",
        "values": "120.0, 1.0",
        "target_value": 600
      },
      "optionB": {
        "trial_id": "7",
        "task_id": "129",
        "values": "90.0, 4.0",
        "target_value": 450
      },
      "choice": {
        "button": "J",
        "selected_option": "OptionB"
      }
    },
    {
      "question": 18,
      "target": "Weight loss",
      "target_value": 3,
      "options": [
        "Exercise intensity",
        "Exercise duration"
      ],
      "optionA": {
        "trial_id": "9",
        "task_id": "61",
        "values": "6.0, 60.0",
        "target_value": 3
      },
      "optionB": {
        "trial_id": "10",
        "task_id": "61",
        "values": "4.0, 70.0",
        "target_value": 2
      },
      "choice": {
        "button": "F",
        "selected_option": "OptionA"
      }
    },
    {
      "question": 19,
      "target": "Endurance",
      "target_value": 65,
      "options": [
        "Age",
        "Height"
      ],
      "optionA": {
        "trial_id": "9",
        "task_id": "123",
        "values": "50.0, 150.0",
        "target_value": 65
      },
      "optionB": {
        "trial_id": "3",
        "task_id": "123",
        "values": "30.0, 180.0",
        "target_value": 75
      },
      "choice": {
        "button": "J",
        "selected_option": "OptionB"
      }
    },
    {
      "question": "attention_check_19",
      "choice": "J",
      "passed": false,
      "timestamp": 1756154747776
    },
    {
      "question": 20,
      "target": "Taste Rating (scale 1-10)",
      "target_value": 8,
      "options": [
        "Number of Ingredients",
        "Cooking Time (minutes)"
      ],
      "optionA": {
        "trial_id": "7",
        "task_id": "167",
        "values": "9.0, 30",
        "target_value": 8
      },
      "optionB": {
        "trial_id": "6",
        "task_id": "167",
        "values": "9.0, 30",
        "target_value": 8
      },
      "choice": {
        "button": "F",
        "selected_option": "OptionA"
      }
    },
    {
      "question": 21,
      "target": "Taste Score",
      "target_value": 7.6,
      "options": [
        "Cooking Time",
        "Spice Level"
      ],
      "optionA": {
        "trial_id": "4",
        "task_id": "130",
        "values": "30.0, 5.0",
        "target_value": 7.6
      },
      "optionB": {
        "trial_id": "18",
        "task_id": "130",
        "values": "65.0, 12.0",
        "target_value": 5.8
      },
      "choice": {
        "button": "J",
        "selected_option": "OptionB"
      }
    },
    {
      "question": 22,
      "target": "Phone price ($)",
      "target_value": 540,
      "options": [
        "Phone battery capacity (mAh)",
        "Phone screen size (inches)"
      ],
      "optionA": {
        "trial_id": "16",
        "task_id": "154",
        "values": "5200.0, 5.7",
        "target_value": 540
      },
      "optionB": {
        "trial_id": "9",
        "task_id": "154",
        "values": "4100.0, 6.0",
        "target_value": 610
      },
      "choice": {
        "button": "J",
        "selected_option": "OptionB"
      }
    },
    {
      "question": 23,
      "target": "Shadow coverage",
      "target_value": 70,
      "options": [
        "Tree height",
        "Tree thickness"
      ],
      "optionA": {
        "trial_id": "16",
        "task_id": "58",
        "values": "9.0, 4.0",
        "target_value": 70
      },
      "optionB": {
        "trial_id": "7",
        "task_id": "58",
        "values": "15.0, 2.0",
        "target_value": 85
      },
      "choice": {
        "button": "F",
        "selected_option": "OptionA"
      }
    },
    {
      "question": 24,
      "target": "Exam score",
      "target_value": 64,
      "options": [
        "Study hours",
        "Intelligence score"
      ],
      "optionA": {
        "trial_id": "14",
        "task_id": "122",
        "values": "1.0, 110.0",
        "target_value": 64
      },
      "optionB": {
        "trial_id": "1",
        "task_id": "122",
        "values": "5.0, 70.0",
        "target_value": 80
      },
      "choice": {
        "button": "F",
        "selected_option": "OptionA"
      }
    },
    {
      "question": 25,
      "target": "Height (cm)",
      "target_value": 10,
      "options": [
        "Age of the plant (weeks)",
        "Water given (ml/day)"
      ],
      "optionA": {
        "trial_id": "7",
        "task_id": "91",
        "values": "3.0, 600",
        "target_value": 10
      },
      "optionB": {
        "trial_id": "13",
        "task_id": "91",
        "values": "6.0, 300",
        "target_value": 17
      },
      "choice": {
        "button": "F",
        "selected_option": "OptionA"
      }
    },
    {
      "question": 26,
      "target": "Commute time (minutes)",
      "target_value": 32,
      "options": [
        "Distance to work (miles)",
        "Number of traffic lights"
      ],
      "optionA": {
        "trial_id": "15",
        "task_id": "95",
        "values": "6.0, 12",
        "target_value": 32
      },
      "optionB": {
        "trial_id": "7",
        "task_id": "95",
        "values": "6.0, 9",
        "target_value": 31
      },
      "choice": {
        "button": "F",
        "selected_option": "OptionA"
      }
    },
    {
      "question": 27,
      "target": "Cost to travel",
      "target_value": 30,
      "options": [
        "Distance",
        "Speed"
      ],
      "optionA": {
        "trial_id": "9",
        "task_id": "124",
        "values": "60.0, 100.0",
        "target_value": 30
      },
      "optionB": {
        "trial_id": "20",
        "task_id": "124",
        "values": "290.0, 20.0",
        "target_value": 145
      },
      "choice": {
        "button": "J",
        "selected_option": "OptionB"
      }
    },
    {
      "question": 28,
      "target": "Lighting (lux)",
      "target_value": 550,
      "options": [
        "Room size (m2)",
        "Number of windows"
      ],
      "optionA": {
        "trial_id": "20",
        "task_id": "115",
        "values": "18.0, 4",
        "target_value": 550
      },
      "optionB": {
        "trial_id": "11",
        "task_id": "115",
        "values": "28.0, 2",
        "target_value": 720
      },
      "choice": {
        "button": "F",
        "selected_option": "OptionA"
      }
    },
    {
      "question": 29,
      "target": "Energy Boost (1-10)",
      "target_value": 5,
      "options": [
        "Number of Calories",
        "Sugar (g)"
      ],
      "optionA": {
        "trial_id": "14",
        "task_id": "111",
        "values": "120.0, 14",
        "target_value": 5
      },
      "optionB": {
        "trial_id": "5",
        "task_id": "111",
        "values": "140.0, 6",
        "target_value": 5
      },
      "choice": {
        "button": "J",
        "selected_option": "OptionB"
      }
    },
    {
      "question": "attention_check_29",
      "choice": "J",
      "passed": true,
      "timestamp": 1756154917549
    },
    {
      "question": 30,
      "target": "Muscle gain",
      "target_value": 70,
      "options": [
        "Exercise intensity",
        "Water intake"
      ],
      "optionA": {
        "trial_id": "16",
        "task_id": "86",
        "values": "6.0, 4",
        "target_value": 70
      },
      "optionB": {
        "trial_id": "17",
        "task_id": "86",
        "values": "8.0, 1",
        "target_value": 85
      },
      "choice": {
        "button": "F",
        "selected_option": "OptionA"
      }
    },
    {
      "question": 31,
      "target": "Fatigue (1-10)",
      "target_value": 3,
      "options": [
        "Exercise Duration (min)",
        "Rest Time (min)"
      ],
      "optionA": {
        "trial_id": "11",
        "task_id": "2",
        "values": "20.0, 5",
        "target_value": 3
      },
      "optionB": {
        "trial_id": "18",
        "task_id": "2",
        "values": "45.0, 15",
        "target_value": 7
      },
      "choice": {
        "button": "F",
        "selected_option": "OptionA"
      }
    },
    {
      "question": 32,
      "target": "Comfort Level",
      "target_value": 5,
      "options": [
        "Room Size",
        "Lighting"
      ],
      "optionA": {
        "trial_id": "10",
        "task_id": "132",
        "values": "45.0, 1.0",
        "target_value": 5
      },
      "optionB": {
        "trial_id": "8",
        "task_id": "132",
        "values": "40.0, 1.5",
        "target_value": 5.5
      },
      "choice": {
        "button": "J",
        "selected_option": "OptionB"
      }
    },
    {
      "question": 33,
      "target": "Taste Rating (scale 1-10)",
      "target_value": 8,
      "options": [
        "Number of Ingredients",
        "Cooking Time (minutes)"
      ],
      "optionA": {
        "trial_id": "18",
        "task_id": "167",
        "values": "9.0, 30",
        "target_value": 8
      },
      "optionB": {
        "trial_id": "10",
        "task_id": "167",
        "values": "13.0, 50",
        "target_value": 5
      },
      "choice": {
        "button": "J",
        "selected_option": "OptionB"
      }
    },
    {
      "question": 34,
      "target": "Battery Life",
      "target_value": 18,
      "options": [
        "Phone Battery Capacity",
        "Screen Size"
      ],
      "optionA": {
        "trial_id": "17",
        "task_id": "28",
        "values": "4000.0, 6.3",
        "target_value": 18
      },
      "optionB": {
        "trial_id": "11",
        "task_id": "28",
        "values": "4200.0, 5.9",
        "target_value": 20
      },
      "choice": {
        "button": "J",
        "selected_option": "OptionB"
      }
    },
    {
      "question": 35,
      "target": "Warmth Rating (1-10)",
      "target_value": 8,
      "options": [
        "Shirt Thickness (mm)",
        "Shirt Weight (g)"
      ],
      "optionA": {
        "trial_id": "3",
        "task_id": "35",
        "values": "3.0, 140.0",
        "target_value": 8
      },
      "optionB": {
        "trial_id": "3",
        "task_id": "35",
        "values": "3.0, 140.0",
        "target_value": 8
      },
      "choice": {
        "button": "J",
        "selected_option": "OptionB"
      }
    },
    {
      "question": 36,
      "target": "Fuel Efficiency (km per liter)",
      "target_value": 11,
      "options": [
        "Car Engine Size (in liters)",
        "Car Weight (in kg)"
      ],
      "optionA": {
        "trial_id": "19",
        "task_id": "173",
        "values": "2.3, 1400",
        "target_value": 11
      },
      "optionB": {
        "trial_id": "7",
        "task_id": "173",
        "values": "3.0, 1600",
        "target_value": 8
      },
      "choice": {
        "button": "F",
        "selected_option": "OptionA"
      }
    },
    {
      "question": 37,
      "target": "Reliability",
      "target_value": 60,
      "options": [
        "Car age",
        "Maintenance cost"
      ],
      "optionA": {
        "trial_id": "20",
        "task_id": "83",
        "values": "8.0, 800",
        "target_value": 60
      },
      "optionB": {
        "trial_id": "17",
        "task_id": "83",
        "values": "1.0, 2500",
        "target_value": 100
      },
      "choice": {
        "button": "F",
        "selected_option": "OptionA"
      }
    },
    {
      "question": 38,
      "target": "Restaurant Rating",
      "target_value": 5.4,
      "options": [
        "Restaurant Menu Variety",
        "Restaurant Wait Time"
      ],
      "optionA": {
        "trial_id": "19",
        "task_id": "11",
        "values": "100.0, 0",
        "target_value": 5.4
      },
      "optionB": {
        "trial_id": "19",
        "task_id": "11",
        "values": "100.0, 0",
        "target_value": 5.4
      },
      "choice": {
        "button": "F",
        "selected_option": "OptionA"
      }
    },
    {
      "question": 39,
      "target": "Battery life",
      "target_value": 8,
      "options": [
        "Battery capacity",
        "Weight"
      ],
      "optionA": {
        "trial_id": "6",
        "task_id": "75",
        "values": "3000.0, 300",
        "target_value": 8
      },
      "optionB": {
        "trial_id": "20",
        "task_id": "75",
        "values": "5000.0, 320",
        "target_value": 12
      },
      "choice": {
        "button": "J",
        "selected_option": "OptionB"
      }
    },
    {
      "question": "attention_check_39",
      "choice": "F",
      "passed": true,
      "timestamp": 1756155067174
    },
    {
      "question": 40,
      "target": "Taste Score",
      "target_value": 7.2,
      "options": [
        "Cooking Time",
        "Spice Level"
      ],
      "optionA": {
        "trial_id": "7",
        "task_id": "130",
        "values": "35.0, 8.0",
        "target_value": 7.2
      },
      "optionB": {
        "trial_id": "14",
        "task_id": "130",
        "values": "55.0, 10.0",
        "target_value": 6.3
      },
      "choice": {
        "button": "J",
        "selected_option": "OptionB"
      }
    },
    {
      "question": 41,
      "target": "Garden yield (kg)",
      "target_value": 55,
      "options": [
        "Amount of fertilizer (grams)",
        "Rainfall (mm/week)"
      ],
      "optionA": {
        "trial_id": "3",
        "task_id": "92",
        "values": "250.0, 80",
        "target_value": 55
      },
      "optionB": {
        "trial_id": "4",
        "task_id": "92",
        "values": "200.0, 120",
        "target_value": 50
      },
      "choice": {
        "button": "J",
        "selected_option": "OptionB"
      }
    },
    {
      "question": 42,
      "target": "Flower Size (inches)",
      "target_value": 6,
      "options": [
        "Plant Height (inches)",
        "Plant Width (inches)"
      ],
      "optionA": {
        "trial_id": "7",
        "task_id": "152",
        "values": "16.0, 4.0",
        "target_value": 6
      },
      "optionB": {
        "trial_id": "10",
        "task_id": "152",
        "values": "11.0, 7.0",
        "target_value": 3
      },
      "choice": {
        "button": "J",
        "selected_option": "OptionB"
      }
    },
    {
      "question": 43,
      "target": "Enjoyment",
      "target_value": 65,
      "options": [
        "Book pages",
        "Author fame"
      ],
      "optionA": {
        "trial_id": "20",
        "task_id": "84",
        "values": "130.0, 10",
        "target_value": 65
      },
      "optionB": {
        "trial_id": "8",
        "task_id": "84",
        "values": "380.0, 6",
        "target_value": 80
      },
      "choice": {
        "button": "F",
        "selected_option": "OptionA"
      }
    },
    {
      "question": 44,
      "target": "Energy level (1-10)",
      "target_value": 7,
      "options": [
        "Hours of sleep",
        "Caffeine intake (mg)"
      ],
      "optionA": {
        "trial_id": "5",
        "task_id": "54",
        "values": "8.0, 80",
        "target_value": 7
      },
      "optionB": {
        "trial_id": "12",
        "task_id": "54",
        "values": "8.0, 60",
        "target_value": 7
      },
      "choice": {
        "button": "F",
        "selected_option": "OptionA"
      }
    },
    {
      "question": 45,
      "target": "Height (cm)",
      "target_value": 11,
      "options": [
        "Age of the plant (weeks)",
        "Water given (ml/day)"
      ],
      "optionA": {
        "trial_id": "6",
        "task_id": "91",
        "values": "3.0, 600",
        "target_value": 11
      },
      "optionB": {
        "trial_id": "16",
        "task_id": "91",
        "values": "5.0, 400",
        "target_value": 14
      },
      "choice": {
        "button": "J",
        "selected_option": "OptionB"
      }
    },
    {
      "question": 46,
      "target": "Post reach (people)",
      "target_value": 4000,
      "options": [
        "Number of likes (count)",
        "Time posted (hours ago)"
      ],
      "optionA": {
        "trial_id": "2",
        "task_id": "93",
        "values": "800.0, 4",
        "target_value": 4000
      },
      "optionB": {
        "trial_id": "14",
        "task_id": "93",
        "values": "1200.0, 3",
        "target_value": 6000
      },
      "choice": {
        "button": "J",
        "selected_option": "OptionB"
      }
    },
    {
      "question": 47,
      "target": "Exam score",
      "target_value": 70,
      "options": [
        "Study time",
        "Hours slept"
      ],
      "optionA": {
        "trial_id": "10",
        "task_id": "102",
        "values": "2.0, 9",
        "target_value": 70
      },
      "optionB": {
        "trial_id": "10",
        "task_id": "102",
        "values": "2.0, 9",
        "target_value": 70
      },
      "choice": {
        "button": "F",
        "selected_option": "OptionA"
      }
    },
    {
      "question": 48,
      "target": "Lighting (lux)",
      "target_value": 590,
      "options": [
        "Room size (m2)",
        "Number of windows"
      ],
      "optionA": {
        "trial_id": "10",
        "task_id": "115",
        "values": "20.0, 2",
        "target_value": 590
      },
      "optionB": {
        "trial_id": "9",
        "task_id": "115",
        "values": "22.0, 1",
        "target_value": 620
      },
      "choice": {
        "button": "F",
        "selected_option": "OptionA"
      }
    },
    {
      "question": 49,
      "target": "Nutritional Value",
      "target_value": 85,
      "options": [
        "Weight",
        "Calories"
      ],
      "optionA": {
        "trial_id": "13",
        "task_id": "136",
        "values": "80.0, 90.0",
        "target_value": 85
      },
      "optionB": {
        "trial_id": "1",
        "task_id": "136",
        "values": "100.0, 150.0",
        "target_value": 70
      },
      "choice": {
        "button": "F",
        "selected_option": "OptionA"
      }
    },
    {
      "question": 50,
      "target": "Warmth Rating (1-10)",
      "target_value": 7,
      "options": [
        "Shirt Thickness (mm)",
        "Shirt Weight (g)"
      ],
      "optionA": {
        "trial_id": "4",
        "task_id": "35",
        "values": "2.0, 150.0",
        "target_value": 7
      },
      "optionB": {
        "trial_id": "9",
        "task_id": "35",
        "values": "6.0, 110.0",
        "target_value": 11
      },
      "choice": {
        "button": "J",
        "selected_option": "OptionB"
      }
    }
  ]
}