{
  "prolific_id": "UNKNOWN",
  "condition_group": "ranking",
  "responses": [
    {
      "question": 1,
      "target": "Enjoyment (1-10)",
      "target_value": 6,
      "options": [
        "Book Thickness (cm)",
        "Author Fame (1-10)"
      ],
      "optionA": {
        "trial_id": "20",
        "task_id": "1",
        "values": "6.0, 5",
        "target_value": 6
      },
      "optionB": {
        "trial_id": "10",
        "task_id": "1",
        "values": "5.0, 6",
        "target_value": 8
      },
      "choice": {
        "button": "J",
        "selected_option": "OptionB"
      }
    },
    {
      "question": 2,
      "target": "Enjoyment (1-10)",
      "target_value": 6,
      "options": [
        "Book Thickness (cm)",
        "Author Fame (1-10)"
      ],
      "optionA": {
        "trial_id": "17",
        "task_id": "1",
        "values": "5.0, 8",
        "target_value": 6
      },
      "optionB": {
        "trial_id": "3",
        "task_id": "1",
        "values": "2.0, 9",
        "target_value": 5
      },
      "choice": {
        "button": "J",
        "selected_option": "OptionB"
      }
    },
    {
      "question": 3,
      "target": "BMI",
      "target_value": 27,
      "options": [
        "Height (inches)",
        "Weight (lbs)"
      ],
      "optionA": {
        "trial_id": "11",
        "task_id": "158",
        "values": "71.0, 190.0",
        "target_value": 27
      },
      "optionB": {
        "trial_id": "6",
        "task_id": "158",
        "values": "67.0, 180.0",
        "target_value": 30.8
      },
      "choice": {
        "button": "F",
        "selected_option": "OptionA"
      }
    },
    {
      "question": 4,
      "target": "Energy Boost (scale 1-10)",
      "target_value": 7,
      "options": [
        "Coffee Strength (scale 1-10)",
        "Caffeine Content (mg)"
      ],
      "optionA": {
        "trial_id": "8",
        "task_id": "24",
        "values": "10.0, 90",
        "target_value": 7
      },
      "optionB": {
        "trial_id": "6",
        "task_id": "24",
        "values": "7.0, 110",
        "target_value": 6
      },
      "choice": {
        "button": "J",
        "selected_option": "OptionB"
      }
    },
    {
      "question": 5,
      "target": "Fuel Efficiency",
      "target_value": 33,
      "options": [
        "Car Engine Size",
        "Car Weight"
      ],
      "optionA": {
        "trial_id": "11",
        "task_id": "168",
        "values": "1.6, 3700",
        "target_value": 33
      },
      "optionB": {
        "trial_id": "12",
        "task_id": "168",
        "values": "1.6, 3900",
        "target_value": 30
      },
      "choice": {
        "button": "F",
        "selected_option": "OptionA"
      }
    },
    {
      "question": 6,
      "target": "Growth Rate (cm/week)",
      "target_value": 5,
      "options": [
        "Plant Height (cm)",
        "Sunlight (hours/day)"
      ],
      "optionA": {
        "trial_id": "14",
        "task_id": "4",
        "values": "30.0, 6",
        "target_value": 5
      },
      "optionB": {
        "trial_id": "17",
        "task_id": "4",
        "values": "20.0, 5",
        "target_value": 3
      },
      "choice": {
        "button": "F",
        "selected_option": "OptionA"
      }
    },
    {
      "question": 7,
      "target": "Enjoyment",
      "target_value": 80,
      "options": [
        "Book pages",
        "Author fame"
      ],
      "optionA": {
        "trial_id": "16",
        "task_id": "84",
        "values": "330.0, 7",
        "target_value": 80
      },
      "optionB": {
        "trial_id": "17",
        "task_id": "84",
        "values": "700.0, 3",
        "target_value": 95
      },
      "choice": {
        "button": "F",
        "selected_option": "OptionA"
      }
    },
    {
      "question": 8,
      "target": "Restaurant Rating",
      "target_value": 3.2,
      "options": [
        "Restaurant Menu Variety",
        "Restaurant Wait Time"
      ],
      "optionA": {
        "trial_id": "12",
        "task_id": "11",
        "values": "10.0, 40",
        "target_value": 3.2
      },
      "optionB": {
        "trial_id": "16",
        "task_id": "11",
        "values": "70.0, 5",
        "target_value": 4.8
      },
      "choice": {
        "button": "J",
        "selected_option": "OptionB"
      }
    },
    {
      "question": 9,
      "target": "Shadow coverage",
      "target_value": 55,
      "options": [
        "Tree height",
        "Tree thickness"
      ],
      "optionA": {
        "trial_id": "14",
        "task_id": "58",
        "values": "5.0, 6.0",
        "target_value": 55
      },
      "optionB": {
        "trial_id": "7",
        "task_id": "58",
        "values": "15.0, 2.0",
        "target_value": 85
      },
      "choice": {
        "button": "F",
        "selected_option": "OptionA"
      }
    },
    {
      "question": "attention_check_9",
      "choice": "J",
      "passed": true,
      "timestamp": 1756154542875
    },
    {
      "question": 10,
      "target": "Tastiness",
      "target_value": 6,
      "options": [
        "Pizza size (inches)",
        "Cheese amount (g)"
      ],
      "optionA": {
        "trial_id": "13",
        "task_id": "121",
        "values": "10.0, 180",
        "target_value": 6
      },
      "optionB": {
        "trial_id": "11",
        "task_id": "121",
        "values": "14.0, 160",
        "target_value": 6
      },
      "choice": {
        "button": "F",
        "selected_option": "OptionA"
      }
    },
    {
      "question": 11,
      "target": "Post reach (people)",
      "target_value": 6500,
      "options": [
        "Number of likes (count)",
        "Time posted (hours ago)"
      ],
      "optionA": {
        "trial_id": "8",
        "task_id": "93",
        "values": "1300.0, 1",
        "target_value": 6500
      },
      "optionB": {
        "trial_id": "12",
        "task_id": "93",
        "values": "900.0, 6",
        "target_value": 4500
      },
      "choice": {
        "button": "F",
        "selected_option": "OptionA"
      }
    },
    {
      "question": 12,
      "target": "Freshness",
      "target_value": 5,
      "options": [
        "Cooking Time",
        "Ingredients"
      ],
      "optionA": {
        "trial_id": "5",
        "task_id": "19",
        "values": "45.0, 3.0",
        "target_value": 5
      },
      "optionB": {
        "trial_id": "1",
        "task_id": "19",
        "values": "30.0, 5.0",
        "target_value": 7
      },
      "choice": {
        "button": "F",
        "selected_option": "OptionA"
      }
    },
    {
      "question": 13,
      "target": "User Satisfaction",
      "target_value": 8.5,
      "options": [
        "Smartphone Price",
        "Battery Capacity"
      ],
      "optionA": {
        "trial_id": "10",
        "task_id": "31",
        "values": "600.0, 3800.0",
        "target_value": 8.5
      },
      "optionB": {
        "trial_id": "14",
        "task_id": "31",
        "values": "700.0, 3300.0",
        "target_value": 8.2
      },
      "choice": {
        "button": "F",
        "selected_option": "OptionA"
      }
    },
    {
      "question": 14,
      "target": "Cost to travel",
      "target_value": 70,
      "options": [
        "Distance",
        "Speed"
      ],
      "optionA": {
        "trial_id": "8",
        "task_id": "124",
        "values": "140.0, 50.0",
        "target_value": 70
      },
      "optionB": {
        "trial_id": "6",
        "task_id": "124",
        "values": "70.0, 90.0",
        "target_value": 35
      },
      "choice": {
        "button": "F",
        "selected_option": "OptionA"
      }
    },
    {
      "question": 15,
      "target": "Battery Life",
      "target_value": 20,
      "options": [
        "Phone Battery Capacity",
        "Phone Weight"
      ],
      "optionA": {
        "trial_id": "5",
        "task_id": "171",
        "values": "5000.0, 180",
        "target_value": 20
      },
      "optionB": {
        "trial_id": "20",
        "task_id": "171",
        "values": "12000.0, 200",
        "target_value": 46
      },
      "choice": {
        "button": "J",
        "selected_option": "OptionB"
      }
    },
    {
      "question": 16,
      "target": "Post reach (people)",
      "target_value": 4000,
      "options": [
        "Number of likes (count)",
        "Time posted (hours ago)"
      ],
      "optionA": {
        "trial_id": "2",
        "task_id": "93",
        "values": "800.0, 4",
        "target_value": 4000
      },
      "optionB": {
        "trial_id": "20",
        "task_id": "93",
        "values": "1300.0, 1",
        "target_value": 6500
      },
      "choice": {
        "button": "J",
        "selected_option": "OptionB"
      }
    },
    {
      "question": 17,
      "target": "Heart rate",
      "target_value": 73,
      "options": [
        "Age",
        "Exercise hours"
      ],
      "optionA": {
        "trial_id": "10",
        "task_id": "77",
        "values": "45.0, 3",
        "target_value": 73
      },
      "optionB": {
        "trial_id": "8",
        "task_id": "77",
        "values": "60.0, 1",
        "target_value": 80
      },
      "choice": {
        "button": "F",
        "selected_option": "OptionA"
      }
    },
    {
      "question": 18,
      "target": "Speed (km/h)",
      "target_value": 27,
      "options": [
        "Bicycle weight (kg)",
        "Wheel size (inches)"
      ],
      "optionA": {
        "trial_id": "11",
        "task_id": "119",
        "values": "8.0, 29",
        "target_value": 27
      },
      "optionB": {
        "trial_id": "2",
        "task_id": "119",
        "values": "12.0, 27",
        "target_value": 24
      },
      "choice": {
        "button": "F",
        "selected_option": "OptionA"
      }
    },
    {
      "question": 19,
      "target": "Portability",
      "target_value": 7,
      "options": [
        "Battery Life",
        "Weight"
      ],
      "optionA": {
        "trial_id": "11",
        "task_id": "68",
        "values": "30.0, 600",
        "target_value": 7
      },
      "optionB": {
        "trial_id": "13",
        "task_id": "68",
        "values": "22.0, 500",
        "target_value": 8
      },
      "choice": {
        "button": "F",
        "selected_option": "OptionA"
      }
    },
    {
      "question": "attention_check_19",
      "choice": "F",
      "passed": true,
      "timestamp": 1756154629777
    },
    {
      "question": 20,
      "target": "Height (cm)",
      "target_value": 13,
      "options": [
        "Age of the plant (weeks)",
        "Water given (ml/day)"
      ],
      "optionA": {
        "trial_id": "9",
        "task_id": "91",
        "values": "4.0, 500",
        "target_value": 13
      },
      "optionB": {
        "trial_id": "1",
        "task_id": "91",
        "values": "4.0, 500",
        "target_value": 12
      },
      "choice": {
        "button": "F",
        "selected_option": "OptionA"
      }
    },
    {
      "question": 21,
      "target": "Exam Score (points)",
      "target_value": 75,
      "options": [
        "Study Time (hours)",
        "Distractions (number)"
      ],
      "optionA": {
        "trial_id": "20",
        "task_id": "23",
        "values": "5.0, 1",
        "target_value": 75
      },
      "optionB": {
        "trial_id": "17",
        "task_id": "23",
        "values": "7.0, 1",
        "target_value": 88
      },
      "choice": {
        "button": "J",
        "selected_option": "OptionB"
      }
    },
    {
      "question": 22,
      "target": "Fuel Efficiency (km/L)",
      "target_value": 12,
      "options": [
        "Car Weight (kg)",
        "Engine Power (hp)"
      ],
      "optionA": {
        "trial_id": "12",
        "task_id": "3",
        "values": "1300.0, 150",
        "target_value": 12
      },
      "optionB": {
        "trial_id": "17",
        "task_id": "3",
        "values": "1500.0, 140",
        "target_value": 12
      },
      "choice": {
        "button": "F",
        "selected_option": "OptionA"
      }
    },
    {
      "question": 23,
      "target": "Shade Area (sq ft)",
      "target_value": 160,
      "options": [
        "Tree Height (ft)",
        "Tree Diameter (in)"
      ],
      "optionA": {
        "trial_id": "13",
        "task_id": "33",
        "values": "55.0, 9.0",
        "target_value": 160
      },
      "optionB": {
        "trial_id": "15",
        "task_id": "33",
        "values": "65.0, 7.0",
        "target_value": 190
      },
      "choice": {
        "button": "F",
        "selected_option": "OptionA"
      }
    },
    {
      "question": 24,
      "target": "Speed on Flat Ground",
      "target_value": 27,
      "options": [
        "Bike Weight",
        "Wheel Size"
      ],
      "optionA": {
        "trial_id": "13",
        "task_id": "30",
        "values": "9.0, 26.0",
        "target_value": 27
      },
      "optionB": {
        "trial_id": "14",
        "task_id": "30",
        "values": "14.0, 29.0",
        "target_value": 19
      },
      "choice": {
        "button": "F",
        "selected_option": "OptionA"
      }
    },
    {
      "question": 25,
      "target": "Bike Speed",
      "target_value": 25,
      "options": [
        "Bike Weight",
        "Bike Frame Size"
      ],
      "optionA": {
        "trial_id": "1",
        "task_id": "106",
        "values": "10.0, 19",
        "target_value": 25
      },
      "optionB": {
        "trial_id": "4",
        "task_id": "106",
        "values": "11.0, 19",
        "target_value": 24
      },
      "choice": {
        "button": "F",
        "selected_option": "OptionA"
      }
    },
    {
      "question": 26,
      "target": "Tastiness",
      "target_value": 5,
      "options": [
        "Pizza size (inches)",
        "Cheese amount (g)"
      ],
      "optionA": {
        "trial_id": "15",
        "task_id": "121",
        "values": "18.0, 120",
        "target_value": 5
      },
      "optionB": {
        "trial_id": "8",
        "task_id": "121",
        "values": "18.0, 140",
        "target_value": 5
      },
      "choice": {
        "button": "J",
        "selected_option": "OptionB"
      }
    },
    {
      "question": 27,
      "target": "Cooking time (minutes)",
      "target_value": 22,
      "options": [
        "Number of ingredients",
        "Prep time (minutes)"
      ],
      "optionA": {
        "trial_id": "7",
        "task_id": "140",
        "values": "7.0, 5",
        "target_value": 22
      },
      "optionB": {
        "trial_id": "17",
        "task_id": "140",
        "values": "9.0, 7",
        "target_value": 27
      },
      "choice": {
        "button": "J",
        "selected_option": "OptionB"
      }
    },
    {
      "question": 28,
      "target": "BMI",
      "target_value": 25.7,
      "options": [
        "Height",
        "Weight"
      ],
      "optionA": {
        "trial_id": "4",
        "task_id": "17",
        "values": "165.0, 70",
        "target_value": 25.7
      },
      "optionB": {
        "trial_id": "18",
        "task_id": "17",
        "values": "165.0, 80",
        "target_value": 29.6
      },
      "choice": {
        "button": "J",
        "selected_option": "OptionB"
      }
    },
    {
      "question": 29,
      "target": "Market value",
      "target_value": 250,
      "options": [
        "House size",
        "House floors"
      ],
      "optionA": {
        "trial_id": "6",
        "task_id": "64",
        "values": "160.0, 4.0",
        "target_value": 250
      },
      "optionB": {
        "trial_id": "16",
        "task_id": "64",
        "values": "190.0, 3.0",
        "target_value": 290
      },
      "choice": {
        "button": "F",
        "selected_option": "OptionA"
      }
    },
    {
      "question": "attention_check_29",
      "choice": "J",
      "passed": true,
      "timestamp": 1756154706188
    },
    {
      "question": 30,
      "target": "Strength",
      "target_value": 9,
      "options": [
        "Tea leaves (g)",
        "Water temperature (°C)"
      ],
      "optionA": {
        "trial_id": "13",
        "task_id": "120",
        "values": "4.0, 98",
        "target_value": 9
      },
      "optionB": {
        "trial_id": "7",
        "task_id": "120",
        "values": "7.0, 80",
        "target_value": 6
      },
      "choice": {
        "button": "J",
        "selected_option": "OptionB"
      }
    },
    {
      "question": 31,
      "target": "Exam Score (points)",
      "target_value": 82,
      "options": [
        "Study Time (hours)",
        "Distractions (number)"
      ],
      "optionA": {
        "trial_id": "18",
        "task_id": "23",
        "values": "6.0, 2",
        "target_value": 82
      },
      "optionB": {
        "trial_id": "12",
        "task_id": "23",
        "values": "5.0, 2",
        "target_value": 70
      },
      "choice": {
        "button": "F",
        "selected_option": "OptionA"
      }
    },
    {
      "question": 32,
      "target": "Cooking Time (minutes)",
      "target_value": 12,
      "options": [
        "Number of Ingredients",
        "Prep Time (minutes)"
      ],
      "optionA": {
        "trial_id": "12",
        "task_id": "26",
        "values": "6.0, 10.0",
        "target_value": 12
      },
      "optionB": {
        "trial_id": "3",
        "task_id": "26",
        "values": "8.0, 15.0",
        "target_value": 18
      },
      "choice": {
        "button": "J",
        "selected_option": "OptionB"
      }
    },
    {
      "question": 33,
      "target": "Exam Score (points)",
      "target_value": 85,
      "options": [
        "Study Time (hours)",
        "Distractions (number)"
      ],
      "optionA": {
        "trial_id": "3",
        "task_id": "23",
        "values": "6.0, 1",
        "target_value": 85
      },
      "optionB": {
        "trial_id": "12",
        "task_id": "23",
        "values": "5.0, 2",
        "target_value": 70
      },
      "choice": {
        "button": "F",
        "selected_option": "OptionA"
      }
    },
    {
      "question": 34,
      "target": "Customer Rating (1-10)",
      "target_value": 6,
      "options": [
        "Price ($)",
        "Weight (oz)"
      ],
      "optionA": {
        "trial_id": "15",
        "task_id": "108",
        "values": "15.0, 14",
        "target_value": 6
      },
      "optionB": {
        "trial_id": "9",
        "task_id": "108",
        "values": "18.0, 12",
        "target_value": 6
      },
      "choice": {
        "button": "F",
        "selected_option": "OptionA"
      }
    },
    {
      "question": 35,
      "target": "Freshness",
      "target_value": 8,
      "options": [
        "Cooking Time",
        "Ingredients"
      ],
      "optionA": {
        "trial_id": "3",
        "task_id": "19",
        "values": "25.0, 4.0",
        "target_value": 8
      },
      "optionB": {
        "trial_id": "16",
        "task_id": "65",
        "values": "25.0, 5",
        "target_value": 8
      },
      "choice": {
        "button": "J",
        "selected_option": "OptionB"
      }
    },
    {
      "question": 36,
      "target": "Time to Destination (hours)",
      "target_value": 2.5,
      "options": [
        "Car Speed (mph)",
        "Fuel Efficiency (mpg)"
      ],
      "optionA": {
        "trial_id": "4",
        "task_id": "32",
        "values": "50.0, 30.0",
        "target_value": 2.5
      },
      "optionB": {
        "trial_id": "18",
        "task_id": "32",
        "values": "85.0, 16.0",
        "target_value": 1.1
      },
      "choice": {
        "button": "J",
        "selected_option": "OptionB"
      }
    },
    {
      "question": 37,
      "target": "Energy Level (scale 1-10)",
      "target_value": 5,
      "options": [
        "Age (years)",
        "Number of Pets"
      ],
      "optionA": {
        "trial_id": "5",
        "task_id": "165",
        "values": "6.0, 3",
        "target_value": 5
      },
      "optionB": {
        "trial_id": "8",
        "task_id": "165",
        "values": "5.0, 1",
        "target_value": 4
      },
      "choice": {
        "button": "J",
        "selected_option": "OptionB"
      }
    },
    {
      "question": 38,
      "target": "Resale value (in $)",
      "target_value": 12000,
      "options": [
        "Age of car (years)",
        "Mileage (km)"
      ],
      "optionA": {
        "trial_id": "5",
        "task_id": "55",
        "values": "6.0, 60000",
        "target_value": 12000
      },
      "optionB": {
        "trial_id": "6",
        "task_id": "55",
        "values": "5.0, 55000",
        "target_value": 13000
      },
      "choice": {
        "button": "J",
        "selected_option": "OptionB"
      }
    },
    {
      "question": 39,
      "target": "Enjoyment",
      "target_value": 90,
      "options": [
        "Book pages",
        "Author fame"
      ],
      "optionA": {
        "trial_id": "14",
        "task_id": "84",
        "values": "530.0, 6",
        "target_value": 90
      },
      "optionB": {
        "trial_id": "9",
        "task_id": "84",
        "values": "600.0, 4",
        "target_value": 90
      },
      "choice": {
        "button": "F",
        "selected_option": "OptionA"
      }
    },
    {
      "question": "attention_check_39",
      "choice": "F",
      "passed": true,
      "timestamp": 1756154766671
    },
    {
      "question": 40,
      "target": "BMI",
      "target_value": 24.9,
      "options": [
        "Height",
        "Weight"
      ],
      "optionA": {
        "trial_id": "11",
        "task_id": "17",
        "values": "170.0, 72",
        "target_value": 24.9
      },
      "optionB": {
        "trial_id": "19",
        "task_id": "17",
        "values": "160.0, 68",
        "target_value": 27.3
      },
      "choice": {
        "button": "F",
        "selected_option": "OptionA"
      }
    },
    {
      "question": 41,
      "target": "Mobile Phone Performance",
      "target_value": 65,
      "options": [
        "Mobile Phone RAM",
        "Mobile Phone Battery Size"
      ],
      "optionA": {
        "trial_id": "2",
        "task_id": "40",
        "values": "6.0, 3500",
        "target_value": 65
      },
      "optionB": {
        "trial_id": "16",
        "task_id": "40",
        "values": "20.0, 2800",
        "target_value": 100
      },
      "choice": {
        "button": "J",
        "selected_option": "OptionB"
      }
    },
    {
      "question": 42,
      "target": "Battery life (hours)",
      "target_value": 7.3,
      "options": [
        "Laptop weight (kg)",
        "Screen size (inches)"
      ],
      "optionA": {
        "trial_id": "17",
        "task_id": "118",
        "values": "1.6, 14",
        "target_value": 7.3
      },
      "optionB": {
        "trial_id": "16",
        "task_id": "118",
        "values": "1.3, 13",
        "target_value": 7.2
      },
      "choice": {
        "button": "J",
        "selected_option": "OptionB"
      }
    },
    {
      "question": 43,
      "target": "Cooking time (minutes)",
      "target_value": 25,
      "options": [
        "Number of ingredients",
        "Prep time (minutes)"
      ],
      "optionA": {
        "trial_id": "12",
        "task_id": "140",
        "values": "5.0, 10",
        "target_value": 25
      },
      "optionB": {
        "trial_id": "19",
        "task_id": "140",
        "values": "5.0, 12",
        "target_value": 25
      },
      "choice": {
        "button": "J",
        "selected_option": "OptionB"
      }
    },
    {
      "question": 44,
      "target": "Fuel Cost",
      "target_value": 3.64,
      "options": [
        "Distance (km)",
        "Fuel Efficiency (km/L)"
      ],
      "optionA": {
        "trial_id": "16",
        "task_id": "70",
        "values": "40.0, 11",
        "target_value": 3.64
      },
      "optionB": {
        "trial_id": "5",
        "task_id": "70",
        "values": "60.0, 10",
        "target_value": 6
      },
      "choice": {
        "button": "J",
        "selected_option": "OptionB"
      }
    },
    {
      "question": 45,
      "target": "House price (thousands)",
      "target_value": 350,
      "options": [
        "House size (m2)",
        "Number of bedrooms"
      ],
      "optionA": {
        "trial_id": "18",
        "task_id": "117",
        "values": "120.0, 5",
        "target_value": 350
      },
      "optionB": {
        "trial_id": "8",
        "task_id": "117",
        "values": "100.0, 5",
        "target_value": 320
      },
      "choice": {
        "button": "F",
        "selected_option": "OptionA"
      }
    },
    {
      "question": 46,
      "target": "Flower Size",
      "target_value": 4,
      "options": [
        "Plant Height",
        "Number of Leaves"
      ],
      "optionA": {
        "trial_id": "3",
        "task_id": "80",
        "values": "28.0, 14",
        "target_value": 4
      },
      "optionB": {
        "trial_id": "15",
        "task_id": "80",
        "values": "29.0, 12",
        "target_value": 5
      },
      "choice": {
        "button": "F",
        "selected_option": "OptionA"
      }
    },
    {
      "question": 47,
      "target": "Fuel Cost",
      "target_value": 3.85,
      "options": [
        "Distance (km)",
        "Fuel Efficiency (km/L)"
      ],
      "optionA": {
        "trial_id": "19",
        "task_id": "70",
        "values": "50.0, 13",
        "target_value": 3.85
      },
      "optionB": {
        "trial_id": "10",
        "task_id": "70",
        "values": "60.0, 15",
        "target_value": 4
      },
      "choice": {
        "button": "F",
        "selected_option": "OptionA"
      }
    },
    {
      "question": 48,
      "target": "Flower blooming time",
      "target_value": 5,
      "options": [
        "Hours of sunlight",
        "Humidity"
      ],
      "optionA": {
        "trial_id": "12",
        "task_id": "101",
        "values": "5.0, 85.0",
        "target_value": 5
      },
      "optionB": {
        "trial_id": "12",
        "task_id": "101",
        "values": "5.0, 85.0",
        "target_value": 5
      },
      "choice": {
        "button": "J",
        "selected_option": "OptionB"
      }
    },
    {
      "question": 49,
      "target": "Engagement rate (%)",
      "target_value": 5,
      "options": [
        "Number of followers (count)",
        "Time posted (hours ago)"
      ],
      "optionA": {
        "trial_id": "14",
        "task_id": "98",
        "values": "1200.0, 3",
        "target_value": 5
      },
      "optionB": {
        "trial_id": "1",
        "task_id": "98",
        "values": "1000.0, 2",
        "target_value": 5
      },
      "choice": {
        "button": "J",
        "selected_option": "OptionB"
      }
    },
    {
      "question": 50,
      "target": "Taste Score",
      "target_value": 7.6,
      "options": [
        "Cooking Time",
        "Spice Level"
      ],
      "optionA": {
        "trial_id": "4",
        "task_id": "130",
        "values": "30.0, 5.0",
        "target_value": 7.6
      },
      "optionB": {
        "trial_id": "1",
        "task_id": "130",
        "values": "20.0, 5.0",
        "target_value": 8
      },
      "choice": {
        "button": "F",
        "selected_option": "OptionA"
      }
    }
  ]
}