{
  "prolific_id": "UNKNOWN",
  "condition_group": "ranking",
  "responses": [
    {
      "question": 1,
      "target": "Taste Rating",
      "target_value": 9,
      "options": [
        "Number of Ingredients",
        "Prep Time (min)"
      ],
      "optionA": {
        "trial_id": "13",
        "task_id": "148",
        "values": "4.0, 15.0",
        "target_value": 9
      },
      "optionB": {
        "trial_id": "17",
        "task_id": "148",
        "values": "3.0, 10.0",
        "target_value": 10
      },
      "choice": {
        "button": "F",
        "selected_option": "OptionA"
      }
    },
    {
      "question": 2,
      "target": "Physical Endurance",
      "target_value": 5,
      "options": [
        "Age",
        "Height"
      ],
      "optionA": {
        "trial_id": "7",
        "task_id": "135",
        "values": "50.0, 185.0",
        "target_value": 5
      },
      "optionB": {
        "trial_id": "1",
        "task_id": "135",
        "values": "30.0, 180.0",
        "target_value": 7.5
      },
      "choice": {
        "button": "J",
        "selected_option": "OptionB"
      }
    },
    {
      "question": 3,
      "target": "Plant Health",
      "target_value": 7,
      "options": [
        "Plant Height",
        "Water Amount"
      ],
      "optionA": {
        "trial_id": "1",
        "task_id": "169",
        "values": "30.0, 1",
        "target_value": 7
      },
      "optionB": {
        "trial_id": "16",
        "task_id": "169",
        "values": "100.0, 2",
        "target_value": 13
      },
      "choice": {
        "button": "F",
        "selected_option": "OptionA"
      }
    },
    {
      "question": 4,
      "target": "Comfort",
      "target_value": 7,
      "options": [
        "Age",
        "Size"
      ],
      "optionA": {
        "trial_id": "1",
        "task_id": "66",
        "values": "5.0, 20",
        "target_value": 7
      },
      "optionB": {
        "trial_id": "1",
        "task_id": "66",
        "values": "5.0, 20",
        "target_value": 7
      },
      "choice": {
        "button": "J",
        "selected_option": "OptionB"
      }
    },
    {
      "question": 5,
      "target": "Exam Score",
      "target_value": 88,
      "options": [
        "Study Time (hours)",
        "Intelligence Score"
      ],
      "optionA": {
        "trial_id": "8",
        "task_id": "157",
        "values": "7.0, 55.0",
        "target_value": 88
      },
      "optionB": {
        "trial_id": "18",
        "task_id": "157",
        "values": "5.0, 65.0",
        "target_value": 82
      },
      "choice": {
        "button": "F",
        "selected_option": "OptionA"
      }
    },
    {
      "question": 6,
      "target": "Popularity",
      "target_value": 82,
      "options": [
        "Book age",
        "Page count"
      ],
      "optionA": {
        "trial_id": "11",
        "task_id": "134",
        "values": "6.0, 300",
        "target_value": 82
      },
      "optionB": {
        "trial_id": "9",
        "task_id": "134",
        "values": "5.0, 340",
        "target_value": 83
      },
      "choice": {
        "button": "F",
        "selected_option": "OptionA"
      }
    },
    {
      "question": 7,
      "target": "App Performance",
      "target_value": 6,
      "options": [
        "Phone RAM",
        "Phone Storage"
      ],
      "optionA": {
        "trial_id": "7",
        "task_id": "170",
        "values": "12.0, 64",
        "target_value": 6
      },
      "optionB": {
        "trial_id": "13",
        "task_id": "170",
        "values": "4.0, 64",
        "target_value": 3
      },
      "choice": {
        "button": "F",
        "selected_option": "OptionA"
      }
    },
    {
      "question": 8,
      "target": "Fuel efficiency (km/L)",
      "target_value": 17,
      "options": [
        "Car engine size (L)",
        "Car weight (kg)"
      ],
      "optionA": {
        "trial_id": "11",
        "task_id": "150",
        "values": "1.8, 1250.0",
        "target_value": 17
      },
      "optionB": {
        "trial_id": "14",
        "task_id": "150",
        "values": "2.7, 1600.0",
        "target_value": 10
      },
      "choice": {
        "button": "F",
        "selected_option": "OptionA"
      }
    },
    {
      "question": 9,
      "target": "Water Usage (ml/day)",
      "target_value": 180,
      "options": [
        "Plant Height",
        "Plant Leaves"
      ],
      "optionA": {
        "trial_id": "15",
        "task_id": "73",
        "values": "26.0, 9.0",
        "target_value": 180
      },
      "optionB": {
        "trial_id": "16",
        "task_id": "73",
        "values": "36.0, 11.0",
        "target_value": 160
      },
      "choice": {
        "button": "J",
        "selected_option": "OptionB"
      }
    },
    {
      "question": "attention_check_9",
      "choice": "J",
      "passed": true,
      "timestamp": 1756154545660
    },
    {
      "question": 10,
      "target": "Post reach (people)",
      "target_value": 4000,
      "options": [
        "Number of likes (count)",
        "Time posted (hours ago)"
      ],
      "optionA": {
        "trial_id": "15",
        "task_id": "93",
        "values": "800.0, 4",
        "target_value": 4000
      },
      "optionB": {
        "trial_id": "18",
        "task_id": "93",
        "values": "1000.0, 4",
        "target_value": 5000
      },
      "choice": {
        "button": "J",
        "selected_option": "OptionB"
      }
    },
    {
      "question": 11,
      "target": "Bike Speed",
      "target_value": 25,
      "options": [
        "Bike Weight",
        "Bike Frame Size"
      ],
      "optionA": {
        "trial_id": "16",
        "task_id": "106",
        "values": "10.0, 18",
        "target_value": 25
      },
      "optionB": {
        "trial_id": "16",
        "task_id": "106",
        "values": "10.0, 18",
        "target_value": 25
      },
      "choice": {
        "button": "J",
        "selected_option": "OptionB"
      }
    },
    {
      "question": 12,
      "target": "Distance Traveled",
      "target_value": 400,
      "options": [
        "Speed",
        "Comfort"
      ],
      "optionA": {
        "trial_id": "5",
        "task_id": "129",
        "values": "80.0, 5.0",
        "target_value": 400
      },
      "optionB": {
        "trial_id": "17",
        "task_id": "129",
        "values": "140.0, 0.2",
        "target_value": 700
      },
      "choice": {
        "button": "J",
        "selected_option": "OptionB"
      }
    },
    {
      "question": 13,
      "target": "Flower Size (inches)",
      "target_value": 2,
      "options": [
        "Plant Height (inches)",
        "Plant Width (inches)"
      ],
      "optionA": {
        "trial_id": "6",
        "task_id": "152",
        "values": "8.0, 9.0",
        "target_value": 2
      },
      "optionB": {
        "trial_id": "10",
        "task_id": "152",
        "values": "11.0, 7.0",
        "target_value": 3
      },
      "choice": {
        "button": "F",
        "selected_option": "OptionA"
      }
    },
    {
      "question": 14,
      "target": "Bike Speed",
      "target_value": 26,
      "options": [
        "Bike Weight",
        "Bike Frame Size"
      ],
      "optionA": {
        "trial_id": "3",
        "task_id": "106",
        "values": "9.0, 18",
        "target_value": 26
      },
      "optionB": {
        "trial_id": "1",
        "task_id": "106",
        "values": "10.0, 19",
        "target_value": 25
      },
      "choice": {
        "button": "F",
        "selected_option": "OptionA"
      }
    },
    {
      "question": 15,
      "target": "Popularity",
      "target_value": 78,
      "options": [
        "Book age",
        "Page count"
      ],
      "optionA": {
        "trial_id": "17",
        "task_id": "134",
        "values": "9.0, 380",
        "target_value": 78
      },
      "optionB": {
        "trial_id": "3",
        "task_id": "134",
        "values": "2.0, 250",
        "target_value": 88
      },
      "choice": {
        "button": "F",
        "selected_option": "OptionA"
      }
    },
    {
      "question": 16,
      "target": "100m sprint time (s)",
      "target_value": 11.8,
      "options": [
        "Runner stride length (cm)",
        "Runner age (years)"
      ],
      "optionA": {
        "trial_id": "17",
        "task_id": "145",
        "values": "76.0, 26",
        "target_value": 11.8
      },
      "optionB": {
        "trial_id": "1",
        "task_id": "145",
        "values": "80.0, 25",
        "target_value": 11.5
      },
      "choice": {
        "button": "J",
        "selected_option": "OptionB"
      }
    },
    {
      "question": 17,
      "target": "Fuel Efficiency (km/L)",
      "target_value": 5,
      "options": [
        "Car Engine Size (L)",
        "Weight (kg)"
      ],
      "optionA": {
        "trial_id": "15",
        "task_id": "107",
        "values": "5.5, 1900",
        "target_value": 5
      },
      "optionB": {
        "trial_id": "18",
        "task_id": "107",
        "values": "7.0, 2100",
        "target_value": 2
      },
      "choice": {
        "button": "J",
        "selected_option": "OptionB"
      }
    },
    {
      "question": 18,
      "target": "Speed (km/h)",
      "target_value": 20,
      "options": [
        "Bike wheel size (inches)",
        "Frame weight (kg)"
      ],
      "optionA": {
        "trial_id": "1",
        "task_id": "164",
        "values": "29.0, 2.5",
        "target_value": 20
      },
      "optionB": {
        "trial_id": "17",
        "task_id": "164",
        "values": "29.0, 2.4",
        "target_value": 21
      },
      "choice": {
        "button": "J",
        "selected_option": "OptionB"
      }
    },
    {
      "question": 19,
      "target": "Wait Time (minutes)",
      "target_value": 26,
      "options": [
        "Restaurant Size",
        "Restaurant Reviews"
      ],
      "optionA": {
        "trial_id": "15",
        "task_id": "74",
        "values": "85.0, 4.3",
        "target_value": 26
      },
      "optionB": {
        "trial_id": "15",
        "task_id": "74",
        "values": "85.0, 4.3",
        "target_value": 26
      },
      "choice": {
        "button": "F",
        "selected_option": "OptionA"
      }
    },
    {
      "question": "attention_check_19",
      "choice": "F",
      "passed": true,
      "timestamp": 1756154678955
    },
    {
      "question": 20,
      "target": "Exam score (%)",
      "target_value": 60,
      "options": [
        "Time spent studying (hours)",
        "Number of breaks (times)"
      ],
      "optionA": {
        "trial_id": "16",
        "task_id": "139",
        "values": "3.0, 5",
        "target_value": 60
      },
      "optionB": {
        "trial_id": "12",
        "task_id": "89",
        "values": "4.0, 3",
        "target_value": 75
      },
      "choice": {
        "button": "J",
        "selected_option": "OptionB"
      }
    },
    {
      "question": 21,
      "target": "Distance Traveled",
      "target_value": 350,
      "options": [
        "Speed",
        "Comfort"
      ],
      "optionA": {
        "trial_id": "3",
        "task_id": "129",
        "values": "70.0, 6.0",
        "target_value": 350
      },
      "optionB": {
        "trial_id": "2",
        "task_id": "129",
        "values": "50.0, 8.0",
        "target_value": 250
      },
      "choice": {
        "button": "F",
        "selected_option": "OptionA"
      }
    },
    {
      "question": 22,
      "target": "Reading time (hours)",
      "target_value": 5.5,
      "options": [
        "Book pages",
        "Book weight (g)"
      ],
      "optionA": {
        "trial_id": "7",
        "task_id": "114",
        "values": "450.0, 340",
        "target_value": 5.5
      },
      "optionB": {
        "trial_id": "4",
        "task_id": "114",
        "values": "450.0, 370",
        "target_value": 5.4
      },
      "choice": {
        "button": "J",
        "selected_option": "OptionB"
      }
    },
    {
      "question": 23,
      "target": "Weight loss",
      "target_value": 3,
      "options": [
        "Exercise intensity",
        "Exercise duration"
      ],
      "optionA": {
        "trial_id": "9",
        "task_id": "61",
        "values": "6.0, 60.0",
        "target_value": 3
      },
      "optionB": {
        "trial_id": "9",
        "task_id": "61",
        "values": "6.0, 60.0",
        "target_value": 3
      },
      "choice": {
        "button": "F",
        "selected_option": "OptionA"
      }
    },
    {
      "question": 24,
      "target": "Amount of natural light (lux)",
      "target_value": 1600,
      "options": [
        "Room size (sq ft)",
        "Number of windows"
      ],
      "optionA": {
        "trial_id": "9",
        "task_id": "94",
        "values": "240.0, 3",
        "target_value": 1600
      },
      "optionB": {
        "trial_id": "18",
        "task_id": "94",
        "values": "200.0, 5",
        "target_value": 1400
      },
      "choice": {
        "button": "J",
        "selected_option": "OptionB"
      }
    },
    {
      "question": 25,
      "target": "Maximum heart rate (bpm)",
      "target_value": 187,
      "options": [
        "Age (years)",
        "Height (cm)"
      ],
      "optionA": {
        "trial_id": "8",
        "task_id": "52",
        "values": "28.0, 172",
        "target_value": 187
      },
      "optionB": {
        "trial_id": "3",
        "task_id": "52",
        "values": "30.0, 175",
        "target_value": 185
      },
      "choice": {
        "button": "J",
        "selected_option": "OptionB"
      }
    },
    {
      "question": 26,
      "target": "Race Finish Time (minutes)",
      "target_value": 15.5,
      "options": [
        "Runner Speed (mph)",
        "Runner Weight (lbs)"
      ],
      "optionA": {
        "trial_id": "18",
        "task_id": "37",
        "values": "8.5, 135.0",
        "target_value": 15.5
      },
      "optionB": {
        "trial_id": "17",
        "task_id": "37",
        "values": "9.5, 125.0",
        "target_value": 13.5
      },
      "choice": {
        "button": "J",
        "selected_option": "OptionB"
      }
    },
    {
      "question": 27,
      "target": "Height (cm)",
      "target_value": 14,
      "options": [
        "Age of the plant (weeks)",
        "Water given (ml/day)"
      ],
      "optionA": {
        "trial_id": "3",
        "task_id": "91",
        "values": "5.0, 400",
        "target_value": 14
      },
      "optionB": {
        "trial_id": "6",
        "task_id": "91",
        "values": "3.0, 600",
        "target_value": 11
      },
      "choice": {
        "button": "F",
        "selected_option": "OptionA"
      }
    },
    {
      "question": 28,
      "target": "Fuel efficiency (km/l)",
      "target_value": 10,
      "options": [
        "Car weight (kg)",
        "Engine size (cc)"
      ],
      "optionA": {
        "trial_id": "12",
        "task_id": "153",
        "values": "1600.0, 1200.0",
        "target_value": 10
      },
      "optionB": {
        "trial_id": "13",
        "task_id": "153",
        "values": "1150.0, 1650.0",
        "target_value": 15.5
      },
      "choice": {
        "button": "J",
        "selected_option": "OptionB"
      }
    },
    {
      "question": 29,
      "target": "Calories Burned",
      "target_value": 180,
      "options": [
        "Exercise Duration",
        "Exercise Intensity"
      ],
      "optionA": {
        "trial_id": "3",
        "task_id": "71",
        "values": "25.0, 6.0",
        "target_value": 180
      },
      "optionB": {
        "trial_id": "8",
        "task_id": "71",
        "values": "45.0, 4.0",
        "target_value": 200
      },
      "choice": {
        "button": "J",
        "selected_option": "OptionB"
      }
    },
    {
      "question": "attention_check_29",
      "choice": "J",
      "passed": true,
      "timestamp": 1756154742830
    },
    {
      "question": 30,
      "target": "Health index",
      "target_value": 88,
      "options": [
        "Age",
        "Exercise hours"
      ],
      "optionA": {
        "trial_id": "19",
        "task_id": "82",
        "values": "42.0, 3",
        "target_value": 88
      },
      "optionB": {
        "trial_id": "6",
        "task_id": "82",
        "values": "35.0, 3",
        "target_value": 88
      },
      "choice": {
        "button": "J",
        "selected_option": "OptionB"
      }
    },
    {
      "question": 31,
      "target": "Garden yield (kg)",
      "target_value": 60,
      "options": [
        "Amount of fertilizer (grams)",
        "Rainfall (mm/week)"
      ],
      "optionA": {
        "trial_id": "5",
        "task_id": "92",
        "values": "300.0, 70",
        "target_value": 60
      },
      "optionB": {
        "trial_id": "16",
        "task_id": "92",
        "values": "250.0, 90",
        "target_value": 56
      },
      "choice": {
        "button": "F",
        "selected_option": "OptionA"
      }
    },
    {
      "question": 32,
      "target": "Exam Score",
      "target_value": 65,
      "options": [
        "Study Time",
        "Coffee Consumption"
      ],
      "optionA": {
        "trial_id": "6",
        "task_id": "14",
        "values": "4.0, 6",
        "target_value": 65
      },
      "optionB": {
        "trial_id": "7",
        "task_id": "14",
        "values": "7.0, 1",
        "target_value": 90
      },
      "choice": {
        "button": "F",
        "selected_option": "OptionA"
      }
    },
    {
      "question": 33,
      "target": "Nutritional Value",
      "target_value": 45,
      "options": [
        "Weight",
        "Calories"
      ],
      "optionA": {
        "trial_id": "6",
        "task_id": "136",
        "values": "160.0, 190.0",
        "target_value": 45
      },
      "optionB": {
        "trial_id": "17",
        "task_id": "136",
        "values": "100.0, 110.0",
        "target_value": 70
      },
      "choice": {
        "button": "F",
        "selected_option": "OptionA"
      }
    },
    {
      "question": 34,
      "target": "Value for Money",
      "target_value": 37,
      "options": [
        "Price",
        "Weight"
      ],
      "optionA": {
        "trial_id": "12",
        "task_id": "20",
        "values": "110.0, 2.0",
        "target_value": 37
      },
      "optionB": {
        "trial_id": "2",
        "task_id": "20",
        "values": "120.0, 1.5",
        "target_value": 40
      },
      "choice": {
        "button": "F",
        "selected_option": "OptionA"
      }
    },
    {
      "question": 35,
      "target": "Flower production",
      "target_value": 14,
      "options": [
        "Plant height",
        "Plant width"
      ],
      "optionA": {
        "trial_id": "10",
        "task_id": "63",
        "values": "70.0, 7.0",
        "target_value": 14
      },
      "optionB": {
        "trial_id": "1",
        "task_id": "63",
        "values": "100.0, 5.0",
        "target_value": 20
      },
      "choice": {
        "button": "J",
        "selected_option": "OptionB"
      }
    },
    {
      "question": 36,
      "target": "Engagement rate (%)",
      "target_value": 6,
      "options": [
        "Number of followers (count)",
        "Time posted (hours ago)"
      ],
      "optionA": {
        "trial_id": "16",
        "task_id": "98",
        "values": "1400.0, 2",
        "target_value": 6
      },
      "optionB": {
        "trial_id": "18",
        "task_id": "98",
        "values": "1000.0, 4",
        "target_value": 4
      },
      "choice": {
        "button": "F",
        "selected_option": "OptionA"
      }
    },
    {
      "question": 37,
      "target": "Fuel Efficiency (km/l)",
      "target_value": 12,
      "options": [
        "Car Engine Size (liters)",
        "Weight (kg)"
      ],
      "optionA": {
        "trial_id": "1",
        "task_id": "103",
        "values": "2.0, 1400.0",
        "target_value": 12
      },
      "optionB": {
        "trial_id": "16",
        "task_id": "103",
        "values": "2.5, 1350.0",
        "target_value": 11
      },
      "choice": {
        "button": "J",
        "selected_option": "OptionB"
      }
    },
    {
      "question": 38,
      "target": "Exam score (%)",
      "target_value": 50,
      "options": [
        "Time spent studying (hours)",
        "Number of breaks (times)"
      ],
      "optionA": {
        "trial_id": "14",
        "task_id": "139",
        "values": "2.0, 3",
        "target_value": 50
      },
      "optionB": {
        "trial_id": "14",
        "task_id": "139",
        "values": "2.0, 3",
        "target_value": 50
      },
      "choice": {
        "button": "F",
        "selected_option": "OptionA"
      }
    },
    {
      "question": 39,
      "target": "Speed on Flat Ground",
      "target_value": 22,
      "options": [
        "Bike Weight",
        "Wheel Size"
      ],
      "optionA": {
        "trial_id": "11",
        "task_id": "30",
        "values": "13.0, 27.0",
        "target_value": 22
      },
      "optionB": {
        "trial_id": "20",
        "task_id": "30",
        "values": "14.0, 25.0",
        "target_value": 20
      },
      "choice": {
        "button": "F",
        "selected_option": "OptionA"
      }
    },
    {
      "question": "attention_check_39",
      "choice": "F",
      "passed": true,
      "timestamp": 1756154801466
    },
    {
      "question": 40,
      "target": "Strength",
      "target_value": 6,
      "options": [
        "Tea leaves (g)",
        "Water temperature (°C)"
      ],
      "optionA": {
        "trial_id": "12",
        "task_id": "120",
        "values": "7.0, 93",
        "target_value": 6
      },
      "optionB": {
        "trial_id": "14",
        "task_id": "120",
        "values": "5.0, 103",
        "target_value": 8
      },
      "choice": {
        "button": "F",
        "selected_option": "OptionA"
      }
    },
    {
      "question": 41,
      "target": "Fuel consumption (liters per 100km)",
      "target_value": 7.6,
      "options": [
        "Car engine size (liters)",
        "Car weight (kg)"
      ],
      "optionA": {
        "trial_id": "18",
        "task_id": "113",
        "values": "2.0, 1400",
        "target_value": 7.6
      },
      "optionB": {
        "trial_id": "11",
        "task_id": "113",
        "values": "2.8, 1250",
        "target_value": 9.3
      },
      "choice": {
        "button": "J",
        "selected_option": "OptionB"
      }
    },
    {
      "question": 42,
      "target": "Calories Burned",
      "target_value": 180,
      "options": [
        "Exercise Duration",
        "Exercise Intensity"
      ],
      "optionA": {
        "trial_id": "19",
        "task_id": "71",
        "values": "25.0, 5.0",
        "target_value": 180
      },
      "optionB": {
        "trial_id": "12",
        "task_id": "71",
        "values": "35.0, 6.0",
        "target_value": 190
      },
      "choice": {
        "button": "J",
        "selected_option": "OptionB"
      }
    },
    {
      "question": 43,
      "target": "Weight loss",
      "target_value": 3,
      "options": [
        "Exercise intensity",
        "Exercise duration"
      ],
      "optionA": {
        "trial_id": "4",
        "task_id": "61",
        "values": "5.0, 60.0",
        "target_value": 3
      },
      "optionB": {
        "trial_id": "3",
        "task_id": "61",
        "values": "7.0, 45.0",
        "target_value": 4
      },
      "choice": {
        "button": "F",
        "selected_option": "OptionA"
      }
    },
    {
      "question": 44,
      "target": "House Price",
      "target_value": 340,
      "options": [
        "House Size",
        "Housing Age"
      ],
      "optionA": {
        "trial_id": "11",
        "task_id": "99",
        "values": "220.0, 10",
        "target_value": 340
      },
      "optionB": {
        "trial_id": "12",
        "task_id": "99",
        "values": "260.0, 12",
        "target_value": 380
      },
      "choice": {
        "button": "J",
        "selected_option": "OptionB"
      }
    },
    {
      "question": 45,
      "target": "Ease of Use (1-10)",
      "target_value": 9,
      "options": [
        "Bag Weight (kg)",
        "Number of Compartments"
      ],
      "optionA": {
        "trial_id": "5",
        "task_id": "6",
        "values": "1.5, 2",
        "target_value": 9
      },
      "optionB": {
        "trial_id": "4",
        "task_id": "6",
        "values": "2.0, 3",
        "target_value": 8
      },
      "choice": {
        "button": "F",
        "selected_option": "OptionA"
      }
    },
    {
      "question": 46,
      "target": "Mood Score (1-10)",
      "target_value": 7,
      "options": [
        "Hours of Sleep",
        "Screen Time (hours)"
      ],
      "optionA": {
        "trial_id": "14",
        "task_id": "109",
        "values": "7.0, 4",
        "target_value": 7
      },
      "optionB": {
        "trial_id": "1",
        "task_id": "109",
        "values": "8.0, 2",
        "target_value": 9
      },
      "choice": {
        "button": "J",
        "selected_option": "OptionB"
      }
    },
    {
      "question": 47,
      "target": "Fuel Cost",
      "target_value": 4.64,
      "options": [
        "Distance (km)",
        "Fuel Efficiency (km/L)"
      ],
      "optionA": {
        "trial_id": "17",
        "task_id": "70",
        "values": "65.0, 14",
        "target_value": 4.64
      },
      "optionB": {
        "trial_id": "11",
        "task_id": "70",
        "values": "45.0, 12",
        "target_value": 3.75
      },
      "choice": {
        "button": "F",
        "selected_option": "OptionA"
      }
    },
    {
      "question": 48,
      "target": "Speed",
      "target_value": 7,
      "options": [
        "Bike Weight",
        "Bike Tire Size"
      ],
      "optionA": {
        "trial_id": "17",
        "task_id": "172",
        "values": "26.0, 2",
        "target_value": 7
      },
      "optionB": {
        "trial_id": "4",
        "task_id": "172",
        "values": "12.0, 3",
        "target_value": 13
      },
      "choice": {
        "button": "J",
        "selected_option": "OptionB"
      }
    },
    {
      "question": 49,
      "target": "100m sprint time (s)",
      "target_value": 11.9,
      "options": [
        "Runner stride length (cm)",
        "Runner age (years)"
      ],
      "optionA": {
        "trial_id": "7",
        "task_id": "145",
        "values": "70.0, 26",
        "target_value": 11.9
      },
      "optionB": {
        "trial_id": "18",
        "task_id": "145",
        "values": "66.0, 30",
        "target_value": 12.4
      },
      "choice": {
        "button": "F",
        "selected_option": "OptionA"
      }
    },
    {
      "question": 50,
      "target": "Popularity",
      "target_value": 75,
      "options": [
        "Book age",
        "Page count"
      ],
      "optionA": {
        "trial_id": "10",
        "task_id": "134",
        "values": "7.0, 440",
        "target_value": 75
      },
      "optionB": {
        "trial_id": "6",
        "task_id": "134",
        "values": "5.0, 420",
        "target_value": 80
      },
      "choice": {
        "button": "F",
        "selected_option": "OptionA"
      }
    }
  ]
}