{
  "prolific_id": "UNKNOWN",
  "condition_group": "direction",
  "responses": [
    {
      "question": 1,
      "target": "Popularity Score",
      "target_value": 60,
      "options": [
        "Price ($)",
        "Rating (1-10)"
      ],
      "optionA": {
        "trial_id": "19",
        "task_id": "97",
        "values": "60.0, 5.0",
        "target_value": 60
      },
      "optionB": {
        "trial_id": "6",
        "task_id": "97",
        "values": "50.0, 8.0",
        "target_value": 73
      },
      "choice": {
        "button": "F",
        "selected_option": "OptionA"
      }
    },
    {
      "question": 2,
      "target": "Post reach",
      "target_value": 15000,
      "options": [
        "Number of followers",
        "Engagement rate (%)"
      ],
      "optionA": {
        "trial_id": "7",
        "task_id": "92",
        "values": "2500.0, 3.0",
        "target_value": 15000
      },
      "optionB": {
        "trial_id": "9",
        "task_id": "92",
        "values": "2000.0, 5.0",
        "target_value": 17000
      },
      "choice": {
        "button": "J",
        "selected_option": "OptionB"
      }
    },
    {
      "question": 3,
      "target": "Fun Level",
      "target_value": 9,
      "options": [
        "Number of Players",
        "Game Duration (minutes)"
      ],
      "optionA": {
        "trial_id": "5",
        "task_id": "13",
        "values": "6.0, 70.0",
        "target_value": 9
      },
      "optionB": {
        "trial_id": "8",
        "task_id": "13",
        "values": "4.0, 50.0",
        "target_value": 7
      },
      "choice": {
        "button": "F",
        "selected_option": "OptionA"
      }
    },
    {
      "question": 4,
      "target": "Popularity Score",
      "target_value": 180,
      "options": [
        "Number of Likes",
        "Number of Comments"
      ],
      "optionA": {
        "trial_id": "13",
        "task_id": "50",
        "values": "150.0, 30.0",
        "target_value": 180
      },
      "optionB": {
        "trial_id": "8",
        "task_id": "50",
        "values": "220.0, 44.0",
        "target_value": 264
      },
      "choice": {
        "button": "J",
        "selected_option": "OptionB"
      }
    },
    {
      "question": 5,
      "target": "Performance Score",
      "target_value": 86,
      "options": [
        "Phone RAM (GB)",
        "Battery Capacity (mAh)"
      ],
      "optionA": {
        "trial_id": "6",
        "task_id": "39",
        "values": "7.0, 4200.0",
        "target_value": 86
      },
      "optionB": {
        "trial_id": "11",
        "task_id": "39",
        "values": "6.0, 3200.0",
        "target_value": 74
      },
      "choice": {
        "button": "F",
        "selected_option": "OptionA"
      }
    },
    {
      "question": 6,
      "target": "Popularity Score",
      "target_value": 62,
      "options": [
        "Price ($)",
        "Rating (1-10)"
      ],
      "optionA": {
        "trial_id": "11",
        "task_id": "97",
        "values": "50.0, 6.0",
        "target_value": 62
      },
      "optionB": {
        "trial_id": "9",
        "task_id": "97",
        "values": "80.0, 7.0",
        "target_value": 70
      },
      "choice": {
        "button": "J",
        "selected_option": "OptionB"
      }
    },
    {
      "question": 7,
      "target": "Time to destination (hours)",
      "target_value": 0.41,
      "options": [
        "Distance (miles)",
        "Speed (mph)"
      ],
      "optionA": {
        "trial_id": "16",
        "task_id": "118",
        "values": "26.0, 70.0",
        "target_value": 0.41
      },
      "optionB": {
        "trial_id": "9",
        "task_id": "118",
        "values": "18.0, 50.0",
        "target_value": 0.37
      },
      "choice": {
        "button": "F",
        "selected_option": "OptionA"
      }
    },
    {
      "question": 8,
      "target": "Room Size",
      "target_value": 30,
      "options": [
        "Room Width",
        "Room Length"
      ],
      "optionA": {
        "trial_id": "17",
        "task_id": "109",
        "values": "5.0, 6.0",
        "target_value": 30
      },
      "optionB": {
        "trial_id": "17",
        "task_id": "109",
        "values": "5.0, 6.0",
        "target_value": 30
      },
      "choice": {
        "button": "J",
        "selected_option": "OptionB"
      }
    },
    {
      "question": 9,
      "target": "Energy Level",
      "target_value": 7,
      "options": [
        "Dog Size",
        "Exercise Needs"
      ],
      "optionA": {
        "trial_id": "7",
        "task_id": "88",
        "values": "30.0, 6.0",
        "target_value": 7
      },
      "optionB": {
        "trial_id": "7",
        "task_id": "88",
        "values": "30.0, 6.0",
        "target_value": 7
      },
      "choice": {
        "button": "J",
        "selected_option": "OptionB"
      }
    },
    {
      "question": "attention_check_9",
      "choice": "J",
      "passed": true,
      "timestamp": 1756154625730
    },
    {
      "question": 10,
      "target": "Book Rating",
      "target_value": 4.7,
      "options": [
        "Book Page Count",
        "Author Rating"
      ],
      "optionA": {
        "trial_id": "10",
        "task_id": "22",
        "values": "450.0, 4.7",
        "target_value": 4.7
      },
      "optionB": {
        "trial_id": "13",
        "task_id": "22",
        "values": "300.0, 4.9",
        "target_value": 4.8
      },
      "choice": {
        "button": "J",
        "selected_option": "OptionB"
      }
    },
    {
      "question": 11,
      "target": "Performance Rating",
      "target_value": 7.5,
      "options": [
        "Computer Weight (kg)",
        "RAM (GB)"
      ],
      "optionA": {
        "trial_id": "9",
        "task_id": "34",
        "values": "1.6, 10.0",
        "target_value": 7.5
      },
      "optionB": {
        "trial_id": "17",
        "task_id": "34",
        "values": "1.4, 8.0",
        "target_value": 7
      },
      "choice": {
        "button": "F",
        "selected_option": "OptionA"
      }
    },
    {
      "question": 12,
      "target": "Battery Life",
      "target_value": 15.5,
      "options": [
        "Battery Capacity",
        "Weight"
      ],
      "optionA": {
        "trial_id": "14",
        "task_id": "114",
        "values": "4200.0, 260.0",
        "target_value": 15.5
      },
      "optionB": {
        "trial_id": "3",
        "task_id": "114",
        "values": "2500.0, 180.0",
        "target_value": 10
      },
      "choice": {
        "button": "F",
        "selected_option": "OptionA"
      }
    },
    {
      "question": 13,
      "target": "Fuel Consumption (L/100km)",
      "target_value": 8,
      "options": [
        "Engine Size (cc)",
        "Weight (kg)"
      ],
      "optionA": {
        "trial_id": "6",
        "task_id": "11",
        "values": "1900.0, 1200.0",
        "target_value": 8
      },
      "optionB": {
        "trial_id": "4",
        "task_id": "11",
        "values": "2100.0, 1300.0",
        "target_value": 8
      },
      "choice": {
        "button": "F",
        "selected_option": "OptionA"
      }
    },
    {
      "question": 14,
      "target": "Exam Score",
      "target_value": 70,
      "options": [
        "Hours of Study",
        "Difficulty Level"
      ],
      "optionA": {
        "trial_id": "14",
        "task_id": "12",
        "values": "5.0, 4.0",
        "target_value": 70
      },
      "optionB": {
        "trial_id": "11",
        "task_id": "12",
        "values": "7.0, 5.0",
        "target_value": 80
      },
      "choice": {
        "button": "J",
        "selected_option": "OptionB"
      }
    },
    {
      "question": 15,
      "target": "Social Engagement (on scale 1-10)",
      "target_value": 7,
      "options": [
        "Number of Friends",
        "Average Message Frequency"
      ],
      "optionA": {
        "trial_id": "14",
        "task_id": "21",
        "values": "180.0, 3.0",
        "target_value": 7
      },
      "optionB": {
        "trial_id": "8",
        "task_id": "21",
        "values": "120.0, 4.0",
        "target_value": 8
      },
      "choice": {
        "button": "J",
        "selected_option": "OptionB"
      }
    },
    {
      "question": 16,
      "target": "Performance Quality (on scale 1-10)",
      "target_value": 6,
      "options": [
        "Hours of Practice",
        "Musical Experience (years)"
      ],
      "optionA": {
        "trial_id": "2",
        "task_id": "17",
        "values": "70.0, 2.0",
        "target_value": 6
      },
      "optionB": {
        "trial_id": "13",
        "task_id": "17",
        "values": "100.0, 4.0",
        "target_value": 9
      },
      "choice": {
        "button": "J",
        "selected_option": "OptionB"
      }
    },
    {
      "question": 17,
      "target": "Job Success",
      "target_value": 85,
      "options": [
        "Age",
        "Experience"
      ],
      "optionA": {
        "trial_id": "6",
        "task_id": "117",
        "values": "40.0, 9.0",
        "target_value": 85
      },
      "optionB": {
        "trial_id": "18",
        "task_id": "117",
        "values": "50.0, 13.0",
        "target_value": 95
      },
      "choice": {
        "button": "J",
        "selected_option": "OptionB"
      }
    },
    {
      "question": 18,
      "target": "Customer Satisfaction",
      "target_value": 9.2,
      "options": [
        "Price ($)",
        "Quality Rating (1-10)"
      ],
      "optionA": {
        "trial_id": "7",
        "task_id": "49",
        "values": "200.0, 9.0",
        "target_value": 9.2
      },
      "optionB": {
        "trial_id": "19",
        "task_id": "49",
        "values": "110.0, 8.0",
        "target_value": 8
      },
      "choice": {
        "button": "F",
        "selected_option": "OptionA"
      }
    },
    {
      "question": 19,
      "target": "Quality",
      "target_value": 88,
      "options": [
        "Price",
        "Size"
      ],
      "optionA": {
        "trial_id": "8",
        "task_id": "110",
        "values": "160.0, 15.0",
        "target_value": 88
      },
      "optionB": {
        "trial_id": "15",
        "task_id": "110",
        "values": "160.0, 22.0",
        "target_value": 92
      },
      "choice": {
        "button": "J",
        "selected_option": "OptionB"
      }
    },
    {
      "question": "attention_check_19",
      "choice": "F",
      "passed": true,
      "timestamp": 1756154716015
    },
    {
      "question": 20,
      "target": "Phone Performance",
      "target_value": 90,
      "options": [
        "Phone RAM",
        "Phone Storage"
      ],
      "optionA": {
        "trial_id": "4",
        "task_id": "86",
        "values": "8.0, 256.0",
        "target_value": 90
      },
      "optionB": {
        "trial_id": "20",
        "task_id": "86",
        "values": "512.0, 65536.0",
        "target_value": 170
      },
      "choice": {
        "button": "F",
        "selected_option": "OptionA"
      }
    },
    {
      "question": 21,
      "target": "Cooking Time (min)",
      "target_value": 20,
      "options": [
        "Number of Ingredients",
        "Prep Time (min)"
      ],
      "optionA": {
        "trial_id": "8",
        "task_id": "48",
        "values": "4.0, 8.0",
        "target_value": 20
      },
      "optionB": {
        "trial_id": "15",
        "task_id": "48",
        "values": "6.0, 11.0",
        "target_value": 27
      },
      "choice": {
        "button": "J",
        "selected_option": "OptionB"
      }
    },
    {
      "question": 22,
      "target": "Fuel Consumption (L/100km)",
      "target_value": 8,
      "options": [
        "Engine Size (cc)",
        "Weight (kg)"
      ],
      "optionA": {
        "trial_id": "4",
        "task_id": "11",
        "values": "2100.0, 1300.0",
        "target_value": 8
      },
      "optionB": {
        "trial_id": "16",
        "task_id": "11",
        "values": "2200.0, 1300.0",
        "target_value": 8
      },
      "choice": {
        "button": "J",
        "selected_option": "OptionB"
      }
    },
    {
      "question": 23,
      "target": "Book Rating",
      "target_value": 4.7,
      "options": [
        "Book Page Count",
        "Author Rating"
      ],
      "optionA": {
        "trial_id": "17",
        "task_id": "22",
        "values": "350.0, 4.8",
        "target_value": 4.7
      },
      "optionB": {
        "trial_id": "7",
        "task_id": "22",
        "values": "250.0, 4.6",
        "target_value": 4.5
      },
      "choice": {
        "button": "F",
        "selected_option": "OptionA"
      }
    },
    {
      "question": 24,
      "target": "Market value ($)",
      "target_value": 310000,
      "options": [
        "Number of bedrooms",
        "House size (sq ft)"
      ],
      "optionA": {
        "trial_id": "15",
        "task_id": "90",
        "values": "5.0, 1500.0",
        "target_value": 310000
      },
      "optionB": {
        "trial_id": "11",
        "task_id": "90",
        "values": "4.0, 1200.0",
        "target_value": 260000
      },
      "choice": {
        "button": "J",
        "selected_option": "OptionB"
      }
    },
    {
      "question": 25,
      "target": "Quality",
      "target_value": 85,
      "options": [
        "Price",
        "Size"
      ],
      "optionA": {
        "trial_id": "3",
        "task_id": "110",
        "values": "120.0, 15.0",
        "target_value": 85
      },
      "optionB": {
        "trial_id": "17",
        "task_id": "110",
        "values": "100.0, 14.0",
        "target_value": 75
      },
      "choice": {
        "button": "F",
        "selected_option": "OptionA"
      }
    },
    {
      "question": 26,
      "target": "Satiety (on scale 1-10)",
      "target_value": 6,
      "options": [
        "Number of Calories",
        "Protein (g)"
      ],
      "optionA": {
        "trial_id": "15",
        "task_id": "16",
        "values": "300.0, 10.0",
        "target_value": 6
      },
      "optionB": {
        "trial_id": "11",
        "task_id": "16",
        "values": "200.0, 8.0",
        "target_value": 5
      },
      "choice": {
        "button": "F",
        "selected_option": "OptionA"
      }
    },
    {
      "question": 27,
      "target": "Value Score",
      "target_value": 70,
      "options": [
        "Price ($)",
        "Size (GB)"
      ],
      "optionA": {
        "trial_id": "19",
        "task_id": "99",
        "values": "50.0, 128.0",
        "target_value": 70
      },
      "optionB": {
        "trial_id": "17",
        "task_id": "99",
        "values": "60.0, 256.0",
        "target_value": 80
      },
      "choice": {
        "button": "J",
        "selected_option": "OptionB"
      }
    },
    {
      "question": 28,
      "target": "Fat Burn (g)",
      "target_value": 50,
      "options": [
        "Exercise Time (min)",
        "Heart Rate (bpm)"
      ],
      "optionA": {
        "trial_id": "10",
        "task_id": "28",
        "values": "45.0, 125.0",
        "target_value": 50
      },
      "optionB": {
        "trial_id": "9",
        "task_id": "28",
        "values": "35.0, 135.0",
        "target_value": 55
      },
      "choice": {
        "button": "J",
        "selected_option": "OptionB"
      }
    },
    {
      "question": 29,
      "target": "Muscle gain",
      "target_value": 1,
      "options": [
        "Minutes of exercise",
        "Protein intake"
      ],
      "optionA": {
        "trial_id": "17",
        "task_id": "59",
        "values": "25.0, 15.0",
        "target_value": 1
      },
      "optionB": {
        "trial_id": "18",
        "task_id": "59",
        "values": "35.0, 20.0",
        "target_value": 1.3
      },
      "choice": {
        "button": "J",
        "selected_option": "OptionB"
      }
    },
    {
      "question": "attention_check_29",
      "choice": "J",
      "passed": true,
      "timestamp": 1756154802278
    },
    {
      "question": 30,
      "target": "Warmth Rating",
      "target_value": 3.8,
      "options": [
        "Shirt Weight (g)",
        "Fabric Thickness (mm)"
      ],
      "optionA": {
        "trial_id": "5",
        "task_id": "31",
        "values": "180.0, 1.4",
        "target_value": 3.8
      },
      "optionB": {
        "trial_id": "9",
        "task_id": "31",
        "values": "190.0, 1.6",
        "target_value": 4.2
      },
      "choice": {
        "button": "J",
        "selected_option": "OptionB"
      }
    },
    {
      "question": 31,
      "target": "Comfort",
      "target_value": 75,
      "options": [
        "Shoe Weight",
        "Brand Reputation"
      ],
      "optionA": {
        "trial_id": "2",
        "task_id": "62",
        "values": "250.0, 5.0",
        "target_value": 75
      },
      "optionB": {
        "trial_id": "13",
        "task_id": "62",
        "values": "210.0, 5.0",
        "target_value": 75
      },
      "choice": {
        "button": "J",
        "selected_option": "OptionB"
      }
    },
    {
      "question": 32,
      "target": "Exam Score",
      "target_value": 73,
      "options": [
        "Student Study Time (hours)",
        "Class Attendance (%)"
      ],
      "optionA": {
        "trial_id": "18",
        "task_id": "40",
        "values": "7.0, 80.0",
        "target_value": 73
      },
      "optionB": {
        "trial_id": "15",
        "task_id": "40",
        "values": "4.0, 95.0",
        "target_value": 78
      },
      "choice": {
        "button": "F",
        "selected_option": "OptionA"
      }
    },
    {
      "question": 33,
      "target": "User Satisfaction",
      "target_value": 7,
      "options": [
        "Screen Size",
        "Battery Life"
      ],
      "optionA": {
        "trial_id": "1",
        "task_id": "52",
        "values": "6.0, 30.0",
        "target_value": 7
      },
      "optionB": {
        "trial_id": "18",
        "task_id": "52",
        "values": "7.0, 35.0",
        "target_value": 7
      },
      "choice": {
        "button": "J",
        "selected_option": "OptionB"
      }
    },
    {
      "question": 34,
      "target": "Fat Burn (g)",
      "target_value": 30,
      "options": [
        "Exercise Time (min)",
        "Heart Rate (bpm)"
      ],
      "optionA": {
        "trial_id": "6",
        "task_id": "28",
        "values": "30.0, 110.0",
        "target_value": 30
      },
      "optionB": {
        "trial_id": "12",
        "task_id": "28",
        "values": "35.0, 115.0",
        "target_value": 35
      },
      "choice": {
        "button": "J",
        "selected_option": "OptionB"
      }
    },
    {
      "question": 35,
      "target": "Bike Speed",
      "target_value": 90,
      "options": [
        "Bike Weight",
        "Bike Power"
      ],
      "optionA": {
        "trial_id": "13",
        "task_id": "87",
        "values": "22.0, 450.0",
        "target_value": 90
      },
      "optionB": {
        "trial_id": "18",
        "task_id": "87",
        "values": "28.0, 600.0",
        "target_value": 120
      },
      "choice": {
        "button": "J",
        "selected_option": "OptionB"
      }
    },
    {
      "question": 36,
      "target": "Enjoyment",
      "target_value": 8,
      "options": [
        "Coffee price",
        "Coffee acidity"
      ],
      "optionA": {
        "trial_id": "5",
        "task_id": "101",
        "values": "5.0, 6.0",
        "target_value": 8
      },
      "optionB": {
        "trial_id": "9",
        "task_id": "101",
        "values": "7.0, 8.0",
        "target_value": 10
      },
      "choice": {
        "button": "J",
        "selected_option": "OptionB"
      }
    },
    {
      "question": 37,
      "target": "Training Difficulty (1-10)",
      "target_value": 8,
      "options": [
        "Dog Size",
        "Dog Energy Level"
      ],
      "optionA": {
        "trial_id": "16",
        "task_id": "82",
        "values": "70.0, 9.0",
        "target_value": 8
      },
      "optionB": {
        "trial_id": "16",
        "task_id": "82",
        "values": "70.0, 9.0",
        "target_value": 8
      },
      "choice": {
        "button": "F",
        "selected_option": "OptionA"
      }
    },
    {
      "question": 38,
      "target": "Physical strength",
      "target_value": 72,
      "options": [
        "Height (cm)",
        "Weight (kg)"
      ],
      "optionA": {
        "trial_id": "9",
        "task_id": "84",
        "values": "170.0, 70.0",
        "target_value": 72
      },
      "optionB": {
        "trial_id": "18",
        "task_id": "84",
        "values": "170.0, 65.0",
        "target_value": 68
      },
      "choice": {
        "button": "F",
        "selected_option": "OptionA"
      }
    },
    {
      "question": 39,
      "target": "User Satisfaction",
      "target_value": 7,
      "options": [
        "Screen Size",
        "Battery Life"
      ],
      "optionA": {
        "trial_id": "4",
        "task_id": "52",
        "values": "8.0, 30.0",
        "target_value": 7
      },
      "optionB": {
        "trial_id": "5",
        "task_id": "52",
        "values": "5.0, 25.0",
        "target_value": 6
      },
      "choice": {
        "button": "F",
        "selected_option": "OptionA"
      }
    },
    {
      "question": "attention_check_39",
      "choice": "F",
      "passed": true,
      "timestamp": 1756154885987
    },
    {
      "question": 40,
      "target": "Book Knowledge Content",
      "target_value": 10,
      "options": [
        "Book Page Count",
        "Book Reading Level"
      ],
      "optionA": {
        "trial_id": "13",
        "task_id": "1",
        "values": "450.0, 5.0",
        "target_value": 10
      },
      "optionB": {
        "trial_id": "10",
        "task_id": "1",
        "values": "330.0, 4.0",
        "target_value": 7
      },
      "choice": {
        "button": "F",
        "selected_option": "OptionA"
      }
    },
    {
      "question": 41,
      "target": "Performance Score (1-100)",
      "target_value": 45,
      "options": [
        "Hours of Practice",
        "Number of Lessons"
      ],
      "optionA": {
        "trial_id": "17",
        "task_id": "57",
        "values": "6.0, 2.0",
        "target_value": 45
      },
      "optionB": {
        "trial_id": "17",
        "task_id": "57",
        "values": "6.0, 2.0",
        "target_value": 45
      },
      "choice": {
        "button": "F",
        "selected_option": "OptionA"
      }
    },
    {
      "question": 42,
      "target": "Battery life",
      "target_value": 12,
      "options": [
        "Phone battery",
        "Screen size"
      ],
      "optionA": {
        "trial_id": "13",
        "task_id": "69",
        "values": "3500.0, 6.0",
        "target_value": 12
      },
      "optionB": {
        "trial_id": "12",
        "task_id": "69",
        "values": "4000.0, 6.0",
        "target_value": 13
      },
      "choice": {
        "button": "J",
        "selected_option": "OptionB"
      }
    },
    {
      "question": 43,
      "target": "Fuel Consumption (L/100km)",
      "target_value": 10,
      "options": [
        "Speed (km/h)",
        "Weight (kg)"
      ],
      "optionA": {
        "trial_id": "4",
        "task_id": "43",
        "values": "110.0, 1700.0",
        "target_value": 10
      },
      "optionB": {
        "trial_id": "16",
        "task_id": "43",
        "values": "125.0, 1650.0",
        "target_value": 10
      },
      "choice": {
        "button": "J",
        "selected_option": "OptionB"
      }
    },
    {
      "question": 44,
      "target": "Battery Life",
      "target_value": 12,
      "options": [
        "Battery Capacity",
        "Weight"
      ],
      "optionA": {
        "trial_id": "1",
        "task_id": "114",
        "values": "3000.0, 200.0",
        "target_value": 12
      },
      "optionB": {
        "trial_id": "5",
        "task_id": "114",
        "values": "4000.0, 250.0",
        "target_value": 15
      },
      "choice": {
        "button": "J",
        "selected_option": "OptionB"
      }
    },
    {
      "question": 45,
      "target": "Exam Score (out of 100)",
      "target_value": 75,
      "options": [
        "Study Time (hours)",
        "Previous GPA"
      ],
      "optionA": {
        "trial_id": "3",
        "task_id": "18",
        "values": "6.0, 3.5",
        "target_value": 75
      },
      "optionB": {
        "trial_id": "17",
        "task_id": "18",
        "values": "8.0, 3.0",
        "target_value": 74
      },
      "choice": {
        "button": "J",
        "selected_option": "OptionB"
      }
    },
    {
      "question": 46,
      "target": "Prep Time (min)",
      "target_value": 18,
      "options": [
        "Number of Ingredients",
        "Cooking Time (min)"
      ],
      "optionA": {
        "trial_id": "9",
        "task_id": "96",
        "values": "6.0, 25.0",
        "target_value": 18
      },
      "optionB": {
        "trial_id": "10",
        "task_id": "96",
        "values": "9.0, 30.0",
        "target_value": 20
      },
      "choice": {
        "button": "J",
        "selected_option": "OptionB"
      }
    },
    {
      "question": 47,
      "target": "Weight Loss",
      "target_value": 1,
      "options": [
        "Calories",
        "Exercise Time"
      ],
      "optionA": {
        "trial_id": "1",
        "task_id": "51",
        "values": "500.0, 30.0",
        "target_value": 1
      },
      "optionB": {
        "trial_id": "19",
        "task_id": "51",
        "values": "400.0, 10.0",
        "target_value": 1
      },
      "choice": {
        "button": "F",
        "selected_option": "OptionA"
      }
    },
    {
      "question": 48,
      "target": "Speed (km/h)",
      "target_value": 185,
      "options": [
        "Engine Horsepower",
        "Weight (kg)"
      ],
      "optionA": {
        "trial_id": "2",
        "task_id": "47",
        "values": "180.0, 1300.0",
        "target_value": 185
      },
      "optionB": {
        "trial_id": "15",
        "task_id": "47",
        "values": "210.0, 1450.0",
        "target_value": 192
      },
      "choice": {
        "button": "J",
        "selected_option": "OptionB"
      }
    },
    {
      "question": 49,
      "target": "Dog Energy Level",
      "target_value": 9,
      "options": [
        "Dog Weight",
        "Dog Activity Level"
      ],
      "optionA": {
        "trial_id": "6",
        "task_id": "105",
        "values": "30.0, 6.0",
        "target_value": 9
      },
      "optionB": {
        "trial_id": "5",
        "task_id": "105",
        "values": "35.0, 7.0",
        "target_value": 10
      },
      "choice": {
        "button": "F",
        "selected_option": "OptionA"
      }
    },
    {
      "question": 50,
      "target": "Bike Speed",
      "target_value": 22,
      "options": [
        "Bike Weight",
        "Bike Wheel Size"
      ],
      "optionA": {
        "trial_id": "15",
        "task_id": "107",
        "values": "8.0, 25.0",
        "target_value": 22
      },
      "optionB": {
        "trial_id": "15",
        "task_id": "107",
        "values": "8.0, 25.0",
        "target_value": 22
      },
      "choice": {
        "button": "J",
        "selected_option": "OptionB"
      }
    }
  ]
}