{
  "prolific_id": "UNKNOWN",
  "condition_group": "direction",
  "responses": [
    {
      "question": 1,
      "target": "Exam Score",
      "target_value": 70,
      "options": [
        "Hours of Study",
        "Difficulty Level"
      ],
      "optionA": {
        "trial_id": "14",
        "task_id": "12",
        "values": "5.0, 4.0",
        "target_value": 70
      },
      "optionB": {
        "trial_id": "6",
        "task_id": "12",
        "values": "7.0, 5.0",
        "target_value": 77
      },
      "choice": {
        "button": "J",
        "selected_option": "OptionB"
      }
    },
    {
      "question": 2,
      "target": "Enjoyment",
      "target_value": 11,
      "options": [
        "Coffee price",
        "Coffee acidity"
      ],
      "optionA": {
        "trial_id": "11",
        "task_id": "101",
        "values": "8.0, 9.0",
        "target_value": 11
      },
      "optionB": {
        "trial_id": "2",
        "task_id": "101",
        "values": "4.0, 5.0",
        "target_value": 7
      },
      "choice": {
        "button": "F",
        "selected_option": "OptionA"
      }
    },
    {
      "question": 3,
      "target": "Growth speed",
      "target_value": 6.2,
      "options": [
        "Plant height cm",
        "Plant leaf count"
      ],
      "optionA": {
        "trial_id": "14",
        "task_id": "74",
        "values": "42.0, 16.0",
        "target_value": 6.2
      },
      "optionB": {
        "trial_id": "12",
        "task_id": "74",
        "values": "30.0, 11.0",
        "target_value": 4.2
      },
      "choice": {
        "button": "F",
        "selected_option": "OptionA"
      }
    },
    {
      "question": 4,
      "target": "User Satisfaction",
      "target_value": 5,
      "options": [
        "Screen Size",
        "Battery Life"
      ],
      "optionA": {
        "trial_id": "19",
        "task_id": "52",
        "values": "5.0, 20.0",
        "target_value": 5
      },
      "optionB": {
        "trial_id": "16",
        "task_id": "52",
        "values": "9.0, 20.0",
        "target_value": 5
      },
      "choice": {
        "button": "J",
        "selected_option": "OptionB"
      }
    },
    {
      "question": 5,
      "target": "House Price (thousands)",
      "target_value": 280,
      "options": [
        "House Size (m²)",
        "House Distance to City (km)"
      ],
      "optionA": {
        "trial_id": "3",
        "task_id": "79",
        "values": "100.0, 3.0",
        "target_value": 280
      },
      "optionB": {
        "trial_id": "8",
        "task_id": "79",
        "values": "120.0, 7.0",
        "target_value": 310
      },
      "choice": {
        "button": "J",
        "selected_option": "OptionB"
      }
    },
    {
      "question": 6,
      "target": "House Price ($1000s)",
      "target_value": 270,
      "options": [
        "Number of Rooms",
        "Square Feet"
      ],
      "optionA": {
        "trial_id": "16",
        "task_id": "77",
        "values": "4.0, 1700.0",
        "target_value": 270
      },
      "optionB": {
        "trial_id": "20",
        "task_id": "77",
        "values": "5.0, 2300.0",
        "target_value": 370
      },
      "choice": {
        "button": "J",
        "selected_option": "OptionB"
      }
    },
    {
      "question": 7,
      "target": "Plant Growth Rate",
      "target_value": 3.1,
      "options": [
        "Plant Height",
        "Plant Width"
      ],
      "optionA": {
        "trial_id": "17",
        "task_id": "104",
        "values": "1.7, 0.6",
        "target_value": 3.1
      },
      "optionB": {
        "trial_id": "3",
        "task_id": "104",
        "values": "1.8, 0.6",
        "target_value": 3
      },
      "choice": {
        "button": "J",
        "selected_option": "OptionB"
      }
    },
    {
      "question": 8,
      "target": "Popularity Score",
      "target_value": 71,
      "options": [
        "Price ($)",
        "Rating (1-10)"
      ],
      "optionA": {
        "trial_id": "10",
        "task_id": "97",
        "values": "90.0, 5.0",
        "target_value": 71
      },
      "optionB": {
        "trial_id": "19",
        "task_id": "97",
        "values": "60.0, 5.0",
        "target_value": 60
      },
      "choice": {
        "button": "F",
        "selected_option": "OptionA"
      }
    },
    {
      "question": 9,
      "target": "Performance Rating",
      "target_value": 8,
      "options": [
        "Computer Weight (kg)",
        "RAM (GB)"
      ],
      "optionA": {
        "trial_id": "19",
        "task_id": "34",
        "values": "1.6, 12.0",
        "target_value": 8
      },
      "optionB": {
        "trial_id": "1",
        "task_id": "34",
        "values": "1.5, 8.0",
        "target_value": 7
      },
      "choice": {
        "button": "F",
        "selected_option": "OptionA"
      }
    },
    {
      "question": "attention_check_9",
      "choice": "J",
      "passed": true,
      "timestamp": 1756720698631
    },
    {
      "question": 10,
      "target": "Performance",
      "target_value": 8.1,
      "options": [
        "Skill Level",
        "Practice Time"
      ],
      "optionA": {
        "trial_id": "19",
        "task_id": "100",
        "values": "6.0, 16.0",
        "target_value": 8.1
      },
      "optionB": {
        "trial_id": "8",
        "task_id": "100",
        "values": "6.0, 20.0",
        "target_value": 8.4
      },
      "choice": {
        "button": "J",
        "selected_option": "OptionB"
      }
    },
    {
      "question": 11,
      "target": "Social Engagement (on scale 1-10)",
      "target_value": 7,
      "options": [
        "Number of Friends",
        "Average Message Frequency"
      ],
      "optionA": {
        "trial_id": "9",
        "task_id": "21",
        "values": "130.0, 3.0",
        "target_value": 7
      },
      "optionB": {
        "trial_id": "13",
        "task_id": "21",
        "values": "160.0, 4.0",
        "target_value": 8
      },
      "choice": {
        "button": "J",
        "selected_option": "OptionB"
      }
    },
    {
      "question": 12,
      "target": "Enjoyment",
      "target_value": 5,
      "options": [
        "Coffee price",
        "Coffee acidity"
      ],
      "optionA": {
        "trial_id": "16",
        "task_id": "101",
        "values": "2.0, 3.0",
        "target_value": 5
      },
      "optionB": {
        "trial_id": "2",
        "task_id": "101",
        "values": "4.0, 5.0",
        "target_value": 7
      },
      "choice": {
        "button": "J",
        "selected_option": "OptionB"
      }
    },
    {
      "question": 13,
      "target": "Phone Performance",
      "target_value": 100,
      "options": [
        "Phone RAM",
        "Phone Storage"
      ],
      "optionA": {
        "trial_id": "6",
        "task_id": "86",
        "values": "12.0, 512.0",
        "target_value": 100
      },
      "optionB": {
        "trial_id": "6",
        "task_id": "86",
        "values": "12.0, 512.0",
        "target_value": 100
      },
      "choice": {
        "button": "J",
        "selected_option": "OptionB"
      }
    },
    {
      "question": 14,
      "target": "Popularity Score",
      "target_value": 144,
      "options": [
        "Number of Likes",
        "Number of Comments"
      ],
      "optionA": {
        "trial_id": "2",
        "task_id": "50",
        "values": "120.0, 24.0",
        "target_value": 144
      },
      "optionB": {
        "trial_id": "19",
        "task_id": "50",
        "values": "110.0, 22.0",
        "target_value": 132
      },
      "choice": {
        "button": "F",
        "selected_option": "OptionA"
      }
    },
    {
      "question": 15,
      "target": "Plant Sunlight Needs",
      "target_value": 4,
      "options": [
        "Plant Height",
        "Plant Leaf Size"
      ],
      "optionA": {
        "trial_id": "6",
        "task_id": "2",
        "values": "110.0, 8.0",
        "target_value": 4
      },
      "optionB": {
        "trial_id": "18",
        "task_id": "2",
        "values": "160.0, 11.0",
        "target_value": 6
      },
      "choice": {
        "button": "J",
        "selected_option": "OptionB"
      }
    },
    {
      "question": 16,
      "target": "Distance Covered",
      "target_value": 49,
      "options": [
        "Bike Speed",
        "Bike Weight"
      ],
      "optionA": {
        "trial_id": "18",
        "task_id": "7",
        "values": "20.0, 10.0",
        "target_value": 49
      },
      "optionB": {
        "trial_id": "2",
        "task_id": "7",
        "values": "24.0, 11.0",
        "target_value": 52
      },
      "choice": {
        "button": "F",
        "selected_option": "OptionA"
      }
    },
    {
      "question": 17,
      "target": "Restaurant Customer Satisfaction",
      "target_value": 8.5,
      "options": [
        "Restaurant Menu Size",
        "Restaurant Price Rating"
      ],
      "optionA": {
        "trial_id": "12",
        "task_id": "25",
        "values": "22.0, 4.6",
        "target_value": 8.5
      },
      "optionB": {
        "trial_id": "19",
        "task_id": "25",
        "values": "20.0, 4.5",
        "target_value": 8.3
      },
      "choice": {
        "button": "J",
        "selected_option": "OptionB"
      }
    },
    {
      "question": 18,
      "target": "Restaurant Customer Satisfaction",
      "target_value": 8.5,
      "options": [
        "Restaurant Menu Size",
        "Restaurant Price Rating"
      ],
      "optionA": {
        "trial_id": "13",
        "task_id": "25",
        "values": "23.0, 4.6",
        "target_value": 8.5
      },
      "optionB": {
        "trial_id": "1",
        "task_id": "25",
        "values": "20.0, 4.6",
        "target_value": 8.5
      },
      "choice": {
        "button": "J",
        "selected_option": "OptionB"
      }
    },
    {
      "question": 19,
      "target": "Restaurant Customer Satisfaction",
      "target_value": 8.6,
      "options": [
        "Restaurant Menu Size",
        "Restaurant Online Rating"
      ],
      "optionA": {
        "trial_id": "3",
        "task_id": "24",
        "values": "25.0, 4.5",
        "target_value": 8.6
      },
      "optionB": {
        "trial_id": "17",
        "task_id": "24",
        "values": "23.0, 4.8",
        "target_value": 8.9
      },
      "choice": {
        "button": "J",
        "selected_option": "OptionB"
      }
    },
    {
      "question": "attention_check_19",
      "choice": "F",
      "passed": true,
      "timestamp": 1756720778460
    },
    {
      "question": 20,
      "target": "Distance Covered",
      "target_value": 50,
      "options": [
        "Bike Speed",
        "Bike Weight"
      ],
      "optionA": {
        "trial_id": "13",
        "task_id": "7",
        "values": "24.0, 10.0",
        "target_value": 50
      },
      "optionB": {
        "trial_id": "18",
        "task_id": "7",
        "values": "20.0, 10.0",
        "target_value": 49
      },
      "choice": {
        "button": "F",
        "selected_option": "OptionA"
      }
    },
    {
      "question": 21,
      "target": "Battery Life",
      "target_value": 26,
      "options": [
        "Phone Weight",
        "Battery Capacity"
      ],
      "optionA": {
        "trial_id": "8",
        "task_id": "54",
        "values": "170.0, 3200.0",
        "target_value": 26
      },
      "optionB": {
        "trial_id": "16",
        "task_id": "54",
        "values": "180.0, 3400.0",
        "target_value": 28
      },
      "choice": {
        "button": "J",
        "selected_option": "OptionB"
      }
    },
    {
      "question": 22,
      "target": "Quality",
      "target_value": 80,
      "options": [
        "Price",
        "Size"
      ],
      "optionA": {
        "trial_id": "2",
        "task_id": "110",
        "values": "150.0, 8.0",
        "target_value": 80
      },
      "optionB": {
        "trial_id": "4",
        "task_id": "110",
        "values": "90.0, 20.0",
        "target_value": 80
      },
      "choice": {
        "button": "F",
        "selected_option": "OptionA"
      }
    },
    {
      "question": 23,
      "target": "Battery Life",
      "target_value": 30,
      "options": [
        "Phone Weight",
        "Battery Capacity"
      ],
      "optionA": {
        "trial_id": "11",
        "task_id": "54",
        "values": "190.0, 3700.0",
        "target_value": 30
      },
      "optionB": {
        "trial_id": "12",
        "task_id": "54",
        "values": "210.0, 3600.0",
        "target_value": 29
      },
      "choice": {
        "button": "F",
        "selected_option": "OptionA"
      }
    },
    {
      "question": 24,
      "target": "Quality",
      "target_value": 75,
      "options": [
        "Price",
        "Size"
      ],
      "optionA": {
        "trial_id": "17",
        "task_id": "110",
        "values": "100.0, 14.0",
        "target_value": 75
      },
      "optionB": {
        "trial_id": "19",
        "task_id": "110",
        "values": "170.0, 25.0",
        "target_value": 95
      },
      "choice": {
        "button": "J",
        "selected_option": "OptionB"
      }
    },
    {
      "question": 25,
      "target": "Distance Covered",
      "target_value": 55,
      "options": [
        "Bike Speed",
        "Bike Weight"
      ],
      "optionA": {
        "trial_id": "3",
        "task_id": "7",
        "values": "28.0, 12.0",
        "target_value": 55
      },
      "optionB": {
        "trial_id": "10",
        "task_id": "7",
        "values": "21.0, 10.0",
        "target_value": 50
      },
      "choice": {
        "button": "F",
        "selected_option": "OptionA"
      }
    },
    {
      "question": 26,
      "target": "Performance Score (1-100)",
      "target_value": 70,
      "options": [
        "Hours of Practice",
        "Number of Lessons"
      ],
      "optionA": {
        "trial_id": "13",
        "task_id": "57",
        "values": "12.0, 6.0",
        "target_value": 70
      },
      "optionB": {
        "trial_id": "6",
        "task_id": "57",
        "values": "8.0, 4.0",
        "target_value": 55
      },
      "choice": {
        "button": "F",
        "selected_option": "OptionA"
      }
    },
    {
      "question": 27,
      "target": "Performance Rating",
      "target_value": 7.5,
      "options": [
        "Computer Weight (kg)",
        "RAM (GB)"
      ],
      "optionA": {
        "trial_id": "9",
        "task_id": "34",
        "values": "1.6, 10.0",
        "target_value": 7.5
      },
      "optionB": {
        "trial_id": "2",
        "task_id": "34",
        "values": "1.2, 6.0",
        "target_value": 6
      },
      "choice": {
        "button": "F",
        "selected_option": "OptionA"
      }
    },
    {
      "question": 28,
      "target": "Customer Satisfaction",
      "target_value": 8,
      "options": [
        "Price ($)",
        "Quality Rating (1-10)"
      ],
      "optionA": {
        "trial_id": "10",
        "task_id": "49",
        "values": "110.0, 8.0",
        "target_value": 8
      },
      "optionB": {
        "trial_id": "16",
        "task_id": "49",
        "values": "190.0, 10.0",
        "target_value": 9.3
      },
      "choice": {
        "button": "J",
        "selected_option": "OptionB"
      }
    },
    {
      "question": 29,
      "target": "Light Level",
      "target_value": 6,
      "options": [
        "Room Size (sq ft)",
        "Number of Windows"
      ],
      "optionA": {
        "trial_id": "3",
        "task_id": "35",
        "values": "150.0, 2.0",
        "target_value": 6
      },
      "optionB": {
        "trial_id": "5",
        "task_id": "35",
        "values": "220.0, 4.0",
        "target_value": 8
      },
      "choice": {
        "button": "J",
        "selected_option": "OptionB"
      }
    },
    {
      "question": "attention_check_29",
      "choice": "J",
      "passed": true,
      "timestamp": 1756720828044
    },
    {
      "question": 30,
      "target": "Deliciousness",
      "target_value": 60,
      "options": [
        "Cooking time",
        "Ingredients count"
      ],
      "optionA": {
        "trial_id": "11",
        "task_id": "27",
        "values": "50.0, 5.0",
        "target_value": 60
      },
      "optionB": {
        "trial_id": "17",
        "task_id": "27",
        "values": "40.0, 3.0",
        "target_value": 60
      },
      "choice": {
        "button": "F",
        "selected_option": "OptionA"
      }
    },
    {
      "question": 31,
      "target": "Recipe difficulty",
      "target_value": 8,
      "options": [
        "Number of ingredients",
        "Prep time (minutes)"
      ],
      "optionA": {
        "trial_id": "5",
        "task_id": "60",
        "values": "7.0, 25.0",
        "target_value": 8
      },
      "optionB": {
        "trial_id": "8",
        "task_id": "60",
        "values": "7.0, 25.0",
        "target_value": 8
      },
      "choice": {
        "button": "F",
        "selected_option": "OptionA"
      }
    },
    {
      "question": 32,
      "target": "Restaurant Customer Satisfaction",
      "target_value": 8.6,
      "options": [
        "Restaurant Menu Size",
        "Restaurant Online Rating"
      ],
      "optionA": {
        "trial_id": "10",
        "task_id": "24",
        "values": "25.0, 4.5",
        "target_value": 8.6
      },
      "optionB": {
        "trial_id": "1",
        "task_id": "24",
        "values": "20.0, 4.6",
        "target_value": 8.8
      },
      "choice": {
        "button": "J",
        "selected_option": "OptionB"
      }
    },
    {
      "question": 33,
      "target": "Taste Rating (1-10)",
      "target_value": 8,
      "options": [
        "Time Spent Cooking (min)",
        "Number of Ingredients"
      ],
      "optionA": {
        "trial_id": "10",
        "task_id": "93",
        "values": "45.0, 6.0",
        "target_value": 8
      },
      "optionB": {
        "trial_id": "18",
        "task_id": "93",
        "values": "45.0, 5.0",
        "target_value": 7
      },
      "choice": {
        "button": "F",
        "selected_option": "OptionA"
      }
    },
    {
      "question": 34,
      "target": "Plant Growth Rate",
      "target_value": 3.2,
      "options": [
        "Plant Height",
        "Plant Width"
      ],
      "optionA": {
        "trial_id": "20",
        "task_id": "104",
        "values": "1.9, 0.6",
        "target_value": 3.2
      },
      "optionB": {
        "trial_id": "11",
        "task_id": "104",
        "values": "1.9, 0.6",
        "target_value": 3.2
      },
      "choice": {
        "button": "F",
        "selected_option": "OptionA"
      }
    },
    {
      "question": 35,
      "target": "Home Comfort (1-10)",
      "target_value": 5,
      "options": [
        "Number of Bedrooms",
        "Square Feet"
      ],
      "optionA": {
        "trial_id": "18",
        "task_id": "9",
        "values": "3.0, 1150.0",
        "target_value": 5
      },
      "optionB": {
        "trial_id": "13",
        "task_id": "9",
        "values": "3.0, 1550.0",
        "target_value": 7
      },
      "choice": {
        "button": "J",
        "selected_option": "OptionB"
      }
    },
    {
      "question": 36,
      "target": "Exam Score (out of 100)",
      "target_value": 78,
      "options": [
        "Study Time (hours)",
        "Previous GPA"
      ],
      "optionA": {
        "trial_id": "10",
        "task_id": "18",
        "values": "8.0, 3.5",
        "target_value": 78
      },
      "optionB": {
        "trial_id": "19",
        "task_id": "18",
        "values": "10.0, 3.5",
        "target_value": 82
      },
      "choice": {
        "button": "J",
        "selected_option": "OptionB"
      }
    },
    {
      "question": 37,
      "target": "Job Success",
      "target_value": 75,
      "options": [
        "Age",
        "Experience"
      ],
      "optionA": {
        "trial_id": "12",
        "task_id": "117",
        "values": "35.0, 6.0",
        "target_value": 75
      },
      "optionB": {
        "trial_id": "18",
        "task_id": "117",
        "values": "50.0, 13.0",
        "target_value": 95
      },
      "choice": {
        "button": "J",
        "selected_option": "OptionB"
      }
    },
    {
      "question": 38,
      "target": "User Satisfaction",
      "target_value": 7,
      "options": [
        "Screen Size",
        "Battery Life"
      ],
      "optionA": {
        "trial_id": "18",
        "task_id": "52",
        "values": "7.0, 35.0",
        "target_value": 7
      },
      "optionB": {
        "trial_id": "13",
        "task_id": "52",
        "values": "5.0, 35.0",
        "target_value": 7
      },
      "choice": {
        "button": "F",
        "selected_option": "OptionA"
      }
    },
    {
      "question": 39,
      "target": "Speed",
      "target_value": 185,
      "options": [
        "Car Engine Size",
        "Horsepower"
      ],
      "optionA": {
        "trial_id": "18",
        "task_id": "61",
        "values": "3.0, 210.0",
        "target_value": 185
      },
      "optionB": {
        "trial_id": "7",
        "task_id": "61",
        "values": "1.4, 100.0",
        "target_value": 90
      },
      "choice": {
        "button": "F",
        "selected_option": "OptionA"
      }
    },
    {
      "question": "attention_check_39",
      "choice": "F",
      "passed": true,
      "timestamp": 1756720882880
    },
    {
      "question": 40,
      "target": "Cooking Time (min)",
      "target_value": 35,
      "options": [
        "Number of Ingredients",
        "Prep Time (min)"
      ],
      "optionA": {
        "trial_id": "11",
        "task_id": "48",
        "values": "7.0, 14.0",
        "target_value": 35
      },
      "optionB": {
        "trial_id": "5",
        "task_id": "48",
        "values": "6.0, 12.0",
        "target_value": 30
      },
      "choice": {
        "button": "F",
        "selected_option": "OptionA"
      }
    },
    {
      "question": 41,
      "target": "House Price",
      "target_value": 460000,
      "options": [
        "House Size sqft",
        "House Location Rating"
      ],
      "optionA": {
        "trial_id": "19",
        "task_id": "23",
        "values": "2500.0, 9.0",
        "target_value": 460000
      },
      "optionB": {
        "trial_id": "17",
        "task_id": "23",
        "values": "2100.0, 8.0",
        "target_value": 400000
      },
      "choice": {
        "button": "F",
        "selected_option": "OptionA"
      }
    },
    {
      "question": 42,
      "target": "Battery life hours",
      "target_value": 13,
      "options": [
        "Phone battery capacity",
        "Phone weight"
      ],
      "optionA": {
        "trial_id": "4",
        "task_id": "73",
        "values": "3500.0, 190.0",
        "target_value": 13
      },
      "optionB": {
        "trial_id": "3",
        "task_id": "73",
        "values": "2500.0, 170.0",
        "target_value": 10
      },
      "choice": {
        "button": "F",
        "selected_option": "OptionA"
      }
    },
    {
      "question": 43,
      "target": "Weight Loss",
      "target_value": 1.5,
      "options": [
        "Calories",
        "Exercise Time"
      ],
      "optionA": {
        "trial_id": "10",
        "task_id": "51",
        "values": "600.0, 20.0",
        "target_value": 1.5
      },
      "optionB": {
        "trial_id": "11",
        "task_id": "51",
        "values": "600.0, 30.0",
        "target_value": 1.5
      },
      "choice": {
        "button": "J",
        "selected_option": "OptionB"
      }
    },
    {
      "question": 44,
      "target": "Fuel Consumption (L/100km)",
      "target_value": 9,
      "options": [
        "Engine Size (cc)",
        "Weight (kg)"
      ],
      "optionA": {
        "trial_id": "2",
        "task_id": "11",
        "values": "2500.0, 1300.0",
        "target_value": 9
      },
      "optionB": {
        "trial_id": "10",
        "task_id": "11",
        "values": "1900.0, 1200.0",
        "target_value": 7
      },
      "choice": {
        "button": "F",
        "selected_option": "OptionA"
      }
    },
    {
      "question": 45,
      "target": "Enjoyment Score",
      "target_value": 8.5,
      "options": [
        "Book Length (pages)",
        "Author Fame (1-10)"
      ],
      "optionA": {
        "trial_id": "11",
        "task_id": "29",
        "values": "300.0, 8.0",
        "target_value": 8.5
      },
      "optionB": {
        "trial_id": "11",
        "task_id": "29",
        "values": "300.0, 8.0",
        "target_value": 8.5
      },
      "choice": {
        "button": "J",
        "selected_option": "OptionB"
      }
    },
    {
      "question": 46,
      "target": "Light amount",
      "target_value": 9,
      "options": [
        "Room size (m2)",
        "Number of windows"
      ],
      "optionA": {
        "trial_id": "9",
        "task_id": "85",
        "values": "20.0, 4.0",
        "target_value": 9
      },
      "optionB": {
        "trial_id": "15",
        "task_id": "85",
        "values": "30.0, 2.0",
        "target_value": 7
      },
      "choice": {
        "button": "F",
        "selected_option": "OptionA"
      }
    },
    {
      "question": 47,
      "target": "User Satisfaction",
      "target_value": 8,
      "options": [
        "Screen Size",
        "Battery Life"
      ],
      "optionA": {
        "trial_id": "3",
        "task_id": "52",
        "values": "7.0, 35.0",
        "target_value": 8
      },
      "optionB": {
        "trial_id": "1",
        "task_id": "52",
        "values": "6.0, 30.0",
        "target_value": 7
      },
      "choice": {
        "button": "F",
        "selected_option": "OptionA"
      }
    },
    {
      "question": 48,
      "target": "Distance Traveled",
      "target_value": 305,
      "options": [
        "Speed",
        "Weight"
      ],
      "optionA": {
        "trial_id": "14",
        "task_id": "111",
        "values": "60.0, 1100.0",
        "target_value": 305
      },
      "optionB": {
        "trial_id": "7",
        "task_id": "111",
        "values": "40.0, 700.0",
        "target_value": 260
      },
      "choice": {
        "button": "F",
        "selected_option": "OptionA"
      }
    },
    {
      "question": 49,
      "target": "Plant Growth Rate",
      "target_value": 2.8,
      "options": [
        "Plant Height",
        "Plant Width"
      ],
      "optionA": {
        "trial_id": "18",
        "task_id": "104",
        "values": "1.5, 0.5",
        "target_value": 2.8
      },
      "optionB": {
        "trial_id": "16",
        "task_id": "104",
        "values": "1.2, 0.4",
        "target_value": 2.3
      },
      "choice": {
        "button": "F",
        "selected_option": "OptionA"
      }
    },
    {
      "question": 50,
      "target": "Natural light",
      "target_value": 5,
      "options": [
        "Room size",
        "Window count"
      ],
      "optionA": {
        "trial_id": "16",
        "task_id": "66",
        "values": "90.0, 1.0",
        "target_value": 5
      },
      "optionB": {
        "trial_id": "2",
        "task_id": "66",
        "values": "120.0, 2.0",
        "target_value": 6
      },
      "choice": {
        "button": "J",
        "selected_option": "OptionB"
      }
    }
  ]
}