{
  "prolific_id": "UNKNOWN",
  "condition_group": "direction",
  "responses": [
    {
      "question": 1,
      "target": "Distance Covered",
      "target_value": 48,
      "options": [
        "Bike Speed",
        "Bike Weight"
      ],
      "optionA": {
        "trial_id": "9",
        "task_id": "7",
        "values": "22.0, 9.0",
        "target_value": 48
      },
      "optionB": {
        "trial_id": "19",
        "task_id": "7",
        "values": "23.0, 11.0",
        "target_value": 51
      },
      "choice": {
        "button": "F",
        "selected_option": "OptionA"
      }
    },
    {
      "question": 2,
      "target": "Fat Burn (g)",
      "target_value": 50,
      "options": [
        "Exercise Time (min)",
        "Heart Rate (bpm)"
      ],
      "optionA": {
        "trial_id": "1",
        "task_id": "28",
        "values": "30.0, 130.0",
        "target_value": 50
      },
      "optionB": {
        "trial_id": "15",
        "task_id": "28",
        "values": "45.0, 145.0",
        "target_value": 65
      },
      "choice": {
        "button": "J",
        "selected_option": "OptionB"
      }
    },
    {
      "question": 3,
      "target": "Performance",
      "target_value": 8.5,
      "options": [
        "Skill Level",
        "Practice Time"
      ],
      "optionA": {
        "trial_id": "18",
        "task_id": "100",
        "values": "6.0, 18.0",
        "target_value": 8.5
      },
      "optionB": {
        "trial_id": "20",
        "task_id": "100",
        "values": "5.0, 20.0",
        "target_value": 8.4
      },
      "choice": {
        "button": "J",
        "selected_option": "OptionB"
      }
    },
    {
      "question": 4,
      "target": "Phone Battery Life",
      "target_value": 34,
      "options": [
        "Phone Battery Capacity",
        "Phone Weight"
      ],
      "optionA": {
        "trial_id": "11",
        "task_id": "108",
        "values": "4500.0, 215.0",
        "target_value": 34
      },
      "optionB": {
        "trial_id": "12",
        "task_id": "108",
        "values": "4000.0, 205.0",
        "target_value": 31
      },
      "choice": {
        "button": "F",
        "selected_option": "OptionA"
      }
    },
    {
      "question": 5,
      "target": "Growth speed",
      "target_value": 4,
      "options": [
        "Plant height cm",
        "Plant leaf count"
      ],
      "optionA": {
        "trial_id": "6",
        "task_id": "74",
        "values": "30.0, 10.0",
        "target_value": 4
      },
      "optionB": {
        "trial_id": "1",
        "task_id": "74",
        "values": "30.0, 10.0",
        "target_value": 4
      },
      "choice": {
        "button": "J",
        "selected_option": "OptionB"
      }
    },
    {
      "question": 6,
      "target": "Flavor Strength",
      "target_value": 6,
      "options": [
        "Coffee Bean Size",
        "Bean Roast"
      ],
      "optionA": {
        "trial_id": "12",
        "task_id": "64",
        "values": "6.0, 1.0",
        "target_value": 6
      },
      "optionB": {
        "trial_id": "12",
        "task_id": "64",
        "values": "6.0, 1.0",
        "target_value": 6
      },
      "choice": {
        "button": "F",
        "selected_option": "OptionA"
      }
    },
    {
      "question": 7,
      "target": "Muscle gain",
      "target_value": 0.8,
      "options": [
        "Minutes of exercise",
        "Protein intake"
      ],
      "optionA": {
        "trial_id": "5",
        "task_id": "59",
        "values": "20.0, 10.0",
        "target_value": 0.8
      },
      "optionB": {
        "trial_id": "14",
        "task_id": "59",
        "values": "50.0, 30.0",
        "target_value": 1.7
      },
      "choice": {
        "button": "J",
        "selected_option": "OptionB"
      }
    },
    {
      "question": 8,
      "target": "Muscle gain",
      "target_value": 0.8,
      "options": [
        "Minutes of exercise",
        "Protein intake"
      ],
      "optionA": {
        "trial_id": "5",
        "task_id": "59",
        "values": "20.0, 10.0",
        "target_value": 0.8
      },
      "optionB": {
        "trial_id": "7",
        "task_id": "59",
        "values": "50.0, 30.0",
        "target_value": 1.7
      },
      "choice": {
        "button": "J",
        "selected_option": "OptionB"
      }
    },
    {
      "question": 9,
      "target": "Exercise Intensity",
      "target_value": 5.5,
      "options": [
        "Time to Walk (min)",
        "Number of Steps"
      ],
      "optionA": {
        "trial_id": "9",
        "task_id": "95",
        "values": "10.0, 1100.0",
        "target_value": 5.5
      },
      "optionB": {
        "trial_id": "10",
        "task_id": "95",
        "values": "12.0, 1300.0",
        "target_value": 6.5
      },
      "choice": {
        "button": "J",
        "selected_option": "OptionB"
      }
    },
    {
      "question": "attention_check_9",
      "choice": "J",
      "passed": true,
      "timestamp": 1756154640586
    },
    {
      "question": 10,
      "target": "Book Reading Time",
      "target_value": 180,
      "options": [
        "Book Thickness",
        "Book Length"
      ],
      "optionA": {
        "trial_id": "5",
        "task_id": "102",
        "values": "700.0, 240.0",
        "target_value": 180
      },
      "optionB": {
        "trial_id": "16",
        "task_id": "102",
        "values": "600.0, 240.0",
        "target_value": 170
      },
      "choice": {
        "button": "F",
        "selected_option": "OptionA"
      }
    },
    {
      "question": 11,
      "target": "Natural Light",
      "target_value": 7,
      "options": [
        "Room Size",
        "Number of Windows"
      ],
      "optionA": {
        "trial_id": "5",
        "task_id": "53",
        "values": "220.0, 3.0",
        "target_value": 7
      },
      "optionB": {
        "trial_id": "8",
        "task_id": "53",
        "values": "190.0, 2.0",
        "target_value": 5
      },
      "choice": {
        "button": "F",
        "selected_option": "OptionA"
      }
    },
    {
      "question": 12,
      "target": "Distance Covered",
      "target_value": 55,
      "options": [
        "Bike Speed",
        "Bike Weight"
      ],
      "optionA": {
        "trial_id": "3",
        "task_id": "7",
        "values": "28.0, 12.0",
        "target_value": 55
      },
      "optionB": {
        "trial_id": "6",
        "task_id": "7",
        "values": "19.0, 9.0",
        "target_value": 47
      },
      "choice": {
        "button": "F",
        "selected_option": "OptionA"
      }
    },
    {
      "question": 13,
      "target": "Book Reading Time",
      "target_value": 140,
      "options": [
        "Book Thickness",
        "Book Length"
      ],
      "optionA": {
        "trial_id": "9",
        "task_id": "102",
        "values": "550.0, 210.0",
        "target_value": 140
      },
      "optionB": {
        "trial_id": "15",
        "task_id": "102",
        "values": "700.0, 250.0",
        "target_value": 185
      },
      "choice": {
        "button": "J",
        "selected_option": "OptionB"
      }
    },
    {
      "question": 14,
      "target": "Performance Quality (on scale 1-10)",
      "target_value": 8,
      "options": [
        "Hours of Practice",
        "Musical Experience (years)"
      ],
      "optionA": {
        "trial_id": "16",
        "task_id": "17",
        "values": "80.0, 4.0",
        "target_value": 8
      },
      "optionB": {
        "trial_id": "7",
        "task_id": "17",
        "values": "70.0, 5.0",
        "target_value": 9
      },
      "choice": {
        "button": "J",
        "selected_option": "OptionB"
      }
    },
    {
      "question": 15,
      "target": "Weight Loss",
      "target_value": 1,
      "options": [
        "Calories",
        "Exercise Time"
      ],
      "optionA": {
        "trial_id": "3",
        "task_id": "51",
        "values": "600.0, 20.0",
        "target_value": 1
      },
      "optionB": {
        "trial_id": "3",
        "task_id": "51",
        "values": "600.0, 20.0",
        "target_value": 1
      },
      "choice": {
        "button": "J",
        "selected_option": "OptionB"
      }
    },
    {
      "question": 16,
      "target": "Quality",
      "target_value": 70,
      "options": [
        "Price",
        "Size"
      ],
      "optionA": {
        "trial_id": "1",
        "task_id": "110",
        "values": "100.0, 10.0",
        "target_value": 70
      },
      "optionB": {
        "trial_id": "17",
        "task_id": "110",
        "values": "100.0, 14.0",
        "target_value": 75
      },
      "choice": {
        "button": "J",
        "selected_option": "OptionB"
      }
    },
    {
      "question": 17,
      "target": "Performance Score (1-100)",
      "target_value": 90,
      "options": [
        "Hours of Practice",
        "Number of Lessons"
      ],
      "optionA": {
        "trial_id": "19",
        "task_id": "57",
        "values": "30.0, 12.0",
        "target_value": 90
      },
      "optionB": {
        "trial_id": "7",
        "task_id": "57",
        "values": "15.0, 7.0",
        "target_value": 75
      },
      "choice": {
        "button": "F",
        "selected_option": "OptionA"
      }
    },
    {
      "question": 18,
      "target": "Restaurant Customer Satisfaction",
      "target_value": 8.6,
      "options": [
        "Restaurant Menu Size",
        "Restaurant Online Rating"
      ],
      "optionA": {
        "trial_id": "10",
        "task_id": "24",
        "values": "25.0, 4.5",
        "target_value": 8.6
      },
      "optionB": {
        "trial_id": "17",
        "task_id": "24",
        "values": "23.0, 4.8",
        "target_value": 8.9
      },
      "choice": {
        "button": "J",
        "selected_option": "OptionB"
      }
    },
    {
      "question": 19,
      "target": "Exam Score (out of 100)",
      "target_value": 65,
      "options": [
        "Study Time (hours)",
        "Previous GPA"
      ],
      "optionA": {
        "trial_id": "11",
        "task_id": "18",
        "values": "5.0, 2.8",
        "target_value": 65
      },
      "optionB": {
        "trial_id": "16",
        "task_id": "18",
        "values": "9.0, 3.5",
        "target_value": 80
      },
      "choice": {
        "button": "J",
        "selected_option": "OptionB"
      }
    },
    {
      "question": "attention_check_19",
      "choice": "F",
      "passed": true,
      "timestamp": 1756154741020
    },
    {
      "question": 20,
      "target": "Fun Level",
      "target_value": 8,
      "options": [
        "Number of Players",
        "Game Duration (minutes)"
      ],
      "optionA": {
        "trial_id": "1",
        "task_id": "13",
        "values": "4.0, 60.0",
        "target_value": 8
      },
      "optionB": {
        "trial_id": "12",
        "task_id": "13",
        "values": "5.0, 55.0",
        "target_value": 8
      },
      "choice": {
        "button": "F",
        "selected_option": "OptionA"
      }
    },
    {
      "question": 21,
      "target": "Comfort Score",
      "target_value": 9,
      "options": [
        "Price ($)",
        "Size (sqft)"
      ],
      "optionA": {
        "trial_id": "5",
        "task_id": "44",
        "values": "290000.0, 170.0",
        "target_value": 9
      },
      "optionB": {
        "trial_id": "5",
        "task_id": "44",
        "values": "290000.0, 170.0",
        "target_value": 9
      },
      "choice": {
        "button": "J",
        "selected_option": "OptionB"
      }
    },
    {
      "question": 22,
      "target": "Popularity Score",
      "target_value": 73,
      "options": [
        "Price ($)",
        "Rating (1-10)"
      ],
      "optionA": {
        "trial_id": "6",
        "task_id": "97",
        "values": "50.0, 8.0",
        "target_value": 73
      },
      "optionB": {
        "trial_id": "18",
        "task_id": "97",
        "values": "80.0, 7.0",
        "target_value": 72
      },
      "choice": {
        "button": "F",
        "selected_option": "OptionA"
      }
    },
    {
      "question": 23,
      "target": "Enjoyment",
      "target_value": 5,
      "options": [
        "Coffee price",
        "Coffee acidity"
      ],
      "optionA": {
        "trial_id": "13",
        "task_id": "101",
        "values": "2.0, 3.0",
        "target_value": 5
      },
      "optionB": {
        "trial_id": "13",
        "task_id": "101",
        "values": "2.0, 3.0",
        "target_value": 5
      },
      "choice": {
        "button": "F",
        "selected_option": "OptionA"
      }
    },
    {
      "question": 24,
      "target": "Performance Rating",
      "target_value": 7,
      "options": [
        "Computer Weight (kg)",
        "RAM (GB)"
      ],
      "optionA": {
        "trial_id": "1",
        "task_id": "34",
        "values": "1.5, 8.0",
        "target_value": 7
      },
      "optionB": {
        "trial_id": "7",
        "task_id": "34",
        "values": "2.0, 16.0",
        "target_value": 9
      },
      "choice": {
        "button": "J",
        "selected_option": "OptionB"
      }
    },
    {
      "question": 25,
      "target": "Home value",
      "target_value": 320000,
      "options": [
        "House size",
        "Neighborhood quality"
      ],
      "optionA": {
        "trial_id": "10",
        "task_id": "70",
        "values": "160.0, 9.0",
        "target_value": 320000
      },
      "optionB": {
        "trial_id": "10",
        "task_id": "70",
        "values": "160.0, 9.0",
        "target_value": 320000
      },
      "choice": {
        "button": "F",
        "selected_option": "OptionA"
      }
    },
    {
      "question": 26,
      "target": "Natural Light (on scale 1-10)",
      "target_value": 6,
      "options": [
        "Room Area (m2)",
        "Number of Windows"
      ],
      "optionA": {
        "trial_id": "2",
        "task_id": "15",
        "values": "25.0, 2.0",
        "target_value": 6
      },
      "optionB": {
        "trial_id": "19",
        "task_id": "15",
        "values": "28.0, 5.0",
        "target_value": 9
      },
      "choice": {
        "button": "J",
        "selected_option": "OptionB"
      }
    },
    {
      "question": 27,
      "target": "Distance Traveled",
      "target_value": 330,
      "options": [
        "Speed",
        "Weight"
      ],
      "optionA": {
        "trial_id": "9",
        "task_id": "111",
        "values": "80.0, 1400.0",
        "target_value": 330
      },
      "optionB": {
        "trial_id": "3",
        "task_id": "111",
        "values": "50.0, 800.0",
        "target_value": 280
      },
      "choice": {
        "button": "J",
        "selected_option": "OptionB"
      }
    },
    {
      "question": 28,
      "target": "Plant Growth Rate",
      "target_value": 2.8,
      "options": [
        "Plant Height",
        "Plant Width"
      ],
      "optionA": {
        "trial_id": "1",
        "task_id": "104",
        "values": "1.5, 0.5",
        "target_value": 2.8
      },
      "optionB": {
        "trial_id": "20",
        "task_id": "104",
        "values": "1.9, 0.6",
        "target_value": 3.2
      },
      "choice": {
        "button": "J",
        "selected_option": "OptionB"
      }
    },
    {
      "question": 29,
      "target": "Dog Energy Level",
      "target_value": 7,
      "options": [
        "Dog Weight",
        "Dog Activity Level"
      ],
      "optionA": {
        "trial_id": "7",
        "task_id": "105",
        "values": "20.0, 4.0",
        "target_value": 7
      },
      "optionB": {
        "trial_id": "12",
        "task_id": "105",
        "values": "28.0, 5.0",
        "target_value": 8
      },
      "choice": {
        "button": "J",
        "selected_option": "OptionB"
      }
    },
    {
      "question": "attention_check_29",
      "choice": "J",
      "passed": true,
      "timestamp": 1756154900117
    },
    {
      "question": 30,
      "target": "Performance Score (1-100)",
      "target_value": 85,
      "options": [
        "Hours of Practice",
        "Number of Lessons"
      ],
      "optionA": {
        "trial_id": "9",
        "task_id": "57",
        "values": "25.0, 10.0",
        "target_value": 85
      },
      "optionB": {
        "trial_id": "3",
        "task_id": "57",
        "values": "20.0, 8.0",
        "target_value": 80
      },
      "choice": {
        "button": "F",
        "selected_option": "OptionA"
      }
    },
    {
      "question": 31,
      "target": "Social Engagement (on scale 1-10)",
      "target_value": 7,
      "options": [
        "Number of Friends",
        "Average Message Frequency"
      ],
      "optionA": {
        "trial_id": "1",
        "task_id": "21",
        "values": "100.0, 3.0",
        "target_value": 7
      },
      "optionB": {
        "trial_id": "6",
        "task_id": "21",
        "values": "160.0, 3.0",
        "target_value": 7
      },
      "choice": {
        "button": "F",
        "selected_option": "OptionA"
      }
    },
    {
      "question": 32,
      "target": "Quality",
      "target_value": 90,
      "options": [
        "Price",
        "Size"
      ],
      "optionA": {
        "trial_id": "7",
        "task_id": "110",
        "values": "180.0, 20.0",
        "target_value": 90
      },
      "optionB": {
        "trial_id": "16",
        "task_id": "110",
        "values": "150.0, 20.0",
        "target_value": 90
      },
      "choice": {
        "button": "F",
        "selected_option": "OptionA"
      }
    },
    {
      "question": 33,
      "target": "Restaurant Customer Satisfaction",
      "target_value": 8.5,
      "options": [
        "Restaurant Menu Size",
        "Restaurant Online Rating"
      ],
      "optionA": {
        "trial_id": "5",
        "task_id": "24",
        "values": "15.0, 4.7",
        "target_value": 8.5
      },
      "optionB": {
        "trial_id": "1",
        "task_id": "24",
        "values": "20.0, 4.6",
        "target_value": 8.8
      },
      "choice": {
        "button": "F",
        "selected_option": "OptionA"
      }
    },
    {
      "question": 34,
      "target": "Book Knowledge Content",
      "target_value": 8,
      "options": [
        "Book Page Count",
        "Book Reading Level"
      ],
      "optionA": {
        "trial_id": "7",
        "task_id": "1",
        "values": "500.0, 4.0",
        "target_value": 8
      },
      "optionB": {
        "trial_id": "18",
        "task_id": "1",
        "values": "360.0, 5.0",
        "target_value": 9
      },
      "choice": {
        "button": "J",
        "selected_option": "OptionB"
      }
    },
    {
      "question": 35,
      "target": "Fuel Consumption (L/100km)",
      "target_value": 9,
      "options": [
        "Engine Size (cc)",
        "Weight (kg)"
      ],
      "optionA": {
        "trial_id": "3",
        "task_id": "11",
        "values": "2200.0, 1400.0",
        "target_value": 9
      },
      "optionB": {
        "trial_id": "13",
        "task_id": "11",
        "values": "1900.0, 1200.0",
        "target_value": 7
      },
      "choice": {
        "button": "F",
        "selected_option": "OptionA"
      }
    },
    {
      "question": 36,
      "target": "Movie enjoyment",
      "target_value": 7,
      "options": [
        "Movie runtime",
        "Movie rating"
      ],
      "optionA": {
        "trial_id": "10",
        "task_id": "75",
        "values": "100.0, 6.5",
        "target_value": 7
      },
      "optionB": {
        "trial_id": "8",
        "task_id": "75",
        "values": "120.0, 7.5",
        "target_value": 8
      },
      "choice": {
        "button": "J",
        "selected_option": "OptionB"
      }
    },
    {
      "question": 37,
      "target": "Post reach",
      "target_value": 21000,
      "options": [
        "Number of followers",
        "Engagement rate (%)"
      ],
      "optionA": {
        "trial_id": "17",
        "task_id": "92",
        "values": "1600.0, 7.0",
        "target_value": 21000
      },
      "optionB": {
        "trial_id": "5",
        "task_id": "92",
        "values": "1500.0, 6.0",
        "target_value": 18000
      },
      "choice": {
        "button": "F",
        "selected_option": "OptionA"
      }
    },
    {
      "question": 38,
      "target": "Fuel Consumption (L)",
      "target_value": 750,
      "options": [
        "Flight Duration (hours)",
        "Distance (km)"
      ],
      "optionA": {
        "trial_id": "2",
        "task_id": "33",
        "values": "3.0, 750.0",
        "target_value": 750
      },
      "optionB": {
        "trial_id": "1",
        "task_id": "33",
        "values": "4.0, 1000.0",
        "target_value": 1000
      },
      "choice": {
        "button": "J",
        "selected_option": "OptionB"
      }
    },
    {
      "question": 39,
      "target": "Weight loss",
      "target_value": 1.2,
      "options": [
        "Exercise duration",
        "Intensity level"
      ],
      "optionA": {
        "trial_id": "11",
        "task_id": "67",
        "values": "30.0, 4.0",
        "target_value": 1.2
      },
      "optionB": {
        "trial_id": "5",
        "task_id": "67",
        "values": "60.0, 7.0",
        "target_value": 2.2
      },
      "choice": {
        "button": "J",
        "selected_option": "OptionB"
      }
    },
    {
      "question": "attention_check_39",
      "choice": "F",
      "passed": true,
      "timestamp": 1756154962553
    },
    {
      "question": 40,
      "target": "Home Comfort (1-10)",
      "target_value": 8,
      "options": [
        "Number of Bedrooms",
        "Square Feet"
      ],
      "optionA": {
        "trial_id": "15",
        "task_id": "9",
        "values": "4.0, 1650.0",
        "target_value": 8
      },
      "optionB": {
        "trial_id": "9",
        "task_id": "9",
        "values": "4.0, 1700.0",
        "target_value": 8
      },
      "choice": {
        "button": "J",
        "selected_option": "OptionB"
      }
    },
    {
      "question": 41,
      "target": "Fat Burn (g)",
      "target_value": 85,
      "options": [
        "Exercise Time (min)",
        "Heart Rate (bpm)"
      ],
      "optionA": {
        "trial_id": "13",
        "task_id": "28",
        "values": "60.0, 160.0",
        "target_value": 85
      },
      "optionB": {
        "trial_id": "10",
        "task_id": "28",
        "values": "45.0, 125.0",
        "target_value": 50
      },
      "choice": {
        "button": "F",
        "selected_option": "OptionA"
      }
    },
    {
      "question": 42,
      "target": "House Price",
      "target_value": 440000,
      "options": [
        "House Size sqft",
        "House Location Rating"
      ],
      "optionA": {
        "trial_id": "11",
        "task_id": "23",
        "values": "2000.0, 9.0",
        "target_value": 440000
      },
      "optionB": {
        "trial_id": "9",
        "task_id": "23",
        "values": "2200.0, 8.0",
        "target_value": 420000
      },
      "choice": {
        "button": "J",
        "selected_option": "OptionB"
      }
    },
    {
      "question": 43,
      "target": "Taste score",
      "target_value": 6,
      "options": [
        "Coffee strength",
        "Bean quality"
      ],
      "optionA": {
        "trial_id": "19",
        "task_id": "68",
        "values": "3.0, 6.0",
        "target_value": 6
      },
      "optionB": {
        "trial_id": "5",
        "task_id": "68",
        "values": "5.0, 5.0",
        "target_value": 6
      },
      "choice": {
        "button": "J",
        "selected_option": "OptionB"
      }
    },
    {
      "question": 44,
      "target": "Performance Score",
      "target_value": 90,
      "options": [
        "Hours of Practice",
        "Natural Talent (1-10)"
      ],
      "optionA": {
        "trial_id": "10",
        "task_id": "78",
        "values": "11.0, 8.0",
        "target_value": 90
      },
      "optionB": {
        "trial_id": "8",
        "task_id": "78",
        "values": "7.0, 10.0",
        "target_value": 93
      },
      "choice": {
        "button": "J",
        "selected_option": "OptionB"
      }
    },
    {
      "question": 45,
      "target": "Performance",
      "target_value": 8,
      "options": [
        "Skill Level",
        "Practice Time"
      ],
      "optionA": {
        "trial_id": "9",
        "task_id": "100",
        "values": "7.0, 12.0",
        "target_value": 8
      },
      "optionB": {
        "trial_id": "2",
        "task_id": "100",
        "values": "6.0, 15.0",
        "target_value": 8.2
      },
      "choice": {
        "button": "F",
        "selected_option": "OptionA"
      }
    },
    {
      "question": 46,
      "target": "Home value",
      "target_value": 250000,
      "options": [
        "House size",
        "Neighborhood quality"
      ],
      "optionA": {
        "trial_id": "19",
        "task_id": "70",
        "values": "100.0, 6.0",
        "target_value": 250000
      },
      "optionB": {
        "trial_id": "2",
        "task_id": "70",
        "values": "150.0, 7.0",
        "target_value": 290000
      },
      "choice": {
        "button": "J",
        "selected_option": "OptionB"
      }
    },
    {
      "question": 47,
      "target": "Home value",
      "target_value": 250000,
      "options": [
        "House size",
        "Neighborhood quality"
      ],
      "optionA": {
        "trial_id": "19",
        "task_id": "70",
        "values": "100.0, 6.0",
        "target_value": 250000
      },
      "optionB": {
        "trial_id": "2",
        "task_id": "70",
        "values": "150.0, 7.0",
        "target_value": 290000
      },
      "choice": {
        "button": "J",
        "selected_option": "OptionB"
      }
    },
    {
      "question": 48,
      "target": "Battery Duration",
      "target_value": 11,
      "options": [
        "Phone Battery Capacity",
        "Screen Brightness"
      ],
      "optionA": {
        "trial_id": "20",
        "task_id": "63",
        "values": "2500.0, 350.0",
        "target_value": 11
      },
      "optionB": {
        "trial_id": "1",
        "task_id": "63",
        "values": "3000.0, 400.0",
        "target_value": 12
      },
      "choice": {
        "button": "F",
        "selected_option": "OptionA"
      }
    },
    {
      "question": 49,
      "target": "Comfort Score",
      "target_value": 6,
      "options": [
        "Price ($)",
        "Size (sqft)"
      ],
      "optionA": {
        "trial_id": "15",
        "task_id": "44",
        "values": "270000.0, 130.0",
        "target_value": 6
      },
      "optionB": {
        "trial_id": "7",
        "task_id": "44",
        "values": "310000.0, 180.0",
        "target_value": 9
      },
      "choice": {
        "button": "F",
        "selected_option": "OptionA"
      }
    },
    {
      "question": 50,
      "target": "Social Engagement (on scale 1-10)",
      "target_value": 6,
      "options": [
        "Number of Friends",
        "Average Message Frequency"
      ],
      "optionA": {
        "trial_id": "11",
        "task_id": "21",
        "values": "100.0, 2.0",
        "target_value": 6
      },
      "optionB": {
        "trial_id": "1",
        "task_id": "21",
        "values": "100.0, 3.0",
        "target_value": 7
      },
      "choice": {
        "button": "J",
        "selected_option": "OptionB"
      }
    }
  ]
}