{
  "prolific_id": "UNKNOWN",
  "condition_group": "ranking",
  "responses": [
    {
      "question": 1,
      "target": "Value for Money",
      "target_value": 45,
      "options": [
        "Price",
        "Weight"
      ],
      "optionA": {
        "trial_id": "17",
        "task_id": "20",
        "values": "110.0, 1.6",
        "target_value": 45
      },
      "optionB": {
        "trial_id": "14",
        "task_id": "20",
        "values": "95.0, 2.4",
        "target_value": 41
      },
      "choice": {
        "button": "J",
        "selected_option": "OptionB"
      }
    },
    {
      "question": 2,
      "target": "House price (thousands)",
      "target_value": 350,
      "options": [
        "House size (m2)",
        "Number of bedrooms"
      ],
      "optionA": {
        "trial_id": "18",
        "task_id": "117",
        "values": "120.0, 5",
        "target_value": 350
      },
      "optionB": {
        "trial_id": "7",
        "task_id": "117",
        "values": "110.0, 4",
        "target_value": 330
      },
      "choice": {
        "button": "F",
        "selected_option": "OptionA"
      }
    },
    {
      "question": 3,
      "target": "Speed",
      "target_value": 5,
      "options": [
        "Bike Weight",
        "Bike Tire Size"
      ],
      "optionA": {
        "trial_id": "20",
        "task_id": "172",
        "values": "28.0, 3",
        "target_value": 5
      },
      "optionB": {
        "trial_id": "11",
        "task_id": "172",
        "values": "20.0, 2",
        "target_value": 10
      },
      "choice": {
        "button": "J",
        "selected_option": "OptionB"
      }
    },
    {
      "question": 4,
      "target": "Speed (km/h)",
      "target_value": 18,
      "options": [
        "Bike wheel size (inches)",
        "Frame weight (kg)"
      ],
      "optionA": {
        "trial_id": "11",
        "task_id": "164",
        "values": "25.0, 2.8",
        "target_value": 18
      },
      "optionB": {
        "trial_id": "13",
        "task_id": "164",
        "values": "27.0, 2.5",
        "target_value": 20
      },
      "choice": {
        "button": "J",
        "selected_option": "OptionB"
      }
    },
    {
      "question": 5,
      "target": "Travel Time (min)",
      "target_value": 14,
      "options": [
        "Distance (km)",
        "Speed (km/h)"
      ],
      "optionA": {
        "trial_id": "14",
        "task_id": "166",
        "values": "17.0, 60",
        "target_value": 14
      },
      "optionB": {
        "trial_id": "5",
        "task_id": "166",
        "values": "14.0, 80",
        "target_value": 10
      },
      "choice": {
        "button": "F",
        "selected_option": "OptionA"
      }
    },
    {
      "question": 6,
      "target": "Training time",
      "target_value": 30,
      "options": [
        "Dog weight",
        "Dog breed"
      ],
      "optionA": {
        "trial_id": "1",
        "task_id": "59",
        "values": "20.0, 1.0",
        "target_value": 30
      },
      "optionB": {
        "trial_id": "10",
        "task_id": "59",
        "values": "12.0, 3.0",
        "target_value": 20
      },
      "choice": {
        "button": "J",
        "selected_option": "OptionB"
      }
    },
    {
      "question": 7,
      "target": "Garden yield (kg)",
      "target_value": 60,
      "options": [
        "Amount of fertilizer (grams)",
        "Rainfall (mm/week)"
      ],
      "optionA": {
        "trial_id": "19",
        "task_id": "92",
        "values": "300.0, 100",
        "target_value": 60
      },
      "optionB": {
        "trial_id": "19",
        "task_id": "92",
        "values": "300.0, 100",
        "target_value": 60
      },
      "choice": {
        "button": "F",
        "selected_option": "OptionA"
      }
    },
    {
      "question": 8,
      "target": "Car Fuel Efficiency",
      "target_value": 15,
      "options": [
        "Car Engine Size",
        "Car Weight"
      ],
      "optionA": {
        "trial_id": "2",
        "task_id": "105",
        "values": "3.0, 1600",
        "target_value": 15
      },
      "optionB": {
        "trial_id": "9",
        "task_id": "168",
        "values": "2.2, 3300",
        "target_value": 31
      },
      "choice": {
        "button": "F",
        "selected_option": "OptionA"
      }
    },
    {
      "question": 9,
      "target": "Reading Enjoyment",
      "target_value": 16,
      "options": [
        "Book Length",
        "Author Fame"
      ],
      "optionA": {
        "trial_id": "19",
        "task_id": "131",
        "values": "1200.0, 0.25",
        "target_value": 16
      },
      "optionB": {
        "trial_id": "1",
        "task_id": "131",
        "values": "300.0, 8.0",
        "target_value": 7
      },
      "choice": {
        "button": "J",
        "selected_option": "OptionB"
      }
    },
    {
      "question": "attention_check_9",
      "choice": "J",
      "passed": true,
      "timestamp": 1756721088580
    },
    {
      "question": 10,
      "target": "Plant Health",
      "target_value": 7,
      "options": [
        "Plant Height",
        "Water Amount"
      ],
      "optionA": {
        "trial_id": "1",
        "task_id": "169",
        "values": "30.0, 1",
        "target_value": 7
      },
      "optionB": {
        "trial_id": "15",
        "task_id": "169",
        "values": "100.0, 1",
        "target_value": 14
      },
      "choice": {
        "button": "J",
        "selected_option": "OptionB"
      }
    },
    {
      "question": 11,
      "target": "Exam Score",
      "target_value": 84,
      "options": [
        "Study Time (hours)",
        "Intelligence Score"
      ],
      "optionA": {
        "trial_id": "19",
        "task_id": "157",
        "values": "5.0, 85.0",
        "target_value": 84
      },
      "optionB": {
        "trial_id": "13",
        "task_id": "157",
        "values": "3.0, 80.0",
        "target_value": 77
      },
      "choice": {
        "button": "F",
        "selected_option": "OptionA"
      }
    },
    {
      "question": 12,
      "target": "Exam score (%)",
      "target_value": 76,
      "options": [
        "Student study hours per week",
        "Student age (years)"
      ],
      "optionA": {
        "trial_id": "16",
        "task_id": "144",
        "values": "5.0, 15",
        "target_value": 76
      },
      "optionB": {
        "trial_id": "5",
        "task_id": "144",
        "values": "12.0, 16",
        "target_value": 90
      },
      "choice": {
        "button": "J",
        "selected_option": "OptionB"
      }
    },
    {
      "question": 13,
      "target": "Bike Speed",
      "target_value": 26,
      "options": [
        "Bike Weight",
        "Bike Frame Size"
      ],
      "optionA": {
        "trial_id": "19",
        "task_id": "106",
        "values": "9.0, 18",
        "target_value": 26
      },
      "optionB": {
        "trial_id": "3",
        "task_id": "106",
        "values": "9.0, 18",
        "target_value": 26
      },
      "choice": {
        "button": "J",
        "selected_option": "OptionB"
      }
    },
    {
      "question": 14,
      "target": "Car speed (mph)",
      "target_value": 90,
      "options": [
        "Engine power (hp)",
        "Weight (kg)"
      ],
      "optionA": {
        "trial_id": "10",
        "task_id": "90",
        "values": "170.0, 1600",
        "target_value": 90
      },
      "optionB": {
        "trial_id": "15",
        "task_id": "90",
        "values": "190.0, 1400",
        "target_value": 108
      },
      "choice": {
        "button": "F",
        "selected_option": "OptionA"
      }
    },
    {
      "question": 15,
      "target": "Exam score",
      "target_value": 90,
      "options": [
        "Time spent studying",
        "Time spent watching TV"
      ],
      "optionA": {
        "trial_id": "2",
        "task_id": "100",
        "values": "6.0, 1.0",
        "target_value": 90
      },
      "optionB": {
        "trial_id": "3",
        "task_id": "100",
        "values": "3.0, 3.0",
        "target_value": 70
      },
      "choice": {
        "button": "F",
        "selected_option": "OptionA"
      }
    },
    {
      "question": 16,
      "target": "Race Finish Time (minutes)",
      "target_value": 22,
      "options": [
        "Runner Speed (mph)",
        "Runner Weight (lbs)"
      ],
      "optionA": {
        "trial_id": "2",
        "task_id": "37",
        "values": "5.0, 160.0",
        "target_value": 22
      },
      "optionB": {
        "trial_id": "16",
        "task_id": "37",
        "values": "7.5, 145.0",
        "target_value": 17.5
      },
      "choice": {
        "button": "J",
        "selected_option": "OptionB"
      }
    },
    {
      "question": 17,
      "target": "Fuel consumption (liters per 100km)",
      "target_value": 7.4,
      "options": [
        "Car engine size (liters)",
        "Car weight (kg)"
      ],
      "optionA": {
        "trial_id": "10",
        "task_id": "113",
        "values": "1.9, 1450",
        "target_value": 7.4
      },
      "optionB": {
        "trial_id": "4",
        "task_id": "113",
        "values": "1.8, 1450",
        "target_value": 7.1
      },
      "choice": {
        "button": "F",
        "selected_option": "OptionA"
      }
    },
    {
      "question": 18,
      "target": "Battery life",
      "target_value": 28,
      "options": [
        "Phone battery",
        "Phone size"
      ],
      "optionA": {
        "trial_id": "3",
        "task_id": "62",
        "values": "4500.0, 15.0",
        "target_value": 28
      },
      "optionB": {
        "trial_id": "10",
        "task_id": "62",
        "values": "5000.0, 14.0",
        "target_value": 28
      },
      "choice": {
        "button": "J",
        "selected_option": "OptionB"
      }
    },
    {
      "question": 19,
      "target": "Reading Enjoyment",
      "target_value": 7,
      "options": [
        "Book Length",
        "Author Fame"
      ],
      "optionA": {
        "trial_id": "1",
        "task_id": "131",
        "values": "300.0, 8.0",
        "target_value": 7
      },
      "optionB": {
        "trial_id": "7",
        "task_id": "131",
        "values": "600.0, 5.0",
        "target_value": 10
      },
      "choice": {
        "button": "F",
        "selected_option": "OptionA"
      }
    },
    {
      "question": "attention_check_19",
      "choice": "F",
      "passed": true,
      "timestamp": 1756721169851
    },
    {
      "question": 20,
      "target": "Test Score",
      "target_value": 71,
      "options": [
        "Student Study Time",
        "Student Distractions"
      ],
      "optionA": {
        "trial_id": "17",
        "task_id": "72",
        "values": "3.0, 8.0",
        "target_value": 71
      },
      "optionB": {
        "trial_id": "9",
        "task_id": "72",
        "values": "1.0, 3.0",
        "target_value": 72
      },
      "choice": {
        "button": "F",
        "selected_option": "OptionA"
      }
    },
    {
      "question": 21,
      "target": "Energy level (1-10)",
      "target_value": 7,
      "options": [
        "Hours of sleep",
        "Caffeine intake (mg)"
      ],
      "optionA": {
        "trial_id": "5",
        "task_id": "54",
        "values": "8.0, 80",
        "target_value": 7
      },
      "optionB": {
        "trial_id": "3",
        "task_id": "54",
        "values": "6.0, 150",
        "target_value": 5
      },
      "choice": {
        "button": "F",
        "selected_option": "OptionA"
      }
    },
    {
      "question": 22,
      "target": "Garden yield (kg)",
      "target_value": 46,
      "options": [
        "Amount of fertilizer (grams)",
        "Rainfall (mm/week)"
      ],
      "optionA": {
        "trial_id": "18",
        "task_id": "92",
        "values": "150.0, 150",
        "target_value": 46
      },
      "optionB": {
        "trial_id": "1",
        "task_id": "92",
        "values": "200.0, 100",
        "target_value": 50
      },
      "choice": {
        "button": "F",
        "selected_option": "OptionA"
      }
    },
    {
      "question": 23,
      "target": "Muscle gain",
      "target_value": 70,
      "options": [
        "Exercise intensity",
        "Water intake"
      ],
      "optionA": {
        "trial_id": "16",
        "task_id": "86",
        "values": "6.0, 4",
        "target_value": 70
      },
      "optionB": {
        "trial_id": "16",
        "task_id": "86",
        "values": "6.0, 4",
        "target_value": 70
      },
      "choice": {
        "button": "F",
        "selected_option": "OptionA"
      }
    },
    {
      "question": 24,
      "target": "Flower Size (inches)",
      "target_value": 7,
      "options": [
        "Plant Height (inches)",
        "Plant Width (inches)"
      ],
      "optionA": {
        "trial_id": "15",
        "task_id": "152",
        "values": "17.0, 4.0",
        "target_value": 7
      },
      "optionB": {
        "trial_id": "19",
        "task_id": "152",
        "values": "14.0, 5.0",
        "target_value": 5
      },
      "choice": {
        "button": "F",
        "selected_option": "OptionA"
      }
    },
    {
      "question": 25,
      "target": "Phone Performance Score",
      "target_value": 8.2,
      "options": [
        "Phone Processor Speed",
        "Phone Battery Capacity"
      ],
      "optionA": {
        "trial_id": "8",
        "task_id": "10",
        "values": "2.5, 5500",
        "target_value": 8.2
      },
      "optionB": {
        "trial_id": "14",
        "task_id": "10",
        "values": "1.0, 7000",
        "target_value": 7.5
      },
      "choice": {
        "button": "F",
        "selected_option": "OptionA"
      }
    },
    {
      "question": 26,
      "target": "Battery Life (hours)",
      "target_value": 14,
      "options": [
        "Phone Battery Capacity (mAh)",
        "Phone Brand (1=Premium, 2=Budget)"
      ],
      "optionA": {
        "trial_id": "6",
        "task_id": "175",
        "values": "3500.0, 2",
        "target_value": 14
      },
      "optionB": {
        "trial_id": "9",
        "task_id": "175",
        "values": "4200.0, 1",
        "target_value": 21
      },
      "choice": {
        "button": "J",
        "selected_option": "OptionB"
      }
    },
    {
      "question": 27,
      "target": "Taste Rating",
      "target_value": 4.5,
      "options": [
        "Coffee Amount",
        "Sugar Amount"
      ],
      "optionA": {
        "trial_id": "6",
        "task_id": "18",
        "values": "5.0, 1",
        "target_value": 4.5
      },
      "optionB": {
        "trial_id": "12",
        "task_id": "18",
        "values": "4.0, 3",
        "target_value": 5.5
      },
      "choice": {
        "button": "F",
        "selected_option": "OptionA"
      }
    },
    {
      "question": 28,
      "target": "Speed (km/h)",
      "target_value": 18,
      "options": [
        "Bike wheel size (inches)",
        "Frame weight (kg)"
      ],
      "optionA": {
        "trial_id": "6",
        "task_id": "164",
        "values": "25.0, 3.1",
        "target_value": 18
      },
      "optionB": {
        "trial_id": "7",
        "task_id": "164",
        "values": "26.0, 2.6",
        "target_value": 19
      },
      "choice": {
        "button": "J",
        "selected_option": "OptionB"
      }
    },
    {
      "question": 29,
      "target": "Favorability",
      "target_value": 5,
      "options": [
        "Coffee strength",
        "Coffee cream"
      ],
      "optionA": {
        "trial_id": "20",
        "task_id": "57",
        "values": "7.0, 0.8",
        "target_value": 5
      },
      "optionB": {
        "trial_id": "2",
        "task_id": "57",
        "values": "6.0, 0.6",
        "target_value": 5
      },
      "choice": {
        "button": "F",
        "selected_option": "OptionA"
      }
    },
    {
      "question": "attention_check_29",
      "choice": "J",
      "passed": true,
      "timestamp": 1756721237018
    },
    {
      "question": 30,
      "target": "Shadow coverage",
      "target_value": 80,
      "options": [
        "Tree height",
        "Tree thickness"
      ],
      "optionA": {
        "trial_id": "8",
        "task_id": "58",
        "values": "13.0, 3.0",
        "target_value": 80
      },
      "optionB": {
        "trial_id": "15",
        "task_id": "58",
        "values": "11.0, 3.0",
        "target_value": 75
      },
      "choice": {
        "button": "F",
        "selected_option": "OptionA"
      }
    },
    {
      "question": 31,
      "target": "Enjoyment (1-10)",
      "target_value": 6,
      "options": [
        "Book Thickness (cm)",
        "Author Fame (1-10)"
      ],
      "optionA": {
        "trial_id": "14",
        "task_id": "1",
        "values": "5.0, 5",
        "target_value": 6
      },
      "optionB": {
        "trial_id": "20",
        "task_id": "1",
        "values": "6.0, 5",
        "target_value": 6
      },
      "choice": {
        "button": "J",
        "selected_option": "OptionB"
      }
    },
    {
      "question": 32,
      "target": "BMI",
      "target_value": 23.4,
      "options": [
        "Height",
        "Weight"
      ],
      "optionA": {
        "trial_id": "5",
        "task_id": "17",
        "values": "160.0, 60",
        "target_value": 23.4
      },
      "optionB": {
        "trial_id": "10",
        "task_id": "17",
        "values": "155.0, 73",
        "target_value": 30
      },
      "choice": {
        "button": "J",
        "selected_option": "OptionB"
      }
    },
    {
      "question": 33,
      "target": "Battery life",
      "target_value": 25,
      "options": [
        "Phone battery",
        "Phone size"
      ],
      "optionA": {
        "trial_id": "2",
        "task_id": "62",
        "values": "4000.0, 12.0",
        "target_value": 25
      },
      "optionB": {
        "trial_id": "1",
        "task_id": "62",
        "values": "5000.0, 10.0",
        "target_value": 30
      },
      "choice": {
        "button": "J",
        "selected_option": "OptionB"
      }
    },
    {
      "question": 34,
      "target": "App Performance (1-10)",
      "target_value": 6,
      "options": [
        "Phone RAM (GB)",
        "Phone Brand (1=Premium, 2=Budget)"
      ],
      "optionA": {
        "trial_id": "10",
        "task_id": "176",
        "values": "6.0, 2",
        "target_value": 6
      },
      "optionB": {
        "trial_id": "4",
        "task_id": "176",
        "values": "3.0, 2",
        "target_value": 5
      },
      "choice": {
        "button": "F",
        "selected_option": "OptionA"
      }
    },
    {
      "question": 35,
      "target": "Wait Time (minutes)",
      "target_value": 32,
      "options": [
        "Restaurant Size",
        "Restaurant Reviews"
      ],
      "optionA": {
        "trial_id": "18",
        "task_id": "74",
        "values": "135.0, 4.3",
        "target_value": 32
      },
      "optionB": {
        "trial_id": "8",
        "task_id": "74",
        "values": "110.0, 4.1",
        "target_value": 32
      },
      "choice": {
        "button": "J",
        "selected_option": "OptionB"
      }
    },
    {
      "question": 36,
      "target": "Heating cost (per month)",
      "target_value": 320,
      "options": [
        "House size (sqm)",
        "Number of windows"
      ],
      "optionA": {
        "trial_id": "4",
        "task_id": "151",
        "values": "110.0, 6.0",
        "target_value": 320
      },
      "optionB": {
        "trial_id": "19",
        "task_id": "151",
        "values": "90.0, 6.0",
        "target_value": 280
      },
      "choice": {
        "button": "F",
        "selected_option": "OptionA"
      }
    },
    {
      "question": 37,
      "target": "Battery Life (hours)",
      "target_value": 10,
      "options": [
        "Phone Battery Capacity (mAh)",
        "Phone Brand (1=Premium, 2=Budget)"
      ],
      "optionA": {
        "trial_id": "16",
        "task_id": "175",
        "values": "2700.0, 2",
        "target_value": 10
      },
      "optionB": {
        "trial_id": "3",
        "task_id": "175",
        "values": "3500.0, 1",
        "target_value": 18
      },
      "choice": {
        "button": "J",
        "selected_option": "OptionB"
      }
    },
    {
      "question": 38,
      "target": "Shade Area (sq ft)",
      "target_value": 160,
      "options": [
        "Tree Height (ft)",
        "Tree Diameter (in)"
      ],
      "optionA": {
        "trial_id": "13",
        "task_id": "33",
        "values": "55.0, 9.0",
        "target_value": 160
      },
      "optionB": {
        "trial_id": "13",
        "task_id": "33",
        "values": "55.0, 9.0",
        "target_value": 160
      },
      "choice": {
        "button": "J",
        "selected_option": "OptionB"
      }
    },
    {
      "question": 39,
      "target": "Maximum heart rate (bpm)",
      "target_value": 157,
      "options": [
        "Age (years)",
        "Height (cm)"
      ],
      "optionA": {
        "trial_id": "18",
        "task_id": "52",
        "values": "48.0, 177",
        "target_value": 157
      },
      "optionB": {
        "trial_id": "3",
        "task_id": "52",
        "values": "30.0, 175",
        "target_value": 185
      },
      "choice": {
        "button": "F",
        "selected_option": "OptionA"
      }
    },
    {
      "question": "attention_check_39",
      "choice": "F",
      "passed": true,
      "timestamp": 1756721348331
    },
    {
      "question": 40,
      "target": "Growth Rate (cm/week)",
      "target_value": 3,
      "options": [
        "Plant Height (cm)",
        "Sunlight (hours/day)"
      ],
      "optionA": {
        "trial_id": "17",
        "task_id": "4",
        "values": "20.0, 5",
        "target_value": 3
      },
      "optionB": {
        "trial_id": "7",
        "task_id": "4",
        "values": "50.0, 4",
        "target_value": 7
      },
      "choice": {
        "button": "J",
        "selected_option": "OptionB"
      }
    },
    {
      "question": 41,
      "target": "Morning Alertness",
      "target_value": 8,
      "options": [
        "Hours of Sleep",
        "Number of Alarms"
      ],
      "optionA": {
        "trial_id": "13",
        "task_id": "160",
        "values": "8.0, 1",
        "target_value": 8
      },
      "optionB": {
        "trial_id": "17",
        "task_id": "160",
        "values": "9.0, 1",
        "target_value": 9
      },
      "choice": {
        "button": "J",
        "selected_option": "OptionB"
      }
    },
    {
      "question": 42,
      "target": "Battery life",
      "target_value": 30,
      "options": [
        "Phone battery",
        "Phone size"
      ],
      "optionA": {
        "trial_id": "15",
        "task_id": "62",
        "values": "5000.0, 14.0",
        "target_value": 30
      },
      "optionB": {
        "trial_id": "18",
        "task_id": "62",
        "values": "4200.0, 18.0",
        "target_value": 26
      },
      "choice": {
        "button": "F",
        "selected_option": "OptionA"
      }
    },
    {
      "question": 43,
      "target": "Walking speed (km/h)",
      "target_value": 5.3,
      "options": [
        "Person height (cm)",
        "Age (years)"
      ],
      "optionA": {
        "trial_id": "13",
        "task_id": "163",
        "values": "175.0, 29.0",
        "target_value": 5.3
      },
      "optionB": {
        "trial_id": "1",
        "task_id": "163",
        "values": "180.0, 30.0",
        "target_value": 5.5
      },
      "choice": {
        "button": "J",
        "selected_option": "OptionB"
      }
    },
    {
      "question": 44,
      "target": "Fuel consumption (liters per 100km)",
      "target_value": 8,
      "options": [
        "Car engine size (liters)",
        "Car weight (kg)"
      ],
      "optionA": {
        "trial_id": "15",
        "task_id": "113",
        "values": "2.3, 1550",
        "target_value": 8
      },
      "optionB": {
        "trial_id": "3",
        "task_id": "113",
        "values": "2.4, 1300",
        "target_value": 8.2
      },
      "choice": {
        "button": "J",
        "selected_option": "OptionB"
      }
    },
    {
      "question": 45,
      "target": "Cooling Time (min)",
      "target_value": 36,
      "options": [
        "Room Size (m²)",
        "Window Size (m²)"
      ],
      "optionA": {
        "trial_id": "17",
        "task_id": "143",
        "values": "17.0, 1.6",
        "target_value": 36
      },
      "optionB": {
        "trial_id": "15",
        "task_id": "143",
        "values": "21.0, 2.2",
        "target_value": 32
      },
      "choice": {
        "button": "J",
        "selected_option": "OptionB"
      }
    },
    {
      "question": 46,
      "target": "House Price",
      "target_value": 440000,
      "options": [
        "House Square Feet",
        "House Age"
      ],
      "optionA": {
        "trial_id": "20",
        "task_id": "9",
        "values": "2800.0, 2",
        "target_value": 440000
      },
      "optionB": {
        "trial_id": "6",
        "task_id": "9",
        "values": "2200.0, 8",
        "target_value": 380000
      },
      "choice": {
        "button": "F",
        "selected_option": "OptionA"
      }
    },
    {
      "question": 47,
      "target": "Phone Performance Score",
      "target_value": 8,
      "options": [
        "Phone Processor Speed",
        "Phone Battery Capacity"
      ],
      "optionA": {
        "trial_id": "10",
        "task_id": "10",
        "values": "2.0, 6000",
        "target_value": 8
      },
      "optionB": {
        "trial_id": "20",
        "task_id": "10",
        "values": "5.5, 2000",
        "target_value": 9.9
      },
      "choice": {
        "button": "J",
        "selected_option": "OptionB"
      }
    },
    {
      "question": 48,
      "target": "Taste Rating (scale 1-10)",
      "target_value": 9,
      "options": [
        "Number of Ingredients",
        "Cooking Time (minutes)"
      ],
      "optionA": {
        "trial_id": "11",
        "task_id": "167",
        "values": "7.0, 20",
        "target_value": 9
      },
      "optionB": {
        "trial_id": "17",
        "task_id": "167",
        "values": "12.0, 40",
        "target_value": 6
      },
      "choice": {
        "button": "J",
        "selected_option": "OptionB"
      }
    },
    {
      "question": 49,
      "target": "Time to Destination (hours)",
      "target_value": 0.9,
      "options": [
        "Car Speed (mph)",
        "Fuel Efficiency (mpg)"
      ],
      "optionA": {
        "trial_id": "20",
        "task_id": "32",
        "values": "95.0, 14.0",
        "target_value": 0.9
      },
      "optionB": {
        "trial_id": "17",
        "task_id": "32",
        "values": "95.0, 12.0",
        "target_value": 0.7
      },
      "choice": {
        "button": "F",
        "selected_option": "OptionA"
      }
    },
    {
      "question": 50,
      "target": "Market value",
      "target_value": 320,
      "options": [
        "House size",
        "House floors"
      ],
      "optionA": {
        "trial_id": "3",
        "task_id": "64",
        "values": "220.0, 1.0",
        "target_value": 320
      },
      "optionB": {
        "trial_id": "19",
        "task_id": "64",
        "values": "200.0, 2.0",
        "target_value": 300
      },
      "choice": {
        "button": "F",
        "selected_option": "OptionA"
      }
    }
  ]
}