{
  "prolific_id": "UNKNOWN",
  "condition_group": "direction",
  "responses": [
    {
      "question": 1,
      "target": "Plant Sunlight Needs",
      "target_value": 5,
      "options": [
        "Plant Height",
        "Plant Leaf Size"
      ],
      "optionA": {
        "trial_id": "11",
        "task_id": "2",
        "values": "220.0, 10.0",
        "target_value": 5
      },
      "optionB": {
        "trial_id": "17",
        "task_id": "2",
        "values": "170.0, 9.0",
        "target_value": 5
      },
      "choice": {
        "button": "F",
        "selected_option": "OptionA"
      }
    },
    {
      "question": 2,
      "target": "Warmth Rating",
      "target_value": 3.8,
      "options": [
        "Shirt Weight (g)",
        "Fabric Thickness (mm)"
      ],
      "optionA": {
        "trial_id": "5",
        "task_id": "31",
        "values": "180.0, 1.4",
        "target_value": 3.8
      },
      "optionB": {
        "trial_id": "11",
        "task_id": "31",
        "values": "210.0, 1.9",
        "target_value": 5.2
      },
      "choice": {
        "button": "J",
        "selected_option": "OptionB"
      }
    },
    {
      "question": 3,
      "target": "Performance Rating",
      "target_value": 9,
      "options": [
        "Computer Weight (kg)",
        "RAM (GB)"
      ],
      "optionA": {
        "trial_id": "7",
        "task_id": "34",
        "values": "2.0, 16.0",
        "target_value": 9
      },
      "optionB": {
        "trial_id": "8",
        "task_id": "34",
        "values": "1.8, 14.0",
        "target_value": 8
      },
      "choice": {
        "button": "F",
        "selected_option": "OptionA"
      }
    },
    {
      "question": 4,
      "target": "User Satisfaction",
      "target_value": 8,
      "options": [
        "Screen Size",
        "Battery Life"
      ],
      "optionA": {
        "trial_id": "3",
        "task_id": "52",
        "values": "7.0, 35.0",
        "target_value": 8
      },
      "optionB": {
        "trial_id": "17",
        "task_id": "52",
        "values": "6.0, 40.0",
        "target_value": 8
      },
      "choice": {
        "button": "J",
        "selected_option": "OptionB"
      }
    },
    {
      "question": 5,
      "target": "Doneness",
      "target_value": 65,
      "options": [
        "Cooking Time",
        "Size"
      ],
      "optionA": {
        "trial_id": "20",
        "task_id": "116",
        "values": "25.0, 180.0",
        "target_value": 65
      },
      "optionB": {
        "trial_id": "4",
        "task_id": "116",
        "values": "30.0, 200.0",
        "target_value": 70
      },
      "choice": {
        "button": "J",
        "selected_option": "OptionB"
      }
    },
    {
      "question": 6,
      "target": "Light Level",
      "target_value": 8,
      "options": [
        "Room Size (sq ft)",
        "Number of Windows"
      ],
      "optionA": {
        "trial_id": "16",
        "task_id": "35",
        "values": "220.0, 4.0",
        "target_value": 8
      },
      "optionB": {
        "trial_id": "5",
        "task_id": "35",
        "values": "220.0, 4.0",
        "target_value": 8
      },
      "choice": {
        "button": "F",
        "selected_option": "OptionA"
      }
    },
    {
      "question": 7,
      "target": "Battery Life (hours)",
      "target_value": 11.8,
      "options": [
        "Phone Weight (g)",
        "Battery Capacity (mAh)"
      ],
      "optionA": {
        "trial_id": "11",
        "task_id": "30",
        "values": "170.0, 4800.0",
        "target_value": 11.8
      },
      "optionB": {
        "trial_id": "16",
        "task_id": "30",
        "values": "175.0, 4700.0",
        "target_value": 11.8
      },
      "choice": {
        "button": "F",
        "selected_option": "OptionA"
      }
    },
    {
      "question": 8,
      "target": "Performance Score (1-100)",
      "target_value": 70,
      "options": [
        "Hours of Practice",
        "Number of Lessons"
      ],
      "optionA": {
        "trial_id": "1",
        "task_id": "57",
        "values": "10.0, 5.0",
        "target_value": 70
      },
      "optionB": {
        "trial_id": "14",
        "task_id": "57",
        "values": "18.0, 7.0",
        "target_value": 75
      },
      "choice": {
        "button": "J",
        "selected_option": "OptionB"
      }
    },
    {
      "question": 9,
      "target": "Dog Energy Level",
      "target_value": 8,
      "options": [
        "Dog Weight",
        "Dog Activity Level"
      ],
      "optionA": {
        "trial_id": "1",
        "task_id": "105",
        "values": "25.0, 5.0",
        "target_value": 8
      },
      "optionB": {
        "trial_id": "9",
        "task_id": "105",
        "values": "28.0, 5.0",
        "target_value": 8
      },
      "choice": {
        "button": "J",
        "selected_option": "OptionB"
      }
    },
    {
      "question": "attention_check_9",
      "choice": "J",
      "passed": true,
      "timestamp": 1756721497040
    },
    {
      "question": 10,
      "target": "Energy Boost",
      "target_value": 8,
      "options": [
        "Coffee Caffeine Content",
        "Coffee Richness"
      ],
      "optionA": {
        "trial_id": "8",
        "task_id": "4",
        "values": "85.0, 5.0",
        "target_value": 8
      },
      "optionB": {
        "trial_id": "19",
        "task_id": "4",
        "values": "125.0, 5.0",
        "target_value": 8
      },
      "choice": {
        "button": "J",
        "selected_option": "OptionB"
      }
    },
    {
      "question": 11,
      "target": "Plant Growth Rate",
      "target_value": 3.2,
      "options": [
        "Plant Height",
        "Plant Width"
      ],
      "optionA": {
        "trial_id": "11",
        "task_id": "104",
        "values": "1.9, 0.6",
        "target_value": 3.2
      },
      "optionB": {
        "trial_id": "3",
        "task_id": "104",
        "values": "1.8, 0.6",
        "target_value": 3
      },
      "choice": {
        "button": "F",
        "selected_option": "OptionA"
      }
    },
    {
      "question": 12,
      "target": "Taste Rating (1-10)",
      "target_value": 8,
      "options": [
        "Time Spent Cooking (min)",
        "Number of Ingredients"
      ],
      "optionA": {
        "trial_id": "2",
        "task_id": "93",
        "values": "40.0, 6.0",
        "target_value": 8
      },
      "optionB": {
        "trial_id": "13",
        "task_id": "93",
        "values": "20.0, 5.0",
        "target_value": 6
      },
      "choice": {
        "button": "F",
        "selected_option": "OptionA"
      }
    },
    {
      "question": 13,
      "target": "Restaurant Popularity (on scale 1-10)",
      "target_value": 7,
      "options": [
        "Number of Reviews",
        "Average Rating (out of 5)"
      ],
      "optionA": {
        "trial_id": "7",
        "task_id": "19",
        "values": "150.0, 4.3",
        "target_value": 7
      },
      "optionB": {
        "trial_id": "8",
        "task_id": "19",
        "values": "200.0, 4.4",
        "target_value": 8
      },
      "choice": {
        "button": "J",
        "selected_option": "OptionB"
      }
    },
    {
      "question": 14,
      "target": "Performance Score",
      "target_value": 85,
      "options": [
        "Hours of Practice",
        "Natural Talent (1-10)"
      ],
      "optionA": {
        "trial_id": "6",
        "task_id": "78",
        "values": "10.0, 7.0",
        "target_value": 85
      },
      "optionB": {
        "trial_id": "19",
        "task_id": "78",
        "values": "8.0, 10.0",
        "target_value": 92
      },
      "choice": {
        "button": "J",
        "selected_option": "OptionB"
      }
    },
    {
      "question": 15,
      "target": "Weight Loss",
      "target_value": 1.5,
      "options": [
        "Calories",
        "Exercise Time"
      ],
      "optionA": {
        "trial_id": "15",
        "task_id": "51",
        "values": "500.0, 50.0",
        "target_value": 1.5
      },
      "optionB": {
        "trial_id": "18",
        "task_id": "51",
        "values": "400.0, 40.0",
        "target_value": 1.5
      },
      "choice": {
        "button": "J",
        "selected_option": "OptionB"
      }
    },
    {
      "question": 16,
      "target": "Exam Score",
      "target_value": 76,
      "options": [
        "Student Study Time (hours)",
        "Class Attendance (%)"
      ],
      "optionA": {
        "trial_id": "13",
        "task_id": "40",
        "values": "8.0, 80.0",
        "target_value": 76
      },
      "optionB": {
        "trial_id": "3",
        "task_id": "40",
        "values": "4.0, 90.0",
        "target_value": 72
      },
      "choice": {
        "button": "F",
        "selected_option": "OptionA"
      }
    },
    {
      "question": 17,
      "target": "Enjoyment Score",
      "target_value": 9.5,
      "options": [
        "Book Length (pages)",
        "Author Fame (1-10)"
      ],
      "optionA": {
        "trial_id": "15",
        "task_id": "29",
        "values": "400.0, 10.0",
        "target_value": 9.5
      },
      "optionB": {
        "trial_id": "18",
        "task_id": "29",
        "values": "250.0, 6.0",
        "target_value": 7.5
      },
      "choice": {
        "button": "F",
        "selected_option": "OptionA"
      }
    },
    {
      "question": 18,
      "target": "Speed",
      "target_value": 150,
      "options": [
        "Car Engine Size",
        "Horsepower"
      ],
      "optionA": {
        "trial_id": "14",
        "task_id": "61",
        "values": "2.6, 180.0",
        "target_value": 150
      },
      "optionB": {
        "trial_id": "8",
        "task_id": "61",
        "values": "1.5, 110.0",
        "target_value": 100
      },
      "choice": {
        "button": "F",
        "selected_option": "OptionA"
      }
    },
    {
      "question": 19,
      "target": "Performance Quality (on scale 1-10)",
      "target_value": 9,
      "options": [
        "Hours of Practice",
        "Musical Experience (years)"
      ],
      "optionA": {
        "trial_id": "19",
        "task_id": "17",
        "values": "100.0, 5.0",
        "target_value": 9
      },
      "optionB": {
        "trial_id": "13",
        "task_id": "17",
        "values": "100.0, 4.0",
        "target_value": 9
      },
      "choice": {
        "button": "F",
        "selected_option": "OptionA"
      }
    },
    {
      "question": "attention_check_19",
      "choice": "F",
      "passed": true,
      "timestamp": 1756721607999
    },
    {
      "question": 20,
      "target": "Recipe difficulty",
      "target_value": 7.5,
      "options": [
        "Number of ingredients",
        "Prep time (minutes)"
      ],
      "optionA": {
        "trial_id": "14",
        "task_id": "60",
        "values": "7.0, 22.0",
        "target_value": 7.5
      },
      "optionB": {
        "trial_id": "18",
        "task_id": "60",
        "values": "8.0, 30.0",
        "target_value": 9
      },
      "choice": {
        "button": "F",
        "selected_option": "OptionA"
      }
    },
    {
      "question": 21,
      "target": "Home Comfort (1-10)",
      "target_value": 6,
      "options": [
        "Number of Bedrooms",
        "Square Feet"
      ],
      "optionA": {
        "trial_id": "20",
        "task_id": "9",
        "values": "4.0, 1350.0",
        "target_value": 6
      },
      "optionB": {
        "trial_id": "7",
        "task_id": "9",
        "values": "3.0, 1400.0",
        "target_value": 7
      },
      "choice": {
        "button": "F",
        "selected_option": "OptionA"
      }
    },
    {
      "question": 22,
      "target": "Value Score",
      "target_value": 75,
      "options": [
        "Price ($)",
        "Size (GB)"
      ],
      "optionA": {
        "trial_id": "9",
        "task_id": "99",
        "values": "60.0, 128.0",
        "target_value": 75
      },
      "optionB": {
        "trial_id": "16",
        "task_id": "99",
        "values": "50.0, 256.0",
        "target_value": 75
      },
      "choice": {
        "button": "J",
        "selected_option": "OptionB"
      }
    },
    {
      "question": 23,
      "target": "Home value",
      "target_value": 310000,
      "options": [
        "House size",
        "Neighborhood quality"
      ],
      "optionA": {
        "trial_id": "14",
        "task_id": "70",
        "values": "140.0, 9.0",
        "target_value": 310000
      },
      "optionB": {
        "trial_id": "4",
        "task_id": "70",
        "values": "130.0, 8.0",
        "target_value": 280000
      },
      "choice": {
        "button": "F",
        "selected_option": "OptionA"
      }
    },
    {
      "question": 24,
      "target": "Fat Burn (g)",
      "target_value": 60,
      "options": [
        "Exercise Time (min)",
        "Heart Rate (bpm)"
      ],
      "optionA": {
        "trial_id": "3",
        "task_id": "28",
        "values": "40.0, 140.0",
        "target_value": 60
      },
      "optionB": {
        "trial_id": "1",
        "task_id": "28",
        "values": "30.0, 130.0",
        "target_value": 50
      },
      "choice": {
        "button": "F",
        "selected_option": "OptionA"
      }
    },
    {
      "question": 25,
      "target": "Popularity Score",
      "target_value": 71,
      "options": [
        "Price ($)",
        "Rating (1-10)"
      ],
      "optionA": {
        "trial_id": "10",
        "task_id": "97",
        "values": "90.0, 5.0",
        "target_value": 71
      },
      "optionB": {
        "trial_id": "1",
        "task_id": "97",
        "values": "50.0, 7.0",
        "target_value": 60
      },
      "choice": {
        "button": "J",
        "selected_option": "OptionB"
      }
    },
    {
      "question": 26,
      "target": "Comfort Score",
      "target_value": 8,
      "options": [
        "Price ($)",
        "Size (sqft)"
      ],
      "optionA": {
        "trial_id": "18",
        "task_id": "44",
        "values": "300000.0, 160.0",
        "target_value": 8
      },
      "optionB": {
        "trial_id": "6",
        "task_id": "44",
        "values": "300000.0, 160.0",
        "target_value": 8
      },
      "choice": {
        "button": "F",
        "selected_option": "OptionA"
      }
    },
    {
      "question": 27,
      "target": "Taste Rating (1-10)",
      "target_value": 7,
      "options": [
        "Time Spent Cooking (min)",
        "Number of Ingredients"
      ],
      "optionA": {
        "trial_id": "20",
        "task_id": "93",
        "values": "35.0, 6.0",
        "target_value": 7
      },
      "optionB": {
        "trial_id": "13",
        "task_id": "93",
        "values": "20.0, 5.0",
        "target_value": 6
      },
      "choice": {
        "button": "F",
        "selected_option": "OptionA"
      }
    },
    {
      "question": 28,
      "target": "Book Reading Time",
      "target_value": 160,
      "options": [
        "Book Thickness",
        "Book Length"
      ],
      "optionA": {
        "trial_id": "19",
        "task_id": "102",
        "values": "600.0, 220.0",
        "target_value": 160
      },
      "optionB": {
        "trial_id": "5",
        "task_id": "102",
        "values": "700.0, 240.0",
        "target_value": 180
      },
      "choice": {
        "button": "J",
        "selected_option": "OptionB"
      }
    },
    {
      "question": 29,
      "target": "Fuel Consumption (L/100km)",
      "target_value": 10,
      "options": [
        "Speed (km/h)",
        "Weight (kg)"
      ],
      "optionA": {
        "trial_id": "3",
        "task_id": "43",
        "values": "130.0, 1600.0",
        "target_value": 10
      },
      "optionB": {
        "trial_id": "3",
        "task_id": "43",
        "values": "130.0, 1600.0",
        "target_value": 10
      },
      "choice": {
        "button": "F",
        "selected_option": "OptionA"
      }
    },
    {
      "question": "attention_check_29",
      "choice": "J",
      "passed": true,
      "timestamp": 1756721713394
    },
    {
      "question": 30,
      "target": "Home Comfort (1-10)",
      "target_value": 6,
      "options": [
        "Number of Bedrooms",
        "Square Feet"
      ],
      "optionA": {
        "trial_id": "5",
        "task_id": "9",
        "values": "2.0, 1300.0",
        "target_value": 6
      },
      "optionB": {
        "trial_id": "12",
        "task_id": "9",
        "values": "3.0, 1100.0",
        "target_value": 5
      },
      "choice": {
        "button": "J",
        "selected_option": "OptionB"
      }
    },
    {
      "question": 31,
      "target": "Brightness",
      "target_value": 720,
      "options": [
        "Phone Battery Capacity",
        "Screen Size"
      ],
      "optionA": {
        "trial_id": "5",
        "task_id": "37",
        "values": "3500.0, 7.0",
        "target_value": 720
      },
      "optionB": {
        "trial_id": "2",
        "task_id": "37",
        "values": "3500.0, 4.0",
        "target_value": 630
      },
      "choice": {
        "button": "F",
        "selected_option": "OptionA"
      }
    },
    {
      "question": 32,
      "target": "Fun Level",
      "target_value": 9,
      "options": [
        "Number of Players",
        "Game Duration (minutes)"
      ],
      "optionA": {
        "trial_id": "6",
        "task_id": "13",
        "values": "8.0, 60.0",
        "target_value": 9
      },
      "optionB": {
        "trial_id": "9",
        "task_id": "13",
        "values": "5.0, 60.0",
        "target_value": 8
      },
      "choice": {
        "button": "J",
        "selected_option": "OptionB"
      }
    },
    {
      "question": 33,
      "target": "Movie enjoyment",
      "target_value": 5.5,
      "options": [
        "Movie runtime",
        "Movie rating"
      ],
      "optionA": {
        "trial_id": "6",
        "task_id": "75",
        "values": "100.0, 6.0",
        "target_value": 5.5
      },
      "optionB": {
        "trial_id": "10",
        "task_id": "75",
        "values": "100.0, 6.5",
        "target_value": 7
      },
      "choice": {
        "button": "J",
        "selected_option": "OptionB"
      }
    },
    {
      "question": 34,
      "target": "Restaurant Customer Satisfaction",
      "target_value": 8.4,
      "options": [
        "Restaurant Menu Size",
        "Restaurant Price Rating"
      ],
      "optionA": {
        "trial_id": "11",
        "task_id": "25",
        "values": "24.0, 4.5",
        "target_value": 8.4
      },
      "optionB": {
        "trial_id": "3",
        "task_id": "25",
        "values": "25.0, 4.7",
        "target_value": 8.6
      },
      "choice": {
        "button": "J",
        "selected_option": "OptionB"
      }
    },
    {
      "question": 35,
      "target": "Engagement rate (%)",
      "target_value": 5.6,
      "options": [
        "Number of followers",
        "Post quality score"
      ],
      "optionA": {
        "trial_id": "10",
        "task_id": "71",
        "values": "12000.0, 5.0",
        "target_value": 5.6
      },
      "optionB": {
        "trial_id": "5",
        "task_id": "71",
        "values": "8000.0, 8.0",
        "target_value": 5.8
      },
      "choice": {
        "button": "F",
        "selected_option": "OptionA"
      }
    },
    {
      "question": 36,
      "target": "Customer Satisfaction",
      "target_value": 7.5,
      "options": [
        "Price ($)",
        "Quality Rating (1-10)"
      ],
      "optionA": {
        "trial_id": "18",
        "task_id": "49",
        "values": "100.0, 7.0",
        "target_value": 7.5
      },
      "optionB": {
        "trial_id": "8",
        "task_id": "49",
        "values": "220.0, 10.0",
        "target_value": 9.5
      },
      "choice": {
        "button": "J",
        "selected_option": "OptionB"
      }
    },
    {
      "question": 37,
      "target": "Enjoyment",
      "target_value": 5,
      "options": [
        "Coffee price",
        "Coffee acidity"
      ],
      "optionA": {
        "trial_id": "16",
        "task_id": "101",
        "values": "2.0, 3.0",
        "target_value": 5
      },
      "optionB": {
        "trial_id": "14",
        "task_id": "101",
        "values": "3.0, 4.0",
        "target_value": 6
      },
      "choice": {
        "button": "J",
        "selected_option": "OptionB"
      }
    },
    {
      "question": 38,
      "target": "Enjoyment",
      "target_value": 5,
      "options": [
        "Coffee price",
        "Coffee acidity"
      ],
      "optionA": {
        "trial_id": "16",
        "task_id": "101",
        "values": "2.0, 3.0",
        "target_value": 5
      },
      "optionB": {
        "trial_id": "5",
        "task_id": "101",
        "values": "5.0, 6.0",
        "target_value": 8
      },
      "choice": {
        "button": "J",
        "selected_option": "OptionB"
      }
    },
    {
      "question": 39,
      "target": "Tea Strength (1-10)",
      "target_value": 6,
      "options": [
        "Tea Leaf Quality (1-10)",
        "Tea Steeping Time (minutes)"
      ],
      "optionA": {
        "trial_id": "6",
        "task_id": "80",
        "values": "7.0, 3.0",
        "target_value": 6
      },
      "optionB": {
        "trial_id": "19",
        "task_id": "80",
        "values": "6.0, 2.0",
        "target_value": 5
      },
      "choice": {
        "button": "F",
        "selected_option": "OptionA"
      }
    },
    {
      "question": "attention_check_39",
      "choice": "F",
      "passed": true,
      "timestamp": 1756721801954
    },
    {
      "question": 40,
      "target": "Taste score",
      "target_value": 7,
      "options": [
        "Coffee strength",
        "Bean quality"
      ],
      "optionA": {
        "trial_id": "2",
        "task_id": "68",
        "values": "5.0, 6.0",
        "target_value": 7
      },
      "optionB": {
        "trial_id": "1",
        "task_id": "68",
        "values": "4.0, 7.0",
        "target_value": 8
      },
      "choice": {
        "button": "J",
        "selected_option": "OptionB"
      }
    },
    {
      "question": 41,
      "target": "Deliciousness",
      "target_value": 70,
      "options": [
        "Cooking time",
        "Ingredients count"
      ],
      "optionA": {
        "trial_id": "9",
        "task_id": "27",
        "values": "25.0, 6.0",
        "target_value": 70
      },
      "optionB": {
        "trial_id": "18",
        "task_id": "27",
        "values": "30.0, 4.0",
        "target_value": 65
      },
      "choice": {
        "button": "F",
        "selected_option": "OptionA"
      }
    },
    {
      "question": 42,
      "target": "User satisfaction",
      "target_value": 11,
      "options": [
        "Screen size (inches)",
        "RAM (GB)"
      ],
      "optionA": {
        "trial_id": "11",
        "task_id": "119",
        "values": "20.0, 7.0",
        "target_value": 11
      },
      "optionB": {
        "trial_id": "3",
        "task_id": "119",
        "values": "12.0, 3.0",
        "target_value": 7
      },
      "choice": {
        "button": "F",
        "selected_option": "OptionA"
      }
    },
    {
      "question": 43,
      "target": "Popularity Score",
      "target_value": 64,
      "options": [
        "Price ($)",
        "Rating (1-10)"
      ],
      "optionA": {
        "trial_id": "12",
        "task_id": "97",
        "values": "60.0, 7.0",
        "target_value": 64
      },
      "optionB": {
        "trial_id": "2",
        "task_id": "97",
        "values": "70.0, 5.0",
        "target_value": 65
      },
      "choice": {
        "button": "F",
        "selected_option": "OptionA"
      }
    },
    {
      "question": 44,
      "target": "Customer Satisfaction",
      "target_value": 9,
      "options": [
        "Price ($)",
        "Quality Rating (1-10)"
      ],
      "optionA": {
        "trial_id": "15",
        "task_id": "49",
        "values": "170.0, 9.0",
        "target_value": 9
      },
      "optionB": {
        "trial_id": "18",
        "task_id": "49",
        "values": "100.0, 7.0",
        "target_value": 7.5
      },
      "choice": {
        "button": "F",
        "selected_option": "OptionA"
      }
    },
    {
      "question": 45,
      "target": "Deliciousness",
      "target_value": 70,
      "options": [
        "Cooking time",
        "Ingredients count"
      ],
      "optionA": {
        "trial_id": "12",
        "task_id": "27",
        "values": "40.0, 7.0",
        "target_value": 70
      },
      "optionB": {
        "trial_id": "12",
        "task_id": "27",
        "values": "40.0, 7.0",
        "target_value": 70
      },
      "choice": {
        "button": "F",
        "selected_option": "OptionA"
      }
    },
    {
      "question": 46,
      "target": "Doneness",
      "target_value": 85,
      "options": [
        "Cooking Time",
        "Size"
      ],
      "optionA": {
        "trial_id": "9",
        "task_id": "116",
        "values": "40.0, 280.0",
        "target_value": 85
      },
      "optionB": {
        "trial_id": "19",
        "task_id": "116",
        "values": "20.0, 160.0",
        "target_value": 60
      },
      "choice": {
        "button": "F",
        "selected_option": "OptionA"
      }
    },
    {
      "question": 47,
      "target": "Natural Light (on scale 1-10)",
      "target_value": 7,
      "options": [
        "Room Area (m2)",
        "Number of Windows"
      ],
      "optionA": {
        "trial_id": "11",
        "task_id": "15",
        "values": "28.0, 3.0",
        "target_value": 7
      },
      "optionB": {
        "trial_id": "12",
        "task_id": "15",
        "values": "30.0, 4.0",
        "target_value": 8
      },
      "choice": {
        "button": "J",
        "selected_option": "OptionB"
      }
    },
    {
      "question": 48,
      "target": "Cooking Time (min)",
      "target_value": 35,
      "options": [
        "Number of Ingredients",
        "Prep Time (min)"
      ],
      "optionA": {
        "trial_id": "6",
        "task_id": "48",
        "values": "7.0, 14.0",
        "target_value": 35
      },
      "optionB": {
        "trial_id": "3",
        "task_id": "48",
        "values": "4.0, 8.0",
        "target_value": 20
      },
      "choice": {
        "button": "F",
        "selected_option": "OptionA"
      }
    },
    {
      "question": 49,
      "target": "Satiety (on scale 1-10)",
      "target_value": 8,
      "options": [
        "Number of Calories",
        "Protein (g)"
      ],
      "optionA": {
        "trial_id": "2",
        "task_id": "16",
        "values": "300.0, 15.0",
        "target_value": 8
      },
      "optionB": {
        "trial_id": "6",
        "task_id": "16",
        "values": "500.0, 20.0",
        "target_value": 9
      },
      "choice": {
        "button": "J",
        "selected_option": "OptionB"
      }
    },
    {
      "question": 50,
      "target": "Bike Speed",
      "target_value": 30,
      "options": [
        "Bike Weight",
        "Bike Wheel Size"
      ],
      "optionA": {
        "trial_id": "13",
        "task_id": "107",
        "values": "16.0, 29.0",
        "target_value": 30
      },
      "optionB": {
        "trial_id": "19",
        "task_id": "107",
        "values": "14.0, 28.5",
        "target_value": 28
      },
      "choice": {
        "button": "J",
        "selected_option": "OptionB"
      }
    }
  ]
}