{
  "prolific_id": "UNKNOWN",
  "condition_group": "ranking",
  "responses": [
    {
      "question": 1,
      "target": "Enjoyment (1-10)",
      "target_value": 5,
      "options": [
        "Book Thickness (cm)",
        "Author Fame (1-10)"
      ],
      "optionA": {
        "trial_id": "3",
        "task_id": "1",
        "values": "2.0, 9",
        "target_value": 5
      },
      "optionB": {
        "trial_id": "17",
        "task_id": "1",
        "values": "5.0, 8",
        "target_value": 6
      },
      "choice": {
        "button": "F",
        "selected_option": "OptionA"
      }
    },
    {
      "question": 2,
      "target": "Fuel Consumption (mpg)",
      "target_value": 30,
      "options": [
        "Speed (mph)",
        "Engine Size (L)"
      ],
      "optionA": {
        "trial_id": "1",
        "task_id": "156",
        "values": "60.0, 2.0",
        "target_value": 30
      },
      "optionB": {
        "trial_id": "14",
        "task_id": "156",
        "values": "75.0, 4.0",
        "target_value": 20
      },
      "choice": {
        "button": "J",
        "selected_option": "OptionB"
      }
    },
    {
      "question": 3,
      "target": "Resale value ($)",
      "target_value": 18000,
      "options": [
        "Age of car (years)",
        "Mileage (thousands)"
      ],
      "optionA": {
        "trial_id": "7",
        "task_id": "141",
        "values": "2.0, 50",
        "target_value": 18000
      },
      "optionB": {
        "trial_id": "6",
        "task_id": "141",
        "values": "6.0, 70",
        "target_value": 11000
      },
      "choice": {
        "button": "J",
        "selected_option": "OptionB"
      }
    },
    {
      "question": 4,
      "target": "Shade Area (sq ft)",
      "target_value": 160,
      "options": [
        "Tree Height (ft)",
        "Tree Diameter (in)"
      ],
      "optionA": {
        "trial_id": "16",
        "task_id": "33",
        "values": "55.0, 9.0",
        "target_value": 160
      },
      "optionB": {
        "trial_id": "10",
        "task_id": "33",
        "values": "70.0, 5.0",
        "target_value": 210
      },
      "choice": {
        "button": "J",
        "selected_option": "OptionB"
      }
    },
    {
      "question": 5,
      "target": "Amount of natural light (lux)",
      "target_value": 1450,
      "options": [
        "Room size (sq ft)",
        "Number of windows"
      ],
      "optionA": {
        "trial_id": "4",
        "task_id": "94",
        "values": "220.0, 5",
        "target_value": 1450
      },
      "optionB": {
        "trial_id": "16",
        "task_id": "94",
        "values": "270.0, 2",
        "target_value": 1700
      },
      "choice": {
        "button": "F",
        "selected_option": "OptionA"
      }
    },
    {
      "question": 6,
      "target": "Morning Alertness",
      "target_value": 6,
      "options": [
        "Hours of Sleep",
        "Number of Alarms"
      ],
      "optionA": {
        "trial_id": "2",
        "task_id": "160",
        "values": "6.0, 2",
        "target_value": 6
      },
      "optionB": {
        "trial_id": "17",
        "task_id": "160",
        "values": "9.0, 1",
        "target_value": 9
      },
      "choice": {
        "button": "F",
        "selected_option": "OptionA"
      }
    },
    {
      "question": 7,
      "target": "Mood Score (1-10)",
      "target_value": 6,
      "options": [
        "Hours of Sleep",
        "Screen Time (hours)"
      ],
      "optionA": {
        "trial_id": "9",
        "task_id": "109",
        "values": "5.0, 4",
        "target_value": 6
      },
      "optionB": {
        "trial_id": "10",
        "task_id": "109",
        "values": "4.0, 5",
        "target_value": 5
      },
      "choice": {
        "button": "F",
        "selected_option": "OptionA"
      }
    },
    {
      "question": 8,
      "target": "Cooking time (minutes)",
      "target_value": 24,
      "options": [
        "Number of ingredients",
        "Prep time (minutes)"
      ],
      "optionA": {
        "trial_id": "6",
        "task_id": "140",
        "values": "6.0, 10",
        "target_value": 24
      },
      "optionB": {
        "trial_id": "13",
        "task_id": "140",
        "values": "10.0, 6",
        "target_value": 30
      },
      "choice": {
        "button": "F",
        "selected_option": "OptionA"
      }
    },
    {
      "question": 9,
      "target": "Fuel Consumption (mpg)",
      "target_value": 35,
      "options": [
        "Speed (mph)",
        "Engine Size (L)"
      ],
      "optionA": {
        "trial_id": "2",
        "task_id": "156",
        "values": "50.0, 3.0",
        "target_value": 35
      },
      "optionB": {
        "trial_id": "11",
        "task_id": "156",
        "values": "50.0, 1.8",
        "target_value": 40
      },
      "choice": {
        "button": "F",
        "selected_option": "OptionA"
      }
    },
    {
      "question": "attention_check_9",
      "choice": "J",
      "passed": true,
      "timestamp": 1756154624549
    },
    {
      "question": 10,
      "target": "Skill Level",
      "target_value": 8,
      "options": [
        "Experience",
        "Years of Education"
      ],
      "optionA": {
        "trial_id": "13",
        "task_id": "137",
        "values": "7.0, 12.0",
        "target_value": 8
      },
      "optionB": {
        "trial_id": "9",
        "task_id": "137",
        "values": "12.0, 9.0",
        "target_value": 9
      },
      "choice": {
        "button": "J",
        "selected_option": "OptionB"
      }
    },
    {
      "question": 11,
      "target": "Strength",
      "target_value": 8,
      "options": [
        "Tea leaves (g)",
        "Water temperature (°C)"
      ],
      "optionA": {
        "trial_id": "9",
        "task_id": "120",
        "values": "5.0, 92",
        "target_value": 8
      },
      "optionB": {
        "trial_id": "18",
        "task_id": "120",
        "values": "6.0, 99",
        "target_value": 7
      },
      "choice": {
        "button": "J",
        "selected_option": "OptionB"
      }
    },
    {
      "question": 12,
      "target": "Engagement rate (%)",
      "target_value": 6,
      "options": [
        "Number of followers (count)",
        "Time posted (hours ago)"
      ],
      "optionA": {
        "trial_id": "16",
        "task_id": "98",
        "values": "1400.0, 2",
        "target_value": 6
      },
      "optionB": {
        "trial_id": "16",
        "task_id": "98",
        "values": "1400.0, 2",
        "target_value": 6
      },
      "choice": {
        "button": "J",
        "selected_option": "OptionB"
      }
    },
    {
      "question": 13,
      "target": "Garden yield (lbs)",
      "target_value": 20,
      "options": [
        "Amount of rainfall (inches)",
        "Soil type (1=clay, 2=sandy)"
      ],
      "optionA": {
        "trial_id": "10",
        "task_id": "142",
        "values": "2.0, 2",
        "target_value": 20
      },
      "optionB": {
        "trial_id": "3",
        "task_id": "142",
        "values": "3.0, 2",
        "target_value": 25
      },
      "choice": {
        "button": "J",
        "selected_option": "OptionB"
      }
    },
    {
      "question": 14,
      "target": "House price ($)",
      "target_value": 270000,
      "options": [
        "House size (sq ft)",
        "House age (years)"
      ],
      "optionA": {
        "trial_id": "14",
        "task_id": "155",
        "values": "2600.0, 26.0",
        "target_value": 270000
      },
      "optionB": {
        "trial_id": "8",
        "task_id": "155",
        "values": "2300.0, 18.0",
        "target_value": 250000
      },
      "choice": {
        "button": "F",
        "selected_option": "OptionA"
      }
    },
    {
      "question": 15,
      "target": "Reaction Time (ms)",
      "target_value": 240,
      "options": [
        "Age (years)",
        "Driving Experience (years)"
      ],
      "optionA": {
        "trial_id": "20",
        "task_id": "25",
        "values": "35.0, 15.0",
        "target_value": 240
      },
      "optionB": {
        "trial_id": "1",
        "task_id": "25",
        "values": "20.0, 2.0",
        "target_value": 300
      },
      "choice": {
        "button": "F",
        "selected_option": "OptionA"
      }
    },
    {
      "question": 16,
      "target": "Heating cost (per month)",
      "target_value": 320,
      "options": [
        "House size (sqm)",
        "Number of windows"
      ],
      "optionA": {
        "trial_id": "9",
        "task_id": "151",
        "values": "110.0, 5.0",
        "target_value": 320
      },
      "optionB": {
        "trial_id": "18",
        "task_id": "151",
        "values": "150.0, 1.0",
        "target_value": 420
      },
      "choice": {
        "button": "J",
        "selected_option": "OptionB"
      }
    },
    {
      "question": 17,
      "target": "House Price",
      "target_value": 350,
      "options": [
        "House Size",
        "Housing Age"
      ],
      "optionA": {
        "trial_id": "2",
        "task_id": "99",
        "values": "200.0, 8",
        "target_value": 350
      },
      "optionB": {
        "trial_id": "2",
        "task_id": "99",
        "values": "200.0, 8",
        "target_value": 350
      },
      "choice": {
        "button": "J",
        "selected_option": "OptionB"
      }
    },
    {
      "question": 18,
      "target": "Exam Score (points)",
      "target_value": 75,
      "options": [
        "Study Time (hours)",
        "Distractions (number)"
      ],
      "optionA": {
        "trial_id": "20",
        "task_id": "23",
        "values": "5.0, 1",
        "target_value": 75
      },
      "optionB": {
        "trial_id": "11",
        "task_id": "23",
        "values": "4.0, 4",
        "target_value": 65
      },
      "choice": {
        "button": "F",
        "selected_option": "OptionA"
      }
    },
    {
      "question": 19,
      "target": "Heart rate",
      "target_value": 85,
      "options": [
        "Age",
        "Exercise hours"
      ],
      "optionA": {
        "trial_id": "14",
        "task_id": "77",
        "values": "70.0, 0",
        "target_value": 85
      },
      "optionB": {
        "trial_id": "17",
        "task_id": "77",
        "values": "30.0, 6",
        "target_value": 65
      },
      "choice": {
        "button": "J",
        "selected_option": "OptionB"
      }
    },
    {
      "question": "attention_check_19",
      "choice": "F",
      "passed": true,
      "timestamp": 1756154734418
    },
    {
      "question": 20,
      "target": "Resale value (in $)",
      "target_value": 15000,
      "options": [
        "Age of car (years)",
        "Mileage (km)"
      ],
      "optionA": {
        "trial_id": "1",
        "task_id": "55",
        "values": "5.0, 50000",
        "target_value": 15000
      },
      "optionB": {
        "trial_id": "10",
        "task_id": "55",
        "values": "5.0, 50000",
        "target_value": 15000
      },
      "choice": {
        "button": "J",
        "selected_option": "OptionB"
      }
    },
    {
      "question": 21,
      "target": "Comfort",
      "target_value": 7,
      "options": [
        "Age",
        "Size"
      ],
      "optionA": {
        "trial_id": "1",
        "task_id": "66",
        "values": "5.0, 20",
        "target_value": 7
      },
      "optionB": {
        "trial_id": "1",
        "task_id": "66",
        "values": "5.0, 20",
        "target_value": 7
      },
      "choice": {
        "button": "J",
        "selected_option": "OptionB"
      }
    },
    {
      "question": 22,
      "target": "Value",
      "target_value": 9,
      "options": [
        "Price",
        "Size"
      ],
      "optionA": {
        "trial_id": "6",
        "task_id": "67",
        "values": "80.0, 40",
        "target_value": 9
      },
      "optionB": {
        "trial_id": "16",
        "task_id": "67",
        "values": "90.0, 30",
        "target_value": 7
      },
      "choice": {
        "button": "J",
        "selected_option": "OptionB"
      }
    },
    {
      "question": 23,
      "target": "BMI",
      "target_value": 26.1,
      "options": [
        "Height (inches)",
        "Weight (lbs)"
      ],
      "optionA": {
        "trial_id": "8",
        "task_id": "158",
        "values": "61.0, 120.0",
        "target_value": 26.1
      },
      "optionB": {
        "trial_id": "5",
        "task_id": "158",
        "values": "72.0, 200.0",
        "target_value": 27.1
      },
      "choice": {
        "button": "J",
        "selected_option": "OptionB"
      }
    },
    {
      "question": 24,
      "target": "House Price",
      "target_value": 220000,
      "options": [
        "House Square Feet",
        "House Age"
      ],
      "optionA": {
        "trial_id": "11",
        "task_id": "9",
        "values": "1200.0, 30",
        "target_value": 220000
      },
      "optionB": {
        "trial_id": "1",
        "task_id": "9",
        "values": "2000.0, 10",
        "target_value": 350000
      },
      "choice": {
        "button": "J",
        "selected_option": "OptionB"
      }
    },
    {
      "question": 25,
      "target": "Heart Health Score",
      "target_value": 83,
      "options": [
        "Age (years)",
        "Exercise Frequency"
      ],
      "optionA": {
        "trial_id": "4",
        "task_id": "149",
        "values": "35.0, 5.0",
        "target_value": 83
      },
      "optionB": {
        "trial_id": "18",
        "task_id": "149",
        "values": "39.0, 5.0",
        "target_value": 82
      },
      "choice": {
        "button": "J",
        "selected_option": "OptionB"
      }
    },
    {
      "question": 26,
      "target": "Energy level (1-10)",
      "target_value": 9,
      "options": [
        "Hours of sleep",
        "Caffeine intake (mg)"
      ],
      "optionA": {
        "trial_id": "4",
        "task_id": "54",
        "values": "9.0, 30",
        "target_value": 9
      },
      "optionB": {
        "trial_id": "7",
        "task_id": "54",
        "values": "5.0, 200",
        "target_value": 4
      },
      "choice": {
        "button": "F",
        "selected_option": "OptionA"
      }
    },
    {
      "question": 27,
      "target": "Heart Health",
      "target_value": 73,
      "options": [
        "Age",
        "Exercise Hours"
      ],
      "optionA": {
        "trial_id": "14",
        "task_id": "16",
        "values": "50.0, 0",
        "target_value": 73
      },
      "optionB": {
        "trial_id": "12",
        "task_id": "16",
        "values": "45.0, 2",
        "target_value": 80
      },
      "choice": {
        "button": "J",
        "selected_option": "OptionB"
      }
    },
    {
      "question": 28,
      "target": "Reaction Time (ms)",
      "target_value": 320,
      "options": [
        "Age (years)",
        "Driving Experience (years)"
      ],
      "optionA": {
        "trial_id": "14",
        "task_id": "25",
        "values": "20.0, 2.0",
        "target_value": 320
      },
      "optionB": {
        "trial_id": "8",
        "task_id": "25",
        "values": "50.0, 30.0",
        "target_value": 220
      },
      "choice": {
        "button": "J",
        "selected_option": "OptionB"
      }
    },
    {
      "question": 29,
      "target": "Mobile Phone Performance",
      "target_value": 105,
      "options": [
        "Mobile Phone RAM",
        "Mobile Phone Battery Size"
      ],
      "optionA": {
        "trial_id": "18",
        "task_id": "40",
        "values": "22.0, 2700",
        "target_value": 105
      },
      "optionB": {
        "trial_id": "10",
        "task_id": "40",
        "values": "14.0, 3100",
        "target_value": 85
      },
      "choice": {
        "button": "F",
        "selected_option": "OptionA"
      }
    },
    {
      "question": "attention_check_29",
      "choice": "J",
      "passed": true,
      "timestamp": 1756154854572
    },
    {
      "question": 30,
      "target": "Bike Speed",
      "target_value": 24,
      "options": [
        "Bike Weight",
        "Bike Frame Size"
      ],
      "optionA": {
        "trial_id": "5",
        "task_id": "106",
        "values": "11.0, 21",
        "target_value": 24
      },
      "optionB": {
        "trial_id": "18",
        "task_id": "106",
        "values": "12.0, 20",
        "target_value": 23
      },
      "choice": {
        "button": "J",
        "selected_option": "OptionB"
      }
    },
    {
      "question": 31,
      "target": "Energy Level (scale 1-10)",
      "target_value": 4,
      "options": [
        "Age (years)",
        "Number of Pets"
      ],
      "optionA": {
        "trial_id": "12",
        "task_id": "165",
        "values": "6.0, 2",
        "target_value": 4
      },
      "optionB": {
        "trial_id": "13",
        "task_id": "165",
        "values": "9.0, 3",
        "target_value": 2
      },
      "choice": {
        "button": "F",
        "selected_option": "OptionA"
      }
    },
    {
      "question": 32,
      "target": "Deliciousness",
      "target_value": 9,
      "options": [
        "Cooking Time",
        "Ingredients"
      ],
      "optionA": {
        "trial_id": "13",
        "task_id": "65",
        "values": "15.0, 6",
        "target_value": 9
      },
      "optionB": {
        "trial_id": "1",
        "task_id": "65",
        "values": "30.0, 5",
        "target_value": 7
      },
      "choice": {
        "button": "J",
        "selected_option": "OptionB"
      }
    },
    {
      "question": 33,
      "target": "Battery life (hours)",
      "target_value": 6.7,
      "options": [
        "Laptop weight (kg)",
        "Screen size (inches)"
      ],
      "optionA": {
        "trial_id": "10",
        "task_id": "118",
        "values": "1.6, 13",
        "target_value": 6.7
      },
      "optionB": {
        "trial_id": "1",
        "task_id": "118",
        "values": "1.5, 13",
        "target_value": 8
      },
      "choice": {
        "button": "J",
        "selected_option": "OptionB"
      }
    },
    {
      "question": 34,
      "target": "Portability",
      "target_value": 7,
      "options": [
        "Battery Life",
        "Weight"
      ],
      "optionA": {
        "trial_id": "20",
        "task_id": "68",
        "values": "18.0, 400",
        "target_value": 7
      },
      "optionB": {
        "trial_id": "18",
        "task_id": "68",
        "values": "30.0, 600",
        "target_value": 7
      },
      "choice": {
        "button": "F",
        "selected_option": "OptionA"
      }
    },
    {
      "question": 35,
      "target": "Fuel Efficiency (km/L)",
      "target_value": 4,
      "options": [
        "Car Engine Size (L)",
        "Weight (kg)"
      ],
      "optionA": {
        "trial_id": "17",
        "task_id": "107",
        "values": "6.0, 2000",
        "target_value": 4
      },
      "optionB": {
        "trial_id": "5",
        "task_id": "107",
        "values": "3.0, 1400",
        "target_value": 10
      },
      "choice": {
        "button": "F",
        "selected_option": "OptionA"
      }
    },
    {
      "question": 36,
      "target": "BMI",
      "target_value": 28.9,
      "options": [
        "Height (inches)",
        "Weight (lbs)"
      ],
      "optionA": {
        "trial_id": "18",
        "task_id": "158",
        "values": "63.0, 145.0",
        "target_value": 28.9
      },
      "optionB": {
        "trial_id": "2",
        "task_id": "158",
        "values": "65.0, 160.0",
        "target_value": 30.2
      },
      "choice": {
        "button": "J",
        "selected_option": "OptionB"
      }
    },
    {
      "question": 37,
      "target": "Strength",
      "target_value": 6,
      "options": [
        "Tea leaves (g)",
        "Water temperature (°C)"
      ],
      "optionA": {
        "trial_id": "7",
        "task_id": "120",
        "values": "7.0, 80",
        "target_value": 6
      },
      "optionB": {
        "trial_id": "5",
        "task_id": "120",
        "values": "4.0, 95",
        "target_value": 9
      },
      "choice": {
        "button": "F",
        "selected_option": "OptionA"
      }
    },
    {
      "question": 38,
      "target": "Race Finish Time (minutes)",
      "target_value": 19.5,
      "options": [
        "Runner Speed (mph)",
        "Runner Weight (lbs)"
      ],
      "optionA": {
        "trial_id": "14",
        "task_id": "37",
        "values": "6.5, 155.0",
        "target_value": 19.5
      },
      "optionB": {
        "trial_id": "5",
        "task_id": "37",
        "values": "8.0, 130.0",
        "target_value": 16
      },
      "choice": {
        "button": "J",
        "selected_option": "OptionB"
      }
    },
    {
      "question": 39,
      "target": "Time to Destination (hours)",
      "target_value": 1,
      "options": [
        "Car Speed (mph)",
        "Fuel Efficiency (mpg)"
      ],
      "optionA": {
        "trial_id": "10",
        "task_id": "32",
        "values": "80.0, 15.0",
        "target_value": 1
      },
      "optionB": {
        "trial_id": "5",
        "task_id": "32",
        "values": "80.0, 20.0",
        "target_value": 1
      },
      "choice": {
        "button": "J",
        "selected_option": "OptionB"
      }
    },
    {
      "question": "attention_check_39",
      "choice": "F",
      "passed": true,
      "timestamp": 1756154969548
    },
    {
      "question": 40,
      "target": "Time to Destination (hours)",
      "target_value": 1,
      "options": [
        "Car Speed (mph)",
        "Fuel Efficiency (mpg)"
      ],
      "optionA": {
        "trial_id": "10",
        "task_id": "32",
        "values": "80.0, 15.0",
        "target_value": 1
      },
      "optionB": {
        "trial_id": "14",
        "task_id": "32",
        "values": "65.0, 26.0",
        "target_value": 1.7
      },
      "choice": {
        "button": "J",
        "selected_option": "OptionB"
      }
    },
    {
      "question": 41,
      "target": "Muscle gain",
      "target_value": 55,
      "options": [
        "Exercise intensity",
        "Water intake"
      ],
      "optionA": {
        "trial_id": "6",
        "task_id": "86",
        "values": "6.0, 2",
        "target_value": 55
      },
      "optionB": {
        "trial_id": "15",
        "task_id": "86",
        "values": "5.0, 3",
        "target_value": 75
      },
      "choice": {
        "button": "J",
        "selected_option": "OptionB"
      }
    },
    {
      "question": 42,
      "target": "Enjoyment",
      "target_value": 60,
      "options": [
        "Book pages",
        "Author fame"
      ],
      "optionA": {
        "trial_id": "19",
        "task_id": "84",
        "values": "150.0, 9",
        "target_value": 60
      },
      "optionB": {
        "trial_id": "20",
        "task_id": "84",
        "values": "130.0, 10",
        "target_value": 65
      },
      "choice": {
        "button": "J",
        "selected_option": "OptionB"
      }
    },
    {
      "question": 43,
      "target": "Reliability",
      "target_value": 70,
      "options": [
        "Car age",
        "Maintenance cost"
      ],
      "optionA": {
        "trial_id": "16",
        "task_id": "83",
        "values": "6.0, 1200",
        "target_value": 70
      },
      "optionB": {
        "trial_id": "3",
        "task_id": "83",
        "values": "3.0, 1500",
        "target_value": 85
      },
      "choice": {
        "button": "J",
        "selected_option": "OptionB"
      }
    },
    {
      "question": 44,
      "target": "Battery Life",
      "target_value": 18,
      "options": [
        "Phone Battery Capacity",
        "Screen Size"
      ],
      "optionA": {
        "trial_id": "12",
        "task_id": "28",
        "values": "3800.0, 6.8",
        "target_value": 18
      },
      "optionB": {
        "trial_id": "11",
        "task_id": "28",
        "values": "4200.0, 5.9",
        "target_value": 20
      },
      "choice": {
        "button": "J",
        "selected_option": "OptionB"
      }
    },
    {
      "question": 45,
      "target": "Freshness",
      "target_value": 8,
      "options": [
        "Cooking Time",
        "Ingredients"
      ],
      "optionA": {
        "trial_id": "3",
        "task_id": "19",
        "values": "25.0, 4.0",
        "target_value": 8
      },
      "optionB": {
        "trial_id": "13",
        "task_id": "65",
        "values": "15.0, 6",
        "target_value": 9
      },
      "choice": {
        "button": "J",
        "selected_option": "OptionB"
      }
    },
    {
      "question": 46,
      "target": "Battery Life (hours)",
      "target_value": 8,
      "options": [
        "Phone Battery (mAh)",
        "Screen Brightness (%)"
      ],
      "optionA": {
        "trial_id": "6",
        "task_id": "5",
        "values": "3500.0, 70",
        "target_value": 8
      },
      "optionB": {
        "trial_id": "20",
        "task_id": "5",
        "values": "3500.0, 70",
        "target_value": 8
      },
      "choice": {
        "button": "J",
        "selected_option": "OptionB"
      }
    },
    {
      "question": 47,
      "target": "Energy boost",
      "target_value": 65,
      "options": [
        "Coffee strength",
        "Caffeine content"
      ],
      "optionA": {
        "trial_id": "13",
        "task_id": "85",
        "values": "5.0, 50",
        "target_value": 65
      },
      "optionB": {
        "trial_id": "20",
        "task_id": "85",
        "values": "4.0, 90",
        "target_value": 70
      },
      "choice": {
        "button": "J",
        "selected_option": "OptionB"
      }
    },
    {
      "question": 48,
      "target": "House Price",
      "target_value": 360,
      "options": [
        "House Size",
        "Housing Age"
      ],
      "optionA": {
        "trial_id": "18",
        "task_id": "99",
        "values": "230.0, 9",
        "target_value": 360
      },
      "optionB": {
        "trial_id": "1",
        "task_id": "99",
        "values": "150.0, 10",
        "target_value": 300
      },
      "choice": {
        "button": "F",
        "selected_option": "OptionA"
      }
    },
    {
      "question": 49,
      "target": "Fuel Cost",
      "target_value": 4.41,
      "options": [
        "Distance (km)",
        "Fuel Efficiency (km/L)"
      ],
      "optionA": {
        "trial_id": "14",
        "task_id": "70",
        "values": "75.0, 17",
        "target_value": 4.41
      },
      "optionB": {
        "trial_id": "2",
        "task_id": "70",
        "values": "60.0, 12",
        "target_value": 5
      },
      "choice": {
        "button": "F",
        "selected_option": "OptionA"
      }
    },
    {
      "question": 50,
      "target": "Customer Rating (1-10)",
      "target_value": 6,
      "options": [
        "Price ($)",
        "Weight (oz)"
      ],
      "optionA": {
        "trial_id": "15",
        "task_id": "108",
        "values": "15.0, 14",
        "target_value": 6
      },
      "optionB": {
        "trial_id": "6",
        "task_id": "108",
        "values": "18.0, 12",
        "target_value": 6
      },
      "choice": {
        "button": "F",
        "selected_option": "OptionA"
      }
    }
  ]
}