{
  "prolific_id": "UNKNOWN",
  "condition_group": "ranking",
  "responses": [
    {
      "question": 1,
      "target": "Battery Life",
      "target_value": 18,
      "options": [
        "Phone Battery Capacity",
        "Screen Size"
      ],
      "optionA": {
        "trial_id": "1",
        "task_id": "28",
        "values": "4000.0, 6.1",
        "target_value": 18
      },
      "optionB": {
        "trial_id": "13",
        "task_id": "28",
        "values": "5000.0, 6.1",
        "target_value": 23
      },
      "choice": {
        "button": "J",
        "selected_option": "OptionB"
      }
    },
    {
      "question": 2,
      "target": "Cooking time (minutes)",
      "target_value": 18,
      "options": [
        "Number of ingredients",
        "Prep time (minutes)"
      ],
      "optionA": {
        "trial_id": "5",
        "task_id": "140",
        "values": "3.0, 12",
        "target_value": 18
      },
      "optionB": {
        "trial_id": "1",
        "task_id": "140",
        "values": "5.0, 10",
        "target_value": 25
      },
      "choice": {
        "button": "F",
        "selected_option": "OptionA"
      }
    },
    {
      "question": 3,
      "target": "House Price",
      "target_value": 400,
      "options": [
        "House Size",
        "Housing Age"
      ],
      "optionA": {
        "trial_id": "4",
        "task_id": "99",
        "values": "250.0, 10",
        "target_value": 400
      },
      "optionB": {
        "trial_id": "9",
        "task_id": "99",
        "values": "180.0, 12",
        "target_value": 300
      },
      "choice": {
        "button": "F",
        "selected_option": "OptionA"
      }
    },
    {
      "question": 4,
      "target": "Reading Enjoyment",
      "target_value": 16,
      "options": [
        "Book Length",
        "Author Fame"
      ],
      "optionA": {
        "trial_id": "18",
        "task_id": "131",
        "values": "1200.0, 0.25",
        "target_value": 16
      },
      "optionB": {
        "trial_id": "7",
        "task_id": "131",
        "values": "600.0, 5.0",
        "target_value": 10
      },
      "choice": {
        "button": "J",
        "selected_option": "OptionB"
      }
    },
    {
      "question": 5,
      "target": "Exam score",
      "target_value": 83,
      "options": [
        "Study hours",
        "Intelligence score"
      ],
      "optionA": {
        "trial_id": "4",
        "task_id": "122",
        "values": "5.0, 70.0",
        "target_value": 83
      },
      "optionB": {
        "trial_id": "4",
        "task_id": "122",
        "values": "5.0, 70.0",
        "target_value": 83
      },
      "choice": {
        "button": "F",
        "selected_option": "OptionA"
      }
    },
    {
      "question": 6,
      "target": "Mobile Phone Performance",
      "target_value": 95,
      "options": [
        "Mobile Phone RAM",
        "Mobile Phone Battery Size"
      ],
      "optionA": {
        "trial_id": "14",
        "task_id": "40",
        "values": "18.0, 2900",
        "target_value": 95
      },
      "optionB": {
        "trial_id": "6",
        "task_id": "40",
        "values": "10.0, 3300",
        "target_value": 75
      },
      "choice": {
        "button": "F",
        "selected_option": "OptionA"
      }
    },
    {
      "question": 7,
      "target": "Comfort level",
      "target_value": 8,
      "options": [
        "Room size",
        "Room furniture"
      ],
      "optionA": {
        "trial_id": "20",
        "task_id": "60",
        "values": "17.0, 3.0",
        "target_value": 8
      },
      "optionB": {
        "trial_id": "6",
        "task_id": "60",
        "values": "8.0, 4.0",
        "target_value": 4
      },
      "choice": {
        "button": "J",
        "selected_option": "OptionB"
      }
    },
    {
      "question": 8,
      "target": "Wait Time (minutes)",
      "target_value": 35,
      "options": [
        "Restaurant Size",
        "Restaurant Reviews"
      ],
      "optionA": {
        "trial_id": "2",
        "task_id": "74",
        "values": "120.0, 4.2",
        "target_value": 35
      },
      "optionB": {
        "trial_id": "20",
        "task_id": "74",
        "values": "115.0, 4.1",
        "target_value": 33
      },
      "choice": {
        "button": "F",
        "selected_option": "OptionA"
      }
    },
    {
      "question": 9,
      "target": "Phone Performance Score",
      "target_value": 9.6,
      "options": [
        "Phone Processor Speed",
        "Phone Battery Capacity"
      ],
      "optionA": {
        "trial_id": "15",
        "task_id": "10",
        "values": "5.0, 2500",
        "target_value": 9.6
      },
      "optionB": {
        "trial_id": "12",
        "task_id": "10",
        "values": "1.5, 6500",
        "target_value": 7.8
      },
      "choice": {
        "button": "F",
        "selected_option": "OptionA"
      }
    },
    {
      "question": "attention_check_9",
      "choice": "J",
      "passed": true,
      "timestamp": 1756720580854
    },
    {
      "question": 10,
      "target": "Engagement rate (%)",
      "target_value": 5,
      "options": [
        "Number of followers (count)",
        "Time posted (hours ago)"
      ],
      "optionA": {
        "trial_id": "1",
        "task_id": "98",
        "values": "1000.0, 2",
        "target_value": 5
      },
      "optionB": {
        "trial_id": "6",
        "task_id": "98",
        "values": "1100.0, 2",
        "target_value": 5
      },
      "choice": {
        "button": "J",
        "selected_option": "OptionB"
      }
    },
    {
      "question": 11,
      "target": "Exam Score",
      "target_value": 87,
      "options": [
        "Study Time (hours)",
        "Intelligence Score"
      ],
      "optionA": {
        "trial_id": "20",
        "task_id": "157",
        "values": "6.0, 75.0",
        "target_value": 87
      },
      "optionB": {
        "trial_id": "1",
        "task_id": "157",
        "values": "4.0, 80.0",
        "target_value": 75
      },
      "choice": {
        "button": "J",
        "selected_option": "OptionB"
      }
    },
    {
      "question": 12,
      "target": "Taste rating (1-10)",
      "target_value": 4,
      "options": [
        "Number of ingredients (count)",
        "Prep time (minutes)"
      ],
      "optionA": {
        "trial_id": "11",
        "task_id": "97",
        "values": "20.0, 10",
        "target_value": 4
      },
      "optionB": {
        "trial_id": "19",
        "task_id": "97",
        "values": "8.0, 45",
        "target_value": 4
      },
      "choice": {
        "button": "F",
        "selected_option": "OptionA"
      }
    },
    {
      "question": 13,
      "target": "Mood Score (1-10)",
      "target_value": 8,
      "options": [
        "Hours of Sleep",
        "Screen Time (hours)"
      ],
      "optionA": {
        "trial_id": "2",
        "task_id": "109",
        "values": "7.0, 3",
        "target_value": 8
      },
      "optionB": {
        "trial_id": "7",
        "task_id": "109",
        "values": "9.0, 1",
        "target_value": 10
      },
      "choice": {
        "button": "J",
        "selected_option": "OptionB"
      }
    },
    {
      "question": 14,
      "target": "Exam Score",
      "target_value": 90,
      "options": [
        "Study Time",
        "Coffee Consumption"
      ],
      "optionA": {
        "trial_id": "7",
        "task_id": "14",
        "values": "7.0, 1",
        "target_value": 90
      },
      "optionB": {
        "trial_id": "19",
        "task_id": "14",
        "values": "7.0, 3",
        "target_value": 90
      },
      "choice": {
        "button": "J",
        "selected_option": "OptionB"
      }
    },
    {
      "question": 15,
      "target": "Enjoyment",
      "target_value": 95,
      "options": [
        "Book pages",
        "Author fame"
      ],
      "optionA": {
        "trial_id": "10",
        "task_id": "84",
        "values": "580.0, 5",
        "target_value": 95
      },
      "optionB": {
        "trial_id": "11",
        "task_id": "84",
        "values": "250.0, 7",
        "target_value": 70
      },
      "choice": {
        "button": "J",
        "selected_option": "OptionB"
      }
    },
    {
      "question": 16,
      "target": "Flower Size (inches)",
      "target_value": 4,
      "options": [
        "Plant Height (inches)",
        "Plant Width (inches)"
      ],
      "optionA": {
        "trial_id": "20",
        "task_id": "152",
        "values": "12.0, 6.0",
        "target_value": 4
      },
      "optionB": {
        "trial_id": "14",
        "task_id": "152",
        "values": "9.0, 8.0",
        "target_value": 2
      },
      "choice": {
        "button": "J",
        "selected_option": "OptionB"
      }
    },
    {
      "question": 17,
      "target": "Customer satisfaction (1-10)",
      "target_value": 8,
      "options": [
        "Number of reviews",
        "Price (in $)"
      ],
      "optionA": {
        "trial_id": "10",
        "task_id": "56",
        "values": "150.0, 50",
        "target_value": 8
      },
      "optionB": {
        "trial_id": "11",
        "task_id": "56",
        "values": "120.0, 50",
        "target_value": 8
      },
      "choice": {
        "button": "J",
        "selected_option": "OptionB"
      }
    },
    {
      "question": 18,
      "target": "Student Exam Score",
      "target_value": 88,
      "options": [
        "Student Study Hours",
        "Student Distractions"
      ],
      "optionA": {
        "trial_id": "3",
        "task_id": "8",
        "values": "12.0, 1",
        "target_value": 88
      },
      "optionB": {
        "trial_id": "20",
        "task_id": "8",
        "values": "18.0, 1",
        "target_value": 93
      },
      "choice": {
        "button": "J",
        "selected_option": "OptionB"
      }
    },
    {
      "question": 19,
      "target": "Flower size (cm)",
      "target_value": 6.2,
      "options": [
        "Plant height (cm)",
        "Plant age (months)"
      ],
      "optionA": {
        "trial_id": "19",
        "task_id": "146",
        "values": "24.0, 3",
        "target_value": 6.2
      },
      "optionB": {
        "trial_id": "3",
        "task_id": "146",
        "values": "25.0, 4",
        "target_value": 6
      },
      "choice": {
        "button": "J",
        "selected_option": "OptionB"
      }
    },
    {
      "question": "attention_check_19",
      "choice": "F",
      "passed": true,
      "timestamp": 1756720646347
    },
    {
      "question": 20,
      "target": "Calories Burned",
      "target_value": 200,
      "options": [
        "Exercise Duration",
        "Exercise Intensity"
      ],
      "optionA": {
        "trial_id": "17",
        "task_id": "71",
        "values": "35.0, 4.0",
        "target_value": 200
      },
      "optionB": {
        "trial_id": "12",
        "task_id": "71",
        "values": "35.0, 6.0",
        "target_value": 190
      },
      "choice": {
        "button": "J",
        "selected_option": "OptionB"
      }
    },
    {
      "question": 21,
      "target": "Training time",
      "target_value": 28,
      "options": [
        "Dog weight",
        "Dog breed"
      ],
      "optionA": {
        "trial_id": "12",
        "task_id": "59",
        "values": "18.0, 2.0",
        "target_value": 28
      },
      "optionB": {
        "trial_id": "3",
        "task_id": "59",
        "values": "25.0, 1.0",
        "target_value": 35
      },
      "choice": {
        "button": "F",
        "selected_option": "OptionA"
      }
    },
    {
      "question": 22,
      "target": "Energy Level (1-10)",
      "target_value": 4.5,
      "options": [
        "Dog Weight (lbs)",
        "Dog Age (years)"
      ],
      "optionA": {
        "trial_id": "13",
        "task_id": "36",
        "values": "27.0, 3.5",
        "target_value": 4.5
      },
      "optionB": {
        "trial_id": "15",
        "task_id": "36",
        "values": "32.0, 4.5",
        "target_value": 3.5
      },
      "choice": {
        "button": "F",
        "selected_option": "OptionA"
      }
    },
    {
      "question": 23,
      "target": "Flower size (cm)",
      "target_value": 3.8,
      "options": [
        "Plant height (cm)",
        "Plant age (months)"
      ],
      "optionA": {
        "trial_id": "10",
        "task_id": "146",
        "values": "37.0, 7",
        "target_value": 3.8
      },
      "optionB": {
        "trial_id": "9",
        "task_id": "146",
        "values": "27.0, 4",
        "target_value": 5.8
      },
      "choice": {
        "button": "F",
        "selected_option": "OptionA"
      }
    },
    {
      "question": 24,
      "target": "BMI",
      "target_value": 29.3,
      "options": [
        "Height (inches)",
        "Weight (lbs)"
      ],
      "optionA": {
        "trial_id": "10",
        "task_id": "158",
        "values": "64.0, 150.0",
        "target_value": 29.3
      },
      "optionB": {
        "trial_id": "12",
        "task_id": "158",
        "values": "66.0, 170.0",
        "target_value": 30.1
      },
      "choice": {
        "button": "J",
        "selected_option": "OptionB"
      }
    },
    {
      "question": 25,
      "target": "Battery Life (hours)",
      "target_value": 9,
      "options": [
        "Phone Battery Capacity (mAh)",
        "Phone Weight (g)"
      ],
      "optionA": {
        "trial_id": "4",
        "task_id": "34",
        "values": "3500.0, 150.0",
        "target_value": 9
      },
      "optionB": {
        "trial_id": "5",
        "task_id": "34",
        "values": "5000.0, 130.0",
        "target_value": 12
      },
      "choice": {
        "button": "J",
        "selected_option": "OptionB"
      }
    },
    {
      "question": 26,
      "target": "Customer Satisfaction",
      "target_value": 7,
      "options": [
        "Restaurant Wait Time (in mins)",
        "Restaurant Rating (1-5)"
      ],
      "optionA": {
        "trial_id": "13",
        "task_id": "174",
        "values": "18.0, 4",
        "target_value": 7
      },
      "optionB": {
        "trial_id": "15",
        "task_id": "174",
        "values": "14.0, 5",
        "target_value": 7
      },
      "choice": {
        "button": "J",
        "selected_option": "OptionB"
      }
    },
    {
      "question": 27,
      "target": "Speed (km/h)",
      "target_value": 16,
      "options": [
        "Bike wheel size (inches)",
        "Frame weight (kg)"
      ],
      "optionA": {
        "trial_id": "12",
        "task_id": "164",
        "values": "22.0, 3.4",
        "target_value": 16
      },
      "optionB": {
        "trial_id": "7",
        "task_id": "164",
        "values": "26.0, 2.6",
        "target_value": 19
      },
      "choice": {
        "button": "J",
        "selected_option": "OptionB"
      }
    },
    {
      "question": 28,
      "target": "Health index",
      "target_value": 80,
      "options": [
        "Age",
        "Exercise hours"
      ],
      "optionA": {
        "trial_id": "1",
        "task_id": "82",
        "values": "40.0, 2",
        "target_value": 80
      },
      "optionB": {
        "trial_id": "9",
        "task_id": "77",
        "values": "35.0, 5",
        "target_value": 68
      },
      "choice": {
        "button": "J",
        "selected_option": "OptionB"
      }
    },
    {
      "question": 29,
      "target": "Car speed (mph)",
      "target_value": 100,
      "options": [
        "Engine power (hp)",
        "Weight (kg)"
      ],
      "optionA": {
        "trial_id": "12",
        "task_id": "90",
        "values": "150.0, 1500",
        "target_value": 100
      },
      "optionB": {
        "trial_id": "7",
        "task_id": "90",
        "values": "180.0, 1300",
        "target_value": 105
      },
      "choice": {
        "button": "J",
        "selected_option": "OptionB"
      }
    },
    {
      "question": "attention_check_29",
      "choice": "J",
      "passed": true,
      "timestamp": 1756720697873
    },
    {
      "question": 30,
      "target": "Energy Level (scale 1-10)",
      "target_value": 5,
      "options": [
        "Age (years)",
        "Number of Pets"
      ],
      "optionA": {
        "trial_id": "19",
        "task_id": "165",
        "values": "5.0, 3",
        "target_value": 5
      },
      "optionB": {
        "trial_id": "17",
        "task_id": "165",
        "values": "6.0, 1",
        "target_value": 4
      },
      "choice": {
        "button": "F",
        "selected_option": "OptionA"
      }
    },
    {
      "question": 31,
      "target": "Fuel Efficiency (km/l)",
      "target_value": 8,
      "options": [
        "Car Engine Size (liters)",
        "Weight (kg)"
      ],
      "optionA": {
        "trial_id": "4",
        "task_id": "103",
        "values": "3.5, 1400.0",
        "target_value": 8
      },
      "optionB": {
        "trial_id": "6",
        "task_id": "103",
        "values": "2.4, 1300.0",
        "target_value": 11
      },
      "choice": {
        "button": "J",
        "selected_option": "OptionB"
      }
    },
    {
      "question": 32,
      "target": "Daily travel cost ($)",
      "target_value": 25,
      "options": [
        "Distance to work (miles)",
        "Commute time (minutes)"
      ],
      "optionA": {
        "trial_id": "12",
        "task_id": "138",
        "values": "5.0, 18",
        "target_value": 25
      },
      "optionB": {
        "trial_id": "18",
        "task_id": "138",
        "values": "1.0, 18",
        "target_value": 6
      },
      "choice": {
        "button": "J",
        "selected_option": "OptionB"
      }
    },
    {
      "question": 33,
      "target": "Mobile Phone Performance",
      "target_value": 105,
      "options": [
        "Mobile Phone RAM",
        "Mobile Phone Battery Size"
      ],
      "optionA": {
        "trial_id": "15",
        "task_id": "40",
        "values": "18.0, 2600",
        "target_value": 105
      },
      "optionB": {
        "trial_id": "7",
        "task_id": "40",
        "values": "10.0, 3400",
        "target_value": 85
      },
      "choice": {
        "button": "F",
        "selected_option": "OptionA"
      }
    },
    {
      "question": 34,
      "target": "Morning Alertness",
      "target_value": 6,
      "options": [
        "Hours of Sleep",
        "Number of Alarms"
      ],
      "optionA": {
        "trial_id": "2",
        "task_id": "160",
        "values": "6.0, 2",
        "target_value": 6
      },
      "optionB": {
        "trial_id": "3",
        "task_id": "160",
        "values": "8.0, 0",
        "target_value": 9
      },
      "choice": {
        "button": "J",
        "selected_option": "OptionB"
      }
    },
    {
      "question": 35,
      "target": "Warmth Rating (1-10)",
      "target_value": 7,
      "options": [
        "Shirt Thickness (mm)",
        "Shirt Weight (g)"
      ],
      "optionA": {
        "trial_id": "1",
        "task_id": "35",
        "values": "2.0, 150.0",
        "target_value": 7
      },
      "optionB": {
        "trial_id": "2",
        "task_id": "35",
        "values": "1.0, 160.0",
        "target_value": 5
      },
      "choice": {
        "button": "F",
        "selected_option": "OptionA"
      }
    },
    {
      "question": 36,
      "target": "Cooking time (minutes)",
      "target_value": 20,
      "options": [
        "Number of ingredients",
        "Prep time (minutes)"
      ],
      "optionA": {
        "trial_id": "3",
        "task_id": "140",
        "values": "8.0, 8",
        "target_value": 20
      },
      "optionB": {
        "trial_id": "9",
        "task_id": "140",
        "values": "6.0, 10",
        "target_value": 24
      },
      "choice": {
        "button": "J",
        "selected_option": "OptionB"
      }
    },
    {
      "question": 37,
      "target": "Energy level (1-10)",
      "target_value": 5,
      "options": [
        "Hours of sleep",
        "Caffeine intake (mg)"
      ],
      "optionA": {
        "trial_id": "3",
        "task_id": "54",
        "values": "6.0, 150",
        "target_value": 5
      },
      "optionB": {
        "trial_id": "11",
        "task_id": "54",
        "values": "7.0, 120",
        "target_value": 5
      },
      "choice": {
        "button": "J",
        "selected_option": "OptionB"
      }
    },
    {
      "question": 38,
      "target": "Engagement rate (%)",
      "target_value": 4,
      "options": [
        "Number of followers (count)",
        "Time posted (hours ago)"
      ],
      "optionA": {
        "trial_id": "2",
        "task_id": "98",
        "values": "800.0, 4",
        "target_value": 4
      },
      "optionB": {
        "trial_id": "15",
        "task_id": "98",
        "values": "800.0, 4",
        "target_value": 3
      },
      "choice": {
        "button": "J",
        "selected_option": "OptionB"
      }
    },
    {
      "question": 39,
      "target": "Taste rating (1-10)",
      "target_value": 5,
      "options": [
        "Number of ingredients (count)",
        "Prep time (minutes)"
      ],
      "optionA": {
        "trial_id": "9",
        "task_id": "97",
        "values": "18.0, 15",
        "target_value": 5
      },
      "optionB": {
        "trial_id": "20",
        "task_id": "97",
        "values": "20.0, 10",
        "target_value": 3
      },
      "choice": {
        "button": "J",
        "selected_option": "OptionB"
      }
    },
    {
      "question": "attention_check_39",
      "choice": "F",
      "passed": true,
      "timestamp": 1756720749641
    },
    {
      "question": 40,
      "target": "Morning alertness (1-10)",
      "target_value": 6,
      "options": [
        "Amount of sleep (hours)",
        "Time to bed (minutes past 10pm)"
      ],
      "optionA": {
        "trial_id": "3",
        "task_id": "96",
        "values": "7.0, 45",
        "target_value": 6
      },
      "optionB": {
        "trial_id": "10",
        "task_id": "96",
        "values": "6.0, 60",
        "target_value": 4
      },
      "choice": {
        "button": "F",
        "selected_option": "OptionA"
      }
    },
    {
      "question": 41,
      "target": "Car Fuel Efficiency",
      "target_value": 16,
      "options": [
        "Car Engine Size",
        "Car Weight"
      ],
      "optionA": {
        "trial_id": "20",
        "task_id": "105",
        "values": "2.5, 1600",
        "target_value": 16
      },
      "optionB": {
        "trial_id": "12",
        "task_id": "105",
        "values": "2.6, 1700",
        "target_value": 15
      },
      "choice": {
        "button": "F",
        "selected_option": "OptionA"
      }
    },
    {
      "question": 42,
      "target": "Freshness",
      "target_value": 5,
      "options": [
        "Cooking Time",
        "Ingredients"
      ],
      "optionA": {
        "trial_id": "5",
        "task_id": "19",
        "values": "45.0, 3.0",
        "target_value": 5
      },
      "optionB": {
        "trial_id": "20",
        "task_id": "65",
        "values": "40.0, 2",
        "target_value": 5
      },
      "choice": {
        "button": "J",
        "selected_option": "OptionB"
      }
    },
    {
      "question": 43,
      "target": "Deliciousness",
      "target_value": 7,
      "options": [
        "Cooking Time",
        "Ingredients"
      ],
      "optionA": {
        "trial_id": "1",
        "task_id": "65",
        "values": "30.0, 5",
        "target_value": 7
      },
      "optionB": {
        "trial_id": "11",
        "task_id": "19",
        "values": "35.0, 5.0",
        "target_value": 7
      },
      "choice": {
        "button": "J",
        "selected_option": "OptionB"
      }
    },
    {
      "question": 44,
      "target": "Water Usage (ml/day)",
      "target_value": 175,
      "options": [
        "Plant Height",
        "Plant Leaves"
      ],
      "optionA": {
        "trial_id": "12",
        "task_id": "73",
        "values": "42.0, 14.0",
        "target_value": 175
      },
      "optionB": {
        "trial_id": "10",
        "task_id": "73",
        "values": "37.0, 10.0",
        "target_value": 155
      },
      "choice": {
        "button": "F",
        "selected_option": "OptionA"
      }
    },
    {
      "question": 45,
      "target": "Health index",
      "target_value": 85,
      "options": [
        "Age",
        "Exercise hours"
      ],
      "optionA": {
        "trial_id": "11",
        "task_id": "82",
        "values": "45.0, 2",
        "target_value": 85
      },
      "optionB": {
        "trial_id": "6",
        "task_id": "82",
        "values": "35.0, 3",
        "target_value": 88
      },
      "choice": {
        "button": "J",
        "selected_option": "OptionB"
      }
    },
    {
      "question": 46,
      "target": "Fuel efficiency (km/l)",
      "target_value": 15,
      "options": [
        "Engine size (cc)",
        "Weight (kg)"
      ],
      "optionA": {
        "trial_id": "13",
        "task_id": "51",
        "values": "1550.0, 1220",
        "target_value": 15
      },
      "optionB": {
        "trial_id": "6",
        "task_id": "51",
        "values": "1900.0, 1400",
        "target_value": 11
      },
      "choice": {
        "button": "F",
        "selected_option": "OptionA"
      }
    },
    {
      "question": 47,
      "target": "Exam score (points)",
      "target_value": 70,
      "options": [
        "Time spent studying (hours)",
        "Number of breaks (times)"
      ],
      "optionA": {
        "trial_id": "17",
        "task_id": "89",
        "values": "2.0, 4",
        "target_value": 70
      },
      "optionB": {
        "trial_id": "16",
        "task_id": "139",
        "values": "3.0, 5",
        "target_value": 60
      },
      "choice": {
        "button": "J",
        "selected_option": "OptionB"
      }
    },
    {
      "question": 48,
      "target": "Exam score (%)",
      "target_value": 80,
      "options": [
        "Time spent studying (hours)",
        "Number of breaks (times)"
      ],
      "optionA": {
        "trial_id": "9",
        "task_id": "139",
        "values": "6.0, 1",
        "target_value": 80
      },
      "optionB": {
        "trial_id": "15",
        "task_id": "139",
        "values": "5.0, 3",
        "target_value": 70
      },
      "choice": {
        "button": "F",
        "selected_option": "OptionA"
      }
    },
    {
      "question": 49,
      "target": "Weight loss",
      "target_value": 5,
      "options": [
        "Exercise intensity",
        "Exercise duration"
      ],
      "optionA": {
        "trial_id": "13",
        "task_id": "61",
        "values": "8.0, 40.0",
        "target_value": 5
      },
      "optionB": {
        "trial_id": "15",
        "task_id": "61",
        "values": "10.0, 30.0",
        "target_value": 6
      },
      "choice": {
        "button": "J",
        "selected_option": "OptionB"
      }
    },
    {
      "question": 50,
      "target": "Job Success",
      "target_value": 5.5,
      "options": [
        "Age",
        "Experience"
      ],
      "optionA": {
        "trial_id": "6",
        "task_id": "133",
        "values": "45.0, 2.0",
        "target_value": 5.5
      },
      "optionB": {
        "trial_id": "14",
        "task_id": "133",
        "values": "65.0, 0.2",
        "target_value": 3.5
      },
      "choice": {
        "button": "F",
        "selected_option": "OptionA"
      }
    }
  ]
}