{
  "prolific_id": "UNKNOWN",
  "condition_group": "direction",
  "responses": [
    {
      "question": 1,
      "target": "Energy Boost",
      "target_value": 6,
      "options": [
        "Coffee Caffeine Content",
        "Coffee Richness"
      ],
      "optionA": {
        "trial_id": "17",
        "task_id": "4",
        "values": "85.0, 3.0",
        "target_value": 6
      },
      "optionB": {
        "trial_id": "20",
        "task_id": "4",
        "values": "115.0, 6.0",
        "target_value": 9
      },
      "choice": {
        "button": "J",
        "selected_option": "OptionB"
      }
    },
    {
      "question": 2,
      "target": "Battery life hours",
      "target_value": 13,
      "options": [
        "Phone battery capacity",
        "Phone weight"
      ],
      "optionA": {
        "trial_id": "18",
        "task_id": "73",
        "values": "3000.0, 190.0",
        "target_value": 13
      },
      "optionB": {
        "trial_id": "11",
        "task_id": "73",
        "values": "4000.0, 210.0",
        "target_value": 15
      },
      "choice": {
        "button": "J",
        "selected_option": "OptionB"
      }
    },
    {
      "question": 3,
      "target": "Natural Light (on scale 1-10)",
      "target_value": 8,
      "options": [
        "Room Area (m2)",
        "Number of Windows"
      ],
      "optionA": {
        "trial_id": "16",
        "task_id": "15",
        "values": "22.0, 4.0",
        "target_value": 8
      },
      "optionB": {
        "trial_id": "9",
        "task_id": "15",
        "values": "24.0, 4.0",
        "target_value": 8
      },
      "choice": {
        "button": "F",
        "selected_option": "OptionA"
      }
    },
    {
      "question": 4,
      "target": "Fun Level",
      "target_value": 8,
      "options": [
        "Number of Players",
        "Game Duration (minutes)"
      ],
      "optionA": {
        "trial_id": "1",
        "task_id": "13",
        "values": "4.0, 60.0",
        "target_value": 8
      },
      "optionB": {
        "trial_id": "8",
        "task_id": "13",
        "values": "4.0, 50.0",
        "target_value": 7
      },
      "choice": {
        "button": "F",
        "selected_option": "OptionA"
      }
    },
    {
      "question": 5,
      "target": "Post reach",
      "target_value": 18000,
      "options": [
        "Number of followers",
        "Engagement rate (%)"
      ],
      "optionA": {
        "trial_id": "5",
        "task_id": "92",
        "values": "1500.0, 6.0",
        "target_value": 18000
      },
      "optionB": {
        "trial_id": "4",
        "task_id": "92",
        "values": "2500.0, 5.0",
        "target_value": 18000
      },
      "choice": {
        "button": "F",
        "selected_option": "OptionA"
      }
    },
    {
      "question": 6,
      "target": "House Price ($1000s)",
      "target_value": 370,
      "options": [
        "Number of Rooms",
        "Square Feet"
      ],
      "optionA": {
        "trial_id": "20",
        "task_id": "77",
        "values": "5.0, 2300.0",
        "target_value": 370
      },
      "optionB": {
        "trial_id": "5",
        "task_id": "77",
        "values": "5.0, 2000.0",
        "target_value": 340
      },
      "choice": {
        "button": "F",
        "selected_option": "OptionA"
      }
    },
    {
      "question": 7,
      "target": "Fat Burn (in grams)",
      "target_value": 13,
      "options": [
        "Exercise Time (minutes)",
        "Heart Rate (bpm)"
      ],
      "optionA": {
        "trial_id": "11",
        "task_id": "20",
        "values": "30.0, 115.0",
        "target_value": 13
      },
      "optionB": {
        "trial_id": "11",
        "task_id": "20",
        "values": "30.0, 115.0",
        "target_value": 13
      },
      "choice": {
        "button": "F",
        "selected_option": "OptionA"
      }
    },
    {
      "question": 8,
      "target": "Book Reading Time",
      "target_value": 185,
      "options": [
        "Book Thickness",
        "Book Length"
      ],
      "optionA": {
        "trial_id": "15",
        "task_id": "102",
        "values": "700.0, 250.0",
        "target_value": 185
      },
      "optionB": {
        "trial_id": "9",
        "task_id": "102",
        "values": "550.0, 210.0",
        "target_value": 140
      },
      "choice": {
        "button": "F",
        "selected_option": "OptionA"
      }
    },
    {
      "question": 9,
      "target": "Fun Level",
      "target_value": 6,
      "options": [
        "Number of Players",
        "Game Duration (minutes)"
      ],
      "optionA": {
        "trial_id": "7",
        "task_id": "13",
        "values": "2.0, 40.0",
        "target_value": 6
      },
      "optionB": {
        "trial_id": "13",
        "task_id": "13",
        "values": "4.0, 55.0",
        "target_value": 7
      },
      "choice": {
        "button": "J",
        "selected_option": "OptionB"
      }
    },
    {
      "question": "attention_check_9",
      "choice": "J",
      "passed": true,
      "timestamp": 1756720621959
    },
    {
      "question": 10,
      "target": "Book Reading Time",
      "target_value": 125,
      "options": [
        "Book Thickness",
        "Book Length"
      ],
      "optionA": {
        "trial_id": "18",
        "task_id": "102",
        "values": "400.0, 180.0",
        "target_value": 125
      },
      "optionB": {
        "trial_id": "7",
        "task_id": "102",
        "values": "400.0, 180.0",
        "target_value": 120
      },
      "choice": {
        "button": "F",
        "selected_option": "OptionA"
      }
    },
    {
      "question": 11,
      "target": "Natural Light",
      "target_value": 9,
      "options": [
        "Room Size",
        "Number of Windows"
      ],
      "optionA": {
        "trial_id": "10",
        "task_id": "53",
        "values": "300.0, 5.0",
        "target_value": 9
      },
      "optionB": {
        "trial_id": "13",
        "task_id": "53",
        "values": "210.0, 1.0",
        "target_value": 4
      },
      "choice": {
        "button": "J",
        "selected_option": "OptionB"
      }
    },
    {
      "question": 12,
      "target": "Jump Height",
      "target_value": 90,
      "options": [
        "Height",
        "Arm Length"
      ],
      "optionA": {
        "trial_id": "13",
        "task_id": "115",
        "values": "190.0, 75.0",
        "target_value": 90
      },
      "optionB": {
        "trial_id": "17",
        "task_id": "115",
        "values": "210.0, 85.0",
        "target_value": 100
      },
      "choice": {
        "button": "J",
        "selected_option": "OptionB"
      }
    },
    {
      "question": 13,
      "target": "Prep Time (min)",
      "target_value": 24,
      "options": [
        "Number of Ingredients",
        "Cooking Time (min)"
      ],
      "optionA": {
        "trial_id": "12",
        "task_id": "96",
        "values": "11.0, 34.0",
        "target_value": 24
      },
      "optionB": {
        "trial_id": "7",
        "task_id": "96",
        "values": "10.0, 35.0",
        "target_value": 27
      },
      "choice": {
        "button": "J",
        "selected_option": "OptionB"
      }
    },
    {
      "question": 14,
      "target": "Fat Burn (in grams)",
      "target_value": 17,
      "options": [
        "Exercise Time (minutes)",
        "Heart Rate (bpm)"
      ],
      "optionA": {
        "trial_id": "15",
        "task_id": "20",
        "values": "40.0, 125.0",
        "target_value": 17
      },
      "optionB": {
        "trial_id": "6",
        "task_id": "20",
        "values": "60.0, 130.0",
        "target_value": 20
      },
      "choice": {
        "button": "J",
        "selected_option": "OptionB"
      }
    },
    {
      "question": 15,
      "target": "Muscle gain",
      "target_value": 1.5,
      "options": [
        "Minutes of exercise",
        "Protein intake"
      ],
      "optionA": {
        "trial_id": "3",
        "task_id": "59",
        "values": "45.0, 25.0",
        "target_value": 1.5
      },
      "optionB": {
        "trial_id": "17",
        "task_id": "59",
        "values": "25.0, 15.0",
        "target_value": 1
      },
      "choice": {
        "button": "J",
        "selected_option": "OptionB"
      }
    },
    {
      "question": 16,
      "target": "Performance Score",
      "target_value": 70,
      "options": [
        "Phone RAM (GB)",
        "Battery Capacity (mAh)"
      ],
      "optionA": {
        "trial_id": "18",
        "task_id": "39",
        "values": "6.0, 2600.0",
        "target_value": 70
      },
      "optionB": {
        "trial_id": "8",
        "task_id": "39",
        "values": "5.0, 2800.0",
        "target_value": 70
      },
      "choice": {
        "button": "F",
        "selected_option": "OptionA"
      }
    },
    {
      "question": 17,
      "target": "Home Comfort (1-10)",
      "target_value": 6,
      "options": [
        "Number of Bedrooms",
        "Square Feet"
      ],
      "optionA": {
        "trial_id": "14",
        "task_id": "9",
        "values": "4.0, 1450.0",
        "target_value": 6
      },
      "optionB": {
        "trial_id": "2",
        "task_id": "9",
        "values": "4.0, 1400.0",
        "target_value": 6
      },
      "choice": {
        "button": "J",
        "selected_option": "OptionB"
      }
    },
    {
      "question": 18,
      "target": "Book Knowledge Content",
      "target_value": 5,
      "options": [
        "Book Page Count",
        "Book Reading Level"
      ],
      "optionA": {
        "trial_id": "20",
        "task_id": "1",
        "values": "290.0, 3.0",
        "target_value": 5
      },
      "optionB": {
        "trial_id": "14",
        "task_id": "1",
        "values": "420.0, 6.0",
        "target_value": 9
      },
      "choice": {
        "button": "J",
        "selected_option": "OptionB"
      }
    },
    {
      "question": 19,
      "target": "Muscle gain",
      "target_value": 1.3,
      "options": [
        "Minutes of exercise",
        "Protein intake"
      ],
      "optionA": {
        "trial_id": "18",
        "task_id": "59",
        "values": "35.0, 20.0",
        "target_value": 1.3
      },
      "optionB": {
        "trial_id": "18",
        "task_id": "59",
        "values": "35.0, 20.0",
        "target_value": 1.3
      },
      "choice": {
        "button": "J",
        "selected_option": "OptionB"
      }
    },
    {
      "question": "attention_check_19",
      "choice": "F",
      "passed": true,
      "timestamp": 1756720696667
    },
    {
      "question": 20,
      "target": "Enjoyment",
      "target_value": 6.3,
      "options": [
        "Tea Strength",
        "Flavor Variety"
      ],
      "optionA": {
        "trial_id": "19",
        "task_id": "55",
        "values": "2.0, 2.0",
        "target_value": 6.3
      },
      "optionB": {
        "trial_id": "12",
        "task_id": "55",
        "values": "4.0, 2.0",
        "target_value": 6.2
      },
      "choice": {
        "button": "F",
        "selected_option": "OptionA"
      }
    },
    {
      "question": 21,
      "target": "Book Reading Time",
      "target_value": 120,
      "options": [
        "Book Thickness",
        "Book Length"
      ],
      "optionA": {
        "trial_id": "7",
        "task_id": "102",
        "values": "400.0, 180.0",
        "target_value": 120
      },
      "optionB": {
        "trial_id": "8",
        "task_id": "102",
        "values": "300.0, 160.0",
        "target_value": 100
      },
      "choice": {
        "button": "F",
        "selected_option": "OptionA"
      }
    },
    {
      "question": 22,
      "target": "Book Rating",
      "target_value": 4.8,
      "options": [
        "Book Page Count",
        "Author Rating"
      ],
      "optionA": {
        "trial_id": "8",
        "task_id": "22",
        "values": "300.0, 4.9",
        "target_value": 4.8
      },
      "optionB": {
        "trial_id": "4",
        "task_id": "22",
        "values": "450.0, 4.6",
        "target_value": 4.7
      },
      "choice": {
        "button": "F",
        "selected_option": "OptionA"
      }
    },
    {
      "question": 23,
      "target": "Speed (km/h)",
      "target_value": 195,
      "options": [
        "Engine Horsepower",
        "Weight (kg)"
      ],
      "optionA": {
        "trial_id": "4",
        "task_id": "47",
        "values": "220.0, 1500.0",
        "target_value": 195
      },
      "optionB": {
        "trial_id": "2",
        "task_id": "47",
        "values": "180.0, 1300.0",
        "target_value": 185
      },
      "choice": {
        "button": "J",
        "selected_option": "OptionB"
      }
    },
    {
      "question": 24,
      "target": "Flavor Strength",
      "target_value": 7,
      "options": [
        "Coffee Bean Size",
        "Bean Roast"
      ],
      "optionA": {
        "trial_id": "19",
        "task_id": "64",
        "values": "5.0, 2.0",
        "target_value": 7
      },
      "optionB": {
        "trial_id": "1",
        "task_id": "64",
        "values": "5.0, 2.0",
        "target_value": 7
      },
      "choice": {
        "button": "J",
        "selected_option": "OptionB"
      }
    },
    {
      "question": 25,
      "target": "Popularity Score",
      "target_value": 120,
      "options": [
        "Number of Likes",
        "Number of Comments"
      ],
      "optionA": {
        "trial_id": "6",
        "task_id": "50",
        "values": "100.0, 20.0",
        "target_value": 120
      },
      "optionB": {
        "trial_id": "7",
        "task_id": "50",
        "values": "200.0, 40.0",
        "target_value": 240
      },
      "choice": {
        "button": "J",
        "selected_option": "OptionB"
      }
    },
    {
      "question": 26,
      "target": "Home Value (thousands)",
      "target_value": 290,
      "options": [
        "House Size (sqm)",
        "Neighborhood Safety (1-10)"
      ],
      "optionA": {
        "trial_id": "2",
        "task_id": "41",
        "values": "130.0, 7.0",
        "target_value": 290
      },
      "optionB": {
        "trial_id": "17",
        "task_id": "41",
        "values": "100.0, 8.0",
        "target_value": 270
      },
      "choice": {
        "button": "J",
        "selected_option": "OptionB"
      }
    },
    {
      "question": 27,
      "target": "Reading time",
      "target_value": 8,
      "options": [
        "Book pages",
        "Book chapters"
      ],
      "optionA": {
        "trial_id": "9",
        "task_id": "72",
        "values": "350.0, 20.0",
        "target_value": 8
      },
      "optionB": {
        "trial_id": "11",
        "task_id": "72",
        "values": "400.0, 22.0",
        "target_value": 9
      },
      "choice": {
        "button": "J",
        "selected_option": "OptionB"
      }
    },
    {
      "question": 28,
      "target": "Energy Level",
      "target_value": 9,
      "options": [
        "Dog Size",
        "Exercise Needs"
      ],
      "optionA": {
        "trial_id": "4",
        "task_id": "88",
        "values": "35.0, 8.0",
        "target_value": 9
      },
      "optionB": {
        "trial_id": "14",
        "task_id": "88",
        "values": "45.0, 9.0",
        "target_value": 9
      },
      "choice": {
        "button": "J",
        "selected_option": "OptionB"
      }
    },
    {
      "question": 29,
      "target": "Top Speed",
      "target_value": 120,
      "options": [
        "Car Engine Size",
        "Horsepower"
      ],
      "optionA": {
        "trial_id": "7",
        "task_id": "36",
        "values": "1.6, 160.0",
        "target_value": 120
      },
      "optionB": {
        "trial_id": "5",
        "task_id": "61",
        "values": "3.0, 200.0",
        "target_value": 160
      },
      "choice": {
        "button": "J",
        "selected_option": "OptionB"
      }
    },
    {
      "question": "attention_check_29",
      "choice": "J",
      "passed": true,
      "timestamp": 1756720752380
    },
    {
      "question": 30,
      "target": "Fat Burn (g)",
      "target_value": 70,
      "options": [
        "Exercise Time (min)",
        "Heart Rate (bpm)"
      ],
      "optionA": {
        "trial_id": "8",
        "task_id": "28",
        "values": "60.0, 140.0",
        "target_value": 70
      },
      "optionB": {
        "trial_id": "19",
        "task_id": "28",
        "values": "20.0, 120.0",
        "target_value": 35
      },
      "choice": {
        "button": "F",
        "selected_option": "OptionA"
      }
    },
    {
      "question": 31,
      "target": "Satiety (on scale 1-10)",
      "target_value": 6,
      "options": [
        "Number of Calories",
        "Protein (g)"
      ],
      "optionA": {
        "trial_id": "15",
        "task_id": "16",
        "values": "300.0, 10.0",
        "target_value": 6
      },
      "optionB": {
        "trial_id": "6",
        "task_id": "16",
        "values": "500.0, 20.0",
        "target_value": 9
      },
      "choice": {
        "button": "F",
        "selected_option": "OptionA"
      }
    },
    {
      "question": 32,
      "target": "Light Level",
      "target_value": 7,
      "options": [
        "Room Size (sq ft)",
        "Number of Windows"
      ],
      "optionA": {
        "trial_id": "13",
        "task_id": "35",
        "values": "170.0, 4.0",
        "target_value": 7
      },
      "optionB": {
        "trial_id": "10",
        "task_id": "35",
        "values": "210.0, 4.0",
        "target_value": 8
      },
      "choice": {
        "button": "F",
        "selected_option": "OptionA"
      }
    },
    {
      "question": 33,
      "target": "Muscle gain",
      "target_value": 1.5,
      "options": [
        "Minutes of exercise",
        "Protein intake"
      ],
      "optionA": {
        "trial_id": "3",
        "task_id": "59",
        "values": "45.0, 25.0",
        "target_value": 1.5
      },
      "optionB": {
        "trial_id": "4",
        "task_id": "59",
        "values": "35.0, 30.0",
        "target_value": 1.6
      },
      "choice": {
        "button": "F",
        "selected_option": "OptionA"
      }
    },
    {
      "question": 34,
      "target": "Prep Time (min)",
      "target_value": 13,
      "options": [
        "Number of Ingredients",
        "Cooking Time (min)"
      ],
      "optionA": {
        "trial_id": "13",
        "task_id": "96",
        "values": "3.0, 18.0",
        "target_value": 13
      },
      "optionB": {
        "trial_id": "12",
        "task_id": "96",
        "values": "11.0, 34.0",
        "target_value": 24
      },
      "choice": {
        "button": "J",
        "selected_option": "OptionB"
      }
    },
    {
      "question": 35,
      "target": "Light Level",
      "target_value": 8,
      "options": [
        "Room Size (sq ft)",
        "Number of Windows"
      ],
      "optionA": {
        "trial_id": "16",
        "task_id": "35",
        "values": "220.0, 4.0",
        "target_value": 8
      },
      "optionB": {
        "trial_id": "4",
        "task_id": "35",
        "values": "170.0, 3.0",
        "target_value": 7
      },
      "choice": {
        "button": "J",
        "selected_option": "OptionB"
      }
    },
    {
      "question": 36,
      "target": "Weight loss",
      "target_value": 1.6,
      "options": [
        "Exercise duration",
        "Intensity level"
      ],
      "optionA": {
        "trial_id": "17",
        "task_id": "67",
        "values": "45.0, 5.0",
        "target_value": 1.6
      },
      "optionB": {
        "trial_id": "14",
        "task_id": "67",
        "values": "50.0, 7.0",
        "target_value": 2
      },
      "choice": {
        "button": "J",
        "selected_option": "OptionB"
      }
    },
    {
      "question": 37,
      "target": "Performance Score (1-100)",
      "target_value": 70,
      "options": [
        "Hours of Practice",
        "Number of Lessons"
      ],
      "optionA": {
        "trial_id": "13",
        "task_id": "57",
        "values": "12.0, 6.0",
        "target_value": 70
      },
      "optionB": {
        "trial_id": "3",
        "task_id": "57",
        "values": "20.0, 8.0",
        "target_value": 80
      },
      "choice": {
        "button": "J",
        "selected_option": "OptionB"
      }
    },
    {
      "question": 38,
      "target": "User satisfaction",
      "target_value": 10,
      "options": [
        "Screen size (inches)",
        "RAM (GB)"
      ],
      "optionA": {
        "trial_id": "8",
        "task_id": "119",
        "values": "18.0, 6.0",
        "target_value": 10
      },
      "optionB": {
        "trial_id": "17",
        "task_id": "119",
        "values": "26.0, 10.0",
        "target_value": 14
      },
      "choice": {
        "button": "J",
        "selected_option": "OptionB"
      }
    },
    {
      "question": 39,
      "target": "Comfort Score",
      "target_value": 8,
      "options": [
        "Price ($)",
        "Size (sqft)"
      ],
      "optionA": {
        "trial_id": "4",
        "task_id": "44",
        "values": "310000.0, 150.0",
        "target_value": 8
      },
      "optionB": {
        "trial_id": "12",
        "task_id": "44",
        "values": "340000.0, 180.0",
        "target_value": 9
      },
      "choice": {
        "button": "F",
        "selected_option": "OptionA"
      }
    },
    {
      "question": "attention_check_39",
      "choice": "F",
      "passed": true,
      "timestamp": 1756720804411
    },
    {
      "question": 40,
      "target": "Knowledge Content",
      "target_value": 6,
      "options": [
        "Book Thickness",
        "Book Reading Level"
      ],
      "optionA": {
        "trial_id": "1",
        "task_id": "6",
        "values": "30.0, 3.0",
        "target_value": 6
      },
      "optionB": {
        "trial_id": "18",
        "task_id": "6",
        "values": "36.0, 6.0",
        "target_value": 9
      },
      "choice": {
        "button": "J",
        "selected_option": "OptionB"
      }
    },
    {
      "question": 41,
      "target": "User Satisfaction",
      "target_value": 5,
      "options": [
        "Screen Size",
        "Battery Life"
      ],
      "optionA": {
        "trial_id": "16",
        "task_id": "52",
        "values": "9.0, 20.0",
        "target_value": 5
      },
      "optionB": {
        "trial_id": "17",
        "task_id": "52",
        "values": "6.0, 40.0",
        "target_value": 8
      },
      "choice": {
        "button": "J",
        "selected_option": "OptionB"
      }
    },
    {
      "question": 42,
      "target": "Weight Loss",
      "target_value": 2,
      "options": [
        "Calories",
        "Exercise Time"
      ],
      "optionA": {
        "trial_id": "8",
        "task_id": "51",
        "values": "500.0, 50.0",
        "target_value": 2
      },
      "optionB": {
        "trial_id": "5",
        "task_id": "51",
        "values": "700.0, 10.0",
        "target_value": 1
      },
      "choice": {
        "button": "J",
        "selected_option": "OptionB"
      }
    },
    {
      "question": 43,
      "target": "Fun Level",
      "target_value": 6,
      "options": [
        "Number of Players",
        "Game Duration (minutes)"
      ],
      "optionA": {
        "trial_id": "19",
        "task_id": "13",
        "values": "3.0, 45.0",
        "target_value": 6
      },
      "optionB": {
        "trial_id": "13",
        "task_id": "13",
        "values": "4.0, 55.0",
        "target_value": 7
      },
      "choice": {
        "button": "J",
        "selected_option": "OptionB"
      }
    },
    {
      "question": 44,
      "target": "Energy Level",
      "target_value": 8,
      "options": [
        "Dog Size",
        "Exercise Needs"
      ],
      "optionA": {
        "trial_id": "16",
        "task_id": "88",
        "values": "40.0, 8.0",
        "target_value": 8
      },
      "optionB": {
        "trial_id": "14",
        "task_id": "88",
        "values": "45.0, 9.0",
        "target_value": 9
      },
      "choice": {
        "button": "J",
        "selected_option": "OptionB"
      }
    },
    {
      "question": 45,
      "target": "Performance",
      "target_value": 8.5,
      "options": [
        "Skill Level",
        "Practice Time"
      ],
      "optionA": {
        "trial_id": "18",
        "task_id": "100",
        "values": "6.0, 18.0",
        "target_value": 8.5
      },
      "optionB": {
        "trial_id": "5",
        "task_id": "100",
        "values": "8.0, 8.0",
        "target_value": 8.1
      },
      "choice": {
        "button": "F",
        "selected_option": "OptionA"
      }
    },
    {
      "question": 46,
      "target": "Phone Performance",
      "target_value": 82,
      "options": [
        "Phone RAM",
        "Phone Screen Size"
      ],
      "optionA": {
        "trial_id": "18",
        "task_id": "103",
        "values": "6.0, 6.1",
        "target_value": 82
      },
      "optionB": {
        "trial_id": "14",
        "task_id": "103",
        "values": "8.0, 6.6",
        "target_value": 90
      },
      "choice": {
        "button": "J",
        "selected_option": "OptionB"
      }
    },
    {
      "question": 47,
      "target": "Comfort",
      "target_value": 70,
      "options": [
        "Shoe Weight",
        "Brand Reputation"
      ],
      "optionA": {
        "trial_id": "4",
        "task_id": "62",
        "values": "200.0, 4.0",
        "target_value": 70
      },
      "optionB": {
        "trial_id": "17",
        "task_id": "62",
        "values": "230.0, 6.0",
        "target_value": 80
      },
      "choice": {
        "button": "J",
        "selected_option": "OptionB"
      }
    },
    {
      "question": 48,
      "target": "Dog Activity Level",
      "target_value": 4,
      "options": [
        "Dog Size",
        "Dog Exercise Needs"
      ],
      "optionA": {
        "trial_id": "20",
        "task_id": "3",
        "values": "22.0, 2.0",
        "target_value": 4
      },
      "optionB": {
        "trial_id": "1",
        "task_id": "3",
        "values": "50.0, 2.0",
        "target_value": 7
      },
      "choice": {
        "button": "J",
        "selected_option": "OptionB"
      }
    },
    {
      "question": 49,
      "target": "Apartment price",
      "target_value": 1200,
      "options": [
        "Distance from city center",
        "Room size"
      ],
      "optionA": {
        "trial_id": "1",
        "task_id": "58",
        "values": "2.0, 40.0",
        "target_value": 1200
      },
      "optionB": {
        "trial_id": "5",
        "task_id": "58",
        "values": "1.0, 30.0",
        "target_value": 1000
      },
      "choice": {
        "button": "J",
        "selected_option": "OptionB"
      }
    },
    {
      "question": 50,
      "target": "Bike Speed",
      "target_value": 110,
      "options": [
        "Bike Weight",
        "Bike Power"
      ],
      "optionA": {
        "trial_id": "17",
        "task_id": "87",
        "values": "26.0, 550.0",
        "target_value": 110
      },
      "optionB": {
        "trial_id": "9",
        "task_id": "87",
        "values": "18.0, 350.0",
        "target_value": 70
      },
      "choice": {
        "button": "F",
        "selected_option": "OptionA"
      }
    }
  ]
}