{
  "prolific_id": "UNKNOWN",
  "condition_group": "direction",
  "responses": [
    {
      "question": 1,
      "target": "Recipe Complexity",
      "target_value": 7,
      "options": [
        "Recipe Servings",
        "Recipe Ingredients"
      ],
      "optionA": {
        "trial_id": "12",
        "task_id": "106",
        "values": "6.0, 11.0",
        "target_value": 7
      },
      "optionB": {
        "trial_id": "15",
        "task_id": "106",
        "values": "4.0, 10.0",
        "target_value": 7
      },
      "choice": {
        "button": "F",
        "selected_option": "OptionA"
      }
    },
    {
      "question": 2,
      "target": "Restaurant Customer Satisfaction",
      "target_value": 8.5,
      "options": [
        "Restaurant Menu Size",
        "Restaurant Price Rating"
      ],
      "optionA": {
        "trial_id": "12",
        "task_id": "25",
        "values": "22.0, 4.6",
        "target_value": 8.5
      },
      "optionB": {
        "trial_id": "18",
        "task_id": "25",
        "values": "23.0, 4.7",
        "target_value": 8.6
      },
      "choice": {
        "button": "F",
        "selected_option": "OptionA"
      }
    },
    {
      "question": 3,
      "target": "Fat Burn (g)",
      "target_value": 30,
      "options": [
        "Exercise Time (min)",
        "Heart Rate (bpm)"
      ],
      "optionA": {
        "trial_id": "6",
        "task_id": "28",
        "values": "30.0, 110.0",
        "target_value": 30
      },
      "optionB": {
        "trial_id": "3",
        "task_id": "28",
        "values": "40.0, 140.0",
        "target_value": 60
      },
      "choice": {
        "button": "J",
        "selected_option": "OptionB"
      }
    },
    {
      "question": 4,
      "target": "Popularity Score",
      "target_value": 68,
      "options": [
        "Price ($)",
        "Rating (1-10)"
      ],
      "optionA": {
        "trial_id": "7",
        "task_id": "97",
        "values": "70.0, 6.0",
        "target_value": 68
      },
      "optionB": {
        "trial_id": "18",
        "task_id": "97",
        "values": "80.0, 7.0",
        "target_value": 72
      },
      "choice": {
        "button": "J",
        "selected_option": "OptionB"
      }
    },
    {
      "question": 5,
      "target": "Energy Level",
      "target_value": 8,
      "options": [
        "Dog Size",
        "Exercise Needs"
      ],
      "optionA": {
        "trial_id": "2",
        "task_id": "88",
        "values": "40.0, 7.0",
        "target_value": 8
      },
      "optionB": {
        "trial_id": "19",
        "task_id": "88",
        "values": "45.0, 9.0",
        "target_value": 10
      },
      "choice": {
        "button": "J",
        "selected_option": "OptionB"
      }
    },
    {
      "question": 6,
      "target": "Enjoyment",
      "target_value": 7.4,
      "options": [
        "Tea Strength",
        "Flavor Variety"
      ],
      "optionA": {
        "trial_id": "4",
        "task_id": "55",
        "values": "5.0, 3.0",
        "target_value": 7.4
      },
      "optionB": {
        "trial_id": "19",
        "task_id": "55",
        "values": "2.0, 2.0",
        "target_value": 6.3
      },
      "choice": {
        "button": "F",
        "selected_option": "OptionA"
      }
    },
    {
      "question": 7,
      "target": "Battery Life",
      "target_value": 12,
      "options": [
        "Battery Capacity",
        "Weight"
      ],
      "optionA": {
        "trial_id": "1",
        "task_id": "114",
        "values": "3000.0, 200.0",
        "target_value": 12
      },
      "optionB": {
        "trial_id": "14",
        "task_id": "114",
        "values": "4200.0, 260.0",
        "target_value": 15.5
      },
      "choice": {
        "button": "J",
        "selected_option": "OptionB"
      }
    },
    {
      "question": 8,
      "target": "Speed (km/h)",
      "target_value": 180,
      "options": [
        "Engine Horsepower",
        "Weight (kg)"
      ],
      "optionA": {
        "trial_id": "1",
        "task_id": "47",
        "values": "150.0, 1200.0",
        "target_value": 180
      },
      "optionB": {
        "trial_id": "16",
        "task_id": "47",
        "values": "230.0, 1550.0",
        "target_value": 197
      },
      "choice": {
        "button": "J",
        "selected_option": "OptionB"
      }
    },
    {
      "question": 9,
      "target": "Performance Rating",
      "target_value": 6.5,
      "options": [
        "Computer Weight (kg)",
        "RAM (GB)"
      ],
      "optionA": {
        "trial_id": "10",
        "task_id": "34",
        "values": "1.4, 8.0",
        "target_value": 6.5
      },
      "optionB": {
        "trial_id": "9",
        "task_id": "34",
        "values": "1.6, 10.0",
        "target_value": 7.5
      },
      "choice": {
        "button": "F",
        "selected_option": "OptionA"
      }
    },
    {
      "question": "attention_check_9",
      "choice": "J",
      "passed": true,
      "timestamp": 1756154707673
    },
    {
      "question": 10,
      "target": "Age (years)",
      "target_value": 20,
      "options": [
        "Tree Height (m)",
        "Trunk Diameter (cm)"
      ],
      "optionA": {
        "trial_id": "14",
        "task_id": "32",
        "values": "5.0, 13.0",
        "target_value": 20
      },
      "optionB": {
        "trial_id": "3",
        "task_id": "32",
        "values": "12.0, 35.0",
        "target_value": 60
      },
      "choice": {
        "button": "J",
        "selected_option": "OptionB"
      }
    },
    {
      "question": 11,
      "target": "Fuel Consumption (L/100km)",
      "target_value": 8,
      "options": [
        "Speed (km/h)",
        "Weight (kg)"
      ],
      "optionA": {
        "trial_id": "13",
        "task_id": "43",
        "values": "115.0, 1450.0",
        "target_value": 8
      },
      "optionB": {
        "trial_id": "4",
        "task_id": "43",
        "values": "110.0, 1700.0",
        "target_value": 10
      },
      "choice": {
        "button": "J",
        "selected_option": "OptionB"
      }
    },
    {
      "question": 12,
      "target": "Performance Score (1-100)",
      "target_value": 45,
      "options": [
        "Hours of Practice",
        "Number of Lessons"
      ],
      "optionA": {
        "trial_id": "17",
        "task_id": "57",
        "values": "6.0, 2.0",
        "target_value": 45
      },
      "optionB": {
        "trial_id": "11",
        "task_id": "57",
        "values": "8.0, 4.0",
        "target_value": 60
      },
      "choice": {
        "button": "J",
        "selected_option": "OptionB"
      }
    },
    {
      "question": 13,
      "target": "Social Engagement (on scale 1-10)",
      "target_value": 9,
      "options": [
        "Number of Friends",
        "Average Message Frequency"
      ],
      "optionA": {
        "trial_id": "16",
        "task_id": "21",
        "values": "140.0, 5.0",
        "target_value": 9
      },
      "optionB": {
        "trial_id": "12",
        "task_id": "21",
        "values": "120.0, 3.0",
        "target_value": 7
      },
      "choice": {
        "button": "F",
        "selected_option": "OptionA"
      }
    },
    {
      "question": 14,
      "target": "Growth Rate (cm/week)",
      "target_value": 2.6,
      "options": [
        "Plant Leaf Size",
        "Plant Water Usage"
      ],
      "optionA": {
        "trial_id": "18",
        "task_id": "83",
        "values": "8.0, 4.0",
        "target_value": 2.6
      },
      "optionB": {
        "trial_id": "2",
        "task_id": "83",
        "values": "8.0, 4.0",
        "target_value": 2.5
      },
      "choice": {
        "button": "F",
        "selected_option": "OptionA"
      }
    },
    {
      "question": 15,
      "target": "Distance Traveled",
      "target_value": 280,
      "options": [
        "Speed",
        "Weight"
      ],
      "optionA": {
        "trial_id": "3",
        "task_id": "111",
        "values": "50.0, 800.0",
        "target_value": 280
      },
      "optionB": {
        "trial_id": "5",
        "task_id": "111",
        "values": "70.0, 1100.0",
        "target_value": 315
      },
      "choice": {
        "button": "J",
        "selected_option": "OptionB"
      }
    },
    {
      "question": 16,
      "target": "Home Value (thousands)",
      "target_value": 280,
      "options": [
        "House Size (sqm)",
        "Neighborhood Safety (1-10)"
      ],
      "optionA": {
        "trial_id": "9",
        "task_id": "41",
        "values": "140.0, 6.0",
        "target_value": 280
      },
      "optionB": {
        "trial_id": "8",
        "task_id": "41",
        "values": "120.0, 9.0",
        "target_value": 320
      },
      "choice": {
        "button": "J",
        "selected_option": "OptionB"
      }
    },
    {
      "question": 17,
      "target": "Battery Life",
      "target_value": 25,
      "options": [
        "Phone Weight",
        "Battery Capacity"
      ],
      "optionA": {
        "trial_id": "7",
        "task_id": "54",
        "values": "160.0, 3000.0",
        "target_value": 25
      },
      "optionB": {
        "trial_id": "2",
        "task_id": "54",
        "values": "250.0, 3800.0",
        "target_value": 30
      },
      "choice": {
        "button": "J",
        "selected_option": "OptionB"
      }
    },
    {
      "question": 18,
      "target": "Dog Energy Level",
      "target_value": 10,
      "options": [
        "Dog Weight",
        "Dog Activity Level"
      ],
      "optionA": {
        "trial_id": "5",
        "task_id": "105",
        "values": "35.0, 7.0",
        "target_value": 10
      },
      "optionB": {
        "trial_id": "12",
        "task_id": "105",
        "values": "28.0, 5.0",
        "target_value": 8
      },
      "choice": {
        "button": "F",
        "selected_option": "OptionA"
      }
    },
    {
      "question": 19,
      "target": "Taste Rating",
      "target_value": 7,
      "options": [
        "Number of Ingredients",
        "Cooking Time (minutes)"
      ],
      "optionA": {
        "trial_id": "12",
        "task_id": "14",
        "values": "6.0, 27.0",
        "target_value": 7
      },
      "optionB": {
        "trial_id": "11",
        "task_id": "14",
        "values": "7.0, 32.0",
        "target_value": 8
      },
      "choice": {
        "button": "F",
        "selected_option": "OptionA"
      }
    },
    {
      "question": "attention_check_19",
      "choice": "F",
      "passed": true,
      "timestamp": 1756154829702
    },
    {
      "question": 20,
      "target": "Customer Satisfaction",
      "target_value": 9.2,
      "options": [
        "Price ($)",
        "Quality Rating (1-10)"
      ],
      "optionA": {
        "trial_id": "7",
        "task_id": "49",
        "values": "200.0, 9.0",
        "target_value": 9.2
      },
      "optionB": {
        "trial_id": "6",
        "task_id": "49",
        "values": "100.0, 7.0",
        "target_value": 7.5
      },
      "choice": {
        "button": "J",
        "selected_option": "OptionB"
      }
    },
    {
      "question": 21,
      "target": "Book Rating",
      "target_value": 4.7,
      "options": [
        "Book Page Count",
        "Author Rating"
      ],
      "optionA": {
        "trial_id": "4",
        "task_id": "22",
        "values": "450.0, 4.6",
        "target_value": 4.7
      },
      "optionB": {
        "trial_id": "12",
        "task_id": "22",
        "values": "350.0, 4.7",
        "target_value": 4.6
      },
      "choice": {
        "button": "J",
        "selected_option": "OptionB"
      }
    },
    {
      "question": 22,
      "target": "Taste Rating",
      "target_value": 5,
      "options": [
        "Number of Ingredients",
        "Cooking Time (minutes)"
      ],
      "optionA": {
        "trial_id": "7",
        "task_id": "14",
        "values": "3.0, 15.0",
        "target_value": 5
      },
      "optionB": {
        "trial_id": "6",
        "task_id": "14",
        "values": "7.0, 30.0",
        "target_value": 8
      },
      "choice": {
        "button": "F",
        "selected_option": "OptionA"
      }
    },
    {
      "question": 23,
      "target": "Performance Score",
      "target_value": 80,
      "options": [
        "Phone RAM (GB)",
        "Battery Capacity (mAh)"
      ],
      "optionA": {
        "trial_id": "15",
        "task_id": "39",
        "values": "8.0, 3800.0",
        "target_value": 80
      },
      "optionB": {
        "trial_id": "6",
        "task_id": "39",
        "values": "7.0, 4200.0",
        "target_value": 86
      },
      "choice": {
        "button": "F",
        "selected_option": "OptionA"
      }
    },
    {
      "question": 24,
      "target": "Top Speed",
      "target_value": 130,
      "options": [
        "Car Engine Size",
        "Horsepower"
      ],
      "optionA": {
        "trial_id": "20",
        "task_id": "36",
        "values": "1.8, 180.0",
        "target_value": 130
      },
      "optionB": {
        "trial_id": "12",
        "task_id": "36",
        "values": "2.5, 220.0",
        "target_value": 140
      },
      "choice": {
        "button": "J",
        "selected_option": "OptionB"
      }
    },
    {
      "question": 25,
      "target": "Battery Life",
      "target_value": 12,
      "options": [
        "Battery Capacity",
        "Weight"
      ],
      "optionA": {
        "trial_id": "11",
        "task_id": "114",
        "values": "3000.0, 200.0",
        "target_value": 12
      },
      "optionB": {
        "trial_id": "4",
        "task_id": "114",
        "values": "3000.0, 200.0",
        "target_value": 12
      },
      "choice": {
        "button": "J",
        "selected_option": "OptionB"
      }
    },
    {
      "question": 26,
      "target": "Book Reading Time",
      "target_value": 130,
      "options": [
        "Book Thickness",
        "Book Length"
      ],
      "optionA": {
        "trial_id": "2",
        "task_id": "102",
        "values": "400.0, 180.0",
        "target_value": 130
      },
      "optionB": {
        "trial_id": "11",
        "task_id": "102",
        "values": "650.0, 230.0",
        "target_value": 165
      },
      "choice": {
        "button": "F",
        "selected_option": "OptionA"
      }
    },
    {
      "question": 27,
      "target": "Battery life hours",
      "target_value": 10,
      "options": [
        "Phone battery capacity",
        "Phone weight"
      ],
      "optionA": {
        "trial_id": "19",
        "task_id": "73",
        "values": "2600.0, 170.0",
        "target_value": 10
      },
      "optionB": {
        "trial_id": "18",
        "task_id": "73",
        "values": "3000.0, 190.0",
        "target_value": 13
      },
      "choice": {
        "button": "J",
        "selected_option": "OptionB"
      }
    },
    {
      "question": 28,
      "target": "Age (years)",
      "target_value": 50,
      "options": [
        "Tree Height (m)",
        "Trunk Diameter (cm)"
      ],
      "optionA": {
        "trial_id": "1",
        "task_id": "32",
        "values": "10.0, 30.0",
        "target_value": 50
      },
      "optionB": {
        "trial_id": "16",
        "task_id": "32",
        "values": "11.0, 33.0",
        "target_value": 55
      },
      "choice": {
        "button": "J",
        "selected_option": "OptionB"
      }
    },
    {
      "question": 29,
      "target": "Top Speed",
      "target_value": 135,
      "options": [
        "Car Engine Size",
        "Horsepower"
      ],
      "optionA": {
        "trial_id": "2",
        "task_id": "36",
        "values": "1.8, 200.0",
        "target_value": 135
      },
      "optionB": {
        "trial_id": "5",
        "task_id": "61",
        "values": "3.0, 200.0",
        "target_value": 160
      },
      "choice": {
        "button": "F",
        "selected_option": "OptionA"
      }
    },
    {
      "question": "attention_check_29",
      "choice": "J",
      "passed": true,
      "timestamp": 1756154917736
    },
    {
      "question": 30,
      "target": "Bike Speed",
      "target_value": 26,
      "options": [
        "Bike Weight",
        "Bike Wheel Size"
      ],
      "optionA": {
        "trial_id": "20",
        "task_id": "107",
        "values": "16.0, 28.0",
        "target_value": 26
      },
      "optionB": {
        "trial_id": "9",
        "task_id": "107",
        "values": "10.0, 27.0",
        "target_value": 24
      },
      "choice": {
        "button": "F",
        "selected_option": "OptionA"
      }
    },
    {
      "question": 31,
      "target": "Dog Activity Level",
      "target_value": 9,
      "options": [
        "Dog Size",
        "Dog Exercise Needs"
      ],
      "optionA": {
        "trial_id": "17",
        "task_id": "3",
        "values": "65.0, 4.0",
        "target_value": 9
      },
      "optionB": {
        "trial_id": "17",
        "task_id": "3",
        "values": "65.0, 4.0",
        "target_value": 9
      },
      "choice": {
        "button": "F",
        "selected_option": "OptionA"
      }
    },
    {
      "question": 32,
      "target": "Market value ($)",
      "target_value": 260000,
      "options": [
        "Number of bedrooms",
        "House size (sq ft)"
      ],
      "optionA": {
        "trial_id": "17",
        "task_id": "90",
        "values": "3.0, 1300.0",
        "target_value": 260000
      },
      "optionB": {
        "trial_id": "17",
        "task_id": "90",
        "values": "3.0, 1300.0",
        "target_value": 260000
      },
      "choice": {
        "button": "J",
        "selected_option": "OptionB"
      }
    },
    {
      "question": 33,
      "target": "House Price",
      "target_value": 410000,
      "options": [
        "House Size sqft",
        "House Location Rating"
      ],
      "optionA": {
        "trial_id": "20",
        "task_id": "23",
        "values": "2000.0, 8.0",
        "target_value": 410000
      },
      "optionB": {
        "trial_id": "4",
        "task_id": "23",
        "values": "2200.0, 8.0",
        "target_value": 430000
      },
      "choice": {
        "button": "J",
        "selected_option": "OptionB"
      }
    },
    {
      "question": 34,
      "target": "Taste score",
      "target_value": 8,
      "options": [
        "Coffee strength",
        "Bean quality"
      ],
      "optionA": {
        "trial_id": "14",
        "task_id": "68",
        "values": "4.0, 7.0",
        "target_value": 8
      },
      "optionB": {
        "trial_id": "3",
        "task_id": "68",
        "values": "3.0, 6.0",
        "target_value": 7
      },
      "choice": {
        "button": "F",
        "selected_option": "OptionA"
      }
    },
    {
      "question": 35,
      "target": "Battery life hours",
      "target_value": 12,
      "options": [
        "Phone battery capacity",
        "Phone weight"
      ],
      "optionA": {
        "trial_id": "6",
        "task_id": "73",
        "values": "3000.0, 180.0",
        "target_value": 12
      },
      "optionB": {
        "trial_id": "8",
        "task_id": "73",
        "values": "3200.0, 180.0",
        "target_value": 11
      },
      "choice": {
        "button": "J",
        "selected_option": "OptionB"
      }
    },
    {
      "question": 36,
      "target": "Fuel Consumption (L/100km)",
      "target_value": 8,
      "options": [
        "Engine Size (cc)",
        "Weight (kg)"
      ],
      "optionA": {
        "trial_id": "4",
        "task_id": "11",
        "values": "2100.0, 1300.0",
        "target_value": 8
      },
      "optionB": {
        "trial_id": "2",
        "task_id": "11",
        "values": "2500.0, 1300.0",
        "target_value": 9
      },
      "choice": {
        "button": "J",
        "selected_option": "OptionB"
      }
    },
    {
      "question": 37,
      "target": "Room Size",
      "target_value": 12,
      "options": [
        "Room Width",
        "Room Length"
      ],
      "optionA": {
        "trial_id": "16",
        "task_id": "109",
        "values": "3.0, 4.0",
        "target_value": 12
      },
      "optionB": {
        "trial_id": "14",
        "task_id": "109",
        "values": "6.0, 7.0",
        "target_value": 42
      },
      "choice": {
        "button": "J",
        "selected_option": "OptionB"
      }
    },
    {
      "question": 38,
      "target": "Market value ($)",
      "target_value": 280000,
      "options": [
        "Number of bedrooms",
        "House size (sq ft)"
      ],
      "optionA": {
        "trial_id": "4",
        "task_id": "90",
        "values": "5.0, 1200.0",
        "target_value": 280000
      },
      "optionB": {
        "trial_id": "14",
        "task_id": "90",
        "values": "3.0, 1250.0",
        "target_value": 250000
      },
      "choice": {
        "button": "F",
        "selected_option": "OptionA"
      }
    },
    {
      "question": 39,
      "target": "Job Success",
      "target_value": 70,
      "options": [
        "Age",
        "Experience"
      ],
      "optionA": {
        "trial_id": "11",
        "task_id": "117",
        "values": "30.0, 5.0",
        "target_value": 70
      },
      "optionB": {
        "trial_id": "10",
        "task_id": "117",
        "values": "45.0, 11.0",
        "target_value": 90
      },
      "choice": {
        "button": "J",
        "selected_option": "OptionB"
      }
    },
    {
      "question": "attention_check_39",
      "choice": "F",
      "passed": true,
      "timestamp": 1756154985024
    },
    {
      "question": 40,
      "target": "Performance Score (1-100)",
      "target_value": 85,
      "options": [
        "Hours of Practice",
        "Number of Lessons"
      ],
      "optionA": {
        "trial_id": "9",
        "task_id": "57",
        "values": "25.0, 10.0",
        "target_value": 85
      },
      "optionB": {
        "trial_id": "1",
        "task_id": "57",
        "values": "10.0, 5.0",
        "target_value": 70
      },
      "choice": {
        "button": "F",
        "selected_option": "OptionA"
      }
    },
    {
      "question": 41,
      "target": "House Price (thousands)",
      "target_value": 290,
      "options": [
        "House Size (m²)",
        "House Distance to City (km)"
      ],
      "optionA": {
        "trial_id": "11",
        "task_id": "79",
        "values": "110.0, 4.0",
        "target_value": 290
      },
      "optionB": {
        "trial_id": "7",
        "task_id": "79",
        "values": "90.0, 2.0",
        "target_value": 270
      },
      "choice": {
        "button": "J",
        "selected_option": "OptionB"
      }
    },
    {
      "question": 42,
      "target": "User Satisfaction",
      "target_value": 4,
      "options": [
        "[Screen Size",
        "Battery Life"
      ],
      "optionA": {
        "trial_id": "10",
        "task_id": "52",
        "values": "7.0, 15.0",
        "target_value": 4
      },
      "optionB": {
        "trial_id": "11",
        "task_id": "52",
        "values": "7.0, 30.0",
        "target_value": 7
      },
      "choice": {
        "button": "J",
        "selected_option": "OptionB"
      }
    },
    {
      "question": 43,
      "target": "Performance Quality (on scale 1-10)",
      "target_value": 8,
      "options": [
        "Hours of Practice",
        "Musical Experience (years)"
      ],
      "optionA": {
        "trial_id": "3",
        "task_id": "17",
        "values": "60.0, 4.0",
        "target_value": 8
      },
      "optionB": {
        "trial_id": "15",
        "task_id": "17",
        "values": "70.0, 3.0",
        "target_value": 7
      },
      "choice": {
        "button": "F",
        "selected_option": "OptionA"
      }
    },
    {
      "question": 44,
      "target": "Tea Strength (1-10)",
      "target_value": 4,
      "options": [
        "Tea Leaf Quality (1-10)",
        "Tea Steeping Time (minutes)"
      ],
      "optionA": {
        "trial_id": "7",
        "task_id": "80",
        "values": "5.0, 1.0",
        "target_value": 4
      },
      "optionB": {
        "trial_id": "3",
        "task_id": "80",
        "values": "6.0, 2.0",
        "target_value": 5
      },
      "choice": {
        "button": "J",
        "selected_option": "OptionB"
      }
    },
    {
      "question": 45,
      "target": "Battery Life",
      "target_value": 15.5,
      "options": [
        "Battery Capacity",
        "Weight"
      ],
      "optionA": {
        "trial_id": "14",
        "task_id": "114",
        "values": "4200.0, 260.0",
        "target_value": 15.5
      },
      "optionB": {
        "trial_id": "18",
        "task_id": "114",
        "values": "5500.0, 320.0",
        "target_value": 18
      },
      "choice": {
        "button": "J",
        "selected_option": "OptionB"
      }
    },
    {
      "question": 46,
      "target": "Taste score",
      "target_value": 7,
      "options": [
        "Coffee strength",
        "Bean quality"
      ],
      "optionA": {
        "trial_id": "10",
        "task_id": "68",
        "values": "3.0, 7.0",
        "target_value": 7
      },
      "optionB": {
        "trial_id": "8",
        "task_id": "68",
        "values": "4.0, 6.0",
        "target_value": 6
      },
      "choice": {
        "button": "F",
        "selected_option": "OptionA"
      }
    },
    {
      "question": 47,
      "target": "Plant Growth Rate (cm/week)",
      "target_value": 5,
      "options": [
        "Plant Soil Quality (1-10)",
        "Plant Water Frequency (times/week)"
      ],
      "optionA": {
        "trial_id": "1",
        "task_id": "81",
        "values": "7.0, 3.0",
        "target_value": 5
      },
      "optionB": {
        "trial_id": "4",
        "task_id": "81",
        "values": "9.0, 5.0",
        "target_value": 7
      },
      "choice": {
        "button": "J",
        "selected_option": "OptionB"
      }
    },
    {
      "question": 48,
      "target": "Exercise Intensity",
      "target_value": 6.5,
      "options": [
        "Time to Walk (min)",
        "Number of Steps"
      ],
      "optionA": {
        "trial_id": "17",
        "task_id": "95",
        "values": "13.0, 1300.0",
        "target_value": 6.5
      },
      "optionB": {
        "trial_id": "7",
        "task_id": "95",
        "values": "6.0, 600.0",
        "target_value": 3
      },
      "choice": {
        "button": "F",
        "selected_option": "OptionA"
      }
    },
    {
      "question": 49,
      "target": "Fuel Consumption (L/100km)",
      "target_value": 10,
      "options": [
        "Speed (km/h)",
        "Weight (kg)"
      ],
      "optionA": {
        "trial_id": "3",
        "task_id": "43",
        "values": "130.0, 1600.0",
        "target_value": 10
      },
      "optionB": {
        "trial_id": "14",
        "task_id": "43",
        "values": "125.0, 1550.0",
        "target_value": 9
      },
      "choice": {
        "button": "F",
        "selected_option": "OptionA"
      }
    },
    {
      "question": 50,
      "target": "Battery life",
      "target_value": 10,
      "options": [
        "Phone battery",
        "Screen size"
      ],
      "optionA": {
        "trial_id": "8",
        "task_id": "69",
        "values": "2500.0, 4.0",
        "target_value": 10
      },
      "optionB": {
        "trial_id": "2",
        "task_id": "69",
        "values": "4000.0, 6.0",
        "target_value": 13
      },
      "choice": {
        "button": "J",
        "selected_option": "OptionB"
      }
    }
  ]
}