{
  "prolific_id": "UNKNOWN",
  "condition_group": "direction",
  "responses": [
    {
      "question": 1,
      "target": "Phone Performance",
      "target_value": 96,
      "options": [
        "Phone RAM",
        "Phone Screen Size"
      ],
      "optionA": {
        "trial_id": "19",
        "task_id": "103",
        "values": "12.0, 6.9",
        "target_value": 96
      },
      "optionB": {
        "trial_id": "10",
        "task_id": "103",
        "values": "4.0, 5.9",
        "target_value": 75
      },
      "choice": {
        "button": "F",
        "selected_option": "OptionA"
      }
    },
    {
      "question": 2,
      "target": "Enjoyment",
      "target_value": 6,
      "options": [
        "Taste rating",
        "Price"
      ],
      "optionA": {
        "trial_id": "16",
        "task_id": "26",
        "values": "2.0, 5.0",
        "target_value": 6
      },
      "optionB": {
        "trial_id": "1",
        "task_id": "26",
        "values": "8.0, 5.0",
        "target_value": 12
      },
      "choice": {
        "button": "J",
        "selected_option": "OptionB"
      }
    },
    {
      "question": 3,
      "target": "Deliciousness",
      "target_value": 65,
      "options": [
        "Cooking time",
        "Ingredients count"
      ],
      "optionA": {
        "trial_id": "14",
        "task_id": "27",
        "values": "10.0, 5.0",
        "target_value": 65
      },
      "optionB": {
        "trial_id": "2",
        "task_id": "27",
        "values": "45.0, 3.0",
        "target_value": 70
      },
      "choice": {
        "button": "J",
        "selected_option": "OptionB"
      }
    },
    {
      "question": 4,
      "target": "Exam Score (out of 100)",
      "target_value": 74,
      "options": [
        "Study Time (hours)",
        "Previous GPA"
      ],
      "optionA": {
        "trial_id": "8",
        "task_id": "18",
        "values": "10.0, 3.0",
        "target_value": 74
      },
      "optionB": {
        "trial_id": "3",
        "task_id": "18",
        "values": "6.0, 3.5",
        "target_value": 75
      },
      "choice": {
        "button": "F",
        "selected_option": "OptionA"
      }
    },
    {
      "question": 5,
      "target": "Exam score",
      "target_value": 83,
      "options": [
        "Study time (hours)",
        "Class attendance (%)"
      ],
      "optionA": {
        "trial_id": "8",
        "task_id": "91",
        "values": "7.0, 80.0",
        "target_value": 83
      },
      "optionB": {
        "trial_id": "18",
        "task_id": "91",
        "values": "6.0, 85.0",
        "target_value": 84
      },
      "choice": {
        "button": "J",
        "selected_option": "OptionB"
      }
    },
    {
      "question": 6,
      "target": "Cooking Time (min)",
      "target_value": 40,
      "options": [
        "Number of Ingredients",
        "Prep Time (min)"
      ],
      "optionA": {
        "trial_id": "12",
        "task_id": "48",
        "values": "8.0, 16.0",
        "target_value": 40
      },
      "optionB": {
        "trial_id": "9",
        "task_id": "48",
        "values": "5.0, 10.0",
        "target_value": 25
      },
      "choice": {
        "button": "F",
        "selected_option": "OptionA"
      }
    },
    {
      "question": 7,
      "target": "Bike Speed",
      "target_value": 23,
      "options": [
        "Bike Weight",
        "Bike Wheel Size"
      ],
      "optionA": {
        "trial_id": "7",
        "task_id": "107",
        "values": "8.0, 26.0",
        "target_value": 23
      },
      "optionB": {
        "trial_id": "6",
        "task_id": "107",
        "values": "16.0, 28.0",
        "target_value": 26
      },
      "choice": {
        "button": "J",
        "selected_option": "OptionB"
      }
    },
    {
      "question": 8,
      "target": "Doneness",
      "target_value": 60,
      "options": [
        "Cooking Time",
        "Size"
      ],
      "optionA": {
        "trial_id": "7",
        "task_id": "116",
        "values": "20.0, 160.0",
        "target_value": 60
      },
      "optionB": {
        "trial_id": "8",
        "task_id": "116",
        "values": "25.0, 180.0",
        "target_value": 65
      },
      "choice": {
        "button": "J",
        "selected_option": "OptionB"
      }
    },
    {
      "question": 9,
      "target": "Prep Time (min)",
      "target_value": 18,
      "options": [
        "Number of Ingredients",
        "Cooking Time (min)"
      ],
      "optionA": {
        "trial_id": "9",
        "task_id": "96",
        "values": "6.0, 25.0",
        "target_value": 18
      },
      "optionB": {
        "trial_id": "20",
        "task_id": "96",
        "values": "10.0, 30.0",
        "target_value": 21
      },
      "choice": {
        "button": "J",
        "selected_option": "OptionB"
      }
    },
    {
      "question": "attention_check_9",
      "choice": "J",
      "passed": true,
      "timestamp": 1756154551135
    },
    {
      "question": 10,
      "target": "Distance Covered",
      "target_value": 55,
      "options": [
        "Bike Speed",
        "Bike Weight"
      ],
      "optionA": {
        "trial_id": "15",
        "task_id": "7",
        "values": "26.0, 12.0",
        "target_value": 55
      },
      "optionB": {
        "trial_id": "4",
        "task_id": "7",
        "values": "26.0, 13.0",
        "target_value": 57
      },
      "choice": {
        "button": "F",
        "selected_option": "OptionA"
      }
    },
    {
      "question": 11,
      "target": "Speed",
      "target_value": 115,
      "options": [
        "Car Engine Size",
        "Horsepower"
      ],
      "optionA": {
        "trial_id": "4",
        "task_id": "61",
        "values": "1.8, 140.0",
        "target_value": 115
      },
      "optionB": {
        "trial_id": "12",
        "task_id": "61",
        "values": "1.6, 125.0",
        "target_value": 105
      },
      "choice": {
        "button": "F",
        "selected_option": "OptionA"
      }
    },
    {
      "question": 12,
      "target": "Physical strength",
      "target_value": 85,
      "options": [
        "Height (cm)",
        "Weight (kg)"
      ],
      "optionA": {
        "trial_id": "19",
        "task_id": "84",
        "values": "180.0, 80.0",
        "target_value": 85
      },
      "optionB": {
        "trial_id": "5",
        "task_id": "84",
        "values": "190.0, 85.0",
        "target_value": 90
      },
      "choice": {
        "button": "J",
        "selected_option": "OptionB"
      }
    },
    {
      "question": 13,
      "target": "Enjoyment",
      "target_value": 12,
      "options": [
        "Taste rating",
        "Price"
      ],
      "optionA": {
        "trial_id": "1",
        "task_id": "26",
        "values": "8.0, 5.0",
        "target_value": 12
      },
      "optionB": {
        "trial_id": "1",
        "task_id": "26",
        "values": "8.0, 5.0",
        "target_value": 12
      },
      "choice": {
        "button": "F",
        "selected_option": "OptionA"
      }
    },
    {
      "question": 14,
      "target": "Performance Score (1-100)",
      "target_value": 90,
      "options": [
        "Hours of Practice",
        "Number of Lessons"
      ],
      "optionA": {
        "trial_id": "19",
        "task_id": "57",
        "values": "30.0, 12.0",
        "target_value": 90
      },
      "optionB": {
        "trial_id": "19",
        "task_id": "57",
        "values": "30.0, 12.0",
        "target_value": 90
      },
      "choice": {
        "button": "F",
        "selected_option": "OptionA"
      }
    },
    {
      "question": 15,
      "target": "Fat Burn (in grams)",
      "target_value": 15,
      "options": [
        "Exercise Time (minutes)",
        "Heart Rate (bpm)"
      ],
      "optionA": {
        "trial_id": "1",
        "task_id": "20",
        "values": "30.0, 120.0",
        "target_value": 15
      },
      "optionB": {
        "trial_id": "9",
        "task_id": "20",
        "values": "45.0, 135.0",
        "target_value": 20
      },
      "choice": {
        "button": "J",
        "selected_option": "OptionB"
      }
    },
    {
      "question": 16,
      "target": "Restaurant Customer Satisfaction",
      "target_value": 8.6,
      "options": [
        "Restaurant Menu Size",
        "Restaurant Online Rating"
      ],
      "optionA": {
        "trial_id": "10",
        "task_id": "24",
        "values": "25.0, 4.5",
        "target_value": 8.6
      },
      "optionB": {
        "trial_id": "1",
        "task_id": "24",
        "values": "20.0, 4.6",
        "target_value": 8.8
      },
      "choice": {
        "button": "J",
        "selected_option": "OptionB"
      }
    },
    {
      "question": 17,
      "target": "Enjoyment Rating (1-10)",
      "target_value": 5,
      "options": [
        "Number of Pages",
        "Reading Time (minutes)"
      ],
      "optionA": {
        "trial_id": "17",
        "task_id": "10",
        "values": "240.0, 95.0",
        "target_value": 5
      },
      "optionB": {
        "trial_id": "12",
        "task_id": "10",
        "values": "320.0, 120.0",
        "target_value": 5
      },
      "choice": {
        "button": "J",
        "selected_option": "OptionB"
      }
    },
    {
      "question": 18,
      "target": "Social Engagement (on scale 1-10)",
      "target_value": 7,
      "options": [
        "Number of Friends",
        "Average Message Frequency"
      ],
      "optionA": {
        "trial_id": "12",
        "task_id": "21",
        "values": "120.0, 3.0",
        "target_value": 7
      },
      "optionB": {
        "trial_id": "7",
        "task_id": "21",
        "values": "110.0, 5.0",
        "target_value": 9
      },
      "choice": {
        "button": "J",
        "selected_option": "OptionB"
      }
    },
    {
      "question": 19,
      "target": "Plant Growth Rate",
      "target_value": 2.2,
      "options": [
        "Plant Height",
        "Plant Width"
      ],
      "optionA": {
        "trial_id": "7",
        "task_id": "104",
        "values": "1.2, 0.4",
        "target_value": 2.2
      },
      "optionB": {
        "trial_id": "17",
        "task_id": "104",
        "values": "1.7, 0.6",
        "target_value": 3.1
      },
      "choice": {
        "button": "J",
        "selected_option": "OptionB"
      }
    },
    {
      "question": "attention_check_19",
      "choice": "F",
      "passed": true,
      "timestamp": 1756154612260
    },
    {
      "question": 20,
      "target": "Taste Rating (1-10)",
      "target_value": 5,
      "options": [
        "Minutes of Cooking",
        "Number of Ingredients"
      ],
      "optionA": {
        "trial_id": "11",
        "task_id": "56",
        "values": "12.0, 2.0",
        "target_value": 5
      },
      "optionB": {
        "trial_id": "9",
        "task_id": "56",
        "values": "45.0, 8.0",
        "target_value": 9
      },
      "choice": {
        "button": "J",
        "selected_option": "OptionB"
      }
    },
    {
      "question": 21,
      "target": "Cooking Time (min)",
      "target_value": 25,
      "options": [
        "Number of Ingredients",
        "Prep Time (min)"
      ],
      "optionA": {
        "trial_id": "14",
        "task_id": "48",
        "values": "5.0, 10.0",
        "target_value": 25
      },
      "optionB": {
        "trial_id": "1",
        "task_id": "48",
        "values": "5.0, 10.0",
        "target_value": 25
      },
      "choice": {
        "button": "J",
        "selected_option": "OptionB"
      }
    },
    {
      "question": 22,
      "target": "Strength",
      "target_value": 13,
      "options": [
        "Coffee Beans",
        "Water"
      ],
      "optionA": {
        "trial_id": "15",
        "task_id": "112",
        "values": "8.0, 180.0",
        "target_value": 13
      },
      "optionB": {
        "trial_id": "6",
        "task_id": "112",
        "values": "14.0, 260.0",
        "target_value": 18
      },
      "choice": {
        "button": "J",
        "selected_option": "OptionB"
      }
    },
    {
      "question": 23,
      "target": "Dog Energy Level",
      "target_value": 9,
      "options": [
        "Dog Weight",
        "Dog Activity Level"
      ],
      "optionA": {
        "trial_id": "6",
        "task_id": "105",
        "values": "30.0, 6.0",
        "target_value": 9
      },
      "optionB": {
        "trial_id": "6",
        "task_id": "105",
        "values": "30.0, 6.0",
        "target_value": 9
      },
      "choice": {
        "button": "J",
        "selected_option": "OptionB"
      }
    },
    {
      "question": 24,
      "target": "Energy Level",
      "target_value": 8,
      "options": [
        "Dog Size",
        "Exercise Needs"
      ],
      "optionA": {
        "trial_id": "8",
        "task_id": "88",
        "values": "40.0, 8.0",
        "target_value": 8
      },
      "optionB": {
        "trial_id": "18",
        "task_id": "88",
        "values": "40.0, 7.0",
        "target_value": 8
      },
      "choice": {
        "button": "F",
        "selected_option": "OptionA"
      }
    },
    {
      "question": 25,
      "target": "Performance Quality (on scale 1-10)",
      "target_value": 8,
      "options": [
        "Hours of Practice",
        "Musical Experience (years)"
      ],
      "optionA": {
        "trial_id": "18",
        "task_id": "17",
        "values": "90.0, 4.0",
        "target_value": 8
      },
      "optionB": {
        "trial_id": "17",
        "task_id": "17",
        "values": "80.0, 5.0",
        "target_value": 9
      },
      "choice": {
        "button": "J",
        "selected_option": "OptionB"
      }
    },
    {
      "question": 26,
      "target": "Enjoyment",
      "target_value": 7.4,
      "options": [
        "Tea Strength",
        "Flavor Variety"
      ],
      "optionA": {
        "trial_id": "14",
        "task_id": "55",
        "values": "3.0, 6.0",
        "target_value": 7.4
      },
      "optionB": {
        "trial_id": "10",
        "task_id": "55",
        "values": "3.0, 4.0",
        "target_value": 6.7
      },
      "choice": {
        "button": "F",
        "selected_option": "OptionA"
      }
    },
    {
      "question": 27,
      "target": "Home Comfort (1-10)",
      "target_value": 8,
      "options": [
        "Number of Bedrooms",
        "Square Feet"
      ],
      "optionA": {
        "trial_id": "3",
        "task_id": "9",
        "values": "4.0, 1600.0",
        "target_value": 8
      },
      "optionB": {
        "trial_id": "13",
        "task_id": "9",
        "values": "3.0, 1550.0",
        "target_value": 7
      },
      "choice": {
        "button": "F",
        "selected_option": "OptionA"
      }
    },
    {
      "question": 28,
      "target": "Post reach",
      "target_value": 18000,
      "options": [
        "Number of followers",
        "Engagement rate (%)"
      ],
      "optionA": {
        "trial_id": "5",
        "task_id": "92",
        "values": "1500.0, 6.0",
        "target_value": 18000
      },
      "optionB": {
        "trial_id": "9",
        "task_id": "92",
        "values": "2000.0, 5.0",
        "target_value": 17000
      },
      "choice": {
        "button": "J",
        "selected_option": "OptionB"
      }
    },
    {
      "question": 29,
      "target": "Exam Score (out of 100)",
      "target_value": 80,
      "options": [
        "Study Time (hours)",
        "Previous GPA"
      ],
      "optionA": {
        "trial_id": "16",
        "task_id": "18",
        "values": "9.0, 3.5",
        "target_value": 80
      },
      "optionB": {
        "trial_id": "16",
        "task_id": "18",
        "values": "9.0, 3.5",
        "target_value": 80
      },
      "choice": {
        "button": "J",
        "selected_option": "OptionB"
      }
    },
    {
      "question": "attention_check_29",
      "choice": "J",
      "passed": true,
      "timestamp": 1756154671526
    },
    {
      "question": 30,
      "target": "Deliciousness",
      "target_value": 60,
      "options": [
        "Cooking time",
        "Ingredients count"
      ],
      "optionA": {
        "trial_id": "17",
        "task_id": "27",
        "values": "40.0, 3.0",
        "target_value": 60
      },
      "optionB": {
        "trial_id": "1",
        "task_id": "27",
        "values": "30.0, 5.0",
        "target_value": 75
      },
      "choice": {
        "button": "J",
        "selected_option": "OptionB"
      }
    },
    {
      "question": 31,
      "target": "Taste score",
      "target_value": 7,
      "options": [
        "Coffee strength",
        "Bean quality"
      ],
      "optionA": {
        "trial_id": "11",
        "task_id": "68",
        "values": "3.0, 7.0",
        "target_value": 7
      },
      "optionB": {
        "trial_id": "17",
        "task_id": "68",
        "values": "4.0, 7.0",
        "target_value": 8
      },
      "choice": {
        "button": "J",
        "selected_option": "OptionB"
      }
    },
    {
      "question": 32,
      "target": "Exam Score (out of 100)",
      "target_value": 80,
      "options": [
        "Study Time (hours)",
        "Previous GPA"
      ],
      "optionA": {
        "trial_id": "13",
        "task_id": "18",
        "values": "9.0, 3.5",
        "target_value": 80
      },
      "optionB": {
        "trial_id": "8",
        "task_id": "18",
        "values": "10.0, 3.0",
        "target_value": 74
      },
      "choice": {
        "button": "J",
        "selected_option": "OptionB"
      }
    },
    {
      "question": 33,
      "target": "House Price (thousands)",
      "target_value": 320,
      "options": [
        "House Size (m²)",
        "House Distance to City (km)"
      ],
      "optionA": {
        "trial_id": "9",
        "task_id": "79",
        "values": "130.0, 6.0",
        "target_value": 320
      },
      "optionB": {
        "trial_id": "13",
        "task_id": "79",
        "values": "120.0, 5.0",
        "target_value": 300
      },
      "choice": {
        "button": "F",
        "selected_option": "OptionA"
      }
    },
    {
      "question": 34,
      "target": "Energy Level",
      "target_value": 9,
      "options": [
        "Dog Size",
        "Exercise Needs"
      ],
      "optionA": {
        "trial_id": "20",
        "task_id": "88",
        "values": "35.0, 8.0",
        "target_value": 9
      },
      "optionB": {
        "trial_id": "3",
        "task_id": "88",
        "values": "45.0, 9.0",
        "target_value": 10
      },
      "choice": {
        "button": "J",
        "selected_option": "OptionB"
      }
    },
    {
      "question": 35,
      "target": "Book Rating",
      "target_value": 4.6,
      "options": [
        "Book Page Count",
        "Author Rating"
      ],
      "optionA": {
        "trial_id": "12",
        "task_id": "22",
        "values": "350.0, 4.7",
        "target_value": 4.6
      },
      "optionB": {
        "trial_id": "15",
        "task_id": "22",
        "values": "450.0, 4.7",
        "target_value": 4.7
      },
      "choice": {
        "button": "J",
        "selected_option": "OptionB"
      }
    },
    {
      "question": 36,
      "target": "User satisfaction",
      "target_value": 12,
      "options": [
        "Screen size (inches)",
        "RAM (GB)"
      ],
      "optionA": {
        "trial_id": "13",
        "task_id": "119",
        "values": "22.0, 8.0",
        "target_value": 12
      },
      "optionB": {
        "trial_id": "5",
        "task_id": "119",
        "values": "14.0, 4.0",
        "target_value": 8
      },
      "choice": {
        "button": "F",
        "selected_option": "OptionA"
      }
    },
    {
      "question": 37,
      "target": "Energy Boost",
      "target_value": 7,
      "options": [
        "Coffee Caffeine Content",
        "Coffee Richness"
      ],
      "optionA": {
        "trial_id": "18",
        "task_id": "4",
        "values": "90.0, 4.0",
        "target_value": 7
      },
      "optionB": {
        "trial_id": "18",
        "task_id": "4",
        "values": "90.0, 4.0",
        "target_value": 7
      },
      "choice": {
        "button": "F",
        "selected_option": "OptionA"
      }
    },
    {
      "question": 38,
      "target": "Comfort",
      "target_value": 75,
      "options": [
        "Shoe Weight",
        "Brand Reputation"
      ],
      "optionA": {
        "trial_id": "2",
        "task_id": "62",
        "values": "250.0, 5.0",
        "target_value": 75
      },
      "optionB": {
        "trial_id": "5",
        "task_id": "62",
        "values": "220.0, 5.0",
        "target_value": 75
      },
      "choice": {
        "button": "F",
        "selected_option": "OptionA"
      }
    },
    {
      "question": 39,
      "target": "Performance Score",
      "target_value": 89,
      "options": [
        "Phone RAM (GB)",
        "Battery Capacity (mAh)"
      ],
      "optionA": {
        "trial_id": "10",
        "task_id": "39",
        "values": "10.0, 4600.0",
        "target_value": 89
      },
      "optionB": {
        "trial_id": "18",
        "task_id": "39",
        "values": "6.0, 2600.0",
        "target_value": 70
      },
      "choice": {
        "button": "F",
        "selected_option": "OptionA"
      }
    },
    {
      "question": "attention_check_39",
      "choice": "F",
      "passed": true,
      "timestamp": 1756154723911
    },
    {
      "question": 40,
      "target": "Natural light",
      "target_value": 6,
      "options": [
        "Room size",
        "Window count"
      ],
      "optionA": {
        "trial_id": "10",
        "task_id": "66",
        "values": "140.0, 2.0",
        "target_value": 6
      },
      "optionB": {
        "trial_id": "9",
        "task_id": "66",
        "values": "120.0, 3.0",
        "target_value": 7
      },
      "choice": {
        "button": "J",
        "selected_option": "OptionB"
      }
    },
    {
      "question": 41,
      "target": "Fun Score",
      "target_value": 9,
      "options": [
        "Number of Players",
        "Game Length (min)"
      ],
      "optionA": {
        "trial_id": "9",
        "task_id": "98",
        "values": "6.0, 65.0",
        "target_value": 9
      },
      "optionB": {
        "trial_id": "10",
        "task_id": "98",
        "values": "7.0, 60.0",
        "target_value": 8
      },
      "choice": {
        "button": "J",
        "selected_option": "OptionB"
      }
    },
    {
      "question": 42,
      "target": "House Price",
      "target_value": 410,
      "options": [
        "House Size",
        "Neighborhood Rating"
      ],
      "optionA": {
        "trial_id": "4",
        "task_id": "38",
        "values": "1800.0, 8.0",
        "target_value": 410
      },
      "optionB": {
        "trial_id": "7",
        "task_id": "38",
        "values": "2200.0, 9.0",
        "target_value": 450
      },
      "choice": {
        "button": "J",
        "selected_option": "OptionB"
      }
    },
    {
      "question": 43,
      "target": "Movie enjoyment",
      "target_value": 7,
      "options": [
        "Movie runtime",
        "Movie rating"
      ],
      "optionA": {
        "trial_id": "13",
        "task_id": "75",
        "values": "100.0, 7.0",
        "target_value": 7
      },
      "optionB": {
        "trial_id": "5",
        "task_id": "75",
        "values": "90.0, 6.5",
        "target_value": 6
      },
      "choice": {
        "button": "F",
        "selected_option": "OptionA"
      }
    },
    {
      "question": 44,
      "target": "Performance Score",
      "target_value": 85,
      "options": [
        "Hours of Practice",
        "Natural Talent (1-10)"
      ],
      "optionA": {
        "trial_id": "18",
        "task_id": "78",
        "values": "10.0, 6.0",
        "target_value": 85
      },
      "optionB": {
        "trial_id": "19",
        "task_id": "78",
        "values": "8.0, 10.0",
        "target_value": 92
      },
      "choice": {
        "button": "F",
        "selected_option": "OptionA"
      }
    },
    {
      "question": 45,
      "target": "Top Speed",
      "target_value": 140,
      "options": [
        "Engine Size",
        "Horsepower"
      ],
      "optionA": {
        "trial_id": "3",
        "task_id": "113",
        "values": "1.8, 110.0",
        "target_value": 140
      },
      "optionB": {
        "trial_id": "13",
        "task_id": "113",
        "values": "3.0, 160.0",
        "target_value": 180
      },
      "choice": {
        "button": "J",
        "selected_option": "OptionB"
      }
    },
    {
      "question": 46,
      "target": "Fat Burn (in grams)",
      "target_value": 15,
      "options": [
        "Exercise Time (minutes)",
        "Heart Rate (bpm)"
      ],
      "optionA": {
        "trial_id": "1",
        "task_id": "20",
        "values": "30.0, 120.0",
        "target_value": 15
      },
      "optionB": {
        "trial_id": "6",
        "task_id": "20",
        "values": "60.0, 130.0",
        "target_value": 20
      },
      "choice": {
        "button": "J",
        "selected_option": "OptionB"
      }
    },
    {
      "question": 47,
      "target": "Fat Burn (in grams)",
      "target_value": 16,
      "options": [
        "Exercise Time (minutes)",
        "Heart Rate (bpm)"
      ],
      "optionA": {
        "trial_id": "4",
        "task_id": "20",
        "values": "50.0, 120.0",
        "target_value": 16
      },
      "optionB": {
        "trial_id": "1",
        "task_id": "20",
        "values": "30.0, 120.0",
        "target_value": 15
      },
      "choice": {
        "button": "F",
        "selected_option": "OptionA"
      }
    },
    {
      "question": 48,
      "target": "Fuel Consumption (L)",
      "target_value": 875,
      "options": [
        "Flight Duration (hours)",
        "Distance (km)"
      ],
      "optionA": {
        "trial_id": "9",
        "task_id": "33",
        "values": "3.5, 875.0",
        "target_value": 875
      },
      "optionB": {
        "trial_id": "13",
        "task_id": "33",
        "values": "2.5, 625.0",
        "target_value": 625
      },
      "choice": {
        "button": "F",
        "selected_option": "OptionA"
      }
    },
    {
      "question": 49,
      "target": "Warmth Rating",
      "target_value": 4,
      "options": [
        "Shirt Weight (g)",
        "Fabric Thickness (mm)"
      ],
      "optionA": {
        "trial_id": "18",
        "task_id": "31",
        "values": "165.0, 1.5",
        "target_value": 4
      },
      "optionB": {
        "trial_id": "19",
        "task_id": "31",
        "values": "205.0, 1.8",
        "target_value": 4.8
      },
      "choice": {
        "button": "J",
        "selected_option": "OptionB"
      }
    },
    {
      "question": 50,
      "target": "Natural Light (on scale 1-10)",
      "target_value": 7,
      "options": [
        "Room Area (m2)",
        "Number of Windows"
      ],
      "optionA": {
        "trial_id": "11",
        "task_id": "15",
        "values": "28.0, 3.0",
        "target_value": 7
      },
      "optionB": {
        "trial_id": "15",
        "task_id": "15",
        "values": "20.0, 3.0",
        "target_value": 7
      },
      "choice": {
        "button": "F",
        "selected_option": "OptionA"
      }
    }
  ]
}