{
  "prolific_id": "UNKNOWN",
  "condition_group": "direction",
  "responses": [
    {
      "question": 1,
      "target": "User satisfaction",
      "target_value": 8,
      "options": [
        "Screen size (inches)",
        "RAM (GB)"
      ],
      "optionA": {
        "trial_id": "4",
        "task_id": "119",
        "values": "14.0, 4.0",
        "target_value": 8
      },
      "optionB": {
        "trial_id": "3",
        "task_id": "119",
        "values": "12.0, 3.0",
        "target_value": 7
      },
      "choice": {
        "button": "F",
        "selected_option": "OptionA"
      }
    },
    {
      "question": 2,
      "target": "Social Engagement (on scale 1-10)",
      "target_value": 6,
      "options": [
        "Number of Friends",
        "Average Message Frequency"
      ],
      "optionA": {
        "trial_id": "2",
        "task_id": "21",
        "values": "150.0, 2.0",
        "target_value": 6
      },
      "optionB": {
        "trial_id": "17",
        "task_id": "21",
        "values": "140.0, 3.0",
        "target_value": 7
      },
      "choice": {
        "button": "J",
        "selected_option": "OptionB"
      }
    },
    {
      "question": 3,
      "target": "Home Comfort (1-10)",
      "target_value": 6,
      "options": [
        "Number of Bedrooms",
        "Square Feet"
      ],
      "optionA": {
        "trial_id": "4",
        "task_id": "9",
        "values": "3.0, 1500.0",
        "target_value": 6
      },
      "optionB": {
        "trial_id": "16",
        "task_id": "9",
        "values": "3.0, 1550.0",
        "target_value": 6
      },
      "choice": {
        "button": "J",
        "selected_option": "OptionB"
      }
    },
    {
      "question": 4,
      "target": "Exam Score",
      "target_value": 76,
      "options": [
        "Student Study Time (hours)",
        "Class Attendance (%)"
      ],
      "optionA": {
        "trial_id": "13",
        "task_id": "40",
        "values": "8.0, 80.0",
        "target_value": 76
      },
      "optionB": {
        "trial_id": "8",
        "task_id": "40",
        "values": "4.0, 80.0",
        "target_value": 70
      },
      "choice": {
        "button": "F",
        "selected_option": "OptionA"
      }
    },
    {
      "question": 5,
      "target": "Knowledge Content",
      "target_value": 4,
      "options": [
        "Book Thickness",
        "Book Reading Level"
      ],
      "optionA": {
        "trial_id": "5",
        "task_id": "6",
        "values": "20.0, 2.0",
        "target_value": 4
      },
      "optionB": {
        "trial_id": "10",
        "task_id": "6",
        "values": "27.0, 4.0",
        "target_value": 6
      },
      "choice": {
        "button": "J",
        "selected_option": "OptionB"
      }
    },
    {
      "question": 6,
      "target": "Phone Battery Life",
      "target_value": 33,
      "options": [
        "Phone Battery Capacity",
        "Phone Weight"
      ],
      "optionA": {
        "trial_id": "3",
        "task_id": "108",
        "values": "4500.0, 210.0",
        "target_value": 33
      },
      "optionB": {
        "trial_id": "20",
        "task_id": "108",
        "values": "4000.0, 200.0",
        "target_value": 30
      },
      "choice": {
        "button": "F",
        "selected_option": "OptionA"
      }
    },
    {
      "question": 7,
      "target": "Taste score",
      "target_value": 6,
      "options": [
        "Coffee strength",
        "Bean quality"
      ],
      "optionA": {
        "trial_id": "15",
        "task_id": "68",
        "values": "2.0, 6.0",
        "target_value": 6
      },
      "optionB": {
        "trial_id": "8",
        "task_id": "68",
        "values": "4.0, 6.0",
        "target_value": 6
      },
      "choice": {
        "button": "J",
        "selected_option": "OptionB"
      }
    },
    {
      "question": 8,
      "target": "Room Area (m²)",
      "target_value": 24,
      "options": [
        "Room Length (m)",
        "Room Width (m)"
      ],
      "optionA": {
        "trial_id": "13",
        "task_id": "89",
        "values": "4.0, 6.0",
        "target_value": 24
      },
      "optionB": {
        "trial_id": "18",
        "task_id": "89",
        "values": "5.0, 3.0",
        "target_value": 15
      },
      "choice": {
        "button": "F",
        "selected_option": "OptionA"
      }
    },
    {
      "question": 9,
      "target": "Warmth Rating",
      "target_value": 3.8,
      "options": [
        "Shirt Weight (g)",
        "Fabric Thickness (mm)"
      ],
      "optionA": {
        "trial_id": "5",
        "task_id": "31",
        "values": "180.0, 1.4",
        "target_value": 3.8
      },
      "optionB": {
        "trial_id": "8",
        "task_id": "31",
        "values": "220.0, 1.8",
        "target_value": 5
      },
      "choice": {
        "button": "J",
        "selected_option": "OptionB"
      }
    },
    {
      "question": "attention_check_9",
      "choice": "J",
      "passed": true,
      "timestamp": 1756720585222
    },
    {
      "question": 10,
      "target": "Battery Life",
      "target_value": 34,
      "options": [
        "Phone Weight",
        "Battery Capacity"
      ],
      "optionA": {
        "trial_id": "6",
        "task_id": "54",
        "values": "240.0, 4400.0",
        "target_value": 34
      },
      "optionB": {
        "trial_id": "20",
        "task_id": "54",
        "values": "160.0, 2900.0",
        "target_value": 25
      },
      "choice": {
        "button": "F",
        "selected_option": "OptionA"
      }
    },
    {
      "question": 11,
      "target": "Energy Boost",
      "target_value": 7,
      "options": [
        "Coffee Caffeine Content",
        "Coffee Richness"
      ],
      "optionA": {
        "trial_id": "10",
        "task_id": "4",
        "values": "100.0, 4.0",
        "target_value": 7
      },
      "optionB": {
        "trial_id": "9",
        "task_id": "4",
        "values": "110.0, 3.0",
        "target_value": 6
      },
      "choice": {
        "button": "F",
        "selected_option": "OptionA"
      }
    },
    {
      "question": 12,
      "target": "Comfort Score",
      "target_value": 9,
      "options": [
        "Price ($)",
        "Size (sqft)"
      ],
      "optionA": {
        "trial_id": "12",
        "task_id": "44",
        "values": "340000.0, 180.0",
        "target_value": 9
      },
      "optionB": {
        "trial_id": "3",
        "task_id": "44",
        "values": "320000.0, 140.0",
        "target_value": 7
      },
      "choice": {
        "button": "F",
        "selected_option": "OptionA"
      }
    },
    {
      "question": 13,
      "target": "Fuel Consumption (L)",
      "target_value": 750,
      "options": [
        "Flight Duration (hours)",
        "Distance (km)"
      ],
      "optionA": {
        "trial_id": "2",
        "task_id": "33",
        "values": "3.0, 750.0",
        "target_value": 750
      },
      "optionB": {
        "trial_id": "15",
        "task_id": "33",
        "values": "5.5, 1375.0",
        "target_value": 1375
      },
      "choice": {
        "button": "J",
        "selected_option": "OptionB"
      }
    },
    {
      "question": 14,
      "target": "Exercise Intensity",
      "target_value": 6,
      "options": [
        "Time to Walk (min)",
        "Number of Steps"
      ],
      "optionA": {
        "trial_id": "14",
        "task_id": "95",
        "values": "13.0, 1200.0",
        "target_value": 6
      },
      "optionB": {
        "trial_id": "19",
        "task_id": "95",
        "values": "10.0, 900.0",
        "target_value": 4.5
      },
      "choice": {
        "button": "F",
        "selected_option": "OptionA"
      }
    },
    {
      "question": 15,
      "target": "Brightness",
      "target_value": 700,
      "options": [
        "Phone Battery Capacity",
        "Screen Size"
      ],
      "optionA": {
        "trial_id": "3",
        "task_id": "37",
        "values": "4000.0, 6.0",
        "target_value": 700
      },
      "optionB": {
        "trial_id": "5",
        "task_id": "37",
        "values": "3500.0, 7.0",
        "target_value": 720
      },
      "choice": {
        "button": "J",
        "selected_option": "OptionB"
      }
    },
    {
      "question": 16,
      "target": "Recipe Complexity",
      "target_value": 7,
      "options": [
        "Recipe Servings",
        "Recipe Ingredients"
      ],
      "optionA": {
        "trial_id": "12",
        "task_id": "106",
        "values": "6.0, 11.0",
        "target_value": 7
      },
      "optionB": {
        "trial_id": "11",
        "task_id": "106",
        "values": "7.0, 13.0",
        "target_value": 8
      },
      "choice": {
        "button": "J",
        "selected_option": "OptionB"
      }
    },
    {
      "question": 17,
      "target": "Battery life",
      "target_value": 13,
      "options": [
        "Phone battery",
        "Screen size"
      ],
      "optionA": {
        "trial_id": "10",
        "task_id": "69",
        "values": "3500.0, 6.0",
        "target_value": 13
      },
      "optionB": {
        "trial_id": "2",
        "task_id": "69",
        "values": "4000.0, 6.0",
        "target_value": 13
      },
      "choice": {
        "button": "J",
        "selected_option": "OptionB"
      }
    },
    {
      "question": 18,
      "target": "Fat Burn (in grams)",
      "target_value": 18,
      "options": [
        "Exercise Time (minutes)",
        "Heart Rate (bpm)"
      ],
      "optionA": {
        "trial_id": "3",
        "task_id": "20",
        "values": "40.0, 130.0",
        "target_value": 18
      },
      "optionB": {
        "trial_id": "3",
        "task_id": "20",
        "values": "40.0, 130.0",
        "target_value": 18
      },
      "choice": {
        "button": "J",
        "selected_option": "OptionB"
      }
    },
    {
      "question": 19,
      "target": "Fat Burn (g)",
      "target_value": 35,
      "options": [
        "Exercise Time (min)",
        "Heart Rate (bpm)"
      ],
      "optionA": {
        "trial_id": "12",
        "task_id": "28",
        "values": "35.0, 115.0",
        "target_value": 35
      },
      "optionB": {
        "trial_id": "13",
        "task_id": "28",
        "values": "60.0, 160.0",
        "target_value": 85
      },
      "choice": {
        "button": "J",
        "selected_option": "OptionB"
      }
    },
    {
      "question": "attention_check_19",
      "choice": "F",
      "passed": true,
      "timestamp": 1756720793166
    },
    {
      "question": 20,
      "target": "Exam Score (out of 100)",
      "target_value": 80,
      "options": [
        "Time Spent Studying (hours)",
        "Number of Chapters Covered"
      ],
      "optionA": {
        "trial_id": "6",
        "task_id": "94",
        "values": "5.0, 6.0",
        "target_value": 80
      },
      "optionB": {
        "trial_id": "7",
        "task_id": "94",
        "values": "3.0, 2.0",
        "target_value": 55
      },
      "choice": {
        "button": "F",
        "selected_option": "OptionA"
      }
    },
    {
      "question": 21,
      "target": "Performance",
      "target_value": 8.1,
      "options": [
        "Skill Level",
        "Practice Time"
      ],
      "optionA": {
        "trial_id": "5",
        "task_id": "100",
        "values": "8.0, 8.0",
        "target_value": 8.1
      },
      "optionB": {
        "trial_id": "6",
        "task_id": "100",
        "values": "7.0, 14.0",
        "target_value": 8.3
      },
      "choice": {
        "button": "J",
        "selected_option": "OptionB"
      }
    },
    {
      "question": 22,
      "target": "Apartment price",
      "target_value": 1300,
      "options": [
        "Distance from city center",
        "Room size"
      ],
      "optionA": {
        "trial_id": "11",
        "task_id": "58",
        "values": "2.0, 40.0",
        "target_value": 1300
      },
      "optionB": {
        "trial_id": "1",
        "task_id": "58",
        "values": "2.0, 40.0",
        "target_value": 1200
      },
      "choice": {
        "button": "F",
        "selected_option": "OptionA"
      }
    },
    {
      "question": 23,
      "target": "Restaurant Customer Satisfaction",
      "target_value": 8.8,
      "options": [
        "Restaurant Menu Size",
        "Restaurant Online Rating"
      ],
      "optionA": {
        "trial_id": "1",
        "task_id": "24",
        "values": "20.0, 4.6",
        "target_value": 8.8
      },
      "optionB": {
        "trial_id": "6",
        "task_id": "24",
        "values": "18.0, 4.6",
        "target_value": 8.6
      },
      "choice": {
        "button": "F",
        "selected_option": "OptionA"
      }
    },
    {
      "question": 24,
      "target": "House Price (thousands)",
      "target_value": 320,
      "options": [
        "House Size (m²)",
        "House Distance to City (km)"
      ],
      "optionA": {
        "trial_id": "9",
        "task_id": "79",
        "values": "130.0, 6.0",
        "target_value": 320
      },
      "optionB": {
        "trial_id": "18",
        "task_id": "79",
        "values": "160.0, 15.0",
        "target_value": 380
      },
      "choice": {
        "button": "J",
        "selected_option": "OptionB"
      }
    },
    {
      "question": 25,
      "target": "Taste Rating",
      "target_value": 7,
      "options": [
        "Number of Ingredients",
        "Cooking Time (minutes)"
      ],
      "optionA": {
        "trial_id": "16",
        "task_id": "14",
        "values": "8.0, 25.0",
        "target_value": 7
      },
      "optionB": {
        "trial_id": "8",
        "task_id": "14",
        "values": "4.0, 20.0",
        "target_value": 5
      },
      "choice": {
        "button": "F",
        "selected_option": "OptionA"
      }
    },
    {
      "question": 26,
      "target": "Time to destination (hours)",
      "target_value": 0.39,
      "options": [
        "Distance (miles)",
        "Speed (mph)"
      ],
      "optionA": {
        "trial_id": "13",
        "task_id": "118",
        "values": "22.0, 60.0",
        "target_value": 0.39
      },
      "optionB": {
        "trial_id": "2",
        "task_id": "118",
        "values": "12.0, 35.0",
        "target_value": 0.34
      },
      "choice": {
        "button": "F",
        "selected_option": "OptionA"
      }
    },
    {
      "question": 27,
      "target": "Movie enjoyment",
      "target_value": 8,
      "options": [
        "Movie runtime",
        "Movie rating"
      ],
      "optionA": {
        "trial_id": "17",
        "task_id": "75",
        "values": "120.0, 7.5",
        "target_value": 8
      },
      "optionB": {
        "trial_id": "16",
        "task_id": "75",
        "values": "150.0, 8.5",
        "target_value": 9
      },
      "choice": {
        "button": "J",
        "selected_option": "OptionB"
      }
    },
    {
      "question": 28,
      "target": "Enjoyment Score",
      "target_value": 8.5,
      "options": [
        "Book Length (pages)",
        "Author Fame (1-10)"
      ],
      "optionA": {
        "trial_id": "11",
        "task_id": "29",
        "values": "300.0, 8.0",
        "target_value": 8.5
      },
      "optionB": {
        "trial_id": "10",
        "task_id": "29",
        "values": "300.0, 6.0",
        "target_value": 7.5
      },
      "choice": {
        "button": "F",
        "selected_option": "OptionA"
      }
    },
    {
      "question": 29,
      "target": "Comfort Score",
      "target_value": 8,
      "options": [
        "Price ($)",
        "Size (sqft)"
      ],
      "optionA": {
        "trial_id": "1",
        "task_id": "44",
        "values": "300000.0, 150.0",
        "target_value": 8
      },
      "optionB": {
        "trial_id": "1",
        "task_id": "44",
        "values": "300000.0, 150.0",
        "target_value": 8
      },
      "choice": {
        "button": "F",
        "selected_option": "OptionA"
      }
    },
    {
      "question": "attention_check_29",
      "choice": "F",
      "passed": false,
      "timestamp": 1756720813872
    },
    {
      "question": 30,
      "target": "Post reach",
      "target_value": 23000,
      "options": [
        "Number of followers",
        "Engagement rate (%)"
      ],
      "optionA": {
        "trial_id": "20",
        "task_id": "92",
        "values": "2600.0, 6.0",
        "target_value": 23000
      },
      "optionB": {
        "trial_id": "14",
        "task_id": "92",
        "values": "2500.0, 6.0",
        "target_value": 22000
      },
      "choice": {
        "button": "F",
        "selected_option": "OptionA"
      }
    },
    {
      "question": 31,
      "target": "Plant Growth Rate (cm/week)",
      "target_value": 5,
      "options": [
        "Plant Soil Quality (1-10)",
        "Plant Water Frequency (times/week)"
      ],
      "optionA": {
        "trial_id": "14",
        "task_id": "81",
        "values": "7.0, 3.0",
        "target_value": 5
      },
      "optionB": {
        "trial_id": "11",
        "task_id": "81",
        "values": "6.0, 2.0",
        "target_value": 4
      },
      "choice": {
        "button": "F",
        "selected_option": "OptionA"
      }
    },
    {
      "question": 32,
      "target": "Tea Strength (1-10)",
      "target_value": 6,
      "options": [
        "Tea Leaf Quality (1-10)",
        "Tea Steeping Time (minutes)"
      ],
      "optionA": {
        "trial_id": "1",
        "task_id": "80",
        "values": "7.0, 3.0",
        "target_value": 6
      },
      "optionB": {
        "trial_id": "15",
        "task_id": "80",
        "values": "5.0, 1.0",
        "target_value": 4
      },
      "choice": {
        "button": "J",
        "selected_option": "OptionB"
      }
    },
    {
      "question": 33,
      "target": "Strength",
      "target_value": 17,
      "options": [
        "Coffee Beans",
        "Water"
      ],
      "optionA": {
        "trial_id": "13",
        "task_id": "112",
        "values": "12.0, 260.0",
        "target_value": 17
      },
      "optionB": {
        "trial_id": "19",
        "task_id": "112",
        "values": "6.0, 160.0",
        "target_value": 11
      },
      "choice": {
        "button": "F",
        "selected_option": "OptionA"
      }
    },
    {
      "question": 34,
      "target": "Weight loss",
      "target_value": 1.8,
      "options": [
        "Exercise duration",
        "Intensity level"
      ],
      "optionA": {
        "trial_id": "3",
        "task_id": "67",
        "values": "40.0, 6.0",
        "target_value": 1.8
      },
      "optionB": {
        "trial_id": "16",
        "task_id": "67",
        "values": "35.0, 5.0",
        "target_value": 1.4
      },
      "choice": {
        "button": "F",
        "selected_option": "OptionA"
      }
    },
    {
      "question": 35,
      "target": "Natural Light",
      "target_value": 6,
      "options": [
        "Room Size",
        "Number of Windows"
      ],
      "optionA": {
        "trial_id": "4",
        "task_id": "53",
        "values": "220.0, 2.0",
        "target_value": 6
      },
      "optionB": {
        "trial_id": "17",
        "task_id": "53",
        "values": "190.0, 3.0",
        "target_value": 6
      },
      "choice": {
        "button": "F",
        "selected_option": "OptionA"
      }
    },
    {
      "question": 36,
      "target": "Customer Satisfaction",
      "target_value": 9,
      "options": [
        "Price ($)",
        "Quality Rating (1-10)"
      ],
      "optionA": {
        "trial_id": "15",
        "task_id": "49",
        "values": "170.0, 9.0",
        "target_value": 9
      },
      "optionB": {
        "trial_id": "6",
        "task_id": "49",
        "values": "100.0, 7.0",
        "target_value": 7.5
      },
      "choice": {
        "button": "F",
        "selected_option": "OptionA"
      }
    },
    {
      "question": 37,
      "target": "Deliciousness",
      "target_value": 65,
      "options": [
        "Cooking time",
        "Ingredients count"
      ],
      "optionA": {
        "trial_id": "5",
        "task_id": "27",
        "values": "60.0, 4.0",
        "target_value": 65
      },
      "optionB": {
        "trial_id": "9",
        "task_id": "27",
        "values": "25.0, 6.0",
        "target_value": 70
      },
      "choice": {
        "button": "F",
        "selected_option": "OptionA"
      }
    },
    {
      "question": 38,
      "target": "Knowledge Content",
      "target_value": 5,
      "options": [
        "Book Thickness",
        "Book Reading Level"
      ],
      "optionA": {
        "trial_id": "9",
        "task_id": "6",
        "values": "25.0, 3.0",
        "target_value": 5
      },
      "optionB": {
        "trial_id": "18",
        "task_id": "6",
        "values": "36.0, 6.0",
        "target_value": 9
      },
      "choice": {
        "button": "J",
        "selected_option": "OptionB"
      }
    },
    {
      "question": 39,
      "target": "Durability Perception (1-10)",
      "target_value": 7,
      "options": [
        "Price ($)",
        "Warranty (years)"
      ],
      "optionA": {
        "trial_id": "13",
        "task_id": "8",
        "values": "230.0, 4.0",
        "target_value": 7
      },
      "optionB": {
        "trial_id": "14",
        "task_id": "8",
        "values": "260.0, 3.0",
        "target_value": 6
      },
      "choice": {
        "button": "J",
        "selected_option": "OptionB"
      }
    },
    {
      "question": "attention_check_39",
      "choice": "F",
      "passed": true,
      "timestamp": 1756720838334
    },
    {
      "question": 40,
      "target": "Battery Life (hours)",
      "target_value": 11.5,
      "options": [
        "Phone Weight (g)",
        "Battery Capacity (mAh)"
      ],
      "optionA": {
        "trial_id": "8",
        "task_id": "30",
        "values": "180.0, 4500.0",
        "target_value": 11.5
      },
      "optionB": {
        "trial_id": "17",
        "task_id": "30",
        "values": "155.0, 4100.0",
        "target_value": 10.3
      },
      "choice": {
        "button": "F",
        "selected_option": "OptionA"
      }
    },
    {
      "question": 41,
      "target": "Light amount",
      "target_value": 8,
      "options": [
        "Room size (m2)",
        "Number of windows"
      ],
      "optionA": {
        "trial_id": "7",
        "task_id": "85",
        "values": "30.0, 3.0",
        "target_value": 8
      },
      "optionB": {
        "trial_id": "4",
        "task_id": "85",
        "values": "30.0, 3.0",
        "target_value": 8
      },
      "choice": {
        "button": "F",
        "selected_option": "OptionA"
      }
    },
    {
      "question": 42,
      "target": "Battery Duration",
      "target_value": 19,
      "options": [
        "Phone Battery Capacity",
        "Screen Brightness"
      ],
      "optionA": {
        "trial_id": "11",
        "task_id": "63",
        "values": "4500.0, 600.0",
        "target_value": 19
      },
      "optionB": {
        "trial_id": "3",
        "task_id": "63",
        "values": "2500.0, 300.0",
        "target_value": 10
      },
      "choice": {
        "button": "F",
        "selected_option": "OptionA"
      }
    },
    {
      "question": 43,
      "target": "Dog Energy Level",
      "target_value": 9,
      "options": [
        "Dog Weight",
        "Dog Activity Level"
      ],
      "optionA": {
        "trial_id": "19",
        "task_id": "105",
        "values": "34.0, 6.0",
        "target_value": 9
      },
      "optionB": {
        "trial_id": "2",
        "task_id": "105",
        "values": "20.0, 4.0",
        "target_value": 7
      },
      "choice": {
        "button": "F",
        "selected_option": "OptionA"
      }
    },
    {
      "question": 44,
      "target": "Battery Duration",
      "target_value": 12,
      "options": [
        "Phone Battery Capacity",
        "Screen Brightness"
      ],
      "optionA": {
        "trial_id": "1",
        "task_id": "63",
        "values": "3000.0, 400.0",
        "target_value": 12
      },
      "optionB": {
        "trial_id": "2",
        "task_id": "63",
        "values": "4000.0, 350.0",
        "target_value": 14
      },
      "choice": {
        "button": "J",
        "selected_option": "OptionB"
      }
    },
    {
      "question": 45,
      "target": "Phone Battery Life",
      "target_value": 27,
      "options": [
        "Phone Battery Capacity",
        "Phone Weight"
      ],
      "optionA": {
        "trial_id": "7",
        "task_id": "108",
        "values": "3500.0, 190.0",
        "target_value": 27
      },
      "optionB": {
        "trial_id": "7",
        "task_id": "108",
        "values": "3500.0, 190.0",
        "target_value": 27
      },
      "choice": {
        "button": "F",
        "selected_option": "OptionA"
      }
    },
    {
      "question": 46,
      "target": "Energy Level",
      "target_value": 8,
      "options": [
        "Hours of Sleep",
        "Caffeine Intake (mg)"
      ],
      "optionA": {
        "trial_id": "6",
        "task_id": "45",
        "values": "8.0, 70.0",
        "target_value": 8
      },
      "optionB": {
        "trial_id": "4",
        "task_id": "45",
        "values": "6.0, 50.0",
        "target_value": 6
      },
      "choice": {
        "button": "F",
        "selected_option": "OptionA"
      }
    },
    {
      "question": 47,
      "target": "Light Level",
      "target_value": 7,
      "options": [
        "Room Size (sq ft)",
        "Number of Windows"
      ],
      "optionA": {
        "trial_id": "12",
        "task_id": "35",
        "values": "230.0, 3.0",
        "target_value": 7
      },
      "optionB": {
        "trial_id": "10",
        "task_id": "35",
        "values": "210.0, 4.0",
        "target_value": 8
      },
      "choice": {
        "button": "F",
        "selected_option": "OptionA"
      }
    },
    {
      "question": 48,
      "target": "Taste Rating (1-10)",
      "target_value": 9,
      "options": [
        "Time Spent Cooking (min)",
        "Number of Ingredients"
      ],
      "optionA": {
        "trial_id": "6",
        "task_id": "93",
        "values": "50.0, 7.0",
        "target_value": 9
      },
      "optionB": {
        "trial_id": "10",
        "task_id": "93",
        "values": "45.0, 6.0",
        "target_value": 8
      },
      "choice": {
        "button": "F",
        "selected_option": "OptionA"
      }
    },
    {
      "question": 49,
      "target": "Muscle gain",
      "target_value": 1,
      "options": [
        "Minutes of exercise",
        "Protein intake"
      ],
      "optionA": {
        "trial_id": "16",
        "task_id": "59",
        "values": "40.0, 15.0",
        "target_value": 1
      },
      "optionB": {
        "trial_id": "15",
        "task_id": "59",
        "values": "30.0, 20.0",
        "target_value": 1.2
      },
      "choice": {
        "button": "F",
        "selected_option": "OptionA"
      }
    },
    {
      "question": 50,
      "target": "Restaurant Customer Satisfaction",
      "target_value": 8.4,
      "options": [
        "Restaurant Menu Size",
        "Restaurant Price Rating"
      ],
      "optionA": {
        "trial_id": "20",
        "task_id": "25",
        "values": "22.0, 4.6",
        "target_value": 8.4
      },
      "optionB": {
        "trial_id": "20",
        "task_id": "25",
        "values": "22.0, 4.6",
        "target_value": 8.4
      },
      "choice": {
        "button": "F",
        "selected_option": "OptionA"
      }
    }
  ]
}