{
  "prolific_id": "UNKNOWN",
  "condition_group": "ranking",
  "responses": [
    {
      "question": 1,
      "target": "Nutritional Value",
      "target_value": 80,
      "options": [
        "Weight",
        "Calories"
      ],
      "optionA": {
        "trial_id": "9",
        "task_id": "136",
        "values": "90.0, 100.0",
        "target_value": 80
      },
      "optionB": {
        "trial_id": "4",
        "task_id": "136",
        "values": "90.0, 110.0",
        "target_value": 70
      },
      "choice": {
        "button": "F",
        "selected_option": "OptionA"
      }
    },
    {
      "question": 2,
      "target": "Fuel efficiency (km/l)",
      "target_value": 13,
      "options": [
        "Engine size (cc)",
        "Weight (kg)"
      ],
      "optionA": {
        "trial_id": "4",
        "task_id": "51",
        "values": "1700.0, 1200",
        "target_value": 13
      },
      "optionB": {
        "trial_id": "12",
        "task_id": "51",
        "values": "1700.0, 1300",
        "target_value": 12
      },
      "choice": {
        "button": "F",
        "selected_option": "OptionA"
      }
    },
    {
      "question": 3,
      "target": "Distance Traveled",
      "target_value": 525,
      "options": [
        "Speed",
        "Comfort"
      ],
      "optionA": {
        "trial_id": "12",
        "task_id": "129",
        "values": "105.0, 3.0",
        "target_value": 525
      },
      "optionB": {
        "trial_id": "7",
        "task_id": "129",
        "values": "90.0, 4.0",
        "target_value": 450
      },
      "choice": {
        "button": "J",
        "selected_option": "OptionB"
      }
    },
    {
      "question": 4,
      "target": "Travel Time (min)",
      "target_value": 10,
      "options": [
        "Distance (km)",
        "Speed (km/h)"
      ],
      "optionA": {
        "trial_id": "7",
        "task_id": "166",
        "values": "8.0, 50",
        "target_value": 10
      },
      "optionB": {
        "trial_id": "1",
        "task_id": "166",
        "values": "10.0, 60",
        "target_value": 10
      },
      "choice": {
        "button": "J",
        "selected_option": "OptionB"
      }
    },
    {
      "question": 5,
      "target": "Nutritional Value",
      "target_value": 75,
      "options": [
        "Weight",
        "Calories"
      ],
      "optionA": {
        "trial_id": "19",
        "task_id": "136",
        "values": "90.0, 100.0",
        "target_value": 75
      },
      "optionB": {
        "trial_id": "19",
        "task_id": "136",
        "values": "90.0, 100.0",
        "target_value": 75
      },
      "choice": {
        "button": "J",
        "selected_option": "OptionB"
      }
    },
    {
      "question": 6,
      "target": "Flower size (cm)",
      "target_value": 4,
      "options": [
        "Plant height (cm)",
        "Plant age (months)"
      ],
      "optionA": {
        "trial_id": "14",
        "task_id": "146",
        "values": "36.0, 6",
        "target_value": 4
      },
      "optionB": {
        "trial_id": "10",
        "task_id": "146",
        "values": "37.0, 7",
        "target_value": 3.8
      },
      "choice": {
        "button": "J",
        "selected_option": "OptionB"
      }
    },
    {
      "question": 7,
      "target": "Calories burned",
      "target_value": 370,
      "options": [
        "Exercise time (min)",
        "Heart rate (bpm)"
      ],
      "optionA": {
        "trial_id": "6",
        "task_id": "116",
        "values": "45.0, 110",
        "target_value": 370
      },
      "optionB": {
        "trial_id": "13",
        "task_id": "116",
        "values": "20.0, 120",
        "target_value": 230
      },
      "choice": {
        "button": "F",
        "selected_option": "OptionA"
      }
    },
    {
      "question": 8,
      "target": "Customer Rating (1-10)",
      "target_value": 5,
      "options": [
        "Price ($)",
        "Weight (oz)"
      ],
      "optionA": {
        "trial_id": "17",
        "task_id": "108",
        "values": "20.0, 16",
        "target_value": 5
      },
      "optionB": {
        "trial_id": "9",
        "task_id": "108",
        "values": "18.0, 12",
        "target_value": 6
      },
      "choice": {
        "button": "J",
        "selected_option": "OptionB"
      }
    },
    {
      "question": 9,
      "target": "Phone Performance Score",
      "target_value": 8.2,
      "options": [
        "Phone Processor Speed",
        "Phone Battery Capacity"
      ],
      "optionA": {
        "trial_id": "9",
        "task_id": "10",
        "values": "2.5, 5500",
        "target_value": 8.2
      },
      "optionB": {
        "trial_id": "20",
        "task_id": "10",
        "values": "5.5, 2000",
        "target_value": 9.9
      },
      "choice": {
        "button": "J",
        "selected_option": "OptionB"
      }
    },
    {
      "question": "attention_check_9",
      "choice": "J",
      "passed": true,
      "timestamp": 1756154563098
    },
    {
      "question": 10,
      "target": "Heart rate",
      "target_value": 85,
      "options": [
        "Age",
        "Exercise hours"
      ],
      "optionA": {
        "trial_id": "14",
        "task_id": "77",
        "values": "70.0, 0",
        "target_value": 85
      },
      "optionB": {
        "trial_id": "9",
        "task_id": "82",
        "values": "25.0, 5",
        "target_value": 95
      },
      "choice": {
        "button": "F",
        "selected_option": "OptionA"
      }
    },
    {
      "question": 11,
      "target": "Shade Area (sq ft)",
      "target_value": 120,
      "options": [
        "Tree Height (ft)",
        "Tree Diameter (in)"
      ],
      "optionA": {
        "trial_id": "1",
        "task_id": "33",
        "values": "40.0, 10.0",
        "target_value": 120
      },
      "optionB": {
        "trial_id": "19",
        "task_id": "33",
        "values": "85.0, 5.0",
        "target_value": 250
      },
      "choice": {
        "button": "J",
        "selected_option": "OptionB"
      }
    },
    {
      "question": 12,
      "target": "Exam Score",
      "target_value": 80,
      "options": [
        "Study Time (hours)",
        "Difficulty Level (1-10)"
      ],
      "optionA": {
        "trial_id": "20",
        "task_id": "128",
        "values": "5.0, 5",
        "target_value": 80
      },
      "optionB": {
        "trial_id": "2",
        "task_id": "128",
        "values": "4.0, 5",
        "target_value": 80
      },
      "choice": {
        "button": "F",
        "selected_option": "OptionA"
      }
    },
    {
      "question": 13,
      "target": "Reaction Time (ms)",
      "target_value": 320,
      "options": [
        "Age (years)",
        "Driving Experience (years)"
      ],
      "optionA": {
        "trial_id": "5",
        "task_id": "25",
        "values": "18.0, 1.0",
        "target_value": 320
      },
      "optionB": {
        "trial_id": "4",
        "task_id": "25",
        "values": "40.0, 20.0",
        "target_value": 240
      },
      "choice": {
        "button": "F",
        "selected_option": "OptionA"
      }
    },
    {
      "question": 14,
      "target": "Training time",
      "target_value": 24,
      "options": [
        "Dog weight",
        "Dog breed"
      ],
      "optionA": {
        "trial_id": "6",
        "task_id": "59",
        "values": "16.0, 3.0",
        "target_value": 24
      },
      "optionB": {
        "trial_id": "15",
        "task_id": "59",
        "values": "28.0, 1.0",
        "target_value": 38
      },
      "choice": {
        "button": "J",
        "selected_option": "OptionB"
      }
    },
    {
      "question": 15,
      "target": "Tree trunk volume (m³)",
      "target_value": 4,
      "options": [
        "Height (cm)",
        "Width (cm)"
      ],
      "optionA": {
        "trial_id": "11",
        "task_id": "162",
        "values": "170.0, 36",
        "target_value": 4
      },
      "optionB": {
        "trial_id": "7",
        "task_id": "162",
        "values": "180.0, 34",
        "target_value": 5
      },
      "choice": {
        "button": "F",
        "selected_option": "OptionA"
      }
    },
    {
      "question": 16,
      "target": "Reliability",
      "target_value": 85,
      "options": [
        "Car age",
        "Maintenance cost"
      ],
      "optionA": {
        "trial_id": "14",
        "task_id": "83",
        "values": "3.0, 1600",
        "target_value": 85
      },
      "optionB": {
        "trial_id": "8",
        "task_id": "83",
        "values": "7.0, 900",
        "target_value": 65
      },
      "choice": {
        "button": "F",
        "selected_option": "OptionA"
      }
    },
    {
      "question": 17,
      "target": "Fuel efficiency (km/l)",
      "target_value": 8,
      "options": [
        "Engine power (in horsepower)",
        "Weight (in kg)"
      ],
      "optionA": {
        "trial_id": "20",
        "task_id": "87",
        "values": "210.0, 1500",
        "target_value": 8
      },
      "optionB": {
        "trial_id": "15",
        "task_id": "87",
        "values": "170.0, 1300",
        "target_value": 10
      },
      "choice": {
        "button": "J",
        "selected_option": "OptionB"
      }
    },
    {
      "question": 18,
      "target": "Taste Score",
      "target_value": 5.8,
      "options": [
        "Cooking Time",
        "Spice Level"
      ],
      "optionA": {
        "trial_id": "18",
        "task_id": "130",
        "values": "65.0, 12.0",
        "target_value": 5.8
      },
      "optionB": {
        "trial_id": "13",
        "task_id": "130",
        "values": "50.0, 11.0",
        "target_value": 6.5
      },
      "choice": {
        "button": "F",
        "selected_option": "OptionA"
      }
    },
    {
      "question": 19,
      "target": "Ease of Use (1-10)",
      "target_value": 5,
      "options": [
        "Bag Weight (kg)",
        "Number of Compartments"
      ],
      "optionA": {
        "trial_id": "9",
        "task_id": "6",
        "values": "4.0, 6",
        "target_value": 5
      },
      "optionB": {
        "trial_id": "18",
        "task_id": "6",
        "values": "2.5, 3",
        "target_value": 8
      },
      "choice": {
        "button": "J",
        "selected_option": "OptionB"
      }
    },
    {
      "question": "attention_check_19",
      "choice": "J",
      "passed": false,
      "timestamp": 1756154634586
    },
    {
      "question": 20,
      "target": "Fuel Efficiency (km/L)",
      "target_value": 16,
      "options": [
        "Car Weight (kg)",
        "Engine Power (hp)"
      ],
      "optionA": {
        "trial_id": "4",
        "task_id": "3",
        "values": "1100.0, 110",
        "target_value": 16
      },
      "optionB": {
        "trial_id": "12",
        "task_id": "3",
        "values": "1300.0, 150",
        "target_value": 12
      },
      "choice": {
        "button": "F",
        "selected_option": "OptionA"
      }
    },
    {
      "question": 21,
      "target": "Exam Score",
      "target_value": 80,
      "options": [
        "Student Study Time",
        "Time Spent on Social Media"
      ],
      "optionA": {
        "trial_id": "2",
        "task_id": "79",
        "values": "4.0, 2",
        "target_value": 80
      },
      "optionB": {
        "trial_id": "18",
        "task_id": "79",
        "values": "4.0, 1",
        "target_value": 77
      },
      "choice": {
        "button": "J",
        "selected_option": "OptionB"
      }
    },
    {
      "question": 22,
      "target": "Training time",
      "target_value": 20,
      "options": [
        "Dog weight",
        "Dog breed"
      ],
      "optionA": {
        "trial_id": "10",
        "task_id": "59",
        "values": "12.0, 3.0",
        "target_value": 20
      },
      "optionB": {
        "trial_id": "11",
        "task_id": "59",
        "values": "22.0, 1.0",
        "target_value": 32
      },
      "choice": {
        "button": "F",
        "selected_option": "OptionA"
      }
    },
    {
      "question": 23,
      "target": "Morning Alertness",
      "target_value": 7,
      "options": [
        "Hours of Sleep",
        "Number of Alarms"
      ],
      "optionA": {
        "trial_id": "18",
        "task_id": "160",
        "values": "8.0, 2",
        "target_value": 7
      },
      "optionB": {
        "trial_id": "8",
        "task_id": "160",
        "values": "8.0, 1",
        "target_value": 8
      },
      "choice": {
        "button": "F",
        "selected_option": "OptionA"
      }
    },
    {
      "question": 24,
      "target": "Salary",
      "target_value": 86000,
      "options": [
        "Experience",
        "Years since graduation"
      ],
      "optionA": {
        "trial_id": "17",
        "task_id": "76",
        "values": "13.0, 10",
        "target_value": 86000
      },
      "optionB": {
        "trial_id": "19",
        "task_id": "76",
        "values": "10.0, 12",
        "target_value": 78000
      },
      "choice": {
        "button": "F",
        "selected_option": "OptionA"
      }
    },
    {
      "question": 25,
      "target": "Favorability",
      "target_value": 9,
      "options": [
        "Coffee strength",
        "Coffee cream"
      ],
      "optionA": {
        "trial_id": "11",
        "task_id": "57",
        "values": "10.0, 0.5",
        "target_value": 9
      },
      "optionB": {
        "trial_id": "10",
        "task_id": "57",
        "values": "3.0, 0.7",
        "target_value": 2
      },
      "choice": {
        "button": "J",
        "selected_option": "OptionB"
      }
    },
    {
      "question": 26,
      "target": "Garden yield (kg)",
      "target_value": 56,
      "options": [
        "Amount of fertilizer (grams)",
        "Rainfall (mm/week)"
      ],
      "optionA": {
        "trial_id": "11",
        "task_id": "92",
        "values": "240.0, 110",
        "target_value": 56
      },
      "optionB": {
        "trial_id": "16",
        "task_id": "92",
        "values": "250.0, 90",
        "target_value": 56
      },
      "choice": {
        "button": "F",
        "selected_option": "OptionA"
      }
    },
    {
      "question": 27,
      "target": "Tastiness",
      "target_value": 7,
      "options": [
        "Pizza size (inches)",
        "Cheese amount (g)"
      ],
      "optionA": {
        "trial_id": "17",
        "task_id": "121",
        "values": "12.0, 190",
        "target_value": 7
      },
      "optionB": {
        "trial_id": "3",
        "task_id": "121",
        "values": "14.0, 140",
        "target_value": 7
      },
      "choice": {
        "button": "F",
        "selected_option": "OptionA"
      }
    },
    {
      "question": 28,
      "target": "House price (thousands)",
      "target_value": 300,
      "options": [
        "House size (m2)",
        "Number of bedrooms"
      ],
      "optionA": {
        "trial_id": "16",
        "task_id": "117",
        "values": "95.0, 6",
        "target_value": 300
      },
      "optionB": {
        "trial_id": "16",
        "task_id": "117",
        "values": "95.0, 6",
        "target_value": 300
      },
      "choice": {
        "button": "F",
        "selected_option": "OptionA"
      }
    },
    {
      "question": 29,
      "target": "Warmth Rating (1-10)",
      "target_value": 7,
      "options": [
        "Shirt Thickness (mm)",
        "Shirt Weight (g)"
      ],
      "optionA": {
        "trial_id": "4",
        "task_id": "35",
        "values": "2.0, 150.0",
        "target_value": 7
      },
      "optionB": {
        "trial_id": "8",
        "task_id": "35",
        "values": "4.0, 130.0",
        "target_value": 9
      },
      "choice": {
        "button": "J",
        "selected_option": "OptionB"
      }
    },
    {
      "question": "attention_check_29",
      "choice": "J",
      "passed": true,
      "timestamp": 1756154691924
    },
    {
      "question": 30,
      "target": "Height (cm)",
      "target_value": 13,
      "options": [
        "Age of the plant (weeks)",
        "Water given (ml/day)"
      ],
      "optionA": {
        "trial_id": "18",
        "task_id": "91",
        "values": "4.0, 500",
        "target_value": 13
      },
      "optionB": {
        "trial_id": "7",
        "task_id": "91",
        "values": "3.0, 600",
        "target_value": 10
      },
      "choice": {
        "button": "J",
        "selected_option": "OptionB"
      }
    },
    {
      "question": 31,
      "target": "Flower Size (inches)",
      "target_value": 4,
      "options": [
        "Plant Height (inches)",
        "Plant Width (inches)"
      ],
      "optionA": {
        "trial_id": "9",
        "task_id": "152",
        "values": "13.0, 6.0",
        "target_value": 4
      },
      "optionB": {
        "trial_id": "2",
        "task_id": "152",
        "values": "10.0, 7.0",
        "target_value": 3
      },
      "choice": {
        "button": "F",
        "selected_option": "OptionA"
      }
    },
    {
      "question": 32,
      "target": "Strength",
      "target_value": 8,
      "options": [
        "Tea leaves (g)",
        "Water temperature (°C)"
      ],
      "optionA": {
        "trial_id": "9",
        "task_id": "120",
        "values": "5.0, 92",
        "target_value": 8
      },
      "optionB": {
        "trial_id": "5",
        "task_id": "120",
        "values": "4.0, 95",
        "target_value": 9
      },
      "choice": {
        "button": "F",
        "selected_option": "OptionA"
      }
    },
    {
      "question": 33,
      "target": "Exam score (%)",
      "target_value": 65,
      "options": [
        "Time spent studying (hours)",
        "Number of breaks (times)"
      ],
      "optionA": {
        "trial_id": "10",
        "task_id": "139",
        "values": "4.0, 4",
        "target_value": 65
      },
      "optionB": {
        "trial_id": "19",
        "task_id": "89",
        "values": "4.0, 0",
        "target_value": 90
      },
      "choice": {
        "button": "F",
        "selected_option": "OptionA"
      }
    },
    {
      "question": 34,
      "target": "Ease of Use (1-10)",
      "target_value": 8,
      "options": [
        "Bag Weight (kg)",
        "Number of Compartments"
      ],
      "optionA": {
        "trial_id": "4",
        "task_id": "6",
        "values": "2.0, 3",
        "target_value": 8
      },
      "optionB": {
        "trial_id": "18",
        "task_id": "6",
        "values": "2.5, 3",
        "target_value": 8
      },
      "choice": {
        "button": "F",
        "selected_option": "OptionA"
      }
    },
    {
      "question": 35,
      "target": "Flower Size (inches)",
      "target_value": 6,
      "options": [
        "Plant Height (inches)",
        "Plant Width (inches)"
      ],
      "optionA": {
        "trial_id": "7",
        "task_id": "152",
        "values": "16.0, 4.0",
        "target_value": 6
      },
      "optionB": {
        "trial_id": "3",
        "task_id": "152",
        "values": "14.0, 5.0",
        "target_value": 5
      },
      "choice": {
        "button": "J",
        "selected_option": "OptionB"
      }
    },
    {
      "question": 36,
      "target": "Battery Life",
      "target_value": 20,
      "options": [
        "Phone Battery Capacity",
        "Phone Weight"
      ],
      "optionA": {
        "trial_id": "5",
        "task_id": "171",
        "values": "5000.0, 180",
        "target_value": 20
      },
      "optionB": {
        "trial_id": "20",
        "task_id": "171",
        "values": "12000.0, 200",
        "target_value": 46
      },
      "choice": {
        "button": "F",
        "selected_option": "OptionA"
      }
    },
    {
      "question": 37,
      "target": "App Performance (1-10)",
      "target_value": 6,
      "options": [
        "Phone RAM (GB)",
        "Phone Brand (1=Premium, 2=Budget)"
      ],
      "optionA": {
        "trial_id": "2",
        "task_id": "176",
        "values": "4.0, 2",
        "target_value": 6
      },
      "optionB": {
        "trial_id": "1",
        "task_id": "176",
        "values": "8.0, 1",
        "target_value": 9
      },
      "choice": {
        "button": "J",
        "selected_option": "OptionB"
      }
    },
    {
      "question": 38,
      "target": "Value for Money",
      "target_value": 35,
      "options": [
        "Price",
        "Weight"
      ],
      "optionA": {
        "trial_id": "6",
        "task_id": "20",
        "values": "130.0, 1.2",
        "target_value": 35
      },
      "optionB": {
        "trial_id": "8",
        "task_id": "20",
        "values": "100.0, 2.0",
        "target_value": 40
      },
      "choice": {
        "button": "F",
        "selected_option": "OptionA"
      }
    },
    {
      "question": 39,
      "target": "Skill Level",
      "target_value": 9,
      "options": [
        "Experience",
        "Years of Education"
      ],
      "optionA": {
        "trial_id": "4",
        "task_id": "137",
        "values": "8.0, 12.0",
        "target_value": 9
      },
      "optionB": {
        "trial_id": "3",
        "task_id": "137",
        "values": "10.0, 10.0",
        "target_value": 8
      },
      "choice": {
        "button": "J",
        "selected_option": "OptionB"
      }
    },
    {
      "question": "attention_check_39",
      "choice": "F",
      "passed": true,
      "timestamp": 1756154747579
    },
    {
      "question": 40,
      "target": "Resale value (in $)",
      "target_value": 14000,
      "options": [
        "Age of car (years)",
        "Mileage (km)"
      ],
      "optionA": {
        "trial_id": "18",
        "task_id": "55",
        "values": "5.0, 50000",
        "target_value": 14000
      },
      "optionB": {
        "trial_id": "13",
        "task_id": "55",
        "values": "5.0, 45000",
        "target_value": 14000
      },
      "choice": {
        "button": "J",
        "selected_option": "OptionB"
      }
    },
    {
      "question": 41,
      "target": "Car speed (mph)",
      "target_value": 120,
      "options": [
        "Engine power (hp)",
        "Weight (kg)"
      ],
      "optionA": {
        "trial_id": "11",
        "task_id": "90",
        "values": "240.0, 1500",
        "target_value": 120
      },
      "optionB": {
        "trial_id": "15",
        "task_id": "90",
        "values": "190.0, 1400",
        "target_value": 108
      },
      "choice": {
        "button": "F",
        "selected_option": "OptionA"
      }
    },
    {
      "question": 42,
      "target": "Heart Health Score",
      "target_value": 83,
      "options": [
        "Age (years)",
        "Exercise Frequency"
      ],
      "optionA": {
        "trial_id": "16",
        "task_id": "149",
        "values": "44.0, 6.0",
        "target_value": 83
      },
      "optionB": {
        "trial_id": "4",
        "task_id": "149",
        "values": "35.0, 5.0",
        "target_value": 83
      },
      "choice": {
        "button": "J",
        "selected_option": "OptionB"
      }
    },
    {
      "question": 43,
      "target": "Battery life",
      "target_value": 28,
      "options": [
        "Phone battery",
        "Phone size"
      ],
      "optionA": {
        "trial_id": "17",
        "task_id": "62",
        "values": "4800.0, 16.0",
        "target_value": 28
      },
      "optionB": {
        "trial_id": "9",
        "task_id": "62",
        "values": "5500.0, 12.0",
        "target_value": 32
      },
      "choice": {
        "button": "J",
        "selected_option": "OptionB"
      }
    },
    {
      "question": 44,
      "target": "Training time",
      "target_value": 32,
      "options": [
        "Dog weight",
        "Dog breed"
      ],
      "optionA": {
        "trial_id": "11",
        "task_id": "59",
        "values": "22.0, 1.0",
        "target_value": 32
      },
      "optionB": {
        "trial_id": "18",
        "task_id": "59",
        "values": "10.0, 3.0",
        "target_value": 20
      },
      "choice": {
        "button": "J",
        "selected_option": "OptionB"
      }
    },
    {
      "question": 45,
      "target": "BMI",
      "target_value": 26.1,
      "options": [
        "Height (inches)",
        "Weight (lbs)"
      ],
      "optionA": {
        "trial_id": "8",
        "task_id": "158",
        "values": "61.0, 120.0",
        "target_value": 26.1
      },
      "optionB": {
        "trial_id": "2",
        "task_id": "158",
        "values": "65.0, 160.0",
        "target_value": 30.2
      },
      "choice": {
        "button": "J",
        "selected_option": "OptionB"
      }
    },
    {
      "question": 46,
      "target": "Enjoyment (1-10)",
      "target_value": 5,
      "options": [
        "Book Thickness (cm)",
        "Author Fame (1-10)"
      ],
      "optionA": {
        "trial_id": "19",
        "task_id": "1",
        "values": "4.0, 3",
        "target_value": 5
      },
      "optionB": {
        "trial_id": "17",
        "task_id": "1",
        "values": "5.0, 8",
        "target_value": 6
      },
      "choice": {
        "button": "J",
        "selected_option": "OptionB"
      }
    },
    {
      "question": 47,
      "target": "Comfort Rating",
      "target_value": 8.3,
      "options": [
        "Shoe Weight",
        "Brand Popularity"
      ],
      "optionA": {
        "trial_id": "9",
        "task_id": "29",
        "values": "190.0, 8.0",
        "target_value": 8.3
      },
      "optionB": {
        "trial_id": "1",
        "task_id": "29",
        "values": "200.0, 8.0",
        "target_value": 8
      },
      "choice": {
        "button": "J",
        "selected_option": "OptionB"
      }
    },
    {
      "question": 48,
      "target": "Speed (km/h)",
      "target_value": 21,
      "options": [
        "Bicycle weight (kg)",
        "Wheel size (inches)"
      ],
      "optionA": {
        "trial_id": "14",
        "task_id": "119",
        "values": "16.0, 26",
        "target_value": 21
      },
      "optionB": {
        "trial_id": "15",
        "task_id": "119",
        "values": "10.0, 27",
        "target_value": 25
      },
      "choice": {
        "button": "J",
        "selected_option": "OptionB"
      }
    },
    {
      "question": 49,
      "target": "Job Success",
      "target_value": 5,
      "options": [
        "Age",
        "Experience"
      ],
      "optionA": {
        "trial_id": "9",
        "task_id": "133",
        "values": "50.0, 1.0",
        "target_value": 5
      },
      "optionB": {
        "trial_id": "16",
        "task_id": "133",
        "values": "70.0, 0.1",
        "target_value": 3
      },
      "choice": {
        "button": "F",
        "selected_option": "OptionA"
      }
    },
    {
      "question": 50,
      "target": "Battery Life",
      "target_value": 16,
      "options": [
        "Phone Battery Capacity",
        "Screen Size"
      ],
      "optionA": {
        "trial_id": "5",
        "task_id": "28",
        "values": "3500.0, 6.0",
        "target_value": 16
      },
      "optionB": {
        "trial_id": "16",
        "task_id": "28",
        "values": "4500.0, 6.5",
        "target_value": 22
      },
      "choice": {
        "button": "J",
        "selected_option": "OptionB"
      }
    }
  ]
}