{
  "prolific_id": "UNKNOWN",
  "condition_group": "ranking",
  "responses": [
    {
      "question": 1,
      "target": "Reliability",
      "target_value": 70,
      "options": [
        "Car age",
        "Maintenance cost"
      ],
      "optionA": {
        "trial_id": "16",
        "task_id": "83",
        "values": "6.0, 1200",
        "target_value": 70
      },
      "optionB": {
        "trial_id": "1",
        "task_id": "83",
        "values": "5.0, 1000",
        "target_value": 70
      },
      "choice": {
        "button": "J",
        "selected_option": "OptionB"
      }
    },
    {
      "question": 2,
      "target": "Flower size (cm)",
      "target_value": 5.2,
      "options": [
        "Plant height (cm)",
        "Plant age (months)"
      ],
      "optionA": {
        "trial_id": "7",
        "task_id": "146",
        "values": "32.0, 3",
        "target_value": 5.2
      },
      "optionB": {
        "trial_id": "18",
        "task_id": "146",
        "values": "43.0, 8",
        "target_value": 3.3
      },
      "choice": {
        "button": "J",
        "selected_option": "OptionB"
      }
    },
    {
      "question": 3,
      "target": "Playfulness score (1-10)",
      "target_value": 8,
      "options": [
        "Dog weight (kg)",
        "Dog age (years)"
      ],
      "optionA": {
        "trial_id": "1",
        "task_id": "147",
        "values": "10.0, 2",
        "target_value": 8
      },
      "optionB": {
        "trial_id": "16",
        "task_id": "147",
        "values": "16.0, 6",
        "target_value": 4.8
      },
      "choice": {
        "button": "J",
        "selected_option": "OptionB"
      }
    },
    {
      "question": 4,
      "target": "Restaurant Rating",
      "target_value": 3.2,
      "options": [
        "Restaurant Menu Variety",
        "Restaurant Wait Time"
      ],
      "optionA": {
        "trial_id": "13",
        "task_id": "11",
        "values": "10.0, 40",
        "target_value": 3.2
      },
      "optionB": {
        "trial_id": "2",
        "task_id": "11",
        "values": "40.0, 20",
        "target_value": 4
      },
      "choice": {
        "button": "J",
        "selected_option": "OptionB"
      }
    },
    {
      "question": 5,
      "target": "Car Fuel Efficiency",
      "target_value": 18,
      "options": [
        "Car Engine Size",
        "Car Weight"
      ],
      "optionA": {
        "trial_id": "18",
        "task_id": "105",
        "values": "2.1, 1550",
        "target_value": 18
      },
      "optionB": {
        "trial_id": "5",
        "task_id": "105",
        "values": "2.5, 1700",
        "target_value": 16
      },
      "choice": {
        "button": "J",
        "selected_option": "OptionB"
      }
    },
    {
      "question": 6,
      "target": "Heart Health Score",
      "target_value": 81,
      "options": [
        "Age (years)",
        "Exercise Frequency"
      ],
      "optionA": {
        "trial_id": "12",
        "task_id": "149",
        "values": "42.0, 5.0",
        "target_value": 81
      },
      "optionB": {
        "trial_id": "4",
        "task_id": "149",
        "values": "35.0, 5.0",
        "target_value": 83
      },
      "choice": {
        "button": "J",
        "selected_option": "OptionB"
      }
    },
    {
      "question": 7,
      "target": "Resale value ($)",
      "target_value": 12500,
      "options": [
        "Age of car (years)",
        "Mileage (thousands)"
      ],
      "optionA": {
        "trial_id": "19",
        "task_id": "141",
        "values": "4.0, 80",
        "target_value": 12500
      },
      "optionB": {
        "trial_id": "17",
        "task_id": "141",
        "values": "7.0, 50",
        "target_value": 10500
      },
      "choice": {
        "button": "F",
        "selected_option": "OptionA"
      }
    },
    {
      "question": 8,
      "target": "Flower size (cm)",
      "target_value": 4,
      "options": [
        "Plant height (cm)",
        "Plant age (months)"
      ],
      "optionA": {
        "trial_id": "14",
        "task_id": "146",
        "values": "36.0, 6",
        "target_value": 4
      },
      "optionB": {
        "trial_id": "18",
        "task_id": "146",
        "values": "43.0, 8",
        "target_value": 3.3
      },
      "choice": {
        "button": "J",
        "selected_option": "OptionB"
      }
    },
    {
      "question": 9,
      "target": "Comfort Rating",
      "target_value": 7.8,
      "options": [
        "Shoe Weight",
        "Brand Popularity"
      ],
      "optionA": {
        "trial_id": "12",
        "task_id": "29",
        "values": "220.0, 10.0",
        "target_value": 7.8
      },
      "optionB": {
        "trial_id": "17",
        "task_id": "29",
        "values": "220.0, 8.0",
        "target_value": 8.1
      },
      "choice": {
        "button": "F",
        "selected_option": "OptionA"
      }
    },
    {
      "question": "attention_check_9",
      "choice": "J",
      "passed": true,
      "timestamp": 1756158030639
    },
    {
      "question": 10,
      "target": "Flower size (cm)",
      "target_value": 3.2,
      "options": [
        "Plant height (cm)",
        "Plant age (months)"
      ],
      "optionA": {
        "trial_id": "8",
        "task_id": "146",
        "values": "42.0, 6",
        "target_value": 3.2
      },
      "optionB": {
        "trial_id": "13",
        "task_id": "146",
        "values": "26.0, 3",
        "target_value": 6
      },
      "choice": {
        "button": "F",
        "selected_option": "OptionA"
      }
    },
    {
      "question": 11,
      "target": "Calories burned",
      "target_value": 360,
      "options": [
        "Exercise time (min)",
        "Heart rate (bpm)"
      ],
      "optionA": {
        "trial_id": "12",
        "task_id": "116",
        "values": "40.0, 115",
        "target_value": 360
      },
      "optionB": {
        "trial_id": "3",
        "task_id": "116",
        "values": "40.0, 95",
        "target_value": 300
      },
      "choice": {
        "button": "F",
        "selected_option": "OptionA"
      }
    },
    {
      "question": 12,
      "target": "Reaction Time (ms)",
      "target_value": 240,
      "options": [
        "Age (years)",
        "Driving Experience (years)"
      ],
      "optionA": {
        "trial_id": "4",
        "task_id": "25",
        "values": "40.0, 20.0",
        "target_value": 240
      },
      "optionB": {
        "trial_id": "8",
        "task_id": "25",
        "values": "50.0, 30.0",
        "target_value": 220
      },
      "choice": {
        "button": "J",
        "selected_option": "OptionB"
      }
    },
    {
      "question": 13,
      "target": "Bike Speed",
      "target_value": 22,
      "options": [
        "Bike Weight",
        "Bike Frame Size"
      ],
      "optionA": {
        "trial_id": "6",
        "task_id": "106",
        "values": "13.0, 22",
        "target_value": 22
      },
      "optionB": {
        "trial_id": "3",
        "task_id": "106",
        "values": "9.0, 18",
        "target_value": 26
      },
      "choice": {
        "button": "F",
        "selected_option": "OptionA"
      }
    },
    {
      "question": 14,
      "target": "Customer Satisfaction",
      "target_value": 7,
      "options": [
        "Restaurant Wait Time (in mins)",
        "Restaurant Rating (1-5)"
      ],
      "optionA": {
        "trial_id": "20",
        "task_id": "174",
        "values": "14.0, 3",
        "target_value": 7
      },
      "optionB": {
        "trial_id": "6",
        "task_id": "174",
        "values": "30.0, 1",
        "target_value": 4
      },
      "choice": {
        "button": "J",
        "selected_option": "OptionB"
      }
    },
    {
      "question": 15,
      "target": "100m sprint time (s)",
      "target_value": 11.8,
      "options": [
        "Runner stride length (cm)",
        "Runner age (years)"
      ],
      "optionA": {
        "trial_id": "10",
        "task_id": "145",
        "values": "72.0, 28",
        "target_value": 11.8
      },
      "optionB": {
        "trial_id": "11",
        "task_id": "145",
        "values": "78.0, 27",
        "target_value": 11.6
      },
      "choice": {
        "button": "J",
        "selected_option": "OptionB"
      }
    },
    {
      "question": 16,
      "target": "Retention Rate (%)",
      "target_value": 55,
      "options": [
        "Study Time (hours)",
        "Number of Distractions"
      ],
      "optionA": {
        "trial_id": "13",
        "task_id": "161",
        "values": "2.0, 4",
        "target_value": 55
      },
      "optionB": {
        "trial_id": "1",
        "task_id": "161",
        "values": "3.0, 2",
        "target_value": 70
      },
      "choice": {
        "button": "J",
        "selected_option": "OptionB"
      }
    },
    {
      "question": 17,
      "target": "Taste rating (1-10)",
      "target_value": 9,
      "options": [
        "Number of ingredients",
        "Prep time (in minutes)"
      ],
      "optionA": {
        "trial_id": "3",
        "task_id": "88",
        "values": "4.0, 20",
        "target_value": 9
      },
      "optionB": {
        "trial_id": "20",
        "task_id": "88",
        "values": "9.0, 25",
        "target_value": 4
      },
      "choice": {
        "button": "F",
        "selected_option": "OptionA"
      }
    },
    {
      "question": 18,
      "target": "Shadow coverage",
      "target_value": 80,
      "options": [
        "Tree height",
        "Tree thickness"
      ],
      "optionA": {
        "trial_id": "8",
        "task_id": "58",
        "values": "13.0, 3.0",
        "target_value": 80
      },
      "optionB": {
        "trial_id": "15",
        "task_id": "58",
        "values": "11.0, 3.0",
        "target_value": 75
      },
      "choice": {
        "button": "J",
        "selected_option": "OptionB"
      }
    },
    {
      "question": 19,
      "target": "Car speed (mph)",
      "target_value": 108,
      "options": [
        "Engine power (hp)",
        "Weight (kg)"
      ],
      "optionA": {
        "trial_id": "15",
        "task_id": "90",
        "values": "190.0, 1400",
        "target_value": 108
      },
      "optionB": {
        "trial_id": "4",
        "task_id": "90",
        "values": "140.0, 1500",
        "target_value": 95
      },
      "choice": {
        "button": "J",
        "selected_option": "OptionB"
      }
    },
    {
      "question": "attention_check_19",
      "choice": "F",
      "passed": true,
      "timestamp": 1756158067000
    },
    {
      "question": 20,
      "target": "BMI",
      "target_value": 27.8,
      "options": [
        "Height (inches)",
        "Weight (lbs)"
      ],
      "optionA": {
        "trial_id": "14",
        "task_id": "158",
        "values": "62.0, 130.0",
        "target_value": 27.8
      },
      "optionB": {
        "trial_id": "5",
        "task_id": "158",
        "values": "72.0, 200.0",
        "target_value": 27.1
      },
      "choice": {
        "button": "J",
        "selected_option": "OptionB"
      }
    },
    {
      "question": 21,
      "target": "Distance Traveled",
      "target_value": 325,
      "options": [
        "Speed",
        "Comfort"
      ],
      "optionA": {
        "trial_id": "4",
        "task_id": "129",
        "values": "65.0, 7.0",
        "target_value": 325
      },
      "optionB": {
        "trial_id": "19",
        "task_id": "129",
        "values": "150.0, 0.1",
        "target_value": 750
      },
      "choice": {
        "button": "F",
        "selected_option": "OptionA"
      }
    },
    {
      "question": 22,
      "target": "Exercise Burned Calories",
      "target_value": 300,
      "options": [
        "Exercise Intensity",
        "Exercise Duration"
      ],
      "optionA": {
        "trial_id": "4",
        "task_id": "13",
        "values": "7.0, 30",
        "target_value": 300
      },
      "optionB": {
        "trial_id": "3",
        "task_id": "13",
        "values": "8.0, 25",
        "target_value": 320
      },
      "choice": {
        "button": "J",
        "selected_option": "OptionB"
      }
    },
    {
      "question": 23,
      "target": "Battery Life (hours)",
      "target_value": 17,
      "options": [
        "Phone RAM (GB)",
        "Screen Size (inches)"
      ],
      "optionA": {
        "trial_id": "9",
        "task_id": "104",
        "values": "4.0, 6.6",
        "target_value": 17
      },
      "optionB": {
        "trial_id": "19",
        "task_id": "104",
        "values": "4.0, 6.7",
        "target_value": 17
      },
      "choice": {
        "button": "J",
        "selected_option": "OptionB"
      }
    },
    {
      "question": 24,
      "target": "Battery Life (hours)",
      "target_value": 20,
      "options": [
        "Phone RAM (GB)",
        "Screen Size (inches)"
      ],
      "optionA": {
        "trial_id": "3",
        "task_id": "104",
        "values": "6.0, 6.2",
        "target_value": 20
      },
      "optionB": {
        "trial_id": "7",
        "task_id": "104",
        "values": "5.0, 6.4",
        "target_value": 19
      },
      "choice": {
        "button": "J",
        "selected_option": "OptionB"
      }
    },
    {
      "question": 25,
      "target": "Battery life",
      "target_value": 16,
      "options": [
        "Battery capacity",
        "Weight"
      ],
      "optionA": {
        "trial_id": "7",
        "task_id": "75",
        "values": "7000.0, 240",
        "target_value": 16
      },
      "optionB": {
        "trial_id": "16",
        "task_id": "75",
        "values": "2000.0, 350",
        "target_value": 6
      },
      "choice": {
        "button": "J",
        "selected_option": "OptionB"
      }
    },
    {
      "question": 26,
      "target": "Comfort level",
      "target_value": 8,
      "options": [
        "Room size",
        "Room furniture"
      ],
      "optionA": {
        "trial_id": "20",
        "task_id": "60",
        "values": "17.0, 3.0",
        "target_value": 8
      },
      "optionB": {
        "trial_id": "12",
        "task_id": "60",
        "values": "20.0, 2.0",
        "target_value": 10
      },
      "choice": {
        "button": "F",
        "selected_option": "OptionA"
      }
    },
    {
      "question": 27,
      "target": "Bicycle Speed",
      "target_value": 17,
      "options": [
        "Bicycle Weight",
        "Bicycle Price"
      ],
      "optionA": {
        "trial_id": "8",
        "task_id": "39",
        "values": "18.0, 420",
        "target_value": 17
      },
      "optionB": {
        "trial_id": "10",
        "task_id": "39",
        "values": "20.0, 410",
        "target_value": 16
      },
      "choice": {
        "button": "F",
        "selected_option": "OptionA"
      }
    },
    {
      "question": 28,
      "target": "Morning alertness (1-10)",
      "target_value": 5,
      "options": [
        "Amount of sleep (hours)",
        "Time to bed (minutes past 10pm)"
      ],
      "optionA": {
        "trial_id": "5",
        "task_id": "96",
        "values": "6.0, 60",
        "target_value": 5
      },
      "optionB": {
        "trial_id": "20",
        "task_id": "96",
        "values": "9.0, 15",
        "target_value": 9
      },
      "choice": {
        "button": "F",
        "selected_option": "OptionA"
      }
    },
    {
      "question": 29,
      "target": "Battery Life (hours)",
      "target_value": 7,
      "options": [
        "Phone Battery Capacity (mAh)",
        "Phone Weight (g)"
      ],
      "optionA": {
        "trial_id": "2",
        "task_id": "34",
        "values": "2500.0, 160.0",
        "target_value": 7
      },
      "optionB": {
        "trial_id": "18",
        "task_id": "34",
        "values": "6000.0, 135.0",
        "target_value": 14
      },
      "choice": {
        "button": "F",
        "selected_option": "OptionA"
      }
    },
    {
      "question": "attention_check_29",
      "choice": "F",
      "passed": false,
      "timestamp": 1756158117151
    },
    {
      "question": 30,
      "target": "Customer Satisfaction",
      "target_value": 6,
      "options": [
        "Restaurant Wait Time (in mins)",
        "Restaurant Rating (1-5)"
      ],
      "optionA": {
        "trial_id": "10",
        "task_id": "174",
        "values": "22.0, 2",
        "target_value": 6
      },
      "optionB": {
        "trial_id": "8",
        "task_id": "174",
        "values": "10.0, 3",
        "target_value": 7
      },
      "choice": {
        "button": "J",
        "selected_option": "OptionB"
      }
    },
    {
      "question": 31,
      "target": "Fuel Efficiency (km/L)",
      "target_value": 5,
      "options": [
        "Car Engine Size (L)",
        "Weight (kg)"
      ],
      "optionA": {
        "trial_id": "12",
        "task_id": "107",
        "values": "5.5, 1800",
        "target_value": 5
      },
      "optionB": {
        "trial_id": "8",
        "task_id": "107",
        "values": "4.5, 1600",
        "target_value": 7
      },
      "choice": {
        "button": "F",
        "selected_option": "OptionA"
      }
    },
    {
      "question": 32,
      "target": "Fatigue (1-10)",
      "target_value": 6,
      "options": [
        "Exercise Duration (min)",
        "Rest Time (min)"
      ],
      "optionA": {
        "trial_id": "3",
        "task_id": "2",
        "values": "40.0, 5",
        "target_value": 6
      },
      "optionB": {
        "trial_id": "8",
        "task_id": "2",
        "values": "40.0, 15",
        "target_value": 6
      },
      "choice": {
        "button": "J",
        "selected_option": "OptionB"
      }
    },
    {
      "question": 33,
      "target": "Enjoyment (1-10)",
      "target_value": 7,
      "options": [
        "Book Thickness (cm)",
        "Author Fame (1-10)"
      ],
      "optionA": {
        "trial_id": "15",
        "task_id": "1",
        "values": "6.0, 2",
        "target_value": 7
      },
      "optionB": {
        "trial_id": "1",
        "task_id": "1",
        "values": "3.0, 6",
        "target_value": 7
      },
      "choice": {
        "button": "J",
        "selected_option": "OptionB"
      }
    },
    {
      "question": 34,
      "target": "Fuel Cost",
      "target_value": 3.44,
      "options": [
        "Distance (km)",
        "Fuel Efficiency (km/L)"
      ],
      "optionA": {
        "trial_id": "9",
        "task_id": "70",
        "values": "55.0, 16",
        "target_value": 3.44
      },
      "optionB": {
        "trial_id": "19",
        "task_id": "70",
        "values": "50.0, 13",
        "target_value": 3.85
      },
      "choice": {
        "button": "J",
        "selected_option": "OptionB"
      }
    },
    {
      "question": 35,
      "target": "Taste Rating (scale 1-10)",
      "target_value": 7,
      "options": [
        "Number of Ingredients",
        "Cooking Time (minutes)"
      ],
      "optionA": {
        "trial_id": "4",
        "task_id": "167",
        "values": "10.0, 35",
        "target_value": 7
      },
      "optionB": {
        "trial_id": "2",
        "task_id": "167",
        "values": "12.0, 40",
        "target_value": 6
      },
      "choice": {
        "button": "F",
        "selected_option": "OptionA"
      }
    },
    {
      "question": 36,
      "target": "Cooking Time (minutes)",
      "target_value": 15,
      "options": [
        "Number of Ingredients",
        "Prep Time (minutes)"
      ],
      "optionA": {
        "trial_id": "17",
        "task_id": "26",
        "values": "5.0, 10.0",
        "target_value": 15
      },
      "optionB": {
        "trial_id": "10",
        "task_id": "26",
        "values": "9.0, 18.0",
        "target_value": 12
      },
      "choice": {
        "button": "J",
        "selected_option": "OptionB"
      }
    },
    {
      "question": 37,
      "target": "Student Exam Score",
      "target_value": 90,
      "options": [
        "Student Study Hours",
        "Student Distractions"
      ],
      "optionA": {
        "trial_id": "16",
        "task_id": "8",
        "values": "14.0, 0",
        "target_value": 90
      },
      "optionB": {
        "trial_id": "5",
        "task_id": "8",
        "values": "14.0, 0",
        "target_value": 90
      },
      "choice": {
        "button": "F",
        "selected_option": "OptionA"
      }
    },
    {
      "question": 38,
      "target": "Heating cost (per month)",
      "target_value": 400,
      "options": [
        "House size (sqm)",
        "Number of windows"
      ],
      "optionA": {
        "trial_id": "6",
        "task_id": "151",
        "values": "140.0, 3.0",
        "target_value": 400
      },
      "optionB": {
        "trial_id": "8",
        "task_id": "151",
        "values": "90.0, 8.0",
        "target_value": 260
      },
      "choice": {
        "button": "J",
        "selected_option": "OptionB"
      }
    },
    {
      "question": 39,
      "target": "Fuel Efficiency",
      "target_value": 21,
      "options": [
        "Car Engine Size",
        "Car Weight"
      ],
      "optionA": {
        "trial_id": "14",
        "task_id": "168",
        "values": "3.0, 3300",
        "target_value": 21
      },
      "optionB": {
        "trial_id": "18",
        "task_id": "168",
        "values": "2.4, 3600",
        "target_value": 26
      },
      "choice": {
        "button": "J",
        "selected_option": "OptionB"
      }
    },
    {
      "question": "attention_check_39",
      "choice": "F",
      "passed": true,
      "timestamp": 1756158162242
    },
    {
      "question": 40,
      "target": "BMI",
      "target_value": 28.7,
      "options": [
        "Height (inches)",
        "Weight (lbs)"
      ],
      "optionA": {
        "trial_id": "19",
        "task_id": "158",
        "values": "72.0, 210.0",
        "target_value": 28.7
      },
      "optionB": {
        "trial_id": "17",
        "task_id": "158",
        "values": "68.0, 165.0",
        "target_value": 26.8
      },
      "choice": {
        "button": "F",
        "selected_option": "OptionA"
      }
    },
    {
      "question": 41,
      "target": "Fuel consumption (liters per 100km)",
      "target_value": 8.1,
      "options": [
        "Car engine size (liters)",
        "Car weight (kg)"
      ],
      "optionA": {
        "trial_id": "12",
        "task_id": "113",
        "values": "2.1, 1300",
        "target_value": 8.1
      },
      "optionB": {
        "trial_id": "15",
        "task_id": "113",
        "values": "2.3, 1550",
        "target_value": 8
      },
      "choice": {
        "button": "J",
        "selected_option": "OptionB"
      }
    },
    {
      "question": 42,
      "target": "Tree trunk volume (m³)",
      "target_value": 8,
      "options": [
        "Height (cm)",
        "Width (cm)"
      ],
      "optionA": {
        "trial_id": "13",
        "task_id": "162",
        "values": "230.0, 24",
        "target_value": 8
      },
      "optionB": {
        "trial_id": "15",
        "task_id": "162",
        "values": "160.0, 40",
        "target_value": 3
      },
      "choice": {
        "button": "J",
        "selected_option": "OptionB"
      }
    },
    {
      "question": 43,
      "target": "Market value",
      "target_value": 340,
      "options": [
        "House size",
        "House floors"
      ],
      "optionA": {
        "trial_id": "11",
        "task_id": "64",
        "values": "240.0, 1.0",
        "target_value": 340
      },
      "optionB": {
        "trial_id": "19",
        "task_id": "64",
        "values": "200.0, 2.0",
        "target_value": 300
      },
      "choice": {
        "button": "J",
        "selected_option": "OptionB"
      }
    },
    {
      "question": 44,
      "target": "Car speed (mph)",
      "target_value": 130,
      "options": [
        "Engine power (hp)",
        "Weight (kg)"
      ],
      "optionA": {
        "trial_id": "5",
        "task_id": "90",
        "values": "300.0, 1400",
        "target_value": 130
      },
      "optionB": {
        "trial_id": "20",
        "task_id": "90",
        "values": "130.0, 1600",
        "target_value": 85
      },
      "choice": {
        "button": "J",
        "selected_option": "OptionB"
      }
    },
    {
      "question": 45,
      "target": "User Satisfaction",
      "target_value": 8.6,
      "options": [
        "Smartphone Price",
        "Battery Capacity"
      ],
      "optionA": {
        "trial_id": "3",
        "task_id": "31",
        "values": "550.0, 4500.0",
        "target_value": 8.6
      },
      "optionB": {
        "trial_id": "20",
        "task_id": "31",
        "values": "520.0, 4300.0",
        "target_value": 8.7
      },
      "choice": {
        "button": "F",
        "selected_option": "OptionA"
      }
    },
    {
      "question": 46,
      "target": "Exercise Burned Calories",
      "target_value": 270,
      "options": [
        "Exercise Intensity",
        "Exercise Duration"
      ],
      "optionA": {
        "trial_id": "7",
        "task_id": "13",
        "values": "6.0, 50",
        "target_value": 270
      },
      "optionB": {
        "trial_id": "4",
        "task_id": "13",
        "values": "7.0, 30",
        "target_value": 300
      },
      "choice": {
        "button": "F",
        "selected_option": "OptionA"
      }
    },
    {
      "question": 47,
      "target": "Flower blooming time",
      "target_value": 4,
      "options": [
        "Hours of sunlight",
        "Humidity"
      ],
      "optionA": {
        "trial_id": "6",
        "task_id": "101",
        "values": "6.0, 75.0",
        "target_value": 4
      },
      "optionB": {
        "trial_id": "1",
        "task_id": "101",
        "values": "6.0, 70.0",
        "target_value": 4
      },
      "choice": {
        "button": "F",
        "selected_option": "OptionA"
      }
    },
    {
      "question": 48,
      "target": "Battery life",
      "target_value": 10,
      "options": [
        "Battery capacity",
        "Weight"
      ],
      "optionA": {
        "trial_id": "5",
        "task_id": "75",
        "values": "4000.0, 250",
        "target_value": 10
      },
      "optionB": {
        "trial_id": "6",
        "task_id": "75",
        "values": "3000.0, 300",
        "target_value": 8
      },
      "choice": {
        "button": "J",
        "selected_option": "OptionB"
      }
    },
    {
      "question": 49,
      "target": "Taste rating (1-10)",
      "target_value": 6,
      "options": [
        "Number of ingredients (count)",
        "Prep time (minutes)"
      ],
      "optionA": {
        "trial_id": "13",
        "task_id": "97",
        "values": "10.0, 35",
        "target_value": 6
      },
      "optionB": {
        "trial_id": "2",
        "task_id": "97",
        "values": "15.0, 25",
        "target_value": 6
      },
      "choice": {
        "button": "J",
        "selected_option": "OptionB"
      }
    },
    {
      "question": 50,
      "target": "Taste rating (1-10)",
      "target_value": 6,
      "options": [
        "Number of ingredients (count)",
        "Prep time (minutes)"
      ],
      "optionA": {
        "trial_id": "3",
        "task_id": "97",
        "values": "12.0, 20",
        "target_value": 6
      },
      "optionB": {
        "trial_id": "10",
        "task_id": "97",
        "values": "12.0, 20",
        "target_value": 6
      },
      "choice": {
        "button": "J",
        "selected_option": "OptionB"
      }
    }
  ]
}