{
  "prolific_id": "UNKNOWN",
  "condition_group": "direction",
  "responses": [
    {
      "question": 1,
      "target": "Fat Burn (in grams)",
      "target_value": 20,
      "options": [
        "Exercise Time (minutes)",
        "Heart Rate (bpm)"
      ],
      "optionA": {
        "trial_id": "6",
        "task_id": "20",
        "values": "60.0, 130.0",
        "target_value": 20
      },
      "optionB": {
        "trial_id": "19",
        "task_id": "20",
        "values": "60.0, 150.0",
        "target_value": 26
      },
      "choice": {
        "button": "J",
        "selected_option": "OptionB"
      }
    },
    {
      "question": 2,
      "target": "Performance Score",
      "target_value": 86,
      "options": [
        "Phone RAM (GB)",
        "Battery Capacity (mAh)"
      ],
      "optionA": {
        "trial_id": "6",
        "task_id": "39",
        "values": "7.0, 4200.0",
        "target_value": 86
      },
      "optionB": {
        "trial_id": "16",
        "task_id": "39",
        "values": "9.0, 3700.0",
        "target_value": 81
      },
      "choice": {
        "button": "J",
        "selected_option": "OptionB"
      }
    },
    {
      "question": 3,
      "target": "Age (years)",
      "target_value": 50,
      "options": [
        "Tree Height (m)",
        "Trunk Diameter (cm)"
      ],
      "optionA": {
        "trial_id": "4",
        "task_id": "32",
        "values": "10.0, 30.0",
        "target_value": 50
      },
      "optionB": {
        "trial_id": "2",
        "task_id": "32",
        "values": "8.0, 25.0",
        "target_value": 40
      },
      "choice": {
        "button": "F",
        "selected_option": "OptionA"
      }
    },
    {
      "question": 4,
      "target": "Taste Rating (1-10)",
      "target_value": 11,
      "options": [
        "Minutes of Cooking",
        "Number of Ingredients"
      ],
      "optionA": {
        "trial_id": "20",
        "task_id": "56",
        "values": "55.0, 11.0",
        "target_value": 11
      },
      "optionB": {
        "trial_id": "3",
        "task_id": "56",
        "values": "30.0, 6.0",
        "target_value": 8
      },
      "choice": {
        "button": "F",
        "selected_option": "OptionA"
      }
    },
    {
      "question": 5,
      "target": "Speed (km/h)",
      "target_value": 185,
      "options": [
        "Engine Horsepower",
        "Weight (kg)"
      ],
      "optionA": {
        "trial_id": "2",
        "task_id": "47",
        "values": "180.0, 1300.0",
        "target_value": 185
      },
      "optionB": {
        "trial_id": "1",
        "task_id": "47",
        "values": "150.0, 1200.0",
        "target_value": 180
      },
      "choice": {
        "button": "F",
        "selected_option": "OptionA"
      }
    },
    {
      "question": 6,
      "target": "Training Difficulty (1-10)",
      "target_value": 4,
      "options": [
        "Dog Size",
        "Dog Energy Level"
      ],
      "optionA": {
        "trial_id": "5",
        "task_id": "82",
        "values": "40.0, 5.0",
        "target_value": 4
      },
      "optionB": {
        "trial_id": "7",
        "task_id": "82",
        "values": "70.0, 9.0",
        "target_value": 8
      },
      "choice": {
        "button": "J",
        "selected_option": "OptionB"
      }
    },
    {
      "question": 7,
      "target": "Plant Growth Rate",
      "target_value": 2.9,
      "options": [
        "Plant Height",
        "Plant Width"
      ],
      "optionA": {
        "trial_id": "12",
        "task_id": "104",
        "values": "1.7, 0.5",
        "target_value": 2.9
      },
      "optionB": {
        "trial_id": "4",
        "task_id": "104",
        "values": "1.5, 0.5",
        "target_value": 2.7
      },
      "choice": {
        "button": "F",
        "selected_option": "OptionA"
      }
    },
    {
      "question": 8,
      "target": "Speed",
      "target_value": 120,
      "options": [
        "Car Engine Size",
        "Horsepower"
      ],
      "optionA": {
        "trial_id": "1",
        "task_id": "61",
        "values": "2.0, 150.0",
        "target_value": 120
      },
      "optionB": {
        "trial_id": "15",
        "task_id": "61",
        "values": "2.0, 160.0",
        "target_value": 130
      },
      "choice": {
        "button": "J",
        "selected_option": "OptionB"
      }
    },
    {
      "question": 9,
      "target": "Age (years)",
      "target_value": 60,
      "options": [
        "Tree Height (m)",
        "Trunk Diameter (cm)"
      ],
      "optionA": {
        "trial_id": "19",
        "task_id": "32",
        "values": "12.0, 34.0",
        "target_value": 60
      },
      "optionB": {
        "trial_id": "15",
        "task_id": "32",
        "values": "13.0, 38.0",
        "target_value": 65
      },
      "choice": {
        "button": "J",
        "selected_option": "OptionB"
      }
    },
    {
      "question": "attention_check_9",
      "choice": "J",
      "passed": true,
      "timestamp": 1756154460089
    },
    {
      "question": 10,
      "target": "Taste Rating (1-10)",
      "target_value": 6,
      "options": [
        "Minutes of Cooking",
        "Number of Ingredients"
      ],
      "optionA": {
        "trial_id": "5",
        "task_id": "56",
        "values": "10.0, 3.0",
        "target_value": 6
      },
      "optionB": {
        "trial_id": "18",
        "task_id": "56",
        "values": "22.0, 4.0",
        "target_value": 7
      },
      "choice": {
        "button": "J",
        "selected_option": "OptionB"
      }
    },
    {
      "question": 11,
      "target": "Battery life",
      "target_value": 11,
      "options": [
        "Phone battery",
        "Screen size"
      ],
      "optionA": {
        "trial_id": "7",
        "task_id": "69",
        "values": "3500.0, 5.0",
        "target_value": 11
      },
      "optionB": {
        "trial_id": "7",
        "task_id": "69",
        "values": "3500.0, 5.0",
        "target_value": 11
      },
      "choice": {
        "button": "F",
        "selected_option": "OptionA"
      }
    },
    {
      "question": 12,
      "target": "Growth Rate",
      "target_value": 2,
      "options": [
        "Plant Leaf Size",
        "Plant Height"
      ],
      "optionA": {
        "trial_id": "8",
        "task_id": "65",
        "values": "8.0, 40.0",
        "target_value": 2
      },
      "optionB": {
        "trial_id": "19",
        "task_id": "65",
        "values": "6.0, 30.0",
        "target_value": 1
      },
      "choice": {
        "button": "F",
        "selected_option": "OptionA"
      }
    },
    {
      "question": 13,
      "target": "Growth Rate",
      "target_value": 3,
      "options": [
        "Plant Leaf Size",
        "Plant Height"
      ],
      "optionA": {
        "trial_id": "1",
        "task_id": "65",
        "values": "10.0, 50.0",
        "target_value": 3
      },
      "optionB": {
        "trial_id": "16",
        "task_id": "65",
        "values": "10.0, 50.0",
        "target_value": 3
      },
      "choice": {
        "button": "J",
        "selected_option": "OptionB"
      }
    },
    {
      "question": 14,
      "target": "Warmth Rating",
      "target_value": 3.9,
      "options": [
        "Shirt Weight (g)",
        "Fabric Thickness (mm)"
      ],
      "optionA": {
        "trial_id": "10",
        "task_id": "31",
        "values": "170.0, 1.4",
        "target_value": 3.9
      },
      "optionB": {
        "trial_id": "13",
        "task_id": "31",
        "values": "170.0, 1.3",
        "target_value": 3.6
      },
      "choice": {
        "button": "F",
        "selected_option": "OptionA"
      }
    },
    {
      "question": 15,
      "target": "Distance Covered",
      "target_value": 47,
      "options": [
        "Bike Speed",
        "Bike Weight"
      ],
      "optionA": {
        "trial_id": "17",
        "task_id": "7",
        "values": "21.0, 9.0",
        "target_value": 47
      },
      "optionB": {
        "trial_id": "18",
        "task_id": "7",
        "values": "20.0, 10.0",
        "target_value": 49
      },
      "choice": {
        "button": "F",
        "selected_option": "OptionA"
      }
    },
    {
      "question": 16,
      "target": "Post reach",
      "target_value": 17000,
      "options": [
        "Number of followers",
        "Engagement rate (%)"
      ],
      "optionA": {
        "trial_id": "9",
        "task_id": "92",
        "values": "2000.0, 5.0",
        "target_value": 17000
      },
      "optionB": {
        "trial_id": "3",
        "task_id": "92",
        "values": "3000.0, 4.0",
        "target_value": 17000
      },
      "choice": {
        "button": "J",
        "selected_option": "OptionB"
      }
    },
    {
      "question": 17,
      "target": "Warmth Rating",
      "target_value": 5.3,
      "options": [
        "Shirt Weight (g)",
        "Fabric Thickness (mm)"
      ],
      "optionA": {
        "trial_id": "16",
        "task_id": "31",
        "values": "210.0, 1.9",
        "target_value": 5.3
      },
      "optionB": {
        "trial_id": "17",
        "task_id": "31",
        "values": "185.0, 1.7",
        "target_value": 4.4
      },
      "choice": {
        "button": "F",
        "selected_option": "OptionA"
      }
    },
    {
      "question": 18,
      "target": "Phone Performance",
      "target_value": 170,
      "options": [
        "Phone RAM",
        "Phone Storage"
      ],
      "optionA": {
        "trial_id": "20",
        "task_id": "86",
        "values": "512.0, 65536.0",
        "target_value": 170
      },
      "optionB": {
        "trial_id": "3",
        "task_id": "86",
        "values": "6.0, 128.0",
        "target_value": 80
      },
      "choice": {
        "button": "J",
        "selected_option": "OptionB"
      }
    },
    {
      "question": 19,
      "target": "Book Knowledge Content",
      "target_value": 4,
      "options": [
        "Book Page Count",
        "Book Reading Level"
      ],
      "optionA": {
        "trial_id": "11",
        "task_id": "1",
        "values": "280.0, 2.0",
        "target_value": 4
      },
      "optionB": {
        "trial_id": "12",
        "task_id": "1",
        "values": "300.0, 3.0",
        "target_value": 5
      },
      "choice": {
        "button": "J",
        "selected_option": "OptionB"
      }
    },
    {
      "question": "attention_check_19",
      "choice": "F",
      "passed": true,
      "timestamp": 1756154512654
    },
    {
      "question": 20,
      "target": "Recipe Complexity",
      "target_value": 7,
      "options": [
        "Recipe Servings",
        "Recipe Ingredients"
      ],
      "optionA": {
        "trial_id": "1",
        "task_id": "106",
        "values": "4.0, 10.0",
        "target_value": 7
      },
      "optionB": {
        "trial_id": "7",
        "task_id": "106",
        "values": "3.0, 9.0",
        "target_value": 6
      },
      "choice": {
        "button": "F",
        "selected_option": "OptionA"
      }
    },
    {
      "question": 21,
      "target": "Performance",
      "target_value": 8.1,
      "options": [
        "Skill Level",
        "Practice Time"
      ],
      "optionA": {
        "trial_id": "4",
        "task_id": "100",
        "values": "5.0, 18.0",
        "target_value": 8.1
      },
      "optionB": {
        "trial_id": "11",
        "task_id": "100",
        "values": "6.0, 14.0",
        "target_value": 7.9
      },
      "choice": {
        "button": "F",
        "selected_option": "OptionA"
      }
    },
    {
      "question": 22,
      "target": "Prep Time (min)",
      "target_value": 18,
      "options": [
        "Number of Ingredients",
        "Cooking Time (min)"
      ],
      "optionA": {
        "trial_id": "3",
        "task_id": "96",
        "values": "8.0, 25.0",
        "target_value": 18
      },
      "optionB": {
        "trial_id": "14",
        "task_id": "96",
        "values": "8.0, 26.0",
        "target_value": 17
      },
      "choice": {
        "button": "J",
        "selected_option": "OptionB"
      }
    },
    {
      "question": 23,
      "target": "Recipe Complexity",
      "target_value": 7,
      "options": [
        "Recipe Servings",
        "Recipe Ingredients"
      ],
      "optionA": {
        "trial_id": "9",
        "task_id": "106",
        "values": "5.0, 11.0",
        "target_value": 7
      },
      "optionB": {
        "trial_id": "18",
        "task_id": "106",
        "values": "5.0, 10.0",
        "target_value": 7
      },
      "choice": {
        "button": "F",
        "selected_option": "OptionA"
      }
    },
    {
      "question": 24,
      "target": "Natural Light (on scale 1-10)",
      "target_value": 7,
      "options": [
        "Room Area (m2)",
        "Number of Windows"
      ],
      "optionA": {
        "trial_id": "15",
        "task_id": "15",
        "values": "20.0, 3.0",
        "target_value": 7
      },
      "optionB": {
        "trial_id": "12",
        "task_id": "15",
        "values": "30.0, 4.0",
        "target_value": 8
      },
      "choice": {
        "button": "J",
        "selected_option": "OptionB"
      }
    },
    {
      "question": 25,
      "target": "Battery life hours",
      "target_value": 14,
      "options": [
        "Phone battery capacity",
        "Phone weight"
      ],
      "optionA": {
        "trial_id": "9",
        "task_id": "73",
        "values": "3500.0, 200.0",
        "target_value": 14
      },
      "optionB": {
        "trial_id": "18",
        "task_id": "73",
        "values": "3000.0, 190.0",
        "target_value": 13
      },
      "choice": {
        "button": "F",
        "selected_option": "OptionA"
      }
    },
    {
      "question": 26,
      "target": "Engagement rate (%)",
      "target_value": 5.9,
      "options": [
        "Number of followers",
        "Post quality score"
      ],
      "optionA": {
        "trial_id": "13",
        "task_id": "71",
        "values": "10000.0, 8.0",
        "target_value": 5.9
      },
      "optionB": {
        "trial_id": "20",
        "task_id": "71",
        "values": "17000.0, 5.0",
        "target_value": 6.2
      },
      "choice": {
        "button": "J",
        "selected_option": "OptionB"
      }
    },
    {
      "question": 27,
      "target": "Enjoyment Rating (1-10)",
      "target_value": 7,
      "options": [
        "Number of Pages",
        "Reading Time (minutes)"
      ],
      "optionA": {
        "trial_id": "1",
        "task_id": "10",
        "values": "300.0, 120.0",
        "target_value": 7
      },
      "optionB": {
        "trial_id": "9",
        "task_id": "10",
        "values": "280.0, 110.0",
        "target_value": 6
      },
      "choice": {
        "button": "J",
        "selected_option": "OptionB"
      }
    },
    {
      "question": 28,
      "target": "Enjoyment Score",
      "target_value": 6.5,
      "options": [
        "Book Length (pages)",
        "Author Fame (1-10)"
      ],
      "optionA": {
        "trial_id": "6",
        "task_id": "29",
        "values": "200.0, 5.0",
        "target_value": 6.5
      },
      "optionB": {
        "trial_id": "3",
        "task_id": "29",
        "values": "300.0, 8.0",
        "target_value": 8.5
      },
      "choice": {
        "button": "J",
        "selected_option": "OptionB"
      }
    },
    {
      "question": 29,
      "target": "Battery Life (hours)",
      "target_value": 10.8,
      "options": [
        "Phone Weight (g)",
        "Battery Capacity (mAh)"
      ],
      "optionA": {
        "trial_id": "19",
        "task_id": "30",
        "values": "165.0, 4300.0",
        "target_value": 10.8
      },
      "optionB": {
        "trial_id": "17",
        "task_id": "30",
        "values": "155.0, 4100.0",
        "target_value": 10.3
      },
      "choice": {
        "button": "F",
        "selected_option": "OptionA"
      }
    },
    {
      "question": "attention_check_29",
      "choice": "J",
      "passed": true,
      "timestamp": 1756154565848
    },
    {
      "question": 30,
      "target": "Dog Energy Level",
      "target_value": 9,
      "options": [
        "Dog Weight",
        "Dog Activity Level"
      ],
      "optionA": {
        "trial_id": "14",
        "task_id": "105",
        "values": "34.0, 6.0",
        "target_value": 9
      },
      "optionB": {
        "trial_id": "3",
        "task_id": "105",
        "values": "30.0, 6.0",
        "target_value": 9
      },
      "choice": {
        "button": "F",
        "selected_option": "OptionA"
      }
    },
    {
      "question": 31,
      "target": "Performance Score",
      "target_value": 85,
      "options": [
        "Hours of Practice",
        "Natural Talent (1-10)"
      ],
      "optionA": {
        "trial_id": "18",
        "task_id": "78",
        "values": "10.0, 6.0",
        "target_value": 85
      },
      "optionB": {
        "trial_id": "4",
        "task_id": "78",
        "values": "9.0, 8.0",
        "target_value": 88
      },
      "choice": {
        "button": "J",
        "selected_option": "OptionB"
      }
    },
    {
      "question": 32,
      "target": "Exercise Intensity",
      "target_value": 5.5,
      "options": [
        "Time to Walk (min)",
        "Number of Steps"
      ],
      "optionA": {
        "trial_id": "12",
        "task_id": "95",
        "values": "11.0, 1100.0",
        "target_value": 5.5
      },
      "optionB": {
        "trial_id": "7",
        "task_id": "95",
        "values": "6.0, 600.0",
        "target_value": 3
      },
      "choice": {
        "button": "F",
        "selected_option": "OptionA"
      }
    },
    {
      "question": 33,
      "target": "Growth Rate",
      "target_value": 2,
      "options": [
        "Plant Leaf Size",
        "Plant Height"
      ],
      "optionA": {
        "trial_id": "8",
        "task_id": "65",
        "values": "8.0, 40.0",
        "target_value": 2
      },
      "optionB": {
        "trial_id": "10",
        "task_id": "65",
        "values": "14.0, 70.0",
        "target_value": 5
      },
      "choice": {
        "button": "J",
        "selected_option": "OptionB"
      }
    },
    {
      "question": 34,
      "target": "Growth Rate",
      "target_value": 5,
      "options": [
        "Plant Leaf Size",
        "Plant Height"
      ],
      "optionA": {
        "trial_id": "5",
        "task_id": "65",
        "values": "14.0, 70.0",
        "target_value": 5
      },
      "optionB": {
        "trial_id": "16",
        "task_id": "65",
        "values": "10.0, 50.0",
        "target_value": 3
      },
      "choice": {
        "button": "F",
        "selected_option": "OptionA"
      }
    },
    {
      "question": 35,
      "target": "Enjoyment",
      "target_value": 7.5,
      "options": [
        "Tea Strength",
        "Flavor Variety"
      ],
      "optionA": {
        "trial_id": "3",
        "task_id": "55",
        "values": "4.0, 4.0",
        "target_value": 7.5
      },
      "optionB": {
        "trial_id": "4",
        "task_id": "55",
        "values": "5.0, 3.0",
        "target_value": 7.4
      },
      "choice": {
        "button": "F",
        "selected_option": "OptionA"
      }
    },
    {
      "question": 36,
      "target": "Dog Energy Level",
      "target_value": 8,
      "options": [
        "Dog Weight",
        "Dog Activity Level"
      ],
      "optionA": {
        "trial_id": "12",
        "task_id": "105",
        "values": "28.0, 5.0",
        "target_value": 8
      },
      "optionB": {
        "trial_id": "10",
        "task_id": "105",
        "values": "24.0, 4.0",
        "target_value": 7
      },
      "choice": {
        "button": "F",
        "selected_option": "OptionA"
      }
    },
    {
      "question": 37,
      "target": "Phone Performance",
      "target_value": 100,
      "options": [
        "Phone RAM",
        "Phone Storage"
      ],
      "optionA": {
        "trial_id": "6",
        "task_id": "86",
        "values": "12.0, 512.0",
        "target_value": 100
      },
      "optionB": {
        "trial_id": "4",
        "task_id": "86",
        "values": "8.0, 256.0",
        "target_value": 90
      },
      "choice": {
        "button": "F",
        "selected_option": "OptionA"
      }
    },
    {
      "question": 38,
      "target": "Book Rating",
      "target_value": 4.7,
      "options": [
        "Book Page Count",
        "Author Rating"
      ],
      "optionA": {
        "trial_id": "11",
        "task_id": "22",
        "values": "400.0, 4.8",
        "target_value": 4.7
      },
      "optionB": {
        "trial_id": "16",
        "task_id": "22",
        "values": "500.0, 4.6",
        "target_value": 4.6
      },
      "choice": {
        "button": "F",
        "selected_option": "OptionA"
      }
    },
    {
      "question": 39,
      "target": "Battery Life",
      "target_value": 25,
      "options": [
        "Phone Weight",
        "Battery Capacity"
      ],
      "optionA": {
        "trial_id": "20",
        "task_id": "54",
        "values": "160.0, 2900.0",
        "target_value": 25
      },
      "optionB": {
        "trial_id": "4",
        "task_id": "54",
        "values": "200.0, 3600.0",
        "target_value": 29
      },
      "choice": {
        "button": "J",
        "selected_option": "OptionB"
      }
    },
    {
      "question": "attention_check_39",
      "choice": "F",
      "passed": true,
      "timestamp": 1756154606009
    },
    {
      "question": 40,
      "target": "Strength",
      "target_value": 14,
      "options": [
        "Coffee Beans",
        "Water"
      ],
      "optionA": {
        "trial_id": "16",
        "task_id": "112",
        "values": "10.0, 200.0",
        "target_value": 14
      },
      "optionB": {
        "trial_id": "8",
        "task_id": "112",
        "values": "8.0, 180.0",
        "target_value": 12
      },
      "choice": {
        "button": "J",
        "selected_option": "OptionB"
      }
    },
    {
      "question": 41,
      "target": "Light Level",
      "target_value": 6,
      "options": [
        "Room Size (sq ft)",
        "Number of Windows"
      ],
      "optionA": {
        "trial_id": "3",
        "task_id": "35",
        "values": "150.0, 2.0",
        "target_value": 6
      },
      "optionB": {
        "trial_id": "5",
        "task_id": "35",
        "values": "220.0, 4.0",
        "target_value": 8
      },
      "choice": {
        "button": "J",
        "selected_option": "OptionB"
      }
    },
    {
      "question": 42,
      "target": "Restaurant Customer Satisfaction",
      "target_value": 8.4,
      "options": [
        "Restaurant Menu Size",
        "Restaurant Price Rating"
      ],
      "optionA": {
        "trial_id": "11",
        "task_id": "25",
        "values": "24.0, 4.5",
        "target_value": 8.4
      },
      "optionB": {
        "trial_id": "11",
        "task_id": "25",
        "values": "24.0, 4.5",
        "target_value": 8.4
      },
      "choice": {
        "button": "F",
        "selected_option": "OptionA"
      }
    },
    {
      "question": 43,
      "target": "Fun Score",
      "target_value": 6,
      "options": [
        "Number of Players",
        "Game Length (min)"
      ],
      "optionA": {
        "trial_id": "2",
        "task_id": "98",
        "values": "5.0, 50.0",
        "target_value": 6
      },
      "optionB": {
        "trial_id": "15",
        "task_id": "98",
        "values": "4.0, 50.0",
        "target_value": 6
      },
      "choice": {
        "button": "F",
        "selected_option": "OptionA"
      }
    },
    {
      "question": 44,
      "target": "Recipe Complexity",
      "target_value": 7,
      "options": [
        "Recipe Servings",
        "Recipe Ingredients"
      ],
      "optionA": {
        "trial_id": "4",
        "task_id": "106",
        "values": "5.0, 10.0",
        "target_value": 7
      },
      "optionB": {
        "trial_id": "8",
        "task_id": "106",
        "values": "2.0, 7.0",
        "target_value": 5
      },
      "choice": {
        "button": "F",
        "selected_option": "OptionA"
      }
    },
    {
      "question": 45,
      "target": "Doneness",
      "target_value": 80,
      "options": [
        "Cooking Time",
        "Size"
      ],
      "optionA": {
        "trial_id": "5",
        "task_id": "116",
        "values": "35.0, 240.0",
        "target_value": 80
      },
      "optionB": {
        "trial_id": "6",
        "task_id": "116",
        "values": "40.0, 260.0",
        "target_value": 85
      },
      "choice": {
        "button": "J",
        "selected_option": "OptionB"
      }
    },
    {
      "question": 46,
      "target": "Growth speed",
      "target_value": 4.2,
      "options": [
        "Plant height cm",
        "Plant leaf count"
      ],
      "optionA": {
        "trial_id": "12",
        "task_id": "74",
        "values": "30.0, 11.0",
        "target_value": 4.2
      },
      "optionB": {
        "trial_id": "16",
        "task_id": "74",
        "values": "24.0, 8.0",
        "target_value": 3.4
      },
      "choice": {
        "button": "F",
        "selected_option": "OptionA"
      }
    },
    {
      "question": 47,
      "target": "Exam Score (%)",
      "target_value": 80,
      "options": [
        "Study Time (hours)",
        "Previous Score (%)"
      ],
      "optionA": {
        "trial_id": "20",
        "task_id": "76",
        "values": "4.0, 75.0",
        "target_value": 80
      },
      "optionB": {
        "trial_id": "11",
        "task_id": "76",
        "values": "5.0, 75.0",
        "target_value": 80
      },
      "choice": {
        "button": "J",
        "selected_option": "OptionB"
      }
    },
    {
      "question": 48,
      "target": "Phone Battery Life",
      "target_value": 37,
      "options": [
        "Phone Battery Capacity",
        "Phone Weight"
      ],
      "optionA": {
        "trial_id": "13",
        "task_id": "108",
        "values": "5000.0, 225.0",
        "target_value": 37
      },
      "optionB": {
        "trial_id": "20",
        "task_id": "108",
        "values": "4000.0, 200.0",
        "target_value": 30
      },
      "choice": {
        "button": "F",
        "selected_option": "OptionA"
      }
    },
    {
      "question": 49,
      "target": "Plant Sunlight Needs",
      "target_value": 5,
      "options": [
        "Plant Height",
        "Plant Leaf Size"
      ],
      "optionA": {
        "trial_id": "16",
        "task_id": "2",
        "values": "150.0, 10.0",
        "target_value": 5
      },
      "optionB": {
        "trial_id": "1",
        "task_id": "2",
        "values": "150.0, 10.0",
        "target_value": 5
      },
      "choice": {
        "button": "F",
        "selected_option": "OptionA"
      }
    },
    {
      "question": 50,
      "target": "Fat Burn (g)",
      "target_value": 35,
      "options": [
        "Exercise Time (min)",
        "Heart Rate (bpm)"
      ],
      "optionA": {
        "trial_id": "19",
        "task_id": "28",
        "values": "20.0, 120.0",
        "target_value": 35
      },
      "optionB": {
        "trial_id": "11",
        "task_id": "28",
        "values": "25.0, 125.0",
        "target_value": 40
      },
      "choice": {
        "button": "J",
        "selected_option": "OptionB"
      }
    }
  ]
}