{
  "prolific_id": "UNKNOWN",
  "condition_group": "ranking",
  "responses": [
    {
      "question": 1,
      "target": "Usage Time",
      "target_value": 15,
      "options": [
        "Battery Capacity",
        "Weight"
      ],
      "optionA": {
        "trial_id": "11",
        "task_id": "22",
        "values": "5500.0, 170.0",
        "target_value": 15
      },
      "optionB": {
        "trial_id": "14",
        "task_id": "22",
        "values": "3800.0, 230.0",
        "target_value": 11
      },
      "choice": {
        "button": "F",
        "selected_option": "OptionA"
      }
    },
    {
      "question": 2,
      "target": "Customer Rating (1-10)",
      "target_value": 6,
      "options": [
        "Price ($)",
        "Weight (oz)"
      ],
      "optionA": {
        "trial_id": "3",
        "task_id": "108",
        "values": "15.0, 12",
        "target_value": 6
      },
      "optionB": {
        "trial_id": "9",
        "task_id": "108",
        "values": "18.0, 12",
        "target_value": 6
      },
      "choice": {
        "button": "F",
        "selected_option": "OptionA"
      }
    },
    {
      "question": 3,
      "target": "Popularity",
      "target_value": 86,
      "options": [
        "Book age",
        "Page count"
      ],
      "optionA": {
        "trial_id": "5",
        "task_id": "134",
        "values": "3.0, 320",
        "target_value": 86
      },
      "optionB": {
        "trial_id": "13",
        "task_id": "134",
        "values": "7.0, 360",
        "target_value": 80
      },
      "choice": {
        "button": "J",
        "selected_option": "OptionB"
      }
    },
    {
      "question": 4,
      "target": "Wait Time (minutes)",
      "target_value": 29,
      "options": [
        "Restaurant Size",
        "Restaurant Reviews"
      ],
      "optionA": {
        "trial_id": "13",
        "task_id": "74",
        "values": "100.0, 4.5",
        "target_value": 29
      },
      "optionB": {
        "trial_id": "10",
        "task_id": "74",
        "values": "140.0, 4.4",
        "target_value": 31
      },
      "choice": {
        "button": "J",
        "selected_option": "OptionB"
      }
    },
    {
      "question": 5,
      "target": "Reaction Time (ms)",
      "target_value": 240,
      "options": [
        "Age (years)",
        "Driving Experience (years)"
      ],
      "optionA": {
        "trial_id": "12",
        "task_id": "25",
        "values": "40.0, 20.0",
        "target_value": 240
      },
      "optionB": {
        "trial_id": "6",
        "task_id": "25",
        "values": "22.0, 3.0",
        "target_value": 300
      },
      "choice": {
        "button": "F",
        "selected_option": "OptionA"
      }
    },
    {
      "question": 6,
      "target": "Taste Rating (scale 1-10)",
      "target_value": 6,
      "options": [
        "Number of Ingredients",
        "Cooking Time (minutes)"
      ],
      "optionA": {
        "trial_id": "5",
        "task_id": "167",
        "values": "12.0, 45",
        "target_value": 6
      },
      "optionB": {
        "trial_id": "2",
        "task_id": "167",
        "values": "12.0, 40",
        "target_value": 6
      },
      "choice": {
        "button": "J",
        "selected_option": "OptionB"
      }
    },
    {
      "question": 7,
      "target": "Tree trunk volume (m³)",
      "target_value": 6,
      "options": [
        "Height (cm)",
        "Width (cm)"
      ],
      "optionA": {
        "trial_id": "1",
        "task_id": "162",
        "values": "200.0, 30",
        "target_value": 6
      },
      "optionB": {
        "trial_id": "15",
        "task_id": "162",
        "values": "160.0, 40",
        "target_value": 3
      },
      "choice": {
        "button": "J",
        "selected_option": "OptionB"
      }
    },
    {
      "question": 8,
      "target": "Weight loss",
      "target_value": 4,
      "options": [
        "Exercise intensity",
        "Exercise duration"
      ],
      "optionA": {
        "trial_id": "20",
        "task_id": "61",
        "values": "7.0, 45.0",
        "target_value": 4
      },
      "optionB": {
        "trial_id": "8",
        "task_id": "61",
        "values": "7.0, 40.0",
        "target_value": 4
      },
      "choice": {
        "button": "F",
        "selected_option": "OptionA"
      }
    },
    {
      "question": 9,
      "target": "Battery Life",
      "target_value": 18,
      "options": [
        "Phone Battery Capacity",
        "Phone Weight"
      ],
      "optionA": {
        "trial_id": "6",
        "task_id": "171",
        "values": "5000.0, 200",
        "target_value": 18
      },
      "optionB": {
        "trial_id": "17",
        "task_id": "171",
        "values": "11000.0, 180",
        "target_value": 44
      },
      "choice": {
        "button": "J",
        "selected_option": "OptionB"
      }
    },
    {
      "question": "attention_check_9",
      "choice": "J",
      "passed": true,
      "timestamp": 1756155228080
    },
    {
      "question": 10,
      "target": "Resale value ($)",
      "target_value": 11000,
      "options": [
        "Age of car (years)",
        "Mileage (thousands)"
      ],
      "optionA": {
        "trial_id": "6",
        "task_id": "141",
        "values": "6.0, 70",
        "target_value": 11000
      },
      "optionB": {
        "trial_id": "1",
        "task_id": "141",
        "values": "5.0, 80",
        "target_value": 15000
      },
      "choice": {
        "button": "F",
        "selected_option": "OptionA"
      }
    },
    {
      "question": 11,
      "target": "Taste Rating (scale 1-10)",
      "target_value": 9,
      "options": [
        "Number of Ingredients",
        "Cooking Time (minutes)"
      ],
      "optionA": {
        "trial_id": "11",
        "task_id": "167",
        "values": "7.0, 20",
        "target_value": 9
      },
      "optionB": {
        "trial_id": "9",
        "task_id": "167",
        "values": "11.0, 35",
        "target_value": 7
      },
      "choice": {
        "button": "J",
        "selected_option": "OptionB"
      }
    },
    {
      "question": 12,
      "target": "Price",
      "target_value": 340000,
      "options": [
        "House Size",
        "Bedrooms"
      ],
      "optionA": {
        "trial_id": "11",
        "task_id": "15",
        "values": "1900.0, 5",
        "target_value": 340000
      },
      "optionB": {
        "trial_id": "19",
        "task_id": "15",
        "values": "2100.0, 5",
        "target_value": 370000
      },
      "choice": {
        "button": "J",
        "selected_option": "OptionB"
      }
    },
    {
      "question": 13,
      "target": "Skill Level",
      "target_value": 9,
      "options": [
        "Experience",
        "Years of Education"
      ],
      "optionA": {
        "trial_id": "19",
        "task_id": "137",
        "values": "11.0, 8.0",
        "target_value": 9
      },
      "optionB": {
        "trial_id": "16",
        "task_id": "137",
        "values": "7.0, 12.0",
        "target_value": 9
      },
      "choice": {
        "button": "F",
        "selected_option": "OptionA"
      }
    },
    {
      "question": 14,
      "target": "Restaurant Rating",
      "target_value": 3.6,
      "options": [
        "Restaurant Menu Variety",
        "Restaurant Wait Time"
      ],
      "optionA": {
        "trial_id": "9",
        "task_id": "11",
        "values": "30.0, 30",
        "target_value": 3.6
      },
      "optionB": {
        "trial_id": "15",
        "task_id": "11",
        "values": "80.0, 0",
        "target_value": 5
      },
      "choice": {
        "button": "J",
        "selected_option": "OptionB"
      }
    },
    {
      "question": 15,
      "target": "Restaurant Rating",
      "target_value": 5,
      "options": [
        "Restaurant Menu Variety",
        "Restaurant Wait Time"
      ],
      "optionA": {
        "trial_id": "15",
        "task_id": "11",
        "values": "80.0, 0",
        "target_value": 5
      },
      "optionB": {
        "trial_id": "6",
        "task_id": "11",
        "values": "60.0, 10",
        "target_value": 4.5
      },
      "choice": {
        "button": "F",
        "selected_option": "OptionA"
      }
    },
    {
      "question": 16,
      "target": "Calories burned",
      "target_value": 320,
      "options": [
        "Exercise time (min)",
        "Heart rate (bpm)"
      ],
      "optionA": {
        "trial_id": "4",
        "task_id": "116",
        "values": "35.0, 105",
        "target_value": 320
      },
      "optionB": {
        "trial_id": "8",
        "task_id": "116",
        "values": "20.0, 120",
        "target_value": 250
      },
      "choice": {
        "button": "J",
        "selected_option": "OptionB"
      }
    },
    {
      "question": 17,
      "target": "Warmth Rating (1-10)",
      "target_value": 11.5,
      "options": [
        "Shirt Thickness (mm)",
        "Shirt Weight (g)"
      ],
      "optionA": {
        "trial_id": "19",
        "task_id": "35",
        "values": "6.5, 115.0",
        "target_value": 11.5
      },
      "optionB": {
        "trial_id": "8",
        "task_id": "35",
        "values": "4.0, 130.0",
        "target_value": 9
      },
      "choice": {
        "button": "F",
        "selected_option": "OptionA"
      }
    },
    {
      "question": 18,
      "target": "Comfort level",
      "target_value": 10,
      "options": [
        "Room size",
        "Room furniture"
      ],
      "optionA": {
        "trial_id": "12",
        "task_id": "60",
        "values": "20.0, 2.0",
        "target_value": 10
      },
      "optionB": {
        "trial_id": "9",
        "task_id": "60",
        "values": "14.0, 3.0",
        "target_value": 7
      },
      "choice": {
        "button": "F",
        "selected_option": "OptionA"
      }
    },
    {
      "question": 19,
      "target": "Playfulness score (1-10)",
      "target_value": 7.8,
      "options": [
        "Dog weight (kg)",
        "Dog age (years)"
      ],
      "optionA": {
        "trial_id": "15",
        "task_id": "147",
        "values": "10.0, 3",
        "target_value": 7.8
      },
      "optionB": {
        "trial_id": "1",
        "task_id": "147",
        "values": "10.0, 2",
        "target_value": 8
      },
      "choice": {
        "button": "J",
        "selected_option": "OptionB"
      }
    },
    {
      "question": "attention_check_19",
      "choice": "F",
      "passed": true,
      "timestamp": 1756155318958
    },
    {
      "question": 20,
      "target": "Taste Rating",
      "target_value": 5.5,
      "options": [
        "Coffee Amount",
        "Sugar Amount"
      ],
      "optionA": {
        "trial_id": "16",
        "task_id": "18",
        "values": "3.0, 4",
        "target_value": 5.5
      },
      "optionB": {
        "trial_id": "1",
        "task_id": "18",
        "values": "3.0, 1",
        "target_value": 7
      },
      "choice": {
        "button": "F",
        "selected_option": "OptionA"
      }
    },
    {
      "question": 21,
      "target": "Fuel Efficiency (km per liter)",
      "target_value": 10,
      "options": [
        "Car Engine Size (in liters)",
        "Car Weight (in kg)"
      ],
      "optionA": {
        "trial_id": "9",
        "task_id": "173",
        "values": "2.2, 1400",
        "target_value": 10
      },
      "optionB": {
        "trial_id": "1",
        "task_id": "173",
        "values": "2.0, 1300",
        "target_value": 12
      },
      "choice": {
        "button": "J",
        "selected_option": "OptionB"
      }
    },
    {
      "question": 22,
      "target": "Commute time (minutes)",
      "target_value": 30,
      "options": [
        "Distance to work (miles)",
        "Number of traffic lights"
      ],
      "optionA": {
        "trial_id": "8",
        "task_id": "95",
        "values": "5.0, 11",
        "target_value": 30
      },
      "optionB": {
        "trial_id": "13",
        "task_id": "95",
        "values": "4.0, 14",
        "target_value": 27
      },
      "choice": {
        "button": "F",
        "selected_option": "OptionA"
      }
    },
    {
      "question": 23,
      "target": "Reaction Time (ms)",
      "target_value": 230,
      "options": [
        "Age (years)",
        "Driving Experience (years)"
      ],
      "optionA": {
        "trial_id": "16",
        "task_id": "25",
        "values": "45.0, 25.0",
        "target_value": 230
      },
      "optionB": {
        "trial_id": "15",
        "task_id": "25",
        "values": "50.0, 30.0",
        "target_value": 220
      },
      "choice": {
        "button": "J",
        "selected_option": "OptionB"
      }
    },
    {
      "question": 24,
      "target": "Speed on Flat Ground",
      "target_value": 23,
      "options": [
        "Bike Weight",
        "Wheel Size"
      ],
      "optionA": {
        "trial_id": "12",
        "task_id": "30",
        "values": "12.0, 28.0",
        "target_value": 23
      },
      "optionB": {
        "trial_id": "19",
        "task_id": "30",
        "values": "10.0, 27.0",
        "target_value": 25
      },
      "choice": {
        "button": "J",
        "selected_option": "OptionB"
      }
    },
    {
      "question": 25,
      "target": "Playfulness score (1-10)",
      "target_value": 8.5,
      "options": [
        "Dog weight (kg)",
        "Dog age (years)"
      ],
      "optionA": {
        "trial_id": "7",
        "task_id": "147",
        "values": "9.0, 2",
        "target_value": 8.5
      },
      "optionB": {
        "trial_id": "18",
        "task_id": "147",
        "values": "18.0, 7",
        "target_value": 3.8
      },
      "choice": {
        "button": "F",
        "selected_option": "OptionA"
      }
    },
    {
      "question": 26,
      "target": "Battery Life (hours)",
      "target_value": 14,
      "options": [
        "Phone Battery Capacity (mAh)",
        "Phone Brand (1=Premium, 2=Budget)"
      ],
      "optionA": {
        "trial_id": "6",
        "task_id": "175",
        "values": "3500.0, 2",
        "target_value": 14
      },
      "optionB": {
        "trial_id": "18",
        "task_id": "175",
        "values": "3100.0, 2",
        "target_value": 13
      },
      "choice": {
        "button": "F",
        "selected_option": "OptionA"
      }
    },
    {
      "question": 27,
      "target": "Cooling Time (min)",
      "target_value": 38,
      "options": [
        "Room Size (m²)",
        "Window Size (m²)"
      ],
      "optionA": {
        "trial_id": "11",
        "task_id": "143",
        "values": "16.0, 1.2",
        "target_value": 38
      },
      "optionB": {
        "trial_id": "1",
        "task_id": "143",
        "values": "20.0, 2.0",
        "target_value": 30
      },
      "choice": {
        "button": "F",
        "selected_option": "OptionA"
      }
    },
    {
      "question": 28,
      "target": "Garden yield (kg)",
      "target_value": 59,
      "options": [
        "Amount of fertilizer (grams)",
        "Rainfall (mm/week)"
      ],
      "optionA": {
        "trial_id": "17",
        "task_id": "92",
        "values": "260.0, 70",
        "target_value": 59
      },
      "optionB": {
        "trial_id": "5",
        "task_id": "92",
        "values": "300.0, 70",
        "target_value": 60
      },
      "choice": {
        "button": "F",
        "selected_option": "OptionA"
      }
    },
    {
      "question": 29,
      "target": "Commute time (minutes)",
      "target_value": 33,
      "options": [
        "Distance to work (miles)",
        "Number of traffic lights"
      ],
      "optionA": {
        "trial_id": "19",
        "task_id": "95",
        "values": "7.0, 11",
        "target_value": 33
      },
      "optionB": {
        "trial_id": "16",
        "task_id": "95",
        "values": "5.0, 13",
        "target_value": 31
      },
      "choice": {
        "button": "J",
        "selected_option": "OptionB"
      }
    },
    {
      "question": "attention_check_29",
      "choice": "J",
      "passed": true,
      "timestamp": 1756155443052
    },
    {
      "question": 30,
      "target": "Car Fuel Efficiency",
      "target_value": 24,
      "options": [
        "Car Engine Size",
        "Car Weight"
      ],
      "optionA": {
        "trial_id": "13",
        "task_id": "105",
        "values": "1.5, 1350",
        "target_value": 24
      },
      "optionB": {
        "trial_id": "14",
        "task_id": "168",
        "values": "3.0, 3300",
        "target_value": 21
      },
      "choice": {
        "button": "F",
        "selected_option": "OptionA"
      }
    },
    {
      "question": 31,
      "target": "Comfort (1-10)",
      "target_value": 7,
      "options": [
        "Shoe Width (cm)",
        "Arch Support (1-10)"
      ],
      "optionA": {
        "trial_id": "2",
        "task_id": "7",
        "values": "10.0, 5",
        "target_value": 7
      },
      "optionB": {
        "trial_id": "17",
        "task_id": "7",
        "values": "10.0, 6",
        "target_value": 7
      },
      "choice": {
        "button": "J",
        "selected_option": "OptionB"
      }
    },
    {
      "question": 32,
      "target": "Fuel Efficiency",
      "target_value": 29,
      "options": [
        "Car Engine Size",
        "Car Weight"
      ],
      "optionA": {
        "trial_id": "17",
        "task_id": "168",
        "values": "2.4, 3400",
        "target_value": 29
      },
      "optionB": {
        "trial_id": "13",
        "task_id": "105",
        "values": "1.5, 1350",
        "target_value": 24
      },
      "choice": {
        "button": "J",
        "selected_option": "OptionB"
      }
    },
    {
      "question": 33,
      "target": "Energy level (1-10)",
      "target_value": 10,
      "options": [
        "Hours of sleep",
        "Caffeine intake (mg)"
      ],
      "optionA": {
        "trial_id": "13",
        "task_id": "54",
        "values": "10.0, 30",
        "target_value": 10
      },
      "optionB": {
        "trial_id": "1",
        "task_id": "54",
        "values": "7.0, 100",
        "target_value": 6
      },
      "choice": {
        "button": "F",
        "selected_option": "OptionA"
      }
    },
    {
      "question": 34,
      "target": "Reading Enjoyment",
      "target_value": 9,
      "options": [
        "Book Length",
        "Author Fame"
      ],
      "optionA": {
        "trial_id": "4",
        "task_id": "131",
        "values": "500.0, 6.0",
        "target_value": 9
      },
      "optionB": {
        "trial_id": "15",
        "task_id": "131",
        "values": "1000.0, 1.0",
        "target_value": 14
      },
      "choice": {
        "button": "F",
        "selected_option": "OptionA"
      }
    },
    {
      "question": 35,
      "target": "Tree trunk volume (m³)",
      "target_value": 9,
      "options": [
        "Height (cm)",
        "Width (cm)"
      ],
      "optionA": {
        "trial_id": "17",
        "task_id": "162",
        "values": "240.0, 22",
        "target_value": 9
      },
      "optionB": {
        "trial_id": "16",
        "task_id": "162",
        "values": "140.0, 44",
        "target_value": 2
      },
      "choice": {
        "button": "J",
        "selected_option": "OptionB"
      }
    },
    {
      "question": 36,
      "target": "Popularity",
      "target_value": 78,
      "options": [
        "Book age",
        "Page count"
      ],
      "optionA": {
        "trial_id": "8",
        "task_id": "134",
        "values": "6.0, 380",
        "target_value": 78
      },
      "optionB": {
        "trial_id": "16",
        "task_id": "134",
        "values": "10.0, 390",
        "target_value": 71
      },
      "choice": {
        "button": "J",
        "selected_option": "OptionB"
      }
    },
    {
      "question": 37,
      "target": "Favorability",
      "target_value": 6,
      "options": [
        "Coffee strength",
        "Coffee cream"
      ],
      "optionA": {
        "trial_id": "6",
        "task_id": "57",
        "values": "7.0, 0.5",
        "target_value": 6
      },
      "optionB": {
        "trial_id": "18",
        "task_id": "57",
        "values": "4.0, 0.6",
        "target_value": 3
      },
      "choice": {
        "button": "F",
        "selected_option": "OptionA"
      }
    },
    {
      "question": 38,
      "target": "Heart rate",
      "target_value": 72,
      "options": [
        "Age",
        "Exercise hours"
      ],
      "optionA": {
        "trial_id": "15",
        "task_id": "77",
        "values": "45.0, 4",
        "target_value": 72
      },
      "optionB": {
        "trial_id": "15",
        "task_id": "77",
        "values": "45.0, 4",
        "target_value": 72
      },
      "choice": {
        "button": "F",
        "selected_option": "OptionA"
      }
    },
    {
      "question": 39,
      "target": "Growth Rate (cm/week)",
      "target_value": 4,
      "options": [
        "Plant Height (cm)",
        "Sunlight (hours/day)"
      ],
      "optionA": {
        "trial_id": "19",
        "task_id": "4",
        "values": "30.0, 4",
        "target_value": 4
      },
      "optionB": {
        "trial_id": "2",
        "task_id": "4",
        "values": "40.0, 5",
        "target_value": 6
      },
      "choice": {
        "button": "J",
        "selected_option": "OptionB"
      }
    },
    {
      "question": "attention_check_39",
      "choice": "F",
      "passed": true,
      "timestamp": 1756155554833
    },
    {
      "question": 40,
      "target": "Warmth Rating (1-10)",
      "target_value": 11.5,
      "options": [
        "Shirt Thickness (mm)",
        "Shirt Weight (g)"
      ],
      "optionA": {
        "trial_id": "19",
        "task_id": "35",
        "values": "6.5, 115.0",
        "target_value": 11.5
      },
      "optionB": {
        "trial_id": "10",
        "task_id": "35",
        "values": "5.0, 120.0",
        "target_value": 10
      },
      "choice": {
        "button": "F",
        "selected_option": "OptionA"
      }
    },
    {
      "question": 41,
      "target": "Fuel consumption (liters per 100km)",
      "target_value": 7.6,
      "options": [
        "Car engine size (liters)",
        "Car weight (kg)"
      ],
      "optionA": {
        "trial_id": "18",
        "task_id": "113",
        "values": "2.0, 1400",
        "target_value": 7.6
      },
      "optionB": {
        "trial_id": "14",
        "task_id": "113",
        "values": "1.7, 1500",
        "target_value": 7
      },
      "choice": {
        "button": "J",
        "selected_option": "OptionB"
      }
    },
    {
      "question": 42,
      "target": "User Satisfaction",
      "target_value": 8.7,
      "options": [
        "Smartphone Price",
        "Battery Capacity"
      ],
      "optionA": {
        "trial_id": "12",
        "task_id": "31",
        "values": "500.0, 4400.0",
        "target_value": 8.7
      },
      "optionB": {
        "trial_id": "7",
        "task_id": "31",
        "values": "700.0, 3200.0",
        "target_value": 8.3
      },
      "choice": {
        "button": "F",
        "selected_option": "OptionA"
      }
    },
    {
      "question": 43,
      "target": "Enjoyment Score",
      "target_value": 4.3,
      "options": [
        "Book Thickness",
        "Number of Reviews"
      ],
      "optionA": {
        "trial_id": "11",
        "task_id": "27",
        "values": "450.0, 100.0",
        "target_value": 4.3
      },
      "optionB": {
        "trial_id": "10",
        "task_id": "27",
        "values": "500.0, 80.0",
        "target_value": 4.1
      },
      "choice": {
        "button": "F",
        "selected_option": "OptionA"
      }
    },
    {
      "question": 44,
      "target": "Heart Health Score",
      "target_value": 83,
      "options": [
        "Age (years)",
        "Exercise Frequency"
      ],
      "optionA": {
        "trial_id": "4",
        "task_id": "149",
        "values": "35.0, 5.0",
        "target_value": 83
      },
      "optionB": {
        "trial_id": "17",
        "task_id": "149",
        "values": "29.0, 4.0",
        "target_value": 87
      },
      "choice": {
        "button": "J",
        "selected_option": "OptionB"
      }
    },
    {
      "question": 45,
      "target": "Battery Life (hours)",
      "target_value": 13,
      "options": [
        "Phone RAM (GB)",
        "Screen Size (inches)"
      ],
      "optionA": {
        "trial_id": "18",
        "task_id": "104",
        "values": "5.0, 7.0",
        "target_value": 13
      },
      "optionB": {
        "trial_id": "16",
        "task_id": "104",
        "values": "7.0, 6.9",
        "target_value": 15
      },
      "choice": {
        "button": "F",
        "selected_option": "OptionA"
      }
    },
    {
      "question": 46,
      "target": "Portability",
      "target_value": 7,
      "options": [
        "Battery Life",
        "Weight"
      ],
      "optionA": {
        "trial_id": "9",
        "task_id": "68",
        "values": "24.0, 550",
        "target_value": 7
      },
      "optionB": {
        "trial_id": "16",
        "task_id": "68",
        "values": "24.0, 550",
        "target_value": 7
      },
      "choice": {
        "button": "F",
        "selected_option": "OptionA"
      }
    },
    {
      "question": 47,
      "target": "Market value",
      "target_value": 300,
      "options": [
        "House size",
        "House floors"
      ],
      "optionA": {
        "trial_id": "4",
        "task_id": "64",
        "values": "200.0, 2.0",
        "target_value": 300
      },
      "optionB": {
        "trial_id": "19",
        "task_id": "64",
        "values": "200.0, 2.0",
        "target_value": 300
      },
      "choice": {
        "button": "F",
        "selected_option": "OptionA"
      }
    },
    {
      "question": 48,
      "target": "Exam Score",
      "target_value": 84,
      "options": [
        "Study Time (hours)",
        "Intelligence Score"
      ],
      "optionA": {
        "trial_id": "19",
        "task_id": "157",
        "values": "5.0, 85.0",
        "target_value": 84
      },
      "optionB": {
        "trial_id": "4",
        "task_id": "157",
        "values": "6.0, 65.0",
        "target_value": 85
      },
      "choice": {
        "button": "F",
        "selected_option": "OptionA"
      }
    },
    {
      "question": 49,
      "target": "BMI",
      "target_value": 28.7,
      "options": [
        "Height",
        "Weight"
      ],
      "optionA": {
        "trial_id": "16",
        "task_id": "17",
        "values": "145.0, 60",
        "target_value": 28.7
      },
      "optionB": {
        "trial_id": "7",
        "task_id": "17",
        "values": "190.0, 80",
        "target_value": 22.2
      },
      "choice": {
        "button": "F",
        "selected_option": "OptionA"
      }
    },
    {
      "question": 50,
      "target": "Customer satisfaction (1-10)",
      "target_value": 6.5,
      "options": [
        "Number of reviews",
        "Price (in $)"
      ],
      "optionA": {
        "trial_id": "7",
        "task_id": "56",
        "values": "80.0, 65",
        "target_value": 6.5
      },
      "optionB": {
        "trial_id": "12",
        "task_id": "56",
        "values": "250.0, 45",
        "target_value": 9.5
      },
      "choice": {
        "button": "J",
        "selected_option": "OptionB"
      }
    }
  ]
}