{
  "prolific_id": "UNKNOWN",
  "condition_group": "ranking",
  "responses": [
    {
      "question": 1,
      "target": "BMI",
      "target_value": 21.6,
      "options": [
        "Height",
        "Weight"
      ],
      "optionA": {
        "trial_id": "1",
        "task_id": "17",
        "values": "180.0, 70",
        "target_value": 21.6
      },
      "optionB": {
        "trial_id": "5",
        "task_id": "17",
        "values": "160.0, 60",
        "target_value": 23.4
      },
      "choice": {
        "button": "J",
        "selected_option": "OptionB"
      }
    },
    {
      "question": 2,
      "target": "App Performance (1-10)",
      "target_value": 7,
      "options": [
        "Phone RAM (GB)",
        "Phone Brand (1=Premium, 2=Budget)"
      ],
      "optionA": {
        "trial_id": "7",
        "task_id": "176",
        "values": "4.0, 1",
        "target_value": 7
      },
      "optionB": {
        "trial_id": "3",
        "task_id": "176",
        "values": "6.0, 1",
        "target_value": 8
      },
      "choice": {
        "button": "J",
        "selected_option": "OptionB"
      }
    },
    {
      "question": 3,
      "target": "Tastiness",
      "target_value": 5,
      "options": [
        "Pizza size (inches)",
        "Cheese amount (g)"
      ],
      "optionA": {
        "trial_id": "8",
        "task_id": "121",
        "values": "18.0, 140",
        "target_value": 5
      },
      "optionB": {
        "trial_id": "11",
        "task_id": "121",
        "values": "14.0, 160",
        "target_value": 6
      },
      "choice": {
        "button": "J",
        "selected_option": "OptionB"
      }
    },
    {
      "question": 4,
      "target": "Training time",
      "target_value": 25,
      "options": [
        "Dog weight",
        "Dog breed"
      ],
      "optionA": {
        "trial_id": "2",
        "task_id": "59",
        "values": "15.0, 2.0",
        "target_value": 25
      },
      "optionB": {
        "trial_id": "5",
        "task_id": "59",
        "values": "18.0, 2.0",
        "target_value": 28
      },
      "choice": {
        "button": "F",
        "selected_option": "OptionA"
      }
    },
    {
      "question": 5,
      "target": "Strength",
      "target_value": 5,
      "options": [
        "Tea leaves (g)",
        "Water temperature (°C)"
      ],
      "optionA": {
        "trial_id": "15",
        "task_id": "120",
        "values": "8.0, 82",
        "target_value": 5
      },
      "optionB": {
        "trial_id": "8",
        "task_id": "120",
        "values": "8.0, 85",
        "target_value": 5
      },
      "choice": {
        "button": "J",
        "selected_option": "OptionB"
      }
    },
    {
      "question": 6,
      "target": "Amount of natural light (lux)",
      "target_value": 1600,
      "options": [
        "Room size (sq ft)",
        "Number of windows"
      ],
      "optionA": {
        "trial_id": "8",
        "task_id": "94",
        "values": "250.0, 2",
        "target_value": 1600
      },
      "optionB": {
        "trial_id": "20",
        "task_id": "94",
        "values": "230.0, 4",
        "target_value": 1550
      },
      "choice": {
        "button": "J",
        "selected_option": "OptionB"
      }
    },
    {
      "question": 7,
      "target": "Exam Score",
      "target_value": 72,
      "options": [
        "Study Time",
        "Coffee Consumption"
      ],
      "optionA": {
        "trial_id": "10",
        "task_id": "14",
        "values": "5.0, 7",
        "target_value": 72
      },
      "optionB": {
        "trial_id": "13",
        "task_id": "14",
        "values": "5.0, 3",
        "target_value": 83
      },
      "choice": {
        "button": "F",
        "selected_option": "OptionA"
      }
    },
    {
      "question": 8,
      "target": "Energy Level",
      "target_value": 3,
      "options": [
        "Age of Dog (years)",
        "Size (lbs)"
      ],
      "optionA": {
        "trial_id": "14",
        "task_id": "159",
        "values": "6.0, 30.0",
        "target_value": 3
      },
      "optionB": {
        "trial_id": "10",
        "task_id": "159",
        "values": "3.0, 22.0",
        "target_value": 5
      },
      "choice": {
        "button": "F",
        "selected_option": "OptionA"
      }
    },
    {
      "question": 9,
      "target": "Amount of natural light (lux)",
      "target_value": 1600,
      "options": [
        "Room size (sq ft)",
        "Number of windows"
      ],
      "optionA": {
        "trial_id": "8",
        "task_id": "94",
        "values": "250.0, 2",
        "target_value": 1600
      },
      "optionB": {
        "trial_id": "11",
        "task_id": "94",
        "values": "230.0, 4",
        "target_value": 1550
      },
      "choice": {
        "button": "J",
        "selected_option": "OptionB"
      }
    },
    {
      "question": "attention_check_9",
      "choice": "J",
      "passed": true,
      "timestamp": 1756154820495
    },
    {
      "question": 10,
      "target": "Ease of Use (1-10)",
      "target_value": 5,
      "options": [
        "Bag Weight (kg)",
        "Number of Compartments"
      ],
      "optionA": {
        "trial_id": "9",
        "task_id": "6",
        "values": "4.0, 6",
        "target_value": 5
      },
      "optionB": {
        "trial_id": "5",
        "task_id": "6",
        "values": "1.5, 2",
        "target_value": 9
      },
      "choice": {
        "button": "F",
        "selected_option": "OptionA"
      }
    },
    {
      "question": 11,
      "target": "Strength",
      "target_value": 7,
      "options": [
        "Tea leaves (g)",
        "Water temperature (°C)"
      ],
      "optionA": {
        "trial_id": "2",
        "task_id": "120",
        "values": "6.0, 95",
        "target_value": 7
      },
      "optionB": {
        "trial_id": "11",
        "task_id": "120",
        "values": "6.0, 88",
        "target_value": 7
      },
      "choice": {
        "button": "F",
        "selected_option": "OptionA"
      }
    },
    {
      "question": 12,
      "target": "Heart rate",
      "target_value": 63,
      "options": [
        "Age",
        "Exercise hours"
      ],
      "optionA": {
        "trial_id": "12",
        "task_id": "77",
        "values": "30.0, 5",
        "target_value": 63
      },
      "optionB": {
        "trial_id": "17",
        "task_id": "77",
        "values": "30.0, 6",
        "target_value": 65
      },
      "choice": {
        "button": "J",
        "selected_option": "OptionB"
      }
    },
    {
      "question": 13,
      "target": "Value for Money",
      "target_value": 43,
      "options": [
        "Price",
        "Weight"
      ],
      "optionA": {
        "trial_id": "18",
        "task_id": "20",
        "values": "100.0, 1.8",
        "target_value": 43
      },
      "optionB": {
        "trial_id": "2",
        "task_id": "20",
        "values": "120.0, 1.5",
        "target_value": 40
      },
      "choice": {
        "button": "J",
        "selected_option": "OptionB"
      }
    },
    {
      "question": 14,
      "target": "Salary",
      "target_value": 70000,
      "options": [
        "Experience",
        "Years since graduation"
      ],
      "optionA": {
        "trial_id": "5",
        "task_id": "76",
        "values": "8.0, 10",
        "target_value": 70000
      },
      "optionB": {
        "trial_id": "8",
        "task_id": "76",
        "values": "13.0, 9",
        "target_value": 85000
      },
      "choice": {
        "button": "J",
        "selected_option": "OptionB"
      }
    },
    {
      "question": 15,
      "target": "Exam score (%)",
      "target_value": 65,
      "options": [
        "Time spent studying (hours)",
        "Number of breaks (times)"
      ],
      "optionA": {
        "trial_id": "18",
        "task_id": "139",
        "values": "4.0, 4",
        "target_value": 65
      },
      "optionB": {
        "trial_id": "12",
        "task_id": "89",
        "values": "4.0, 3",
        "target_value": 75
      },
      "choice": {
        "button": "J",
        "selected_option": "OptionB"
      }
    },
    {
      "question": 16,
      "target": "Value for Money",
      "target_value": 38,
      "options": [
        "Price",
        "Weight"
      ],
      "optionA": {
        "trial_id": "11",
        "task_id": "20",
        "values": "120.0, 1.8",
        "target_value": 38
      },
      "optionB": {
        "trial_id": "8",
        "task_id": "20",
        "values": "100.0, 2.0",
        "target_value": 40
      },
      "choice": {
        "button": "F",
        "selected_option": "OptionA"
      }
    },
    {
      "question": 17,
      "target": "Water Usage (ml/day)",
      "target_value": 170,
      "options": [
        "Plant Height",
        "Plant Leaves"
      ],
      "optionA": {
        "trial_id": "6",
        "task_id": "73",
        "values": "45.0, 13.0",
        "target_value": 170
      },
      "optionB": {
        "trial_id": "2",
        "task_id": "73",
        "values": "40.0, 12.0",
        "target_value": 180
      },
      "choice": {
        "button": "F",
        "selected_option": "OptionA"
      }
    },
    {
      "question": 18,
      "target": "Usage Time",
      "target_value": 14,
      "options": [
        "Battery Capacity",
        "Weight"
      ],
      "optionA": {
        "trial_id": "19",
        "task_id": "22",
        "values": "5000.0, 190.0",
        "target_value": 14
      },
      "optionB": {
        "trial_id": "17",
        "task_id": "22",
        "values": "4000.0, 220.0",
        "target_value": 11
      },
      "choice": {
        "button": "F",
        "selected_option": "OptionA"
      }
    },
    {
      "question": 19,
      "target": "Fuel Efficiency (km/L)",
      "target_value": 14,
      "options": [
        "Car Weight (kg)",
        "Engine Power (hp)"
      ],
      "optionA": {
        "trial_id": "3",
        "task_id": "3",
        "values": "1300.0, 90",
        "target_value": 14
      },
      "optionB": {
        "trial_id": "2",
        "task_id": "3",
        "values": "1400.0, 120",
        "target_value": 13
      },
      "choice": {
        "button": "F",
        "selected_option": "OptionA"
      }
    },
    {
      "question": "attention_check_19",
      "choice": "F",
      "passed": true,
      "timestamp": 1756154922287
    },
    {
      "question": 20,
      "target": "Car Value",
      "target_value": 40000,
      "options": [
        "Age (years)",
        "Mileage (km)"
      ],
      "optionA": {
        "trial_id": "2",
        "task_id": "127",
        "values": "3.0, 15000",
        "target_value": 40000
      },
      "optionB": {
        "trial_id": "20",
        "task_id": "127",
        "values": "6.0, 25000",
        "target_value": 33000
      },
      "choice": {
        "button": "J",
        "selected_option": "OptionB"
      }
    },
    {
      "question": 21,
      "target": "Value",
      "target_value": 7,
      "options": [
        "Price",
        "Size"
      ],
      "optionA": {
        "trial_id": "9",
        "task_id": "67",
        "values": "110.0, 50",
        "target_value": 7
      },
      "optionB": {
        "trial_id": "1",
        "task_id": "67",
        "values": "100.0, 50",
        "target_value": 8
      },
      "choice": {
        "button": "F",
        "selected_option": "OptionA"
      }
    },
    {
      "question": 22,
      "target": "Speed (km/h)",
      "target_value": 25,
      "options": [
        "Bicycle weight (kg)",
        "Wheel size (inches)"
      ],
      "optionA": {
        "trial_id": "1",
        "task_id": "119",
        "values": "10.0, 26",
        "target_value": 25
      },
      "optionB": {
        "trial_id": "9",
        "task_id": "119",
        "values": "13.0, 26",
        "target_value": 24
      },
      "choice": {
        "button": "F",
        "selected_option": "OptionA"
      }
    },
    {
      "question": 23,
      "target": "Reading time (hours)",
      "target_value": 5.4,
      "options": [
        "Book pages",
        "Book weight (g)"
      ],
      "optionA": {
        "trial_id": "4",
        "task_id": "114",
        "values": "450.0, 370",
        "target_value": 5.4
      },
      "optionB": {
        "trial_id": "3",
        "task_id": "114",
        "values": "500.0, 320",
        "target_value": 6
      },
      "choice": {
        "button": "F",
        "selected_option": "OptionA"
      }
    },
    {
      "question": 24,
      "target": "Battery Life",
      "target_value": 18,
      "options": [
        "Phone Battery Capacity",
        "Screen Size"
      ],
      "optionA": {
        "trial_id": "1",
        "task_id": "28",
        "values": "4000.0, 6.1",
        "target_value": 18
      },
      "optionB": {
        "trial_id": "10",
        "task_id": "28",
        "values": "4000.0, 6.6",
        "target_value": 19
      },
      "choice": {
        "button": "F",
        "selected_option": "OptionA"
      }
    },
    {
      "question": 25,
      "target": "Flower Size (inches)",
      "target_value": 4,
      "options": [
        "Plant Height (inches)",
        "Plant Width (inches)"
      ],
      "optionA": {
        "trial_id": "12",
        "task_id": "152",
        "values": "13.0, 6.0",
        "target_value": 4
      },
      "optionB": {
        "trial_id": "20",
        "task_id": "152",
        "values": "12.0, 6.0",
        "target_value": 4
      },
      "choice": {
        "button": "F",
        "selected_option": "OptionA"
      }
    },
    {
      "question": 26,
      "target": "Flower Size",
      "target_value": 4,
      "options": [
        "Plant Height",
        "Number of Leaves"
      ],
      "optionA": {
        "trial_id": "7",
        "task_id": "80",
        "values": "27.0, 15",
        "target_value": 4
      },
      "optionB": {
        "trial_id": "16",
        "task_id": "80",
        "values": "28.0, 14",
        "target_value": 4
      },
      "choice": {
        "button": "F",
        "selected_option": "OptionA"
      }
    },
    {
      "question": 27,
      "target": "User Satisfaction",
      "target_value": 8.5,
      "options": [
        "Smartphone Price",
        "Battery Capacity"
      ],
      "optionA": {
        "trial_id": "19",
        "task_id": "31",
        "values": "600.0, 3900.0",
        "target_value": 8.5
      },
      "optionB": {
        "trial_id": "9",
        "task_id": "31",
        "values": "450.0, 3500.0",
        "target_value": 8.9
      },
      "choice": {
        "button": "F",
        "selected_option": "OptionA"
      }
    },
    {
      "question": 28,
      "target": "App Performance (1-10)",
      "target_value": 6,
      "options": [
        "Phone RAM (GB)",
        "Phone Brand (1=Premium, 2=Budget)"
      ],
      "optionA": {
        "trial_id": "10",
        "task_id": "176",
        "values": "6.0, 2",
        "target_value": 6
      },
      "optionB": {
        "trial_id": "19",
        "task_id": "176",
        "values": "8.0, 1",
        "target_value": 9
      },
      "choice": {
        "button": "J",
        "selected_option": "OptionB"
      }
    },
    {
      "question": 29,
      "target": "Retention Rate (%)",
      "target_value": 90,
      "options": [
        "Study Time (hours)",
        "Number of Distractions"
      ],
      "optionA": {
        "trial_id": "19",
        "task_id": "161",
        "values": "4.0, 0",
        "target_value": 90
      },
      "optionB": {
        "trial_id": "1",
        "task_id": "161",
        "values": "3.0, 2",
        "target_value": 70
      },
      "choice": {
        "button": "F",
        "selected_option": "OptionA"
      }
    },
    {
      "question": "attention_check_29",
      "choice": "J",
      "passed": true,
      "timestamp": 1756155030205
    },
    {
      "question": 30,
      "target": "Deliciousness",
      "target_value": 4,
      "options": [
        "Cooking time",
        "Ingredients"
      ],
      "optionA": {
        "trial_id": "11",
        "task_id": "125",
        "values": "60.0, 2.0",
        "target_value": 4
      },
      "optionB": {
        "trial_id": "17",
        "task_id": "125",
        "values": "80.0, 0.0",
        "target_value": 2
      },
      "choice": {
        "button": "F",
        "selected_option": "OptionA"
      }
    },
    {
      "question": 31,
      "target": "Value",
      "target_value": 8,
      "options": [
        "Price",
        "Size"
      ],
      "optionA": {
        "trial_id": "1",
        "task_id": "67",
        "values": "100.0, 50",
        "target_value": 8
      },
      "optionB": {
        "trial_id": "6",
        "task_id": "21",
        "values": "110.0, 8.0",
        "target_value": 74
      },
      "choice": {
        "button": "J",
        "selected_option": "OptionB"
      }
    },
    {
      "question": 32,
      "target": "Taste rating (1-10)",
      "target_value": 5,
      "options": [
        "Number of ingredients (count)",
        "Prep time (minutes)"
      ],
      "optionA": {
        "trial_id": "14",
        "task_id": "97",
        "values": "14.0, 20",
        "target_value": 5
      },
      "optionB": {
        "trial_id": "17",
        "task_id": "97",
        "values": "12.0, 25",
        "target_value": 6
      },
      "choice": {
        "button": "J",
        "selected_option": "OptionB"
      }
    },
    {
      "question": 33,
      "target": "Flower size (cm)",
      "target_value": 3.8,
      "options": [
        "Plant height (cm)",
        "Plant age (months)"
      ],
      "optionA": {
        "trial_id": "10",
        "task_id": "146",
        "values": "37.0, 7",
        "target_value": 3.8
      },
      "optionB": {
        "trial_id": "2",
        "task_id": "146",
        "values": "40.0, 6",
        "target_value": 3
      },
      "choice": {
        "button": "J",
        "selected_option": "OptionB"
      }
    },
    {
      "question": 34,
      "target": "Battery life (hours)",
      "target_value": 7.7,
      "options": [
        "Laptop weight (kg)",
        "Screen size (inches)"
      ],
      "optionA": {
        "trial_id": "15",
        "task_id": "118",
        "values": "1.5, 12",
        "target_value": 7.7
      },
      "optionB": {
        "trial_id": "18",
        "task_id": "118",
        "values": "1.4, 15",
        "target_value": 6.8
      },
      "choice": {
        "button": "J",
        "selected_option": "OptionB"
      }
    },
    {
      "question": 35,
      "target": "Exam score",
      "target_value": 82,
      "options": [
        "Study hours",
        "Intelligence score"
      ],
      "optionA": {
        "trial_id": "2",
        "task_id": "122",
        "values": "4.0, 80.0",
        "target_value": 82
      },
      "optionB": {
        "trial_id": "7",
        "task_id": "122",
        "values": "7.0, 75.0",
        "target_value": 90
      },
      "choice": {
        "button": "F",
        "selected_option": "OptionA"
      }
    },
    {
      "question": 36,
      "target": "Rent (per month)",
      "target_value": 1100,
      "options": [
        "Distance from center (km)",
        "Size (m²)"
      ],
      "optionA": {
        "trial_id": "5",
        "task_id": "53",
        "values": "6.0, 60",
        "target_value": 1100
      },
      "optionB": {
        "trial_id": "17",
        "task_id": "53",
        "values": "2.0, 40",
        "target_value": 1400
      },
      "choice": {
        "button": "F",
        "selected_option": "OptionA"
      }
    },
    {
      "question": 37,
      "target": "Battery life",
      "target_value": 38,
      "options": [
        "Phone battery",
        "Phone size"
      ],
      "optionA": {
        "trial_id": "11",
        "task_id": "62",
        "values": "6500.0, 9.0",
        "target_value": 38
      },
      "optionB": {
        "trial_id": "9",
        "task_id": "62",
        "values": "5500.0, 12.0",
        "target_value": 32
      },
      "choice": {
        "button": "F",
        "selected_option": "OptionA"
      }
    },
    {
      "question": 38,
      "target": "Battery life",
      "target_value": 12,
      "options": [
        "Battery capacity",
        "Weight"
      ],
      "optionA": {
        "trial_id": "1",
        "task_id": "75",
        "values": "5000.0, 200",
        "target_value": 12
      },
      "optionB": {
        "trial_id": "2",
        "task_id": "75",
        "values": "4000.0, 250",
        "target_value": 10
      },
      "choice": {
        "button": "F",
        "selected_option": "OptionA"
      }
    },
    {
      "question": 39,
      "target": "Calories burned",
      "target_value": 360,
      "options": [
        "Exercise time (min)",
        "Heart rate (bpm)"
      ],
      "optionA": {
        "trial_id": "19",
        "task_id": "116",
        "values": "50.0, 95",
        "target_value": 360
      },
      "optionB": {
        "trial_id": "1",
        "task_id": "116",
        "values": "30.0, 100",
        "target_value": 250
      },
      "choice": {
        "button": "J",
        "selected_option": "OptionB"
      }
    },
    {
      "question": "attention_check_39",
      "choice": "F",
      "passed": true,
      "timestamp": 1756155218348
    },
    {
      "question": 40,
      "target": "Exam score",
      "target_value": 80,
      "options": [
        "Time spent studying",
        "Time spent watching TV"
      ],
      "optionA": {
        "trial_id": "9",
        "task_id": "100",
        "values": "6.0, 2.0",
        "target_value": 80
      },
      "optionB": {
        "trial_id": "5",
        "task_id": "100",
        "values": "7.0, 1.0",
        "target_value": 95
      },
      "choice": {
        "button": "J",
        "selected_option": "OptionB"
      }
    },
    {
      "question": 41,
      "target": "Flower Size",
      "target_value": 5,
      "options": [
        "Plant Height",
        "Number of Leaves"
      ],
      "optionA": {
        "trial_id": "1",
        "task_id": "80",
        "values": "30.0, 10",
        "target_value": 5
      },
      "optionB": {
        "trial_id": "13",
        "task_id": "80",
        "values": "34.0, 9",
        "target_value": 6
      },
      "choice": {
        "button": "F",
        "selected_option": "OptionA"
      }
    },
    {
      "question": 42,
      "target": "House Price",
      "target_value": 300,
      "options": [
        "House Size",
        "Housing Age"
      ],
      "optionA": {
        "trial_id": "1",
        "task_id": "99",
        "values": "150.0, 10",
        "target_value": 300
      },
      "optionB": {
        "trial_id": "15",
        "task_id": "99",
        "values": "280.0, 12",
        "target_value": 450
      },
      "choice": {
        "button": "J",
        "selected_option": "OptionB"
      }
    },
    {
      "question": 43,
      "target": "Bike Speed",
      "target_value": 24,
      "options": [
        "Bike Weight",
        "Bike Frame Size"
      ],
      "optionA": {
        "trial_id": "13",
        "task_id": "106",
        "values": "11.0, 21",
        "target_value": 24
      },
      "optionB": {
        "trial_id": "3",
        "task_id": "106",
        "values": "9.0, 18",
        "target_value": 26
      },
      "choice": {
        "button": "J",
        "selected_option": "OptionB"
      }
    },
    {
      "question": 44,
      "target": "Maximum heart rate (bpm)",
      "target_value": 160,
      "options": [
        "Age (years)",
        "Height (cm)"
      ],
      "optionA": {
        "trial_id": "9",
        "task_id": "52",
        "values": "40.0, 170",
        "target_value": 160
      },
      "optionB": {
        "trial_id": "15",
        "task_id": "52",
        "values": "32.0, 174",
        "target_value": 182
      },
      "choice": {
        "button": "J",
        "selected_option": "OptionB"
      }
    },
    {
      "question": 45,
      "target": "Shadow coverage",
      "target_value": 70,
      "options": [
        "Tree height",
        "Tree thickness"
      ],
      "optionA": {
        "trial_id": "1",
        "task_id": "58",
        "values": "10.0, 2.0",
        "target_value": 70
      },
      "optionB": {
        "trial_id": "17",
        "task_id": "58",
        "values": "13.0, 2.0",
        "target_value": 80
      },
      "choice": {
        "button": "J",
        "selected_option": "OptionB"
      }
    },
    {
      "question": 46,
      "target": "Exam Score (points)",
      "target_value": 65,
      "options": [
        "Study Time (hours)",
        "Distractions (number)"
      ],
      "optionA": {
        "trial_id": "11",
        "task_id": "23",
        "values": "4.0, 4",
        "target_value": 65
      },
      "optionB": {
        "trial_id": "16",
        "task_id": "23",
        "values": "6.0, 1",
        "target_value": 78
      },
      "choice": {
        "button": "J",
        "selected_option": "OptionB"
      }
    },
    {
      "question": 47,
      "target": "Flower size (cm)",
      "target_value": 4,
      "options": [
        "Plant height (cm)",
        "Plant age (months)"
      ],
      "optionA": {
        "trial_id": "14",
        "task_id": "146",
        "values": "36.0, 6",
        "target_value": 4
      },
      "optionB": {
        "trial_id": "6",
        "task_id": "146",
        "values": "38.0, 8",
        "target_value": 3.5
      },
      "choice": {
        "button": "J",
        "selected_option": "OptionB"
      }
    },
    {
      "question": 48,
      "target": "Dog Obedience Score",
      "target_value": 7.5,
      "options": [
        "Dog Training Hours",
        "Dog Distractions"
      ],
      "optionA": {
        "trial_id": "8",
        "task_id": "12",
        "values": "6.0, 5",
        "target_value": 7.5
      },
      "optionB": {
        "trial_id": "16",
        "task_id": "12",
        "values": "14.0, 0",
        "target_value": 9
      },
      "choice": {
        "button": "J",
        "selected_option": "OptionB"
      }
    },
    {
      "question": 49,
      "target": "Battery Life (hours)",
      "target_value": 9,
      "options": [
        "Phone Battery (mAh)",
        "Screen Brightness (%)"
      ],
      "optionA": {
        "trial_id": "9",
        "task_id": "5",
        "values": "4000.0, 80",
        "target_value": 9
      },
      "optionB": {
        "trial_id": "6",
        "task_id": "5",
        "values": "3500.0, 70",
        "target_value": 8
      },
      "choice": {
        "button": "F",
        "selected_option": "OptionA"
      }
    },
    {
      "question": 50,
      "target": "Comfort",
      "target_value": 7,
      "options": [
        "Age",
        "Size"
      ],
      "optionA": {
        "trial_id": "10",
        "task_id": "66",
        "values": "6.0, 25",
        "target_value": 7
      },
      "optionB": {
        "trial_id": "14",
        "task_id": "66",
        "values": "8.0, 20",
        "target_value": 6
      },
      "choice": {
        "button": "F",
        "selected_option": "OptionA"
      }
    }
  ]
}