{
  "prolific_id": "UNKNOWN",
  "condition_group": "ranking",
  "responses": [
    {
      "question": 1,
      "target": "Lighting (lux)",
      "target_value": 700,
      "options": [
        "Room size (m2)",
        "Number of windows"
      ],
      "optionA": {
        "trial_id": "5",
        "task_id": "115",
        "values": "30.0, 2",
        "target_value": 700
      },
      "optionB": {
        "trial_id": "3",
        "task_id": "115",
        "values": "25.0, 1",
        "target_value": 600
      },
      "choice": {
        "button": "F",
        "selected_option": "OptionA"
      }
    },
    {
      "question": 2,
      "target": "Taste rating (1-10)",
      "target_value": 5,
      "options": [
        "Number of ingredients (count)",
        "Prep time (minutes)"
      ],
      "optionA": {
        "trial_id": "9",
        "task_id": "97",
        "values": "18.0, 15",
        "target_value": 5
      },
      "optionB": {
        "trial_id": "9",
        "task_id": "97",
        "values": "18.0, 15",
        "target_value": 5
      },
      "choice": {
        "button": "J",
        "selected_option": "OptionB"
      }
    },
    {
      "question": 3,
      "target": "Weight Loss (lbs)",
      "target_value": 7,
      "options": [
        "Exercise Minutes",
        "Diet Score (1-10)"
      ],
      "optionA": {
        "trial_id": "11",
        "task_id": "112",
        "values": "80.0, 9",
        "target_value": 7
      },
      "optionB": {
        "trial_id": "1",
        "task_id": "112",
        "values": "30.0, 8",
        "target_value": 2
      },
      "choice": {
        "button": "F",
        "selected_option": "OptionA"
      }
    },
    {
      "question": 4,
      "target": "Fuel Efficiency",
      "target_value": 29,
      "options": [
        "Car Engine Size",
        "Car Weight"
      ],
      "optionA": {
        "trial_id": "7",
        "task_id": "168",
        "values": "2.0, 3600",
        "target_value": 29
      },
      "optionB": {
        "trial_id": "5",
        "task_id": "105",
        "values": "2.5, 1700",
        "target_value": 16
      },
      "choice": {
        "button": "J",
        "selected_option": "OptionB"
      }
    },
    {
      "question": 5,
      "target": "Walking speed (km/h)",
      "target_value": 4.3,
      "options": [
        "Person height (cm)",
        "Age (years)"
      ],
      "optionA": {
        "trial_id": "4",
        "task_id": "163",
        "values": "165.0, 35.0",
        "target_value": 4.3
      },
      "optionB": {
        "trial_id": "2",
        "task_id": "163",
        "values": "170.0, 40.0",
        "target_value": 4.5
      },
      "choice": {
        "button": "F",
        "selected_option": "OptionA"
      }
    },
    {
      "question": 6,
      "target": "Exam score",
      "target_value": 85,
      "options": [
        "Study time",
        "Hours slept"
      ],
      "optionA": {
        "trial_id": "15",
        "task_id": "102",
        "values": "4.0, 7",
        "target_value": 85
      },
      "optionB": {
        "trial_id": "5",
        "task_id": "102",
        "values": "4.0, 6",
        "target_value": 85
      },
      "choice": {
        "button": "F",
        "selected_option": "OptionA"
      }
    },
    {
      "question": 7,
      "target": "Battery Life",
      "target_value": 19,
      "options": [
        "Phone Battery Capacity",
        "Screen Size"
      ],
      "optionA": {
        "trial_id": "15",
        "task_id": "28",
        "values": "3800.0, 5.7",
        "target_value": 19
      },
      "optionB": {
        "trial_id": "3",
        "task_id": "28",
        "values": "5000.0, 5.8",
        "target_value": 22
      },
      "choice": {
        "button": "J",
        "selected_option": "OptionB"
      }
    },
    {
      "question": 8,
      "target": "Health index",
      "target_value": 60,
      "options": [
        "Age",
        "Exercise hours"
      ],
      "optionA": {
        "trial_id": "7",
        "task_id": "82",
        "values": "60.0, 1",
        "target_value": 60
      },
      "optionB": {
        "trial_id": "3",
        "task_id": "82",
        "values": "50.0, 1",
        "target_value": 70
      },
      "choice": {
        "button": "J",
        "selected_option": "OptionB"
      }
    },
    {
      "question": 9,
      "target": "Morning alertness (1-10)",
      "target_value": 4,
      "options": [
        "Amount of sleep (hours)",
        "Time to bed (minutes past 10pm)"
      ],
      "optionA": {
        "trial_id": "13",
        "task_id": "96",
        "values": "6.0, 60",
        "target_value": 4
      },
      "optionB": {
        "trial_id": "14",
        "task_id": "96",
        "values": "8.0, 30",
        "target_value": 6
      },
      "choice": {
        "button": "J",
        "selected_option": "OptionB"
      }
    },
    {
      "question": "attention_check_9",
      "choice": "J",
      "passed": true,
      "timestamp": 1756720682929
    },
    {
      "question": 10,
      "target": "Speed (km/h)",
      "target_value": 23,
      "options": [
        "Bicycle weight (kg)",
        "Wheel size (inches)"
      ],
      "optionA": {
        "trial_id": "4",
        "task_id": "119",
        "values": "13.0, 26",
        "target_value": 23
      },
      "optionB": {
        "trial_id": "18",
        "task_id": "119",
        "values": "13.0, 27",
        "target_value": 23
      },
      "choice": {
        "button": "J",
        "selected_option": "OptionB"
      }
    },
    {
      "question": 11,
      "target": "Bicycle Speed",
      "target_value": 17,
      "options": [
        "Bicycle Weight",
        "Bicycle Price"
      ],
      "optionA": {
        "trial_id": "8",
        "task_id": "39",
        "values": "18.0, 420",
        "target_value": 17
      },
      "optionB": {
        "trial_id": "2",
        "task_id": "39",
        "values": "12.0, 450",
        "target_value": 20
      },
      "choice": {
        "button": "J",
        "selected_option": "OptionB"
      }
    },
    {
      "question": 12,
      "target": "Reliability",
      "target_value": 65,
      "options": [
        "Car age",
        "Maintenance cost"
      ],
      "optionA": {
        "trial_id": "15",
        "task_id": "83",
        "values": "7.0, 1100",
        "target_value": 65
      },
      "optionB": {
        "trial_id": "2",
        "task_id": "83",
        "values": "4.0, 1200",
        "target_value": 75
      },
      "choice": {
        "button": "J",
        "selected_option": "OptionB"
      }
    },
    {
      "question": 13,
      "target": "Battery life",
      "target_value": 14,
      "options": [
        "Battery capacity",
        "Weight"
      ],
      "optionA": {
        "trial_id": "3",
        "task_id": "75",
        "values": "6000.0, 220",
        "target_value": 14
      },
      "optionB": {
        "trial_id": "14",
        "task_id": "75",
        "values": "5500.0, 310",
        "target_value": 13
      },
      "choice": {
        "button": "F",
        "selected_option": "OptionA"
      }
    },
    {
      "question": 14,
      "target": "Energy level (1-10)",
      "target_value": 4,
      "options": [
        "Hours of sleep",
        "Caffeine intake (mg)"
      ],
      "optionA": {
        "trial_id": "7",
        "task_id": "54",
        "values": "5.0, 200",
        "target_value": 4
      },
      "optionB": {
        "trial_id": "8",
        "task_id": "54",
        "values": "10.0, 20",
        "target_value": 10
      },
      "choice": {
        "button": "J",
        "selected_option": "OptionB"
      }
    },
    {
      "question": 15,
      "target": "Battery life",
      "target_value": 32,
      "options": [
        "Phone battery",
        "Phone size"
      ],
      "optionA": {
        "trial_id": "19",
        "task_id": "62",
        "values": "5200.0, 10.0",
        "target_value": 32
      },
      "optionB": {
        "trial_id": "10",
        "task_id": "62",
        "values": "5000.0, 14.0",
        "target_value": 28
      },
      "choice": {
        "button": "F",
        "selected_option": "OptionA"
      }
    },
    {
      "question": 16,
      "target": "Value",
      "target_value": 6,
      "options": [
        "Price",
        "Size"
      ],
      "optionA": {
        "trial_id": "15",
        "task_id": "67",
        "values": "130.0, 60",
        "target_value": 6
      },
      "optionB": {
        "trial_id": "2",
        "task_id": "67",
        "values": "120.0, 60",
        "target_value": 7
      },
      "choice": {
        "button": "F",
        "selected_option": "OptionA"
      }
    },
    {
      "question": 17,
      "target": "Cooling Time (min)",
      "target_value": 35,
      "options": [
        "Room Size (m²)",
        "Window Size (m²)"
      ],
      "optionA": {
        "trial_id": "8",
        "task_id": "143",
        "values": "20.0, 2.0",
        "target_value": 35
      },
      "optionB": {
        "trial_id": "16",
        "task_id": "143",
        "values": "25.0, 3.2",
        "target_value": 27
      },
      "choice": {
        "button": "J",
        "selected_option": "OptionB"
      }
    },
    {
      "question": 18,
      "target": "House price ($)",
      "target_value": 280000,
      "options": [
        "House size (sq ft)",
        "House age (years)"
      ],
      "optionA": {
        "trial_id": "17",
        "task_id": "155",
        "values": "2050.0, 9.0",
        "target_value": 280000
      },
      "optionB": {
        "trial_id": "7",
        "task_id": "155",
        "values": "1900.0, 8.0",
        "target_value": 260000
      },
      "choice": {
        "button": "F",
        "selected_option": "OptionA"
      }
    },
    {
      "question": 19,
      "target": "Flower blooming time",
      "target_value": 3,
      "options": [
        "Hours of sunlight",
        "Humidity"
      ],
      "optionA": {
        "trial_id": "20",
        "task_id": "101",
        "values": "8.0, 40.0",
        "target_value": 3
      },
      "optionB": {
        "trial_id": "16",
        "task_id": "101",
        "values": "9.0, 50.0",
        "target_value": 2
      },
      "choice": {
        "button": "J",
        "selected_option": "OptionB"
      }
    },
    {
      "question": "attention_check_19",
      "choice": "F",
      "passed": true,
      "timestamp": 1756720739090
    },
    {
      "question": 20,
      "target": "Enjoyment (1-10)",
      "target_value": 9,
      "options": [
        "Book Thickness (cm)",
        "Author Fame (1-10)"
      ],
      "optionA": {
        "trial_id": "9",
        "task_id": "1",
        "values": "7.0, 4",
        "target_value": 9
      },
      "optionB": {
        "trial_id": "14",
        "task_id": "1",
        "values": "5.0, 5",
        "target_value": 6
      },
      "choice": {
        "button": "J",
        "selected_option": "OptionB"
      }
    },
    {
      "question": 21,
      "target": "Phone Performance Score",
      "target_value": 7.8,
      "options": [
        "Phone Processor Speed",
        "Phone Battery Capacity"
      ],
      "optionA": {
        "trial_id": "12",
        "task_id": "10",
        "values": "1.5, 6500",
        "target_value": 7.8
      },
      "optionB": {
        "trial_id": "3",
        "task_id": "10",
        "values": "4.0, 3500",
        "target_value": 9
      },
      "choice": {
        "button": "J",
        "selected_option": "OptionB"
      }
    },
    {
      "question": 22,
      "target": "Battery Life (hours)",
      "target_value": 8,
      "options": [
        "Phone Battery Capacity (mAh)",
        "Phone Weight (g)"
      ],
      "optionA": {
        "trial_id": "1",
        "task_id": "34",
        "values": "3000.0, 150.0",
        "target_value": 8
      },
      "optionB": {
        "trial_id": "7",
        "task_id": "34",
        "values": "6000.0, 120.0",
        "target_value": 14
      },
      "choice": {
        "button": "J",
        "selected_option": "OptionB"
      }
    },
    {
      "question": 23,
      "target": "Test Score",
      "target_value": 71,
      "options": [
        "Student Study Time",
        "Student Distractions"
      ],
      "optionA": {
        "trial_id": "17",
        "task_id": "72",
        "values": "3.0, 8.0",
        "target_value": 71
      },
      "optionB": {
        "trial_id": "17",
        "task_id": "72",
        "values": "3.0, 8.0",
        "target_value": 71
      },
      "choice": {
        "button": "F",
        "selected_option": "OptionA"
      }
    },
    {
      "question": 24,
      "target": "Price",
      "target_value": 350000,
      "options": [
        "House Size",
        "Bedrooms"
      ],
      "optionA": {
        "trial_id": "20",
        "task_id": "15",
        "values": "1900.0, 6",
        "target_value": 350000
      },
      "optionB": {
        "trial_id": "15",
        "task_id": "15",
        "values": "2000.0, 4",
        "target_value": 360000
      },
      "choice": {
        "button": "J",
        "selected_option": "OptionB"
      }
    },
    {
      "question": 25,
      "target": "Bike Speed",
      "target_value": 25,
      "options": [
        "Bike Weight",
        "Bike Frame Size"
      ],
      "optionA": {
        "trial_id": "8",
        "task_id": "106",
        "values": "10.0, 18",
        "target_value": 25
      },
      "optionB": {
        "trial_id": "20",
        "task_id": "106",
        "values": "11.0, 19",
        "target_value": 24
      },
      "choice": {
        "button": "F",
        "selected_option": "OptionA"
      }
    },
    {
      "question": 26,
      "target": "Flower Size",
      "target_value": 4,
      "options": [
        "Plant Height",
        "Number of Leaves"
      ],
      "optionA": {
        "trial_id": "19",
        "task_id": "80",
        "values": "25.0, 13",
        "target_value": 4
      },
      "optionB": {
        "trial_id": "20",
        "task_id": "80",
        "values": "27.0, 11",
        "target_value": 4
      },
      "choice": {
        "button": "J",
        "selected_option": "OptionB"
      }
    },
    {
      "question": 27,
      "target": "Tree trunk volume (m³)",
      "target_value": 7,
      "options": [
        "Height (cm)",
        "Width (cm)"
      ],
      "optionA": {
        "trial_id": "18",
        "task_id": "162",
        "values": "220.0, 26",
        "target_value": 7
      },
      "optionB": {
        "trial_id": "14",
        "task_id": "162",
        "values": "210.0, 28",
        "target_value": 6
      },
      "choice": {
        "button": "F",
        "selected_option": "OptionA"
      }
    },
    {
      "question": 28,
      "target": "Project Success (%)",
      "target_value": 85,
      "options": [
        "Experience (years)",
        "Team Size"
      ],
      "optionA": {
        "trial_id": "17",
        "task_id": "110",
        "values": "13.0, 7",
        "target_value": 85
      },
      "optionB": {
        "trial_id": "19",
        "task_id": "110",
        "values": "14.0, 6",
        "target_value": 83
      },
      "choice": {
        "button": "J",
        "selected_option": "OptionB"
      }
    },
    {
      "question": 29,
      "target": "Mood Score (1-10)",
      "target_value": 6,
      "options": [
        "Hours of Sleep",
        "Screen Time (hours)"
      ],
      "optionA": {
        "trial_id": "18",
        "task_id": "109",
        "values": "5.0, 2",
        "target_value": 6
      },
      "optionB": {
        "trial_id": "3",
        "task_id": "109",
        "values": "7.0, 1",
        "target_value": 8
      },
      "choice": {
        "button": "J",
        "selected_option": "OptionB"
      }
    },
    {
      "question": "attention_check_29",
      "choice": "J",
      "passed": true,
      "timestamp": 1756720793969
    },
    {
      "question": 30,
      "target": "Reaction Time (ms)",
      "target_value": 240,
      "options": [
        "Age (years)",
        "Driving Experience (years)"
      ],
      "optionA": {
        "trial_id": "4",
        "task_id": "25",
        "values": "40.0, 20.0",
        "target_value": 240
      },
      "optionB": {
        "trial_id": "10",
        "task_id": "25",
        "values": "28.0, 8.0",
        "target_value": 270
      },
      "choice": {
        "button": "F",
        "selected_option": "OptionA"
      }
    },
    {
      "question": 31,
      "target": "Exercise Burned Calories",
      "target_value": 210,
      "options": [
        "Exercise Intensity",
        "Exercise Duration"
      ],
      "optionA": {
        "trial_id": "12",
        "task_id": "13",
        "values": "3.0, 80",
        "target_value": 210
      },
      "optionB": {
        "trial_id": "15",
        "task_id": "13",
        "values": "10.0, 10",
        "target_value": 360
      },
      "choice": {
        "button": "F",
        "selected_option": "OptionA"
      }
    },
    {
      "question": 32,
      "target": "Morning alertness (1-10)",
      "target_value": 6,
      "options": [
        "Amount of sleep (hours)",
        "Time to bed (minutes past 10pm)"
      ],
      "optionA": {
        "trial_id": "8",
        "task_id": "96",
        "values": "7.0, 45",
        "target_value": 6
      },
      "optionB": {
        "trial_id": "13",
        "task_id": "96",
        "values": "6.0, 60",
        "target_value": 4
      },
      "choice": {
        "button": "F",
        "selected_option": "OptionA"
      }
    },
    {
      "question": 33,
      "target": "Travel Time (min)",
      "target_value": 18,
      "options": [
        "Distance (km)",
        "Speed (km/h)"
      ],
      "optionA": {
        "trial_id": "6",
        "task_id": "166",
        "values": "16.0, 55",
        "target_value": 18
      },
      "optionB": {
        "trial_id": "15",
        "task_id": "166",
        "values": "12.0, 65",
        "target_value": 9
      },
      "choice": {
        "button": "J",
        "selected_option": "OptionB"
      }
    },
    {
      "question": 34,
      "target": "Test Score",
      "target_value": 72,
      "options": [
        "Student Study Time",
        "Student Distractions"
      ],
      "optionA": {
        "trial_id": "5",
        "task_id": "72",
        "values": "3.0, 7.0",
        "target_value": 72
      },
      "optionB": {
        "trial_id": "6",
        "task_id": "72",
        "values": "4.0, 8.0",
        "target_value": 68
      },
      "choice": {
        "button": "J",
        "selected_option": "OptionB"
      }
    },
    {
      "question": 35,
      "target": "Speed on Flat Ground",
      "target_value": 23,
      "options": [
        "Bike Weight",
        "Wheel Size"
      ],
      "optionA": {
        "trial_id": "17",
        "task_id": "30",
        "values": "12.0, 26.0",
        "target_value": 23
      },
      "optionB": {
        "trial_id": "17",
        "task_id": "30",
        "values": "12.0, 26.0",
        "target_value": 23
      },
      "choice": {
        "button": "J",
        "selected_option": "OptionB"
      }
    },
    {
      "question": 36,
      "target": "Post reach (people)",
      "target_value": 4000,
      "options": [
        "Number of likes (count)",
        "Time posted (hours ago)"
      ],
      "optionA": {
        "trial_id": "15",
        "task_id": "93",
        "values": "800.0, 4",
        "target_value": 4000
      },
      "optionB": {
        "trial_id": "13",
        "task_id": "93",
        "values": "1000.0, 6",
        "target_value": 5000
      },
      "choice": {
        "button": "F",
        "selected_option": "OptionA"
      }
    },
    {
      "question": 37,
      "target": "Fuel efficiency (km/l)",
      "target_value": 13,
      "options": [
        "Engine size (cc)",
        "Weight (kg)"
      ],
      "optionA": {
        "trial_id": "15",
        "task_id": "51",
        "values": "1650.0, 1270",
        "target_value": 13
      },
      "optionB": {
        "trial_id": "20",
        "task_id": "51",
        "values": "1650.0, 1280",
        "target_value": 13
      },
      "choice": {
        "button": "F",
        "selected_option": "OptionA"
      }
    },
    {
      "question": 38,
      "target": "House Price",
      "target_value": 420000,
      "options": [
        "House Square Feet",
        "House Age"
      ],
      "optionA": {
        "trial_id": "18",
        "task_id": "9",
        "values": "2600.0, 3",
        "target_value": 420000
      },
      "optionB": {
        "trial_id": "14",
        "task_id": "9",
        "values": "800.0, 40",
        "target_value": 180000
      },
      "choice": {
        "button": "F",
        "selected_option": "OptionA"
      }
    },
    {
      "question": 39,
      "target": "User Satisfaction",
      "target_value": 8.6,
      "options": [
        "Smartphone Price",
        "Battery Capacity"
      ],
      "optionA": {
        "trial_id": "8",
        "task_id": "31",
        "values": "550.0, 4600.0",
        "target_value": 8.6
      },
      "optionB": {
        "trial_id": "10",
        "task_id": "31",
        "values": "600.0, 3800.0",
        "target_value": 8.5
      },
      "choice": {
        "button": "F",
        "selected_option": "OptionA"
      }
    },
    {
      "question": "attention_check_39",
      "choice": "F",
      "passed": true,
      "timestamp": 1756720871553
    },
    {
      "question": 40,
      "target": "Battery Life (hours)",
      "target_value": 8.5,
      "options": [
        "Phone Battery Capacity (mAh)",
        "Phone Weight (g)"
      ],
      "optionA": {
        "trial_id": "11",
        "task_id": "34",
        "values": "3500.0, 155.0",
        "target_value": 8.5
      },
      "optionB": {
        "trial_id": "11",
        "task_id": "34",
        "values": "3500.0, 155.0",
        "target_value": 8.5
      },
      "choice": {
        "button": "J",
        "selected_option": "OptionB"
      }
    },
    {
      "question": 41,
      "target": "Training time",
      "target_value": 35,
      "options": [
        "Dog weight",
        "Dog breed"
      ],
      "optionA": {
        "trial_id": "3",
        "task_id": "59",
        "values": "25.0, 1.0",
        "target_value": 35
      },
      "optionB": {
        "trial_id": "6",
        "task_id": "59",
        "values": "16.0, 3.0",
        "target_value": 24
      },
      "choice": {
        "button": "J",
        "selected_option": "OptionB"
      }
    },
    {
      "question": 42,
      "target": "Taste Score",
      "target_value": 7,
      "options": [
        "Cooking Time",
        "Spice Level"
      ],
      "optionA": {
        "trial_id": "9",
        "task_id": "130",
        "values": "40.0, 9.0",
        "target_value": 7
      },
      "optionB": {
        "trial_id": "3",
        "task_id": "130",
        "values": "25.0, 6.0",
        "target_value": 7.8
      },
      "choice": {
        "button": "F",
        "selected_option": "OptionA"
      }
    },
    {
      "question": 43,
      "target": "Exercise Burned Calories",
      "target_value": 280,
      "options": [
        "Exercise Intensity",
        "Exercise Duration"
      ],
      "optionA": {
        "trial_id": "2",
        "task_id": "13",
        "values": "6.0, 40",
        "target_value": 280
      },
      "optionB": {
        "trial_id": "5",
        "task_id": "13",
        "values": "9.0, 20",
        "target_value": 340
      },
      "choice": {
        "button": "F",
        "selected_option": "OptionA"
      }
    },
    {
      "question": 44,
      "target": "Battery life (hours)",
      "target_value": 7.3,
      "options": [
        "Laptop weight (kg)",
        "Screen size (inches)"
      ],
      "optionA": {
        "trial_id": "4",
        "task_id": "118",
        "values": "1.4, 14",
        "target_value": 7.3
      },
      "optionB": {
        "trial_id": "13",
        "task_id": "118",
        "values": "1.3, 15",
        "target_value": 7.4
      },
      "choice": {
        "button": "F",
        "selected_option": "OptionA"
      }
    },
    {
      "question": 45,
      "target": "Taste rating (1-10)",
      "target_value": 4,
      "options": [
        "Number of ingredients (count)",
        "Prep time (minutes)"
      ],
      "optionA": {
        "trial_id": "6",
        "task_id": "97",
        "values": "20.0, 15",
        "target_value": 4
      },
      "optionB": {
        "trial_id": "1",
        "task_id": "97",
        "values": "10.0, 30",
        "target_value": 7
      },
      "choice": {
        "button": "J",
        "selected_option": "OptionB"
      }
    },
    {
      "question": 46,
      "target": "Muscle gain",
      "target_value": 65,
      "options": [
        "Exercise intensity",
        "Water intake"
      ],
      "optionA": {
        "trial_id": "12",
        "task_id": "86",
        "values": "8.0, 2",
        "target_value": 65
      },
      "optionB": {
        "trial_id": "19",
        "task_id": "86",
        "values": "4.0, 5",
        "target_value": 65
      },
      "choice": {
        "button": "F",
        "selected_option": "OptionA"
      }
    },
    {
      "question": 47,
      "target": "Energy Boost (1-10)",
      "target_value": 2,
      "options": [
        "Number of Calories",
        "Sugar (g)"
      ],
      "optionA": {
        "trial_id": "11",
        "task_id": "111",
        "values": "200.0, 12",
        "target_value": 2
      },
      "optionB": {
        "trial_id": "13",
        "task_id": "111",
        "values": "100.0, 12",
        "target_value": 6
      },
      "choice": {
        "button": "F",
        "selected_option": "OptionA"
      }
    },
    {
      "question": 48,
      "target": "Reading time (hours)",
      "target_value": 7.5,
      "options": [
        "Book pages",
        "Book weight (g)"
      ],
      "optionA": {
        "trial_id": "11",
        "task_id": "114",
        "values": "650.0, 320",
        "target_value": 7.5
      },
      "optionB": {
        "trial_id": "17",
        "task_id": "114",
        "values": "580.0, 330",
        "target_value": 6.8
      },
      "choice": {
        "button": "F",
        "selected_option": "OptionA"
      }
    },
    {
      "question": 49,
      "target": "Customer Satisfaction",
      "target_value": 6,
      "options": [
        "Restaurant Wait Time (in mins)",
        "Restaurant Rating (1-5)"
      ],
      "optionA": {
        "trial_id": "2",
        "task_id": "174",
        "values": "20.0, 3",
        "target_value": 6
      },
      "optionB": {
        "trial_id": "8",
        "task_id": "174",
        "values": "10.0, 3",
        "target_value": 7
      },
      "choice": {
        "button": "J",
        "selected_option": "OptionB"
      }
    },
    {
      "question": 50,
      "target": "Taste Score",
      "target_value": 7.5,
      "options": [
        "Cooking Time",
        "Spice Level"
      ],
      "optionA": {
        "trial_id": "5",
        "task_id": "130",
        "values": "30.0, 7.0",
        "target_value": 7.5
      },
      "optionB": {
        "trial_id": "4",
        "task_id": "130",
        "values": "30.0, 5.0",
        "target_value": 7.6
      },
      "choice": {
        "button": "F",
        "selected_option": "OptionA"
      }
    }
  ]
}