{
  "prolific_id": "UNKNOWN",
  "condition_group": "direction",
  "responses": [
    {
      "question": 1,
      "target": "Energy Boost",
      "target_value": 6,
      "options": [
        "Coffee Caffeine Content",
        "Coffee Richness"
      ],
      "optionA": {
        "trial_id": "2",
        "task_id": "4",
        "values": "90.0, 4.0",
        "target_value": 6
      },
      "optionB": {
        "trial_id": "4",
        "task_id": "4",
        "values": "70.0, 6.0",
        "target_value": 7
      },
      "choice": {
        "button": "F",
        "selected_option": "OptionA"
      }
    },
    {
      "question": 2,
      "target": "Top Speed",
      "target_value": 135,
      "options": [
        "Car Engine Size",
        "Horsepower"
      ],
      "optionA": {
        "trial_id": "9",
        "task_id": "36",
        "values": "2.3, 190.0",
        "target_value": 135
      },
      "optionB": {
        "trial_id": "16",
        "task_id": "36",
        "values": "2.2, 200.0",
        "target_value": 135
      },
      "choice": {
        "button": "F",
        "selected_option": "OptionA"
      }
    },
    {
      "question": 3,
      "target": "Quality",
      "target_value": 90,
      "options": [
        "Price",
        "Size"
      ],
      "optionA": {
        "trial_id": "7",
        "task_id": "110",
        "values": "180.0, 20.0",
        "target_value": 90
      },
      "optionB": {
        "trial_id": "8",
        "task_id": "110",
        "values": "160.0, 15.0",
        "target_value": 88
      },
      "choice": {
        "button": "J",
        "selected_option": "OptionB"
      }
    },
    {
      "question": 4,
      "target": "Dog Activity Level",
      "target_value": 4,
      "options": [
        "Dog Size",
        "Dog Exercise Needs"
      ],
      "optionA": {
        "trial_id": "20",
        "task_id": "3",
        "values": "22.0, 2.0",
        "target_value": 4
      },
      "optionB": {
        "trial_id": "12",
        "task_id": "3",
        "values": "65.0, 6.0",
        "target_value": 11
      },
      "choice": {
        "button": "F",
        "selected_option": "OptionA"
      }
    },
    {
      "question": 5,
      "target": "Tea Strength (1-10)",
      "target_value": 9,
      "options": [
        "Tea Leaf Quality (1-10)",
        "Tea Steeping Time (minutes)"
      ],
      "optionA": {
        "trial_id": "16",
        "task_id": "80",
        "values": "10.0, 6.0",
        "target_value": 9
      },
      "optionB": {
        "trial_id": "19",
        "task_id": "80",
        "values": "6.0, 2.0",
        "target_value": 5
      },
      "choice": {
        "button": "F",
        "selected_option": "OptionA"
      }
    },
    {
      "question": 6,
      "target": "Speed",
      "target_value": 160,
      "options": [
        "Car Engine Size",
        "Horsepower"
      ],
      "optionA": {
        "trial_id": "5",
        "task_id": "61",
        "values": "3.0, 200.0",
        "target_value": 160
      },
      "optionB": {
        "trial_id": "15",
        "task_id": "36",
        "values": "2.4, 210.0",
        "target_value": 140
      },
      "choice": {
        "button": "F",
        "selected_option": "OptionA"
      }
    },
    {
      "question": 7,
      "target": "Exam Score",
      "target_value": 70,
      "options": [
        "Hours of Study",
        "Difficulty Level"
      ],
      "optionA": {
        "trial_id": "1",
        "task_id": "12",
        "values": "5.0, 3.0",
        "target_value": 70
      },
      "optionB": {
        "trial_id": "16",
        "task_id": "12",
        "values": "7.0, 4.0",
        "target_value": 75
      },
      "choice": {
        "button": "F",
        "selected_option": "OptionA"
      }
    },
    {
      "question": 8,
      "target": "Phone Performance",
      "target_value": 120,
      "options": [
        "Phone RAM",
        "Phone Storage"
      ],
      "optionA": {
        "trial_id": "10",
        "task_id": "86",
        "values": "24.0, 2048.0",
        "target_value": 120
      },
      "optionB": {
        "trial_id": "6",
        "task_id": "86",
        "values": "12.0, 512.0",
        "target_value": 100
      },
      "choice": {
        "button": "F",
        "selected_option": "OptionA"
      }
    },
    {
      "question": 9,
      "target": "Movie enjoyment",
      "target_value": 9,
      "options": [
        "Movie runtime",
        "Movie rating"
      ],
      "optionA": {
        "trial_id": "11",
        "task_id": "75",
        "values": "140.0, 8.5",
        "target_value": 9
      },
      "optionB": {
        "trial_id": "7",
        "task_id": "75",
        "values": "130.0, 8.0",
        "target_value": 8.5
      },
      "choice": {
        "button": "F",
        "selected_option": "OptionA"
      }
    },
    {
      "question": "attention_check_9",
      "choice": "J",
      "passed": true,
      "timestamp": 1756154481519
    },
    {
      "question": 10,
      "target": "Jump Height",
      "target_value": 85,
      "options": [
        "Height",
        "Arm Length"
      ],
      "optionA": {
        "trial_id": "12",
        "task_id": "115",
        "values": "190.0, 72.0",
        "target_value": 85
      },
      "optionB": {
        "trial_id": "5",
        "task_id": "115",
        "values": "190.0, 75.0",
        "target_value": 90
      },
      "choice": {
        "button": "J",
        "selected_option": "OptionB"
      }
    },
    {
      "question": 11,
      "target": "Dog Energy Level",
      "target_value": 10,
      "options": [
        "Dog Weight",
        "Dog Activity Level"
      ],
      "optionA": {
        "trial_id": "5",
        "task_id": "105",
        "values": "35.0, 7.0",
        "target_value": 10
      },
      "optionB": {
        "trial_id": "17",
        "task_id": "105",
        "values": "26.0, 5.0",
        "target_value": 8
      },
      "choice": {
        "button": "F",
        "selected_option": "OptionA"
      }
    },
    {
      "question": 12,
      "target": "Top Speed",
      "target_value": 125,
      "options": [
        "Car Engine Size",
        "Horsepower"
      ],
      "optionA": {
        "trial_id": "8",
        "task_id": "36",
        "values": "1.5, 170.0",
        "target_value": 125
      },
      "optionB": {
        "trial_id": "8",
        "task_id": "36",
        "values": "1.5, 170.0",
        "target_value": 125
      },
      "choice": {
        "button": "J",
        "selected_option": "OptionB"
      }
    },
    {
      "question": 13,
      "target": "Brightness",
      "target_value": 650,
      "options": [
        "Phone Battery Capacity",
        "Screen Size"
      ],
      "optionA": {
        "trial_id": "17",
        "task_id": "37",
        "values": "3500.0, 5.0",
        "target_value": 650
      },
      "optionB": {
        "trial_id": "12",
        "task_id": "37",
        "values": "5000.0, 4.0",
        "target_value": 670
      },
      "choice": {
        "button": "J",
        "selected_option": "OptionB"
      }
    },
    {
      "question": 14,
      "target": "Natural light",
      "target_value": 6,
      "options": [
        "Room size",
        "Window count"
      ],
      "optionA": {
        "trial_id": "3",
        "task_id": "66",
        "values": "80.0, 2.0",
        "target_value": 6
      },
      "optionB": {
        "trial_id": "7",
        "task_id": "66",
        "values": "90.0, 1.0",
        "target_value": 5
      },
      "choice": {
        "button": "F",
        "selected_option": "OptionA"
      }
    },
    {
      "question": 15,
      "target": "Book Knowledge Content",
      "target_value": 9,
      "options": [
        "Book Page Count",
        "Book Reading Level"
      ],
      "optionA": {
        "trial_id": "3",
        "task_id": "1",
        "values": "400.0, 5.0",
        "target_value": 9
      },
      "optionB": {
        "trial_id": "17",
        "task_id": "1",
        "values": "380.0, 4.0",
        "target_value": 8
      },
      "choice": {
        "button": "F",
        "selected_option": "OptionA"
      }
    },
    {
      "question": 16,
      "target": "Battery life",
      "target_value": 11,
      "options": [
        "Phone battery",
        "Screen size"
      ],
      "optionA": {
        "trial_id": "7",
        "task_id": "69",
        "values": "3500.0, 5.0",
        "target_value": 11
      },
      "optionB": {
        "trial_id": "6",
        "task_id": "69",
        "values": "3000.0, 5.0",
        "target_value": 12
      },
      "choice": {
        "button": "F",
        "selected_option": "OptionA"
      }
    },
    {
      "question": 17,
      "target": "Home value",
      "target_value": 300000,
      "options": [
        "House size",
        "Neighborhood quality"
      ],
      "optionA": {
        "trial_id": "9",
        "task_id": "70",
        "values": "140.0, 8.0",
        "target_value": 300000
      },
      "optionB": {
        "trial_id": "6",
        "task_id": "70",
        "values": "140.0, 8.0",
        "target_value": 310000
      },
      "choice": {
        "button": "J",
        "selected_option": "OptionB"
      }
    },
    {
      "question": 18,
      "target": "Jump Height",
      "target_value": 90,
      "options": [
        "Height",
        "Arm Length"
      ],
      "optionA": {
        "trial_id": "13",
        "task_id": "115",
        "values": "190.0, 75.0",
        "target_value": 90
      },
      "optionB": {
        "trial_id": "13",
        "task_id": "115",
        "values": "190.0, 75.0",
        "target_value": 90
      },
      "choice": {
        "button": "J",
        "selected_option": "OptionB"
      }
    },
    {
      "question": 19,
      "target": "Photo Quality",
      "target_value": 8,
      "options": [
        "Phone Price",
        "Phone Camera Megapixels"
      ],
      "optionA": {
        "trial_id": "9",
        "task_id": "5",
        "values": "650.0, 14.0",
        "target_value": 8
      },
      "optionB": {
        "trial_id": "11",
        "task_id": "5",
        "values": "750.0, 20.0",
        "target_value": 10
      },
      "choice": {
        "button": "J",
        "selected_option": "OptionB"
      }
    },
    {
      "question": "attention_check_19",
      "choice": "F",
      "passed": true,
      "timestamp": 1756154570652
    },
    {
      "question": 20,
      "target": "Strength",
      "target_value": 12,
      "options": [
        "Coffee Beans",
        "Water"
      ],
      "optionA": {
        "trial_id": "8",
        "task_id": "112",
        "values": "8.0, 180.0",
        "target_value": 12
      },
      "optionB": {
        "trial_id": "17",
        "task_id": "112",
        "values": "16.0, 320.0",
        "target_value": 21
      },
      "choice": {
        "button": "J",
        "selected_option": "OptionB"
      }
    },
    {
      "question": 21,
      "target": "Enjoyment Rating (1-10)",
      "target_value": 6,
      "options": [
        "Number of Pages",
        "Reading Time (minutes)"
      ],
      "optionA": {
        "trial_id": "9",
        "task_id": "10",
        "values": "280.0, 110.0",
        "target_value": 6
      },
      "optionB": {
        "trial_id": "17",
        "task_id": "10",
        "values": "240.0, 95.0",
        "target_value": 5
      },
      "choice": {
        "button": "J",
        "selected_option": "OptionB"
      }
    },
    {
      "question": 22,
      "target": "Bike Speed",
      "target_value": 22,
      "options": [
        "Bike Weight",
        "Bike Wheel Size"
      ],
      "optionA": {
        "trial_id": "18",
        "task_id": "107",
        "values": "12.0, 26.0",
        "target_value": 22
      },
      "optionB": {
        "trial_id": "12",
        "task_id": "107",
        "values": "14.0, 27.0",
        "target_value": 25
      },
      "choice": {
        "button": "F",
        "selected_option": "OptionA"
      }
    },
    {
      "question": 23,
      "target": "Battery Life (hours)",
      "target_value": 10,
      "options": [
        "Phone Weight (g)",
        "Battery Capacity (mAh)"
      ],
      "optionA": {
        "trial_id": "4",
        "task_id": "30",
        "values": "160.0, 4000.0",
        "target_value": 10
      },
      "optionB": {
        "trial_id": "8",
        "task_id": "30",
        "values": "180.0, 4500.0",
        "target_value": 11.5
      },
      "choice": {
        "button": "J",
        "selected_option": "OptionB"
      }
    },
    {
      "question": 24,
      "target": "Bike Speed",
      "target_value": 25,
      "options": [
        "Bike Weight",
        "Bike Wheel Size"
      ],
      "optionA": {
        "trial_id": "12",
        "task_id": "107",
        "values": "14.0, 27.0",
        "target_value": 25
      },
      "optionB": {
        "trial_id": "7",
        "task_id": "107",
        "values": "8.0, 26.0",
        "target_value": 23
      },
      "choice": {
        "button": "J",
        "selected_option": "OptionB"
      }
    },
    {
      "question": 25,
      "target": "Home Comfort (1-10)",
      "target_value": 8,
      "options": [
        "Number of Bedrooms",
        "Square Feet"
      ],
      "optionA": {
        "trial_id": "15",
        "task_id": "9",
        "values": "4.0, 1650.0",
        "target_value": 8
      },
      "optionB": {
        "trial_id": "2",
        "task_id": "9",
        "values": "4.0, 1400.0",
        "target_value": 6
      },
      "choice": {
        "button": "F",
        "selected_option": "OptionA"
      }
    },
    {
      "question": 26,
      "target": "Exam Score (out of 100)",
      "target_value": 70,
      "options": [
        "Study Time (hours)",
        "Previous GPA"
      ],
      "optionA": {
        "trial_id": "9",
        "task_id": "18",
        "values": "6.0, 3.0",
        "target_value": 70
      },
      "optionB": {
        "trial_id": "20",
        "task_id": "18",
        "values": "12.0, 3.3",
        "target_value": 80
      },
      "choice": {
        "button": "J",
        "selected_option": "OptionB"
      }
    },
    {
      "question": 27,
      "target": "Physical strength",
      "target_value": 68,
      "options": [
        "Height (cm)",
        "Weight (kg)"
      ],
      "optionA": {
        "trial_id": "4",
        "task_id": "84",
        "values": "175.0, 60.0",
        "target_value": 68
      },
      "optionB": {
        "trial_id": "9",
        "task_id": "84",
        "values": "170.0, 70.0",
        "target_value": 72
      },
      "choice": {
        "button": "J",
        "selected_option": "OptionB"
      }
    },
    {
      "question": 28,
      "target": "Top Speed",
      "target_value": 150,
      "options": [
        "Engine Size",
        "Horsepower"
      ],
      "optionA": {
        "trial_id": "1",
        "task_id": "113",
        "values": "2.0, 120.0",
        "target_value": 150
      },
      "optionB": {
        "trial_id": "13",
        "task_id": "113",
        "values": "3.0, 160.0",
        "target_value": 180
      },
      "choice": {
        "button": "J",
        "selected_option": "OptionB"
      }
    },
    {
      "question": 29,
      "target": "Plant Sunlight Needs",
      "target_value": 6,
      "options": [
        "Plant Height",
        "Plant Leaf Size"
      ],
      "optionA": {
        "trial_id": "8",
        "task_id": "2",
        "values": "170.0, 11.0",
        "target_value": 6
      },
      "optionB": {
        "trial_id": "18",
        "task_id": "2",
        "values": "160.0, 11.0",
        "target_value": 6
      },
      "choice": {
        "button": "F",
        "selected_option": "OptionA"
      }
    },
    {
      "question": "attention_check_29",
      "choice": "F",
      "passed": false,
      "timestamp": 1756154642158
    },
    {
      "question": 30,
      "target": "Deliciousness",
      "target_value": 55,
      "options": [
        "Cooking time",
        "Ingredients count"
      ],
      "optionA": {
        "trial_id": "8",
        "task_id": "27",
        "values": "15.0, 4.0",
        "target_value": 55
      },
      "optionB": {
        "trial_id": "1",
        "task_id": "27",
        "values": "30.0, 5.0",
        "target_value": 75
      },
      "choice": {
        "button": "J",
        "selected_option": "OptionB"
      }
    },
    {
      "question": 31,
      "target": "Enjoyment",
      "target_value": 3,
      "options": [
        "Coffee price",
        "Coffee acidity"
      ],
      "optionA": {
        "trial_id": "20",
        "task_id": "101",
        "values": "0.5, 1.0",
        "target_value": 3
      },
      "optionB": {
        "trial_id": "11",
        "task_id": "101",
        "values": "8.0, 9.0",
        "target_value": 11
      },
      "choice": {
        "button": "J",
        "selected_option": "OptionB"
      }
    },
    {
      "question": 32,
      "target": "Home value",
      "target_value": 250000,
      "options": [
        "House size",
        "Neighborhood quality"
      ],
      "optionA": {
        "trial_id": "7",
        "task_id": "70",
        "values": "90.0, 6.0",
        "target_value": 250000
      },
      "optionB": {
        "trial_id": "12",
        "task_id": "70",
        "values": "120.0, 8.0",
        "target_value": 290000
      },
      "choice": {
        "button": "J",
        "selected_option": "OptionB"
      }
    },
    {
      "question": 33,
      "target": "Jump Height",
      "target_value": 85,
      "options": [
        "Height",
        "Arm Length"
      ],
      "optionA": {
        "trial_id": "2",
        "task_id": "115",
        "values": "190.0, 72.0",
        "target_value": 85
      },
      "optionB": {
        "trial_id": "5",
        "task_id": "115",
        "values": "190.0, 75.0",
        "target_value": 90
      },
      "choice": {
        "button": "F",
        "selected_option": "OptionA"
      }
    },
    {
      "question": 34,
      "target": "House Price",
      "target_value": 350,
      "options": [
        "House Size",
        "Neighborhood Rating"
      ],
      "optionA": {
        "trial_id": "14",
        "task_id": "38",
        "values": "2000.0, 6.0",
        "target_value": 350
      },
      "optionB": {
        "trial_id": "16",
        "task_id": "38",
        "values": "2100.0, 9.0",
        "target_value": 490
      },
      "choice": {
        "button": "J",
        "selected_option": "OptionB"
      }
    },
    {
      "question": 35,
      "target": "Home Value (thousands)",
      "target_value": 340,
      "options": [
        "House Size (sqm)",
        "Neighborhood Safety (1-10)"
      ],
      "optionA": {
        "trial_id": "16",
        "task_id": "41",
        "values": "170.0, 8.0",
        "target_value": 340
      },
      "optionB": {
        "trial_id": "3",
        "task_id": "41",
        "values": "100.0, 9.0",
        "target_value": 290
      },
      "choice": {
        "button": "J",
        "selected_option": "OptionB"
      }
    },
    {
      "question": 36,
      "target": "Taste score",
      "target_value": 6,
      "options": [
        "Coffee strength",
        "Bean quality"
      ],
      "optionA": {
        "trial_id": "5",
        "task_id": "68",
        "values": "5.0, 5.0",
        "target_value": 6
      },
      "optionB": {
        "trial_id": "19",
        "task_id": "68",
        "values": "3.0, 6.0",
        "target_value": 6
      },
      "choice": {
        "button": "F",
        "selected_option": "OptionA"
      }
    },
    {
      "question": 37,
      "target": "Quality",
      "target_value": 80,
      "options": [
        "Price",
        "Size"
      ],
      "optionA": {
        "trial_id": "4",
        "task_id": "110",
        "values": "90.0, 20.0",
        "target_value": 80
      },
      "optionB": {
        "trial_id": "17",
        "task_id": "110",
        "values": "100.0, 14.0",
        "target_value": 75
      },
      "choice": {
        "button": "J",
        "selected_option": "OptionB"
      }
    },
    {
      "question": 38,
      "target": "Energy Level",
      "target_value": 6,
      "options": [
        "Hours of Sleep",
        "Caffeine Intake (mg)"
      ],
      "optionA": {
        "trial_id": "11",
        "task_id": "45",
        "values": "7.0, 50.0",
        "target_value": 6
      },
      "optionB": {
        "trial_id": "10",
        "task_id": "45",
        "values": "7.0, 60.0",
        "target_value": 7
      },
      "choice": {
        "button": "J",
        "selected_option": "OptionB"
      }
    },
    {
      "question": 39,
      "target": "Plant Sunlight Needs",
      "target_value": 6,
      "options": [
        "Plant Height",
        "Plant Leaf Size"
      ],
      "optionA": {
        "trial_id": "18",
        "task_id": "2",
        "values": "160.0, 11.0",
        "target_value": 6
      },
      "optionB": {
        "trial_id": "7",
        "task_id": "2",
        "values": "180.0, 9.0",
        "target_value": 5
      },
      "choice": {
        "button": "F",
        "selected_option": "OptionA"
      }
    },
    {
      "question": "attention_check_39",
      "choice": "F",
      "passed": true,
      "timestamp": 1756154715207
    },
    {
      "question": 40,
      "target": "Market value ($)",
      "target_value": 280000,
      "options": [
        "Number of bedrooms",
        "House size (sq ft)"
      ],
      "optionA": {
        "trial_id": "4",
        "task_id": "90",
        "values": "5.0, 1200.0",
        "target_value": 280000
      },
      "optionB": {
        "trial_id": "15",
        "task_id": "90",
        "values": "5.0, 1500.0",
        "target_value": 310000
      },
      "choice": {
        "button": "J",
        "selected_option": "OptionB"
      }
    },
    {
      "question": 41,
      "target": "Exam Score (%)",
      "target_value": 80,
      "options": [
        "Study Time (hours)",
        "Previous Score (%)"
      ],
      "optionA": {
        "trial_id": "2",
        "task_id": "76",
        "values": "3.0, 80.0",
        "target_value": 80
      },
      "optionB": {
        "trial_id": "9",
        "task_id": "76",
        "values": "7.0, 65.0",
        "target_value": 80
      },
      "choice": {
        "button": "F",
        "selected_option": "OptionA"
      }
    },
    {
      "question": 42,
      "target": "Exam Score",
      "target_value": 73,
      "options": [
        "Hours of Study",
        "Difficulty Level"
      ],
      "optionA": {
        "trial_id": "2",
        "task_id": "12",
        "values": "6.0, 4.0",
        "target_value": 73
      },
      "optionB": {
        "trial_id": "14",
        "task_id": "12",
        "values": "5.0, 4.0",
        "target_value": 70
      },
      "choice": {
        "button": "F",
        "selected_option": "OptionA"
      }
    },
    {
      "question": 43,
      "target": "Phone Performance",
      "target_value": 80,
      "options": [
        "Phone RAM",
        "Phone Storage"
      ],
      "optionA": {
        "trial_id": "3",
        "task_id": "86",
        "values": "6.0, 128.0",
        "target_value": 80
      },
      "optionB": {
        "trial_id": "8",
        "task_id": "86",
        "values": "16.0, 1024.0",
        "target_value": 110
      },
      "choice": {
        "button": "J",
        "selected_option": "OptionB"
      }
    },
    {
      "question": 44,
      "target": "Natural Light",
      "target_value": 5,
      "options": [
        "Room Size",
        "Number of Windows"
      ],
      "optionA": {
        "trial_id": "11",
        "task_id": "53",
        "values": "170.0, 2.0",
        "target_value": 5
      },
      "optionB": {
        "trial_id": "9",
        "task_id": "53",
        "values": "250.0, 4.0",
        "target_value": 8
      },
      "choice": {
        "button": "J",
        "selected_option": "OptionB"
      }
    },
    {
      "question": 45,
      "target": "Movie enjoyment",
      "target_value": 8,
      "options": [
        "Movie runtime",
        "Movie rating"
      ],
      "optionA": {
        "trial_id": "1",
        "task_id": "75",
        "values": "120.0, 7.5",
        "target_value": 8
      },
      "optionB": {
        "trial_id": "18",
        "task_id": "75",
        "values": "130.0, 7.5",
        "target_value": 8
      },
      "choice": {
        "button": "F",
        "selected_option": "OptionA"
      }
    },
    {
      "question": 46,
      "target": "Value Score",
      "target_value": 70,
      "options": [
        "Price ($)",
        "Size (GB)"
      ],
      "optionA": {
        "trial_id": "6",
        "task_id": "99",
        "values": "50.0, 128.0",
        "target_value": 70
      },
      "optionB": {
        "trial_id": "11",
        "task_id": "99",
        "values": "50.0, 64.0",
        "target_value": 65
      },
      "choice": {
        "button": "F",
        "selected_option": "OptionA"
      }
    },
    {
      "question": 47,
      "target": "Fuel Consumption (L/100km)",
      "target_value": 12,
      "options": [
        "Speed (km/h)",
        "Weight (kg)"
      ],
      "optionA": {
        "trial_id": "20",
        "task_id": "43",
        "values": "135.0, 1800.0",
        "target_value": 12
      },
      "optionB": {
        "trial_id": "1",
        "task_id": "43",
        "values": "120.0, 1500.0",
        "target_value": 9
      },
      "choice": {
        "button": "F",
        "selected_option": "OptionA"
      }
    },
    {
      "question": 48,
      "target": "Light amount",
      "target_value": 7,
      "options": [
        "Room size (m2)",
        "Number of windows"
      ],
      "optionA": {
        "trial_id": "12",
        "task_id": "85",
        "values": "20.0, 3.0",
        "target_value": 7
      },
      "optionB": {
        "trial_id": "10",
        "task_id": "85",
        "values": "25.0, 3.0",
        "target_value": 8
      },
      "choice": {
        "button": "F",
        "selected_option": "OptionA"
      }
    },
    {
      "question": 49,
      "target": "Battery life",
      "target_value": 10,
      "options": [
        "Phone battery",
        "Screen size"
      ],
      "optionA": {
        "trial_id": "3",
        "task_id": "69",
        "values": "2500.0, 4.0",
        "target_value": 10
      },
      "optionB": {
        "trial_id": "4",
        "task_id": "69",
        "values": "3500.0, 5.0",
        "target_value": 11
      },
      "choice": {
        "button": "J",
        "selected_option": "OptionB"
      }
    },
    {
      "question": 50,
      "target": "Fat Burn (g)",
      "target_value": 55,
      "options": [
        "Exercise Time (min)",
        "Heart Rate (bpm)"
      ],
      "optionA": {
        "trial_id": "9",
        "task_id": "28",
        "values": "35.0, 135.0",
        "target_value": 55
      },
      "optionB": {
        "trial_id": "12",
        "task_id": "28",
        "values": "35.0, 115.0",
        "target_value": 35
      },
      "choice": {
        "button": "F",
        "selected_option": "OptionA"
      }
    }
  ]
}