{
  "prolific_id": "UNKNOWN",
  "condition_group": "ranking",
  "responses": [
    {
      "question": 1,
      "target": "Tastiness",
      "target_value": 6,
      "options": [
        "Pizza size (inches)",
        "Cheese amount (g)"
      ],
      "optionA": {
        "trial_id": "13",
        "task_id": "121",
        "values": "10.0, 180",
        "target_value": 6
      },
      "optionB": {
        "trial_id": "19",
        "task_id": "121",
        "values": "14.0, 170",
        "target_value": 6
      },
      "choice": {
        "button": "F",
        "selected_option": "OptionA"
      }
    },
    {
      "question": 2,
      "target": "Shadow coverage",
      "target_value": 85,
      "options": [
        "Tree height",
        "Tree thickness"
      ],
      "optionA": {
        "trial_id": "7",
        "task_id": "58",
        "values": "15.0, 2.0",
        "target_value": 85
      },
      "optionB": {
        "trial_id": "20",
        "task_id": "58",
        "values": "8.0, 5.0",
        "target_value": 70
      },
      "choice": {
        "button": "J",
        "selected_option": "OptionB"
      }
    },
    {
      "question": 3,
      "target": "Post reach (people)",
      "target_value": 7000,
      "options": [
        "Number of likes (count)",
        "Time posted (hours ago)"
      ],
      "optionA": {
        "trial_id": "16",
        "task_id": "93",
        "values": "1400.0, 2",
        "target_value": 7000
      },
      "optionB": {
        "trial_id": "8",
        "task_id": "93",
        "values": "1300.0, 1",
        "target_value": 6500
      },
      "choice": {
        "button": "J",
        "selected_option": "OptionB"
      }
    },
    {
      "question": 4,
      "target": "Water Usage (ml/day)",
      "target_value": 185,
      "options": [
        "Plant Height",
        "Plant Leaves"
      ],
      "optionA": {
        "trial_id": "13",
        "task_id": "73",
        "values": "29.0, 10.0",
        "target_value": 185
      },
      "optionB": {
        "trial_id": "9",
        "task_id": "73",
        "values": "27.0, 8.0",
        "target_value": 175
      },
      "choice": {
        "button": "F",
        "selected_option": "OptionA"
      }
    },
    {
      "question": 5,
      "target": "Heart Health Score",
      "target_value": 82,
      "options": [
        "Age (years)",
        "Exercise Frequency"
      ],
      "optionA": {
        "trial_id": "6",
        "task_id": "149",
        "values": "45.0, 7.0",
        "target_value": 82
      },
      "optionB": {
        "trial_id": "19",
        "task_id": "149",
        "values": "36.0, 3.0",
        "target_value": 84
      },
      "choice": {
        "button": "F",
        "selected_option": "OptionA"
      }
    },
    {
      "question": 6,
      "target": "Usage Time",
      "target_value": 10,
      "options": [
        "Battery Capacity",
        "Weight"
      ],
      "optionA": {
        "trial_id": "10",
        "task_id": "22",
        "values": "3000.0, 260.0",
        "target_value": 10
      },
      "optionB": {
        "trial_id": "4",
        "task_id": "22",
        "values": "4500.0, 200.0",
        "target_value": 13
      },
      "choice": {
        "button": "J",
        "selected_option": "OptionB"
      }
    },
    {
      "question": 7,
      "target": "User Satisfaction",
      "target_value": 8.7,
      "options": [
        "Smartphone Price",
        "Battery Capacity"
      ],
      "optionA": {
        "trial_id": "20",
        "task_id": "31",
        "values": "520.0, 4300.0",
        "target_value": 8.7
      },
      "optionB": {
        "trial_id": "10",
        "task_id": "31",
        "values": "600.0, 3800.0",
        "target_value": 8.5
      },
      "choice": {
        "button": "F",
        "selected_option": "OptionA"
      }
    },
    {
      "question": 8,
      "target": "User Satisfaction",
      "target_value": 8.9,
      "options": [
        "Smartphone Price",
        "Battery Capacity"
      ],
      "optionA": {
        "trial_id": "9",
        "task_id": "31",
        "values": "450.0, 3500.0",
        "target_value": 8.9
      },
      "optionB": {
        "trial_id": "13",
        "task_id": "31",
        "values": "500.0, 4000.0",
        "target_value": 8.7
      },
      "choice": {
        "button": "J",
        "selected_option": "OptionB"
      }
    },
    {
      "question": 9,
      "target": "Bicycle Speed",
      "target_value": 19,
      "options": [
        "Bicycle Weight",
        "Bicycle Price"
      ],
      "optionA": {
        "trial_id": "13",
        "task_id": "39",
        "values": "22.0, 380",
        "target_value": 19
      },
      "optionB": {
        "trial_id": "14",
        "task_id": "39",
        "values": "24.0, 390",
        "target_value": 14
      },
      "choice": {
        "button": "F",
        "selected_option": "OptionA"
      }
    },
    {
      "question": "attention_check_9",
      "choice": "J",
      "passed": true,
      "timestamp": 1756154803752
    },
    {
      "question": 10,
      "target": "Enjoyment",
      "target_value": 80,
      "options": [
        "Book pages",
        "Author fame"
      ],
      "optionA": {
        "trial_id": "8",
        "task_id": "84",
        "values": "380.0, 6",
        "target_value": 80
      },
      "optionB": {
        "trial_id": "4",
        "task_id": "84",
        "values": "450.0, 7",
        "target_value": 90
      },
      "choice": {
        "button": "J",
        "selected_option": "OptionB"
      }
    },
    {
      "question": 11,
      "target": "Lighting (lux)",
      "target_value": 480,
      "options": [
        "Room size (m2)",
        "Number of windows"
      ],
      "optionA": {
        "trial_id": "2",
        "task_id": "115",
        "values": "18.0, 3",
        "target_value": 480
      },
      "optionB": {
        "trial_id": "3",
        "task_id": "115",
        "values": "25.0, 1",
        "target_value": 600
      },
      "choice": {
        "button": "F",
        "selected_option": "OptionA"
      }
    },
    {
      "question": 12,
      "target": "Car Value",
      "target_value": 23000,
      "options": [
        "Age (years)",
        "Mileage (km)"
      ],
      "optionA": {
        "trial_id": "12",
        "task_id": "127",
        "values": "10.0, 50000",
        "target_value": 23000
      },
      "optionB": {
        "trial_id": "20",
        "task_id": "127",
        "values": "6.0, 25000",
        "target_value": 33000
      },
      "choice": {
        "button": "F",
        "selected_option": "OptionA"
      }
    },
    {
      "question": 13,
      "target": "Car Fuel Efficiency",
      "target_value": 18,
      "options": [
        "Car Engine Size",
        "Car Weight"
      ],
      "optionA": {
        "trial_id": "1",
        "task_id": "105",
        "values": "2.0, 1500",
        "target_value": 18
      },
      "optionB": {
        "trial_id": "2",
        "task_id": "105",
        "values": "3.0, 1600",
        "target_value": 15
      },
      "choice": {
        "button": "F",
        "selected_option": "OptionA"
      }
    },
    {
      "question": 14,
      "target": "Morning Alertness",
      "target_value": 9,
      "options": [
        "Hours of Sleep",
        "Number of Alarms"
      ],
      "optionA": {
        "trial_id": "3",
        "task_id": "160",
        "values": "8.0, 0",
        "target_value": 9
      },
      "optionB": {
        "trial_id": "2",
        "task_id": "160",
        "values": "6.0, 2",
        "target_value": 6
      },
      "choice": {
        "button": "F",
        "selected_option": "OptionA"
      }
    },
    {
      "question": 15,
      "target": "Plant Health",
      "target_value": 7,
      "options": [
        "Plant Height",
        "Water Amount"
      ],
      "optionA": {
        "trial_id": "1",
        "task_id": "169",
        "values": "30.0, 1",
        "target_value": 7
      },
      "optionB": {
        "trial_id": "19",
        "task_id": "169",
        "values": "120.0, 1",
        "target_value": 16
      },
      "choice": {
        "button": "J",
        "selected_option": "OptionB"
      }
    },
    {
      "question": 16,
      "target": "Exam Score",
      "target_value": 80,
      "options": [
        "Study Time",
        "Coffee Consumption"
      ],
      "optionA": {
        "trial_id": "1",
        "task_id": "14",
        "values": "5.0, 3",
        "target_value": 80
      },
      "optionB": {
        "trial_id": "9",
        "task_id": "14",
        "values": "4.0, 5",
        "target_value": 78
      },
      "choice": {
        "button": "F",
        "selected_option": "OptionA"
      }
    },
    {
      "question": 17,
      "target": "Shadow coverage",
      "target_value": 80,
      "options": [
        "Tree height",
        "Tree thickness"
      ],
      "optionA": {
        "trial_id": "11",
        "task_id": "58",
        "values": "14.0, 1.0",
        "target_value": 80
      },
      "optionB": {
        "trial_id": "18",
        "task_id": "58",
        "values": "11.0, 3.0",
        "target_value": 75
      },
      "choice": {
        "button": "J",
        "selected_option": "OptionB"
      }
    },
    {
      "question": 18,
      "target": "Battery Life (hours)",
      "target_value": 16,
      "options": [
        "Phone Battery Capacity (mAh)",
        "Phone Weight (g)"
      ],
      "optionA": {
        "trial_id": "9",
        "task_id": "34",
        "values": "7000.0, 110.0",
        "target_value": 16
      },
      "optionB": {
        "trial_id": "13",
        "task_id": "34",
        "values": "4500.0, 145.0",
        "target_value": 10.5
      },
      "choice": {
        "button": "F",
        "selected_option": "OptionA"
      }
    },
    {
      "question": 19,
      "target": "Fuel Efficiency",
      "target_value": 30,
      "options": [
        "Car Engine Size",
        "Car Weight"
      ],
      "optionA": {
        "trial_id": "19",
        "task_id": "168",
        "values": "2.0, 3500",
        "target_value": 30
      },
      "optionB": {
        "trial_id": "16",
        "task_id": "105",
        "values": "2.7, 1750",
        "target_value": 14
      },
      "choice": {
        "button": "J",
        "selected_option": "OptionB"
      }
    },
    {
      "question": "attention_check_19",
      "choice": "F",
      "passed": true,
      "timestamp": 1756154911072
    },
    {
      "question": 20,
      "target": "Mood Score (1-10)",
      "target_value": 5,
      "options": [
        "Hours of Sleep",
        "Screen Time (hours)"
      ],
      "optionA": {
        "trial_id": "10",
        "task_id": "109",
        "values": "4.0, 5",
        "target_value": 5
      },
      "optionB": {
        "trial_id": "13",
        "task_id": "109",
        "values": "8.0, 3",
        "target_value": 8
      },
      "choice": {
        "button": "J",
        "selected_option": "OptionB"
      }
    },
    {
      "question": 21,
      "target": "Deliciousness",
      "target_value": 3,
      "options": [
        "Cooking time",
        "Ingredients"
      ],
      "optionA": {
        "trial_id": "15",
        "task_id": "125",
        "values": "70.0, 1.0",
        "target_value": 3
      },
      "optionB": {
        "trial_id": "14",
        "task_id": "125",
        "values": "0.0, 12.0",
        "target_value": 11
      },
      "choice": {
        "button": "J",
        "selected_option": "OptionB"
      }
    },
    {
      "question": 22,
      "target": "Fuel efficiency (km/l)",
      "target_value": 15,
      "options": [
        "Engine size (cc)",
        "Weight (kg)"
      ],
      "optionA": {
        "trial_id": "10",
        "task_id": "51",
        "values": "1500.0, 1200",
        "target_value": 15
      },
      "optionB": {
        "trial_id": "14",
        "task_id": "51",
        "values": "1450.0, 1180",
        "target_value": 16
      },
      "choice": {
        "button": "J",
        "selected_option": "OptionB"
      }
    },
    {
      "question": 23,
      "target": "Freshness",
      "target_value": 7,
      "options": [
        "Cooking Time",
        "Ingredients"
      ],
      "optionA": {
        "trial_id": "11",
        "task_id": "19",
        "values": "35.0, 5.0",
        "target_value": 7
      },
      "optionB": {
        "trial_id": "5",
        "task_id": "65",
        "values": "40.0, 4",
        "target_value": 6
      },
      "choice": {
        "button": "F",
        "selected_option": "OptionA"
      }
    },
    {
      "question": 24,
      "target": "Quality",
      "target_value": 75,
      "options": [
        "Price",
        "Size"
      ],
      "optionA": {
        "trial_id": "11",
        "task_id": "21",
        "values": "110.0, 6.0",
        "target_value": 75
      },
      "optionB": {
        "trial_id": "12",
        "task_id": "67",
        "values": "130.0, 60",
        "target_value": 6
      },
      "choice": {
        "button": "F",
        "selected_option": "OptionA"
      }
    },
    {
      "question": 25,
      "target": "Exercise Burned Calories",
      "target_value": 320,
      "options": [
        "Exercise Intensity",
        "Exercise Duration"
      ],
      "optionA": {
        "trial_id": "6",
        "task_id": "13",
        "values": "8.0, 25",
        "target_value": 320
      },
      "optionB": {
        "trial_id": "20",
        "task_id": "13",
        "values": "11.0, 5",
        "target_value": 380
      },
      "choice": {
        "button": "F",
        "selected_option": "OptionA"
      }
    },
    {
      "question": 26,
      "target": "Customer satisfaction (1-10)",
      "target_value": 7.5,
      "options": [
        "Number of reviews",
        "Price (in $)"
      ],
      "optionA": {
        "trial_id": "6",
        "task_id": "56",
        "values": "100.0, 55",
        "target_value": 7.5
      },
      "optionB": {
        "trial_id": "15",
        "task_id": "56",
        "values": "180.0, 55",
        "target_value": 8.5
      },
      "choice": {
        "button": "J",
        "selected_option": "OptionB"
      }
    },
    {
      "question": 27,
      "target": "Distance Traveled",
      "target_value": 425,
      "options": [
        "Speed",
        "Comfort"
      ],
      "optionA": {
        "trial_id": "8",
        "task_id": "129",
        "values": "85.0, 5.0",
        "target_value": 425
      },
      "optionB": {
        "trial_id": "14",
        "task_id": "129",
        "values": "115.0, 2.0",
        "target_value": 575
      },
      "choice": {
        "button": "J",
        "selected_option": "OptionB"
      }
    },
    {
      "question": 28,
      "target": "Amount of natural light (lux)",
      "target_value": 1400,
      "options": [
        "Room size (sq ft)",
        "Number of windows"
      ],
      "optionA": {
        "trial_id": "2",
        "task_id": "94",
        "values": "180.0, 4",
        "target_value": 1400
      },
      "optionB": {
        "trial_id": "4",
        "task_id": "94",
        "values": "220.0, 5",
        "target_value": 1450
      },
      "choice": {
        "button": "J",
        "selected_option": "OptionB"
      }
    },
    {
      "question": 29,
      "target": "Exam score (%)",
      "target_value": 65,
      "options": [
        "Time spent studying (hours)",
        "Number of breaks (times)"
      ],
      "optionA": {
        "trial_id": "10",
        "task_id": "139",
        "values": "4.0, 4",
        "target_value": 65
      },
      "optionB": {
        "trial_id": "16",
        "task_id": "139",
        "values": "3.0, 5",
        "target_value": 60
      },
      "choice": {
        "button": "F",
        "selected_option": "OptionA"
      }
    },
    {
      "question": "attention_check_29",
      "choice": "J",
      "passed": true,
      "timestamp": 1756155015044
    },
    {
      "question": 30,
      "target": "Car Fuel Efficiency",
      "target_value": 15,
      "options": [
        "Car Engine Size",
        "Car Weight"
      ],
      "optionA": {
        "trial_id": "12",
        "task_id": "105",
        "values": "2.6, 1700",
        "target_value": 15
      },
      "optionB": {
        "trial_id": "16",
        "task_id": "168",
        "values": "1.5, 3800",
        "target_value": 31
      },
      "choice": {
        "button": "F",
        "selected_option": "OptionA"
      }
    },
    {
      "question": 31,
      "target": "Job Success",
      "target_value": 4.5,
      "options": [
        "Age",
        "Experience"
      ],
      "optionA": {
        "trial_id": "11",
        "task_id": "133",
        "values": "55.0, 0.5",
        "target_value": 4.5
      },
      "optionB": {
        "trial_id": "20",
        "task_id": "133",
        "values": "80.0, 0.02",
        "target_value": 2
      },
      "choice": {
        "button": "F",
        "selected_option": "OptionA"
      }
    },
    {
      "question": 32,
      "target": "Exam Score",
      "target_value": 88,
      "options": [
        "Study Time",
        "Coffee Consumption"
      ],
      "optionA": {
        "trial_id": "8",
        "task_id": "14",
        "values": "6.0, 3",
        "target_value": 88
      },
      "optionB": {
        "trial_id": "2",
        "task_id": "14",
        "values": "4.0, 5",
        "target_value": 75
      },
      "choice": {
        "button": "F",
        "selected_option": "OptionA"
      }
    },
    {
      "question": 33,
      "target": "Lighting (lux)",
      "target_value": 470,
      "options": [
        "Room size (m2)",
        "Number of windows"
      ],
      "optionA": {
        "trial_id": "8",
        "task_id": "115",
        "values": "16.0, 4",
        "target_value": 470
      },
      "optionB": {
        "trial_id": "7",
        "task_id": "115",
        "values": "18.0, 3",
        "target_value": 500
      },
      "choice": {
        "button": "F",
        "selected_option": "OptionA"
      }
    },
    {
      "question": 34,
      "target": "Tree trunk volume (m³)",
      "target_value": 2,
      "options": [
        "Height (cm)",
        "Width (cm)"
      ],
      "optionA": {
        "trial_id": "20",
        "task_id": "162",
        "values": "130.0, 49",
        "target_value": 2
      },
      "optionB": {
        "trial_id": "9",
        "task_id": "162",
        "values": "220.0, 26",
        "target_value": 7
      },
      "choice": {
        "button": "F",
        "selected_option": "OptionA"
      }
    },
    {
      "question": 35,
      "target": "Endurance",
      "target_value": 75,
      "options": [
        "Age",
        "Height"
      ],
      "optionA": {
        "trial_id": "3",
        "task_id": "123",
        "values": "30.0, 180.0",
        "target_value": 75
      },
      "optionB": {
        "trial_id": "11",
        "task_id": "135",
        "values": "45.0, 175.0",
        "target_value": 5.5
      },
      "choice": {
        "button": "J",
        "selected_option": "OptionB"
      }
    },
    {
      "question": 36,
      "target": "Exam Score",
      "target_value": 77,
      "options": [
        "Study Time (hours)",
        "Intelligence Score"
      ],
      "optionA": {
        "trial_id": "13",
        "task_id": "157",
        "values": "3.0, 80.0",
        "target_value": 77
      },
      "optionB": {
        "trial_id": "13",
        "task_id": "157",
        "values": "3.0, 80.0",
        "target_value": 77
      },
      "choice": {
        "button": "J",
        "selected_option": "OptionB"
      }
    },
    {
      "question": 37,
      "target": "Flower blooming time",
      "target_value": 4,
      "options": [
        "Hours of sunlight",
        "Humidity"
      ],
      "optionA": {
        "trial_id": "1",
        "task_id": "101",
        "values": "6.0, 70.0",
        "target_value": 4
      },
      "optionB": {
        "trial_id": "4",
        "task_id": "101",
        "values": "7.0, 55.0",
        "target_value": 4
      },
      "choice": {
        "button": "J",
        "selected_option": "OptionB"
      }
    },
    {
      "question": 38,
      "target": "Fatigue (1-10)",
      "target_value": 5,
      "options": [
        "Exercise Duration (min)",
        "Rest Time (min)"
      ],
      "optionA": {
        "trial_id": "16",
        "task_id": "2",
        "values": "40.0, 10",
        "target_value": 5
      },
      "optionB": {
        "trial_id": "2",
        "task_id": "2",
        "values": "20.0, 15",
        "target_value": 3
      },
      "choice": {
        "button": "J",
        "selected_option": "OptionB"
      }
    },
    {
      "question": 39,
      "target": "Nutritional Value",
      "target_value": 75,
      "options": [
        "Weight",
        "Calories"
      ],
      "optionA": {
        "trial_id": "19",
        "task_id": "136",
        "values": "90.0, 100.0",
        "target_value": 75
      },
      "optionB": {
        "trial_id": "16",
        "task_id": "136",
        "values": "140.0, 150.0",
        "target_value": 50
      },
      "choice": {
        "button": "F",
        "selected_option": "OptionA"
      }
    },
    {
      "question": "attention_check_39",
      "choice": "F",
      "passed": true,
      "timestamp": 1756155151845
    },
    {
      "question": 40,
      "target": "Favorability",
      "target_value": 5,
      "options": [
        "Coffee strength",
        "Coffee cream"
      ],
      "optionA": {
        "trial_id": "20",
        "task_id": "57",
        "values": "7.0, 0.8",
        "target_value": 5
      },
      "optionB": {
        "trial_id": "16",
        "task_id": "57",
        "values": "6.0, 0.4",
        "target_value": 5
      },
      "choice": {
        "button": "F",
        "selected_option": "OptionA"
      }
    },
    {
      "question": 41,
      "target": "Health index",
      "target_value": 65,
      "options": [
        "Age",
        "Exercise hours"
      ],
      "optionA": {
        "trial_id": "8",
        "task_id": "82",
        "values": "55.0, 2",
        "target_value": 65
      },
      "optionB": {
        "trial_id": "12",
        "task_id": "77",
        "values": "30.0, 5",
        "target_value": 63
      },
      "choice": {
        "button": "J",
        "selected_option": "OptionB"
      }
    },
    {
      "question": 42,
      "target": "Mood Score (1-10)",
      "target_value": 7,
      "options": [
        "Hours of Sleep",
        "Screen Time (hours)"
      ],
      "optionA": {
        "trial_id": "4",
        "task_id": "109",
        "values": "6.0, 2",
        "target_value": 7
      },
      "optionB": {
        "trial_id": "8",
        "task_id": "109",
        "values": "8.0, 2",
        "target_value": 9
      },
      "choice": {
        "button": "J",
        "selected_option": "OptionB"
      }
    },
    {
      "question": 43,
      "target": "Phone Performance Score",
      "target_value": 8.7,
      "options": [
        "Phone Processor Speed",
        "Phone Battery Capacity"
      ],
      "optionA": {
        "trial_id": "1",
        "task_id": "10",
        "values": "3.5, 4000",
        "target_value": 8.7
      },
      "optionB": {
        "trial_id": "17",
        "task_id": "10",
        "values": "5.5, 2000",
        "target_value": 9.9
      },
      "choice": {
        "button": "J",
        "selected_option": "OptionB"
      }
    },
    {
      "question": 44,
      "target": "Project Success (%)",
      "target_value": 83,
      "options": [
        "Experience (years)",
        "Team Size"
      ],
      "optionA": {
        "trial_id": "18",
        "task_id": "110",
        "values": "14.0, 8",
        "target_value": 83
      },
      "optionB": {
        "trial_id": "12",
        "task_id": "110",
        "values": "11.0, 5",
        "target_value": 89
      },
      "choice": {
        "button": "F",
        "selected_option": "OptionA"
      }
    },
    {
      "question": 45,
      "target": "Flower production",
      "target_value": 18,
      "options": [
        "Plant height",
        "Plant width"
      ],
      "optionA": {
        "trial_id": "16",
        "task_id": "63",
        "values": "90.0, 6.0",
        "target_value": 18
      },
      "optionB": {
        "trial_id": "3",
        "task_id": "63",
        "values": "120.0, 4.0",
        "target_value": 24
      },
      "choice": {
        "button": "J",
        "selected_option": "OptionB"
      }
    },
    {
      "question": 46,
      "target": "Salary",
      "target_value": 88000,
      "options": [
        "Experience",
        "Years since graduation"
      ],
      "optionA": {
        "trial_id": "13",
        "task_id": "76",
        "values": "14.0, 8",
        "target_value": 88000
      },
      "optionB": {
        "trial_id": "15",
        "task_id": "76",
        "values": "7.0, 11",
        "target_value": 68000
      },
      "choice": {
        "button": "F",
        "selected_option": "OptionA"
      }
    },
    {
      "question": 47,
      "target": "Bicycle Speed",
      "target_value": 22,
      "options": [
        "Bicycle Weight",
        "Bicycle Price"
      ],
      "optionA": {
        "trial_id": "7",
        "task_id": "39",
        "values": "16.0, 440",
        "target_value": 22
      },
      "optionB": {
        "trial_id": "2",
        "task_id": "39",
        "values": "12.0, 450",
        "target_value": 20
      },
      "choice": {
        "button": "J",
        "selected_option": "OptionB"
      }
    },
    {
      "question": 48,
      "target": "Fuel efficiency (km/l)",
      "target_value": 11,
      "options": [
        "Car weight (kg)",
        "Engine size (cc)"
      ],
      "optionA": {
        "trial_id": "4",
        "task_id": "153",
        "values": "1500.0, 1300.0",
        "target_value": 11
      },
      "optionB": {
        "trial_id": "19",
        "task_id": "153",
        "values": "1200.0, 1600.0",
        "target_value": 15
      },
      "choice": {
        "button": "J",
        "selected_option": "OptionB"
      }
    },
    {
      "question": 49,
      "target": "Race Finish Time (minutes)",
      "target_value": 13.5,
      "options": [
        "Runner Speed (mph)",
        "Runner Weight (lbs)"
      ],
      "optionA": {
        "trial_id": "20",
        "task_id": "37",
        "values": "9.5, 125.0",
        "target_value": 13.5
      },
      "optionB": {
        "trial_id": "9",
        "task_id": "37",
        "values": "10.0, 110.0",
        "target_value": 12
      },
      "choice": {
        "button": "J",
        "selected_option": "OptionB"
      }
    },
    {
      "question": 50,
      "target": "Job Success",
      "target_value": 6.5,
      "options": [
        "Age",
        "Experience"
      ],
      "optionA": {
        "trial_id": "3",
        "task_id": "133",
        "values": "35.0, 4.0",
        "target_value": 6.5
      },
      "optionB": {
        "trial_id": "3",
        "task_id": "133",
        "values": "35.0, 4.0",
        "target_value": 6.5
      },
      "choice": {
        "button": "F",
        "selected_option": "OptionA"
      }
    }
  ]
}