{
  "prolific_id": "UNKNOWN",
  "condition_group": "ranking",
  "responses": [
    {
      "question": 1,
      "target": "Reliability",
      "target_value": 100,
      "options": [
        "Car age",
        "Maintenance cost"
      ],
      "optionA": {
        "trial_id": "17",
        "task_id": "83",
        "values": "1.0, 2500",
        "target_value": 100
      },
      "optionB": {
        "trial_id": "19",
        "task_id": "83",
        "values": "9.0, 700",
        "target_value": 55
      },
      "choice": {
        "button": "J",
        "selected_option": "OptionB"
      }
    },
    {
      "question": 2,
      "target": "Shade Area (sq ft)",
      "target_value": 120,
      "options": [
        "Tree Height (ft)",
        "Tree Diameter (in)"
      ],
      "optionA": {
        "trial_id": "4",
        "task_id": "33",
        "values": "40.0, 10.0",
        "target_value": 120
      },
      "optionB": {
        "trial_id": "4",
        "task_id": "33",
        "values": "40.0, 10.0",
        "target_value": 120
      },
      "choice": {
        "button": "J",
        "selected_option": "OptionB"
      }
    },
    {
      "question": 3,
      "target": "Race Finish Time (minutes)",
      "target_value": 18,
      "options": [
        "Runner Speed (mph)",
        "Runner Weight (lbs)"
      ],
      "optionA": {
        "trial_id": "3",
        "task_id": "37",
        "values": "7.0, 140.0",
        "target_value": 18
      },
      "optionB": {
        "trial_id": "8",
        "task_id": "37",
        "values": "8.0, 130.0",
        "target_value": 16
      },
      "choice": {
        "button": "F",
        "selected_option": "OptionA"
      }
    },
    {
      "question": 4,
      "target": "Reliability",
      "target_value": 90,
      "options": [
        "Car age",
        "Maintenance cost"
      ],
      "optionA": {
        "trial_id": "4",
        "task_id": "83",
        "values": "2.0, 1700",
        "target_value": 90
      },
      "optionB": {
        "trial_id": "2",
        "task_id": "83",
        "values": "4.0, 1200",
        "target_value": 75
      },
      "choice": {
        "button": "J",
        "selected_option": "OptionB"
      }
    },
    {
      "question": 5,
      "target": "Comfort level",
      "target_value": 6,
      "options": [
        "Room size",
        "Room furniture"
      ],
      "optionA": {
        "trial_id": "10",
        "task_id": "60",
        "values": "12.0, 4.0",
        "target_value": 6
      },
      "optionB": {
        "trial_id": "1",
        "task_id": "60",
        "values": "15.0, 2.0",
        "target_value": 8
      },
      "choice": {
        "button": "F",
        "selected_option": "OptionA"
      }
    },
    {
      "question": 6,
      "target": "Enjoyment Score",
      "target_value": 4.3,
      "options": [
        "Book Thickness",
        "Number of Reviews"
      ],
      "optionA": {
        "trial_id": "11",
        "task_id": "27",
        "values": "450.0, 100.0",
        "target_value": 4.3
      },
      "optionB": {
        "trial_id": "20",
        "task_id": "27",
        "values": "500.0, 120.0",
        "target_value": 4.2
      },
      "choice": {
        "button": "F",
        "selected_option": "OptionA"
      }
    },
    {
      "question": 7,
      "target": "Bike Speed",
      "target_value": 24,
      "options": [
        "Bike Weight",
        "Bike Frame Size"
      ],
      "optionA": {
        "trial_id": "12",
        "task_id": "106",
        "values": "11.0, 19",
        "target_value": 24
      },
      "optionB": {
        "trial_id": "13",
        "task_id": "106",
        "values": "11.0, 21",
        "target_value": 24
      },
      "choice": {
        "button": "F",
        "selected_option": "OptionA"
      }
    },
    {
      "question": 8,
      "target": "Commute time (minutes)",
      "target_value": 30,
      "options": [
        "Distance to work (miles)",
        "Number of traffic lights"
      ],
      "optionA": {
        "trial_id": "11",
        "task_id": "95",
        "values": "5.0, 11",
        "target_value": 30
      },
      "optionB": {
        "trial_id": "18",
        "task_id": "95",
        "values": "8.0, 9",
        "target_value": 33
      },
      "choice": {
        "button": "F",
        "selected_option": "OptionA"
      }
    },
    {
      "question": 9,
      "target": "Battery Life (hours)",
      "target_value": 9,
      "options": [
        "Phone Battery (mAh)",
        "Screen Brightness (%)"
      ],
      "optionA": {
        "trial_id": "18",
        "task_id": "5",
        "values": "4000.0, 70",
        "target_value": 9
      },
      "optionB": {
        "trial_id": "8",
        "task_id": "5",
        "values": "4500.0, 60",
        "target_value": 11
      },
      "choice": {
        "button": "J",
        "selected_option": "OptionB"
      }
    },
    {
      "question": "attention_check_9",
      "choice": "J",
      "passed": true,
      "timestamp": 1756154694274
    },
    {
      "question": 10,
      "target": "Engagement rate (%)",
      "target_value": 6,
      "options": [
        "Number of followers (count)",
        "Time posted (hours ago)"
      ],
      "optionA": {
        "trial_id": "3",
        "task_id": "98",
        "values": "1200.0, 1",
        "target_value": 6
      },
      "optionB": {
        "trial_id": "18",
        "task_id": "98",
        "values": "1000.0, 4",
        "target_value": 4
      },
      "choice": {
        "button": "F",
        "selected_option": "OptionA"
      }
    },
    {
      "question": 11,
      "target": "House Price",
      "target_value": 280,
      "options": [
        "House Size",
        "Housing Age"
      ],
      "optionA": {
        "trial_id": "13",
        "task_id": "99",
        "values": "160.0, 14",
        "target_value": 280
      },
      "optionB": {
        "trial_id": "16",
        "task_id": "99",
        "values": "320.0, 14",
        "target_value": 480
      },
      "choice": {
        "button": "J",
        "selected_option": "OptionB"
      }
    },
    {
      "question": 12,
      "target": "Strength",
      "target_value": 8,
      "options": [
        "Tea leaves (g)",
        "Water temperature (°C)"
      ],
      "optionA": {
        "trial_id": "17",
        "task_id": "120",
        "values": "5.0, 94",
        "target_value": 8
      },
      "optionB": {
        "trial_id": "7",
        "task_id": "120",
        "values": "7.0, 80",
        "target_value": 6
      },
      "choice": {
        "button": "J",
        "selected_option": "OptionB"
      }
    },
    {
      "question": 13,
      "target": "Fuel efficiency (km/l)",
      "target_value": 8,
      "options": [
        "Engine power (in horsepower)",
        "Weight (in kg)"
      ],
      "optionA": {
        "trial_id": "8",
        "task_id": "87",
        "values": "200.0, 1400",
        "target_value": 8
      },
      "optionB": {
        "trial_id": "11",
        "task_id": "87",
        "values": "190.0, 1400",
        "target_value": 9
      },
      "choice": {
        "button": "J",
        "selected_option": "OptionB"
      }
    },
    {
      "question": 14,
      "target": "Enjoyment (1-10)",
      "target_value": 6,
      "options": [
        "Book Thickness (cm)",
        "Author Fame (1-10)"
      ],
      "optionA": {
        "trial_id": "20",
        "task_id": "1",
        "values": "6.0, 5",
        "target_value": 6
      },
      "optionB": {
        "trial_id": "17",
        "task_id": "1",
        "values": "5.0, 8",
        "target_value": 6
      },
      "choice": {
        "button": "J",
        "selected_option": "OptionB"
      }
    },
    {
      "question": 15,
      "target": "Energy Level (1-10)",
      "target_value": 5,
      "options": [
        "Dog Weight (lbs)",
        "Dog Age (years)"
      ],
      "optionA": {
        "trial_id": "2",
        "task_id": "36",
        "values": "30.0, 1.0",
        "target_value": 5
      },
      "optionB": {
        "trial_id": "3",
        "task_id": "36",
        "values": "25.0, 3.0",
        "target_value": 5
      },
      "choice": {
        "button": "J",
        "selected_option": "OptionB"
      }
    },
    {
      "question": 16,
      "target": "House price ($)",
      "target_value": 280000,
      "options": [
        "House size (sq ft)",
        "House age (years)"
      ],
      "optionA": {
        "trial_id": "2",
        "task_id": "155",
        "values": "2500.0, 20.0",
        "target_value": 280000
      },
      "optionB": {
        "trial_id": "3",
        "task_id": "155",
        "values": "1800.0, 5.0",
        "target_value": 270000
      },
      "choice": {
        "button": "F",
        "selected_option": "OptionA"
      }
    },
    {
      "question": 17,
      "target": "Fuel Efficiency (km/L)",
      "target_value": 5,
      "options": [
        "Car Engine Size (L)",
        "Weight (kg)"
      ],
      "optionA": {
        "trial_id": "15",
        "task_id": "107",
        "values": "5.5, 1900",
        "target_value": 5
      },
      "optionB": {
        "trial_id": "1",
        "task_id": "107",
        "values": "2.0, 1200",
        "target_value": 12
      },
      "choice": {
        "button": "J",
        "selected_option": "OptionB"
      }
    },
    {
      "question": 18,
      "target": "Battery life",
      "target_value": 28,
      "options": [
        "Phone battery",
        "Phone size"
      ],
      "optionA": {
        "trial_id": "3",
        "task_id": "62",
        "values": "4500.0, 15.0",
        "target_value": 28
      },
      "optionB": {
        "trial_id": "7",
        "task_id": "62",
        "values": "3500.0, 20.0",
        "target_value": 22
      },
      "choice": {
        "button": "F",
        "selected_option": "OptionA"
      }
    },
    {
      "question": 19,
      "target": "Mobile Phone Performance",
      "target_value": 70,
      "options": [
        "Mobile Phone RAM",
        "Mobile Phone Battery Size"
      ],
      "optionA": {
        "trial_id": "4",
        "task_id": "40",
        "values": "8.0, 3400",
        "target_value": 70
      },
      "optionB": {
        "trial_id": "2",
        "task_id": "40",
        "values": "6.0, 3500",
        "target_value": 65
      },
      "choice": {
        "button": "F",
        "selected_option": "OptionA"
      }
    },
    {
      "question": "attention_check_19",
      "choice": "F",
      "passed": true,
      "timestamp": 1756154797773
    },
    {
      "question": 20,
      "target": "Exam score",
      "target_value": 90,
      "options": [
        "Study hours",
        "Intelligence score"
      ],
      "optionA": {
        "trial_id": "7",
        "task_id": "122",
        "values": "7.0, 75.0",
        "target_value": 90
      },
      "optionB": {
        "trial_id": "4",
        "task_id": "122",
        "values": "5.0, 70.0",
        "target_value": 83
      },
      "choice": {
        "button": "F",
        "selected_option": "OptionA"
      }
    },
    {
      "question": 21,
      "target": "Battery Life (hours)",
      "target_value": 11,
      "options": [
        "Phone Battery Capacity (mAh)",
        "Phone Brand (1=Premium, 2=Budget)"
      ],
      "optionA": {
        "trial_id": "12",
        "task_id": "175",
        "values": "2800.0, 2",
        "target_value": 11
      },
      "optionB": {
        "trial_id": "12",
        "task_id": "175",
        "values": "2800.0, 2",
        "target_value": 11
      },
      "choice": {
        "button": "F",
        "selected_option": "OptionA"
      }
    },
    {
      "question": 22,
      "target": "Flower size (cm)",
      "target_value": 3.8,
      "options": [
        "Plant height (cm)",
        "Plant age (months)"
      ],
      "optionA": {
        "trial_id": "10",
        "task_id": "146",
        "values": "37.0, 7",
        "target_value": 3.8
      },
      "optionB": {
        "trial_id": "19",
        "task_id": "146",
        "values": "24.0, 3",
        "target_value": 6.2
      },
      "choice": {
        "button": "F",
        "selected_option": "OptionA"
      }
    },
    {
      "question": 23,
      "target": "Value",
      "target_value": 7,
      "options": [
        "Price",
        "Size"
      ],
      "optionA": {
        "trial_id": "19",
        "task_id": "67",
        "values": "120.0, 50",
        "target_value": 7
      },
      "optionB": {
        "trial_id": "6",
        "task_id": "67",
        "values": "80.0, 40",
        "target_value": 9
      },
      "choice": {
        "button": "F",
        "selected_option": "OptionA"
      }
    },
    {
      "question": 24,
      "target": "House Price",
      "target_value": 320,
      "options": [
        "House Size",
        "Housing Age"
      ],
      "optionA": {
        "trial_id": "17",
        "task_id": "99",
        "values": "190.0, 11",
        "target_value": 320
      },
      "optionB": {
        "trial_id": "14",
        "task_id": "99",
        "values": "210.0, 10",
        "target_value": 330
      },
      "choice": {
        "button": "J",
        "selected_option": "OptionB"
      }
    },
    {
      "question": 25,
      "target": "Customer Rating (1-10)",
      "target_value": 8,
      "options": [
        "Price ($)",
        "Weight (oz)"
      ],
      "optionA": {
        "trial_id": "13",
        "task_id": "108",
        "values": "10.0, 12",
        "target_value": 8
      },
      "optionB": {
        "trial_id": "10",
        "task_id": "108",
        "values": "20.0, 14",
        "target_value": 5
      },
      "choice": {
        "button": "J",
        "selected_option": "OptionB"
      }
    },
    {
      "question": 26,
      "target": "Battery Life",
      "target_value": 42,
      "options": [
        "Phone Battery Capacity",
        "Phone Weight"
      ],
      "optionA": {
        "trial_id": "18",
        "task_id": "171",
        "values": "11000.0, 200",
        "target_value": 42
      },
      "optionB": {
        "trial_id": "3",
        "task_id": "171",
        "values": "4000.0, 180",
        "target_value": 16
      },
      "choice": {
        "button": "F",
        "selected_option": "OptionA"
      }
    },
    {
      "question": 27,
      "target": "Nutritional Value",
      "target_value": 85,
      "options": [
        "Weight",
        "Calories"
      ],
      "optionA": {
        "trial_id": "13",
        "task_id": "136",
        "values": "80.0, 90.0",
        "target_value": 85
      },
      "optionB": {
        "trial_id": "16",
        "task_id": "136",
        "values": "140.0, 150.0",
        "target_value": 50
      },
      "choice": {
        "button": "J",
        "selected_option": "OptionB"
      }
    },
    {
      "question": 28,
      "target": "Exam Score",
      "target_value": 78,
      "options": [
        "Study Time (hours)",
        "Intelligence Score"
      ],
      "optionA": {
        "trial_id": "5",
        "task_id": "157",
        "values": "3.0, 90.0",
        "target_value": 78
      },
      "optionB": {
        "trial_id": "10",
        "task_id": "157",
        "values": "5.0, 75.0",
        "target_value": 83
      },
      "choice": {
        "button": "F",
        "selected_option": "OptionA"
      }
    },
    {
      "question": 29,
      "target": "Health index",
      "target_value": 70,
      "options": [
        "Age",
        "Exercise hours"
      ],
      "optionA": {
        "trial_id": "3",
        "task_id": "82",
        "values": "50.0, 1",
        "target_value": 70
      },
      "optionB": {
        "trial_id": "5",
        "task_id": "77",
        "values": "25.0, 6",
        "target_value": 60
      },
      "choice": {
        "button": "J",
        "selected_option": "OptionB"
      }
    },
    {
      "question": "attention_check_29",
      "choice": "F",
      "passed": false,
      "timestamp": 1756154894903
    },
    {
      "question": 30,
      "target": "Resale value ($)",
      "target_value": 14000,
      "options": [
        "Age of car (years)",
        "Mileage (thousands)"
      ],
      "optionA": {
        "trial_id": "5",
        "task_id": "141",
        "values": "3.0, 90",
        "target_value": 14000
      },
      "optionB": {
        "trial_id": "5",
        "task_id": "141",
        "values": "3.0, 90",
        "target_value": 14000
      },
      "choice": {
        "button": "F",
        "selected_option": "OptionA"
      }
    },
    {
      "question": 31,
      "target": "Fuel Efficiency",
      "target_value": 27,
      "options": [
        "Car Engine Size",
        "Car Weight"
      ],
      "optionA": {
        "trial_id": "10",
        "task_id": "168",
        "values": "2.8, 3300",
        "target_value": 27
      },
      "optionB": {
        "trial_id": "7",
        "task_id": "105",
        "values": "1.4, 1300",
        "target_value": 25
      },
      "choice": {
        "button": "J",
        "selected_option": "OptionB"
      }
    },
    {
      "question": 32,
      "target": "Weight Loss (lbs)",
      "target_value": 6,
      "options": [
        "Exercise Minutes",
        "Diet Score (1-10)"
      ],
      "optionA": {
        "trial_id": "8",
        "task_id": "112",
        "values": "70.0, 6",
        "target_value": 6
      },
      "optionB": {
        "trial_id": "17",
        "task_id": "112",
        "values": "110.0, 8",
        "target_value": 10
      },
      "choice": {
        "button": "J",
        "selected_option": "OptionB"
      }
    },
    {
      "question": 33,
      "target": "Heart Health Score",
      "target_value": 89,
      "options": [
        "Age (years)",
        "Exercise Frequency"
      ],
      "optionA": {
        "trial_id": "9",
        "task_id": "149",
        "values": "28.0, 5.0",
        "target_value": 89
      },
      "optionB": {
        "trial_id": "10",
        "task_id": "149",
        "values": "38.0, 6.0",
        "target_value": 84
      },
      "choice": {
        "button": "F",
        "selected_option": "OptionA"
      }
    },
    {
      "question": 34,
      "target": "Endurance",
      "target_value": 65,
      "options": [
        "Age",
        "Height"
      ],
      "optionA": {
        "trial_id": "14",
        "task_id": "123",
        "values": "65.0, 145.0",
        "target_value": 65
      },
      "optionB": {
        "trial_id": "4",
        "task_id": "123",
        "values": "35.0, 185.0",
        "target_value": 80
      },
      "choice": {
        "button": "J",
        "selected_option": "OptionB"
      }
    },
    {
      "question": 35,
      "target": "Enjoyment (1-10)",
      "target_value": 6,
      "options": [
        "Book Thickness (cm)",
        "Author Fame (1-10)"
      ],
      "optionA": {
        "trial_id": "14",
        "task_id": "1",
        "values": "5.0, 5",
        "target_value": 6
      },
      "optionB": {
        "trial_id": "20",
        "task_id": "1",
        "values": "6.0, 5",
        "target_value": 6
      },
      "choice": {
        "button": "F",
        "selected_option": "OptionA"
      }
    },
    {
      "question": 36,
      "target": "Exam Score",
      "target_value": 75,
      "options": [
        "Study Time (hours)",
        "Difficulty Level (1-10)"
      ],
      "optionA": {
        "trial_id": "11",
        "task_id": "128",
        "values": "5.0, 6",
        "target_value": 75
      },
      "optionB": {
        "trial_id": "1",
        "task_id": "128",
        "values": "5.0, 3",
        "target_value": 85
      },
      "choice": {
        "button": "F",
        "selected_option": "OptionA"
      }
    },
    {
      "question": 37,
      "target": "Calories Burned",
      "target_value": 190,
      "options": [
        "Exercise Duration",
        "Exercise Intensity"
      ],
      "optionA": {
        "trial_id": "18",
        "task_id": "71",
        "values": "45.0, 3.0",
        "target_value": 190
      },
      "optionB": {
        "trial_id": "20",
        "task_id": "71",
        "values": "35.0, 4.0",
        "target_value": 190
      },
      "choice": {
        "button": "J",
        "selected_option": "OptionB"
      }
    },
    {
      "question": 38,
      "target": "Cooking Time (minutes)",
      "target_value": 12,
      "options": [
        "Number of Ingredients",
        "Prep Time (minutes)"
      ],
      "optionA": {
        "trial_id": "8",
        "task_id": "26",
        "values": "8.0, 15.0",
        "target_value": 12
      },
      "optionB": {
        "trial_id": "4",
        "task_id": "26",
        "values": "12.0, 25.0",
        "target_value": 10
      },
      "choice": {
        "button": "J",
        "selected_option": "OptionB"
      }
    },
    {
      "question": 39,
      "target": "Portability",
      "target_value": 7,
      "options": [
        "Battery Life",
        "Weight"
      ],
      "optionA": {
        "trial_id": "16",
        "task_id": "68",
        "values": "24.0, 550",
        "target_value": 7
      },
      "optionB": {
        "trial_id": "5",
        "task_id": "68",
        "values": "18.0, 400",
        "target_value": 7
      },
      "choice": {
        "button": "J",
        "selected_option": "OptionB"
      }
    },
    {
      "question": "attention_check_39",
      "choice": "F",
      "passed": true,
      "timestamp": 1756154973038
    },
    {
      "question": 40,
      "target": "Weight Loss (lbs)",
      "target_value": 4,
      "options": [
        "Exercise Minutes",
        "Diet Score (1-10)"
      ],
      "optionA": {
        "trial_id": "4",
        "task_id": "112",
        "values": "50.0, 8",
        "target_value": 4
      },
      "optionB": {
        "trial_id": "19",
        "task_id": "112",
        "values": "120.0, 9",
        "target_value": 11
      },
      "choice": {
        "button": "J",
        "selected_option": "OptionB"
      }
    },
    {
      "question": 41,
      "target": "Walking speed (km/h)",
      "target_value": 4.1,
      "options": [
        "Person height (cm)",
        "Age (years)"
      ],
      "optionA": {
        "trial_id": "18",
        "task_id": "163",
        "values": "158.0, 36.0",
        "target_value": 4.1
      },
      "optionB": {
        "trial_id": "6",
        "task_id": "163",
        "values": "175.0, 45.0",
        "target_value": 4.7
      },
      "choice": {
        "button": "J",
        "selected_option": "OptionB"
      }
    },
    {
      "question": 42,
      "target": "Resale value (in $)",
      "target_value": 18000,
      "options": [
        "Age of car (years)",
        "Mileage (km)"
      ],
      "optionA": {
        "trial_id": "20",
        "task_id": "55",
        "values": "4.0, 40000",
        "target_value": 18000
      },
      "optionB": {
        "trial_id": "5",
        "task_id": "55",
        "values": "6.0, 60000",
        "target_value": 12000
      },
      "choice": {
        "button": "F",
        "selected_option": "OptionA"
      }
    },
    {
      "question": 43,
      "target": "Distance",
      "target_value": 400,
      "options": [
        "Fuel Efficiency",
        "Weight"
      ],
      "optionA": {
        "trial_id": "2",
        "task_id": "69",
        "values": "25.0, 1600",
        "target_value": 400
      },
      "optionB": {
        "trial_id": "17",
        "task_id": "69",
        "values": "32.0, 1500",
        "target_value": 480
      },
      "choice": {
        "button": "J",
        "selected_option": "OptionB"
      }
    },
    {
      "question": 44,
      "target": "Growth Rate (cm/week)",
      "target_value": 6,
      "options": [
        "Plant Height (cm)",
        "Sunlight (hours/day)"
      ],
      "optionA": {
        "trial_id": "2",
        "task_id": "4",
        "values": "40.0, 5",
        "target_value": 6
      },
      "optionB": {
        "trial_id": "1",
        "task_id": "4",
        "values": "30.0, 6",
        "target_value": 5
      },
      "choice": {
        "button": "F",
        "selected_option": "OptionA"
      }
    },
    {
      "question": 45,
      "target": "How many people buy it",
      "target_value": 50,
      "options": [
        "Shoe price (in USD)",
        "Comfort rating (1-10)"
      ],
      "optionA": {
        "trial_id": "14",
        "task_id": "126",
        "values": "100.0, 8.0",
        "target_value": 50
      },
      "optionB": {
        "trial_id": "9",
        "task_id": "126",
        "values": "120.0, 10.0",
        "target_value": 30
      },
      "choice": {
        "button": "J",
        "selected_option": "OptionB"
      }
    },
    {
      "question": 46,
      "target": "House price ($)",
      "target_value": 260000,
      "options": [
        "House size (sq ft)",
        "House age (years)"
      ],
      "optionA": {
        "trial_id": "7",
        "task_id": "155",
        "values": "1900.0, 8.0",
        "target_value": 260000
      },
      "optionB": {
        "trial_id": "2",
        "task_id": "155",
        "values": "2500.0, 20.0",
        "target_value": 280000
      },
      "choice": {
        "button": "J",
        "selected_option": "OptionB"
      }
    },
    {
      "question": 47,
      "target": "Exam score (%)",
      "target_value": 65,
      "options": [
        "Time spent studying (hours)",
        "Number of breaks (times)"
      ],
      "optionA": {
        "trial_id": "3",
        "task_id": "139",
        "values": "4.0, 4",
        "target_value": 65
      },
      "optionB": {
        "trial_id": "14",
        "task_id": "89",
        "values": "2.0, 5",
        "target_value": 72
      },
      "choice": {
        "button": "F",
        "selected_option": "OptionA"
      }
    },
    {
      "question": 48,
      "target": "House Price",
      "target_value": 250,
      "options": [
        "House Size",
        "Housing Age"
      ],
      "optionA": {
        "trial_id": "5",
        "task_id": "99",
        "values": "120.0, 15",
        "target_value": 250
      },
      "optionB": {
        "trial_id": "20",
        "task_id": "99",
        "values": "280.0, 11",
        "target_value": 420
      },
      "choice": {
        "button": "J",
        "selected_option": "OptionB"
      }
    },
    {
      "question": 49,
      "target": "Customer Rating (1-10)",
      "target_value": 7,
      "options": [
        "Price ($)",
        "Weight (oz)"
      ],
      "optionA": {
        "trial_id": "4",
        "task_id": "108",
        "values": "13.0, 14",
        "target_value": 7
      },
      "optionB": {
        "trial_id": "16",
        "task_id": "108",
        "values": "13.0, 16",
        "target_value": 7
      },
      "choice": {
        "button": "F",
        "selected_option": "OptionA"
      }
    },
    {
      "question": 50,
      "target": "House price ($)",
      "target_value": 260000,
      "options": [
        "House size (sq ft)",
        "House age (years)"
      ],
      "optionA": {
        "trial_id": "10",
        "task_id": "155",
        "values": "2500.0, 24.0",
        "target_value": 260000
      },
      "optionB": {
        "trial_id": "4",
        "task_id": "155",
        "values": "2200.0, 15.0",
        "target_value": 260000
      },
      "choice": {
        "button": "F",
        "selected_option": "OptionA"
      }
    }
  ]
}