{
  "prolific_id": "UNKNOWN",
  "condition_group": "ranking",
  "responses": [
    {
      "question": 1,
      "target": "Fuel Efficiency (km/L)",
      "target_value": 11,
      "options": [
        "Car Engine Size (L)",
        "Weight (kg)"
      ],
      "optionA": {
        "trial_id": "3",
        "task_id": "107",
        "values": "2.5, 1300",
        "target_value": 11
      },
      "optionB": {
        "trial_id": "18",
        "task_id": "107",
        "values": "7.0, 2100",
        "target_value": 2
      },
      "choice": {
        "button": "J",
        "selected_option": "OptionB"
      }
    },
    {
      "question": 2,
      "target": "Battery Life (hours)",
      "target_value": 10,
      "options": [
        "Phone Battery (mAh)",
        "Screen Brightness (%)"
      ],
      "optionA": {
        "trial_id": "3",
        "task_id": "5",
        "values": "4000.0, 60",
        "target_value": 10
      },
      "optionB": {
        "trial_id": "1",
        "task_id": "5",
        "values": "3000.0, 70",
        "target_value": 8
      },
      "choice": {
        "button": "F",
        "selected_option": "OptionA"
      }
    },
    {
      "question": 3,
      "target": "Project Success (%)",
      "target_value": 87,
      "options": [
        "Experience (years)",
        "Team Size"
      ],
      "optionA": {
        "trial_id": "14",
        "task_id": "110",
        "values": "12.0, 7",
        "target_value": 87
      },
      "optionB": {
        "trial_id": "20",
        "task_id": "110",
        "values": "15.0, 7",
        "target_value": 81
      },
      "choice": {
        "button": "J",
        "selected_option": "OptionB"
      }
    },
    {
      "question": 4,
      "target": "Battery life",
      "target_value": 12,
      "options": [
        "Battery capacity",
        "Weight"
      ],
      "optionA": {
        "trial_id": "20",
        "task_id": "75",
        "values": "5000.0, 320",
        "target_value": 12
      },
      "optionB": {
        "trial_id": "18",
        "task_id": "75",
        "values": "4000.0, 300",
        "target_value": 10
      },
      "choice": {
        "button": "F",
        "selected_option": "OptionA"
      }
    },
    {
      "question": 5,
      "target": "BMI",
      "target_value": 28.9,
      "options": [
        "Height (inches)",
        "Weight (lbs)"
      ],
      "optionA": {
        "trial_id": "18",
        "task_id": "158",
        "values": "63.0, 145.0",
        "target_value": 28.9
      },
      "optionB": {
        "trial_id": "4",
        "task_id": "158",
        "values": "63.0, 140.0",
        "target_value": 28.7
      },
      "choice": {
        "button": "F",
        "selected_option": "OptionA"
      }
    },
    {
      "question": 6,
      "target": "Battery Life",
      "target_value": 18,
      "options": [
        "Phone Battery Capacity",
        "Screen Size"
      ],
      "optionA": {
        "trial_id": "12",
        "task_id": "28",
        "values": "3800.0, 6.8",
        "target_value": 18
      },
      "optionB": {
        "trial_id": "1",
        "task_id": "28",
        "values": "4000.0, 6.1",
        "target_value": 18
      },
      "choice": {
        "button": "J",
        "selected_option": "OptionB"
      }
    },
    {
      "question": 7,
      "target": "House price ($)",
      "target_value": 270000,
      "options": [
        "House size (sq ft)",
        "House age (years)"
      ],
      "optionA": {
        "trial_id": "3",
        "task_id": "155",
        "values": "1800.0, 5.0",
        "target_value": 270000
      },
      "optionB": {
        "trial_id": "9",
        "task_id": "155",
        "values": "2100.0, 14.0",
        "target_value": 300000
      },
      "choice": {
        "button": "F",
        "selected_option": "OptionA"
      }
    },
    {
      "question": 8,
      "target": "Battery life",
      "target_value": 35,
      "options": [
        "Phone battery",
        "Phone size"
      ],
      "optionA": {
        "trial_id": "5",
        "task_id": "62",
        "values": "6000.0, 8.0",
        "target_value": 35
      },
      "optionB": {
        "trial_id": "6",
        "task_id": "62",
        "values": "5000.0, 10.0",
        "target_value": 30
      },
      "choice": {
        "button": "F",
        "selected_option": "OptionA"
      }
    },
    {
      "question": 9,
      "target": "BMI",
      "target_value": 21.2,
      "options": [
        "Height",
        "Weight"
      ],
      "optionA": {
        "trial_id": "3",
        "task_id": "17",
        "values": "175.0, 65",
        "target_value": 21.2
      },
      "optionB": {
        "trial_id": "13",
        "task_id": "17",
        "values": "185.0, 85",
        "target_value": 25.2
      },
      "choice": {
        "button": "J",
        "selected_option": "OptionB"
      }
    },
    {
      "question": "attention_check_9",
      "choice": "J",
      "passed": true,
      "timestamp": 1756154531676
    },
    {
      "question": 10,
      "target": "Exam score (%)",
      "target_value": 50,
      "options": [
        "Time spent studying (hours)",
        "Number of breaks (times)"
      ],
      "optionA": {
        "trial_id": "7",
        "task_id": "139",
        "values": "2.0, 3",
        "target_value": 50
      },
      "optionB": {
        "trial_id": "1",
        "task_id": "139",
        "values": "3.0, 5",
        "target_value": 60
      },
      "choice": {
        "button": "J",
        "selected_option": "OptionB"
      }
    },
    {
      "question": 11,
      "target": "Morning alertness (1-10)",
      "target_value": 9,
      "options": [
        "Amount of sleep (hours)",
        "Time to bed (minutes past 10pm)"
      ],
      "optionA": {
        "trial_id": "20",
        "task_id": "96",
        "values": "9.0, 15",
        "target_value": 9
      },
      "optionB": {
        "trial_id": "11",
        "task_id": "96",
        "values": "7.0, 30",
        "target_value": 6
      },
      "choice": {
        "button": "F",
        "selected_option": "OptionA"
      }
    },
    {
      "question": 12,
      "target": "Rent (per month)",
      "target_value": 1600,
      "options": [
        "Distance from center (km)",
        "Size (m²)"
      ],
      "optionA": {
        "trial_id": "4",
        "task_id": "53",
        "values": "1.0, 50",
        "target_value": 1600
      },
      "optionB": {
        "trial_id": "5",
        "task_id": "53",
        "values": "6.0, 60",
        "target_value": 1100
      },
      "choice": {
        "button": "F",
        "selected_option": "OptionA"
      }
    },
    {
      "question": 13,
      "target": "Deliciousness",
      "target_value": 5,
      "options": [
        "Cooking Time",
        "Ingredients"
      ],
      "optionA": {
        "trial_id": "20",
        "task_id": "65",
        "values": "40.0, 2",
        "target_value": 5
      },
      "optionB": {
        "trial_id": "4",
        "task_id": "19",
        "values": "35.0, 5.0",
        "target_value": 7
      },
      "choice": {
        "button": "J",
        "selected_option": "OptionB"
      }
    },
    {
      "question": 14,
      "target": "Dog Obedience Score",
      "target_value": 9.3,
      "options": [
        "Dog Training Hours",
        "Dog Distractions"
      ],
      "optionA": {
        "trial_id": "20",
        "task_id": "12",
        "values": "18.0, 1",
        "target_value": 9.3
      },
      "optionB": {
        "trial_id": "10",
        "task_id": "12",
        "values": "4.0, 6",
        "target_value": 7.2
      },
      "choice": {
        "button": "F",
        "selected_option": "OptionA"
      }
    },
    {
      "question": 15,
      "target": "Comfort (1-10)",
      "target_value": 8,
      "options": [
        "Shoe Width (cm)",
        "Arch Support (1-10)"
      ],
      "optionA": {
        "trial_id": "15",
        "task_id": "7",
        "values": "9.0, 7",
        "target_value": 8
      },
      "optionB": {
        "trial_id": "19",
        "task_id": "7",
        "values": "9.0, 5",
        "target_value": 8
      },
      "choice": {
        "button": "F",
        "selected_option": "OptionA"
      }
    },
    {
      "question": 16,
      "target": "Physical Endurance",
      "target_value": 5.5,
      "options": [
        "Age",
        "Height"
      ],
      "optionA": {
        "trial_id": "8",
        "task_id": "135",
        "values": "45.0, 180.0",
        "target_value": 5.5
      },
      "optionB": {
        "trial_id": "5",
        "task_id": "123",
        "values": "40.0, 160.0",
        "target_value": 70
      },
      "choice": {
        "button": "F",
        "selected_option": "OptionA"
      }
    },
    {
      "question": 17,
      "target": "Walking speed (km/h)",
      "target_value": 5.8,
      "options": [
        "Person height (cm)",
        "Age (years)"
      ],
      "optionA": {
        "trial_id": "5",
        "task_id": "163",
        "values": "185.0, 35.0",
        "target_value": 5.8
      },
      "optionB": {
        "trial_id": "15",
        "task_id": "163",
        "values": "180.0, 31.0",
        "target_value": 5.6
      },
      "choice": {
        "button": "J",
        "selected_option": "OptionB"
      }
    },
    {
      "question": 18,
      "target": "Walking speed (km/h)",
      "target_value": 5.5,
      "options": [
        "Person height (cm)",
        "Age (years)"
      ],
      "optionA": {
        "trial_id": "1",
        "task_id": "163",
        "values": "180.0, 30.0",
        "target_value": 5.5
      },
      "optionB": {
        "trial_id": "17",
        "task_id": "163",
        "values": "168.0, 26.0",
        "target_value": 5
      },
      "choice": {
        "button": "F",
        "selected_option": "OptionA"
      }
    },
    {
      "question": 19,
      "target": "Deliciousness",
      "target_value": 7,
      "options": [
        "Cooking Time",
        "Ingredients"
      ],
      "optionA": {
        "trial_id": "6",
        "task_id": "65",
        "values": "25.0, 5",
        "target_value": 7
      },
      "optionB": {
        "trial_id": "3",
        "task_id": "19",
        "values": "25.0, 4.0",
        "target_value": 8
      },
      "choice": {
        "button": "F",
        "selected_option": "OptionA"
      }
    },
    {
      "question": "attention_check_19",
      "choice": "F",
      "passed": true,
      "timestamp": 1756154627036
    },
    {
      "question": 20,
      "target": "Distance Traveled",
      "target_value": 250,
      "options": [
        "Speed",
        "Comfort"
      ],
      "optionA": {
        "trial_id": "2",
        "task_id": "129",
        "values": "50.0, 8.0",
        "target_value": 250
      },
      "optionB": {
        "trial_id": "16",
        "task_id": "129",
        "values": "125.0, 1.0",
        "target_value": 625
      },
      "choice": {
        "button": "J",
        "selected_option": "OptionB"
      }
    },
    {
      "question": 21,
      "target": "Travel Time (min)",
      "target_value": 11,
      "options": [
        "Distance (km)",
        "Speed (km/h)"
      ],
      "optionA": {
        "trial_id": "17",
        "task_id": "166",
        "values": "9.0, 50",
        "target_value": 11
      },
      "optionB": {
        "trial_id": "19",
        "task_id": "166",
        "values": "18.0, 85",
        "target_value": 13
      },
      "choice": {
        "button": "F",
        "selected_option": "OptionA"
      }
    },
    {
      "question": 22,
      "target": "Cost to travel",
      "target_value": 55,
      "options": [
        "Distance",
        "Speed"
      ],
      "optionA": {
        "trial_id": "2",
        "task_id": "124",
        "values": "90.0, 70.0",
        "target_value": 55
      },
      "optionB": {
        "trial_id": "3",
        "task_id": "124",
        "values": "120.0, 50.0",
        "target_value": 60
      },
      "choice": {
        "button": "F",
        "selected_option": "OptionA"
      }
    },
    {
      "question": 23,
      "target": "Tree trunk volume (m³)",
      "target_value": 5,
      "options": [
        "Height (cm)",
        "Width (cm)"
      ],
      "optionA": {
        "trial_id": "7",
        "task_id": "162",
        "values": "180.0, 34",
        "target_value": 5
      },
      "optionB": {
        "trial_id": "10",
        "task_id": "162",
        "values": "200.0, 30",
        "target_value": 5
      },
      "choice": {
        "button": "F",
        "selected_option": "OptionA"
      }
    },
    {
      "question": 24,
      "target": "Travel Time (min)",
      "target_value": 18,
      "options": [
        "Distance (km)",
        "Speed (km/h)"
      ],
      "optionA": {
        "trial_id": "2",
        "task_id": "166",
        "values": "15.0, 50",
        "target_value": 18
      },
      "optionB": {
        "trial_id": "2",
        "task_id": "166",
        "values": "15.0, 50",
        "target_value": 18
      },
      "choice": {
        "button": "J",
        "selected_option": "OptionB"
      }
    },
    {
      "question": 25,
      "target": "Taste Rating (scale 1-10)",
      "target_value": 8,
      "options": [
        "Number of Ingredients",
        "Cooking Time (minutes)"
      ],
      "optionA": {
        "trial_id": "7",
        "task_id": "167",
        "values": "9.0, 30",
        "target_value": 8
      },
      "optionB": {
        "trial_id": "4",
        "task_id": "167",
        "values": "10.0, 35",
        "target_value": 7
      },
      "choice": {
        "button": "J",
        "selected_option": "OptionB"
      }
    },
    {
      "question": 26,
      "target": "Portability",
      "target_value": 7,
      "options": [
        "Battery Life",
        "Weight"
      ],
      "optionA": {
        "trial_id": "9",
        "task_id": "68",
        "values": "24.0, 550",
        "target_value": 7
      },
      "optionB": {
        "trial_id": "14",
        "task_id": "68",
        "values": "20.0, 450",
        "target_value": 7
      },
      "choice": {
        "button": "J",
        "selected_option": "OptionB"
      }
    },
    {
      "question": 27,
      "target": "House Price",
      "target_value": 350000,
      "options": [
        "House Square Feet",
        "House Age"
      ],
      "optionA": {
        "trial_id": "1",
        "task_id": "9",
        "values": "2000.0, 10",
        "target_value": 350000
      },
      "optionB": {
        "trial_id": "17",
        "task_id": "9",
        "values": "2800.0, 2",
        "target_value": 440000
      },
      "choice": {
        "button": "J",
        "selected_option": "OptionB"
      }
    },
    {
      "question": 28,
      "target": "Exercise Burned Calories",
      "target_value": 400,
      "options": [
        "Exercise Intensity",
        "Exercise Duration"
      ],
      "optionA": {
        "trial_id": "19",
        "task_id": "13",
        "values": "12.0, 0",
        "target_value": 400
      },
      "optionB": {
        "trial_id": "12",
        "task_id": "13",
        "values": "3.0, 80",
        "target_value": 210
      },
      "choice": {
        "button": "J",
        "selected_option": "OptionB"
      }
    },
    {
      "question": 29,
      "target": "Cost to travel",
      "target_value": 5,
      "options": [
        "Distance",
        "Speed"
      ],
      "optionA": {
        "trial_id": "18",
        "task_id": "124",
        "values": "10.0, 150.0",
        "target_value": 5
      },
      "optionB": {
        "trial_id": "3",
        "task_id": "124",
        "values": "120.0, 50.0",
        "target_value": 60
      },
      "choice": {
        "button": "J",
        "selected_option": "OptionB"
      }
    },
    {
      "question": "attention_check_29",
      "choice": "F",
      "passed": false,
      "timestamp": 1756154750126
    },
    {
      "question": 30,
      "target": "Job Success",
      "target_value": 4.5,
      "options": [
        "Age",
        "Experience"
      ],
      "optionA": {
        "trial_id": "11",
        "task_id": "133",
        "values": "55.0, 0.5",
        "target_value": 4.5
      },
      "optionB": {
        "trial_id": "9",
        "task_id": "133",
        "values": "50.0, 1.0",
        "target_value": 5
      },
      "choice": {
        "button": "J",
        "selected_option": "OptionB"
      }
    },
    {
      "question": 31,
      "target": "Taste rating (1-10)",
      "target_value": 5,
      "options": [
        "Number of ingredients (count)",
        "Prep time (minutes)"
      ],
      "optionA": {
        "trial_id": "14",
        "task_id": "97",
        "values": "14.0, 20",
        "target_value": 5
      },
      "optionB": {
        "trial_id": "14",
        "task_id": "97",
        "values": "14.0, 20",
        "target_value": 5
      },
      "choice": {
        "button": "F",
        "selected_option": "OptionA"
      }
    },
    {
      "question": 32,
      "target": "Fuel Efficiency (km/L)",
      "target_value": 6,
      "options": [
        "Car Engine Size (L)",
        "Weight (kg)"
      ],
      "optionA": {
        "trial_id": "13",
        "task_id": "107",
        "values": "5.0, 1800",
        "target_value": 6
      },
      "optionB": {
        "trial_id": "6",
        "task_id": "107",
        "values": "4.0, 1500",
        "target_value": 8
      },
      "choice": {
        "button": "J",
        "selected_option": "OptionB"
      }
    },
    {
      "question": 33,
      "target": "Quality",
      "target_value": 79,
      "options": [
        "Price",
        "Size"
      ],
      "optionA": {
        "trial_id": "15",
        "task_id": "21",
        "values": "100.0, 5.0",
        "target_value": 79
      },
      "optionB": {
        "trial_id": "17",
        "task_id": "67",
        "values": "90.0, 40",
        "target_value": 8
      },
      "choice": {
        "button": "J",
        "selected_option": "OptionB"
      }
    },
    {
      "question": 34,
      "target": "Calories burned",
      "target_value": 270,
      "options": [
        "Exercise time (min)",
        "Heart rate (bpm)"
      ],
      "optionA": {
        "trial_id": "15",
        "task_id": "116",
        "values": "30.0, 105",
        "target_value": 270
      },
      "optionB": {
        "trial_id": "12",
        "task_id": "116",
        "values": "40.0, 115",
        "target_value": 360
      },
      "choice": {
        "button": "J",
        "selected_option": "OptionB"
      }
    },
    {
      "question": 35,
      "target": "Heating cost (per month)",
      "target_value": 420,
      "options": [
        "House size (sqm)",
        "Number of windows"
      ],
      "optionA": {
        "trial_id": "18",
        "task_id": "151",
        "values": "150.0, 1.0",
        "target_value": 420
      },
      "optionB": {
        "trial_id": "11",
        "task_id": "151",
        "values": "150.0, 3.0",
        "target_value": 420
      },
      "choice": {
        "button": "J",
        "selected_option": "OptionB"
      }
    },
    {
      "question": 36,
      "target": "Post reach (people)",
      "target_value": 4000,
      "options": [
        "Number of likes (count)",
        "Time posted (hours ago)"
      ],
      "optionA": {
        "trial_id": "2",
        "task_id": "93",
        "values": "800.0, 4",
        "target_value": 4000
      },
      "optionB": {
        "trial_id": "4",
        "task_id": "93",
        "values": "900.0, 5",
        "target_value": 4500
      },
      "choice": {
        "button": "F",
        "selected_option": "OptionA"
      }
    },
    {
      "question": 37,
      "target": "Fuel Efficiency (km/L)",
      "target_value": 14,
      "options": [
        "Car Weight (kg)",
        "Engine Power (hp)"
      ],
      "optionA": {
        "trial_id": "8",
        "task_id": "3",
        "values": "1300.0, 130",
        "target_value": 14
      },
      "optionB": {
        "trial_id": "6",
        "task_id": "3",
        "values": "1200.0, 140",
        "target_value": 13
      },
      "choice": {
        "button": "J",
        "selected_option": "OptionB"
      }
    },
    {
      "question": 38,
      "target": "Fuel Efficiency (km/l)",
      "target_value": 11,
      "options": [
        "Car Engine Size (liters)",
        "Weight (kg)"
      ],
      "optionA": {
        "trial_id": "6",
        "task_id": "103",
        "values": "2.4, 1300.0",
        "target_value": 11
      },
      "optionB": {
        "trial_id": "15",
        "task_id": "103",
        "values": "1.7, 1250.0",
        "target_value": 14
      },
      "choice": {
        "button": "F",
        "selected_option": "OptionA"
      }
    },
    {
      "question": 39,
      "target": "Comfort Rating",
      "target_value": 8.1,
      "options": [
        "Shoe Weight",
        "Brand Popularity"
      ],
      "optionA": {
        "trial_id": "7",
        "task_id": "29",
        "values": "210.0, 10.0",
        "target_value": 8.1
      },
      "optionB": {
        "trial_id": "1",
        "task_id": "29",
        "values": "200.0, 8.0",
        "target_value": 8
      },
      "choice": {
        "button": "J",
        "selected_option": "OptionB"
      }
    },
    {
      "question": "attention_check_39",
      "choice": "F",
      "passed": true,
      "timestamp": 1756154845516
    },
    {
      "question": 40,
      "target": "Battery Life (hours)",
      "target_value": 18,
      "options": [
        "Phone RAM (GB)",
        "Screen Size (inches)"
      ],
      "optionA": {
        "trial_id": "1",
        "task_id": "104",
        "values": "4.0, 6.5",
        "target_value": 18
      },
      "optionB": {
        "trial_id": "14",
        "task_id": "104",
        "values": "8.0, 7.0",
        "target_value": 18
      },
      "choice": {
        "button": "F",
        "selected_option": "OptionA"
      }
    },
    {
      "question": 41,
      "target": "Heart Health",
      "target_value": 80,
      "options": [
        "Age",
        "Exercise Hours"
      ],
      "optionA": {
        "trial_id": "12",
        "task_id": "16",
        "values": "45.0, 2",
        "target_value": 80
      },
      "optionB": {
        "trial_id": "18",
        "task_id": "16",
        "values": "65.0, 0",
        "target_value": 71
      },
      "choice": {
        "button": "F",
        "selected_option": "OptionA"
      }
    },
    {
      "question": 42,
      "target": "Flower blooming time",
      "target_value": 3,
      "options": [
        "Hours of sunlight",
        "Humidity"
      ],
      "optionA": {
        "trial_id": "15",
        "task_id": "101",
        "values": "8.0, 55.0",
        "target_value": 3
      },
      "optionB": {
        "trial_id": "2",
        "task_id": "101",
        "values": "5.0, 65.0",
        "target_value": 5
      },
      "choice": {
        "button": "J",
        "selected_option": "OptionB"
      }
    },
    {
      "question": 43,
      "target": "Exam score (%)",
      "target_value": 76,
      "options": [
        "Student study hours per week",
        "Student age (years)"
      ],
      "optionA": {
        "trial_id": "16",
        "task_id": "144",
        "values": "5.0, 15",
        "target_value": 76
      },
      "optionB": {
        "trial_id": "7",
        "task_id": "144",
        "values": "6.0, 15",
        "target_value": 75
      },
      "choice": {
        "button": "J",
        "selected_option": "OptionB"
      }
    },
    {
      "question": 44,
      "target": "Customer Rating (1-10)",
      "target_value": 8,
      "options": [
        "Price ($)",
        "Weight (oz)"
      ],
      "optionA": {
        "trial_id": "8",
        "task_id": "108",
        "values": "10.0, 10",
        "target_value": 8
      },
      "optionB": {
        "trial_id": "7",
        "task_id": "108",
        "values": "12.0, 8",
        "target_value": 7
      },
      "choice": {
        "button": "J",
        "selected_option": "OptionB"
      }
    },
    {
      "question": 45,
      "target": "Nutritional Value",
      "target_value": 60,
      "options": [
        "Weight",
        "Calories"
      ],
      "optionA": {
        "trial_id": "12",
        "task_id": "136",
        "values": "120.0, 120.0",
        "target_value": 60
      },
      "optionB": {
        "trial_id": "14",
        "task_id": "136",
        "values": "90.0, 85.0",
        "target_value": 80
      },
      "choice": {
        "button": "J",
        "selected_option": "OptionB"
      }
    },
    {
      "question": 46,
      "target": "Battery Life",
      "target_value": 20,
      "options": [
        "Phone Battery Capacity",
        "Screen Size"
      ],
      "optionA": {
        "trial_id": "4",
        "task_id": "28",
        "values": "4500.0, 6.7",
        "target_value": 20
      },
      "optionB": {
        "trial_id": "20",
        "task_id": "28",
        "values": "3200.0, 6.7",
        "target_value": 15
      },
      "choice": {
        "button": "F",
        "selected_option": "OptionA"
      }
    },
    {
      "question": 47,
      "target": "Enjoyment",
      "target_value": 80,
      "options": [
        "Book pages",
        "Author fame"
      ],
      "optionA": {
        "trial_id": "16",
        "task_id": "84",
        "values": "330.0, 7",
        "target_value": 80
      },
      "optionB": {
        "trial_id": "7",
        "task_id": "84",
        "values": "400.0, 5",
        "target_value": 75
      },
      "choice": {
        "button": "F",
        "selected_option": "OptionA"
      }
    },
    {
      "question": 48,
      "target": "Health index",
      "target_value": 90,
      "options": [
        "Age",
        "Exercise hours"
      ],
      "optionA": {
        "trial_id": "18",
        "task_id": "82",
        "values": "32.0, 3",
        "target_value": 90
      },
      "optionB": {
        "trial_id": "18",
        "task_id": "82",
        "values": "32.0, 3",
        "target_value": 90
      },
      "choice": {
        "button": "F",
        "selected_option": "OptionA"
      }
    },
    {
      "question": 49,
      "target": "Deliciousness",
      "target_value": 6,
      "options": [
        "Cooking Time",
        "Ingredients"
      ],
      "optionA": {
        "trial_id": "5",
        "task_id": "65",
        "values": "40.0, 4",
        "target_value": 6
      },
      "optionB": {
        "trial_id": "12",
        "task_id": "19",
        "values": "25.0, 6.0",
        "target_value": 8
      },
      "choice": {
        "button": "J",
        "selected_option": "OptionB"
      }
    },
    {
      "question": 50,
      "target": "Travel Time (min)",
      "target_value": 12,
      "options": [
        "Distance (km)",
        "Speed (km/h)"
      ],
      "optionA": {
        "trial_id": "13",
        "task_id": "166",
        "values": "15.0, 75",
        "target_value": 12
      },
      "optionB": {
        "trial_id": "17",
        "task_id": "166",
        "values": "9.0, 50",
        "target_value": 11
      },
      "choice": {
        "button": "J",
        "selected_option": "OptionB"
      }
    }
  ]
}