{
  "prolific_id": "UNKNOWN",
  "condition_group": "ranking",
  "responses": [
    {
      "question": 1,
      "target": "Fuel Efficiency (km per liter)",
      "target_value": 15,
      "options": [
        "Car Engine Size (in liters)",
        "Car Weight (in kg)"
      ],
      "optionA": {
        "trial_id": "17",
        "task_id": "173",
        "values": "1.6, 1300",
        "target_value": 15
      },
      "optionB": {
        "trial_id": "7",
        "task_id": "173",
        "values": "3.0, 1600",
        "target_value": 8
      },
      "choice": {
        "button": "J",
        "selected_option": "OptionB"
      }
    },
    {
      "question": 2,
      "target": "Exercise Burned Calories",
      "target_value": 340,
      "options": [
        "Exercise Intensity",
        "Exercise Duration"
      ],
      "optionA": {
        "trial_id": "16",
        "task_id": "13",
        "values": "9.0, 20",
        "target_value": 340
      },
      "optionB": {
        "trial_id": "5",
        "task_id": "13",
        "values": "9.0, 20",
        "target_value": 340
      },
      "choice": {
        "button": "J",
        "selected_option": "OptionB"
      }
    },
    {
      "question": 3,
      "target": "Taste Rating",
      "target_value": 7,
      "options": [
        "Number of Ingredients",
        "Prep Time (min)"
      ],
      "optionA": {
        "trial_id": "16",
        "task_id": "148",
        "values": "6.0, 30.0",
        "target_value": 7
      },
      "optionB": {
        "trial_id": "18",
        "task_id": "148",
        "values": "4.0, 20.0",
        "target_value": 9
      },
      "choice": {
        "button": "F",
        "selected_option": "OptionA"
      }
    },
    {
      "question": 4,
      "target": "Energy Level",
      "target_value": 7,
      "options": [
        "Age of Dog (years)",
        "Size (lbs)"
      ],
      "optionA": {
        "trial_id": "7",
        "task_id": "159",
        "values": "3.0, 15.0",
        "target_value": 7
      },
      "optionB": {
        "trial_id": "13",
        "task_id": "159",
        "values": "5.0, 25.0",
        "target_value": 4
      },
      "choice": {
        "button": "F",
        "selected_option": "OptionA"
      }
    },
    {
      "question": 5,
      "target": "Comfort Rating",
      "target_value": 8.1,
      "options": [
        "Shoe Weight",
        "Brand Popularity"
      ],
      "optionA": {
        "trial_id": "17",
        "task_id": "29",
        "values": "220.0, 8.0",
        "target_value": 8.1
      },
      "optionB": {
        "trial_id": "4",
        "task_id": "29",
        "values": "240.0, 10.0",
        "target_value": 7.7
      },
      "choice": {
        "button": "F",
        "selected_option": "OptionA"
      }
    },
    {
      "question": 6,
      "target": "Plant Health",
      "target_value": 12,
      "options": [
        "Plant Height",
        "Water Amount"
      ],
      "optionA": {
        "trial_id": "11",
        "task_id": "169",
        "values": "80.0, 1",
        "target_value": 12
      },
      "optionB": {
        "trial_id": "17",
        "task_id": "169",
        "values": "110.0, 1",
        "target_value": 15
      },
      "choice": {
        "button": "J",
        "selected_option": "OptionB"
      }
    },
    {
      "question": 7,
      "target": "Calories burned",
      "target_value": 330,
      "options": [
        "Exercise time (min)",
        "Heart rate (bpm)"
      ],
      "optionA": {
        "trial_id": "17",
        "task_id": "116",
        "values": "40.0, 110",
        "target_value": 330
      },
      "optionB": {
        "trial_id": "6",
        "task_id": "116",
        "values": "45.0, 110",
        "target_value": 370
      },
      "choice": {
        "button": "J",
        "selected_option": "OptionB"
      }
    },
    {
      "question": 8,
      "target": "Value",
      "target_value": 8,
      "options": [
        "Price",
        "Size"
      ],
      "optionA": {
        "trial_id": "11",
        "task_id": "67",
        "values": "100.0, 40",
        "target_value": 8
      },
      "optionB": {
        "trial_id": "19",
        "task_id": "21",
        "values": "85.0, 3.0",
        "target_value": 86
      },
      "choice": {
        "button": "F",
        "selected_option": "OptionA"
      }
    },
    {
      "question": 9,
      "target": "Heart Health",
      "target_value": 83,
      "options": [
        "Age",
        "Exercise Hours"
      ],
      "optionA": {
        "trial_id": "6",
        "task_id": "16",
        "values": "35.0, 3",
        "target_value": 83
      },
      "optionB": {
        "trial_id": "11",
        "task_id": "16",
        "values": "35.0, 3",
        "target_value": 85
      },
      "choice": {
        "button": "F",
        "selected_option": "OptionA"
      }
    },
    {
      "question": "attention_check_9",
      "choice": "J",
      "passed": true,
      "timestamp": 1756154623753
    },
    {
      "question": 10,
      "target": "Reading time (hours)",
      "target_value": 6.5,
      "options": [
        "Book pages",
        "Book weight (g)"
      ],
      "optionA": {
        "trial_id": "9",
        "task_id": "114",
        "values": "550.0, 330",
        "target_value": 6.5
      },
      "optionB": {
        "trial_id": "14",
        "task_id": "114",
        "values": "400.0, 390",
        "target_value": 5
      },
      "choice": {
        "button": "F",
        "selected_option": "OptionA"
      }
    },
    {
      "question": 11,
      "target": "Time to Destination (hours)",
      "target_value": 1.7,
      "options": [
        "Car Speed (mph)",
        "Fuel Efficiency (mpg)"
      ],
      "optionA": {
        "trial_id": "14",
        "task_id": "32",
        "values": "65.0, 26.0",
        "target_value": 1.7
      },
      "optionB": {
        "trial_id": "19",
        "task_id": "32",
        "values": "110.0, 8.0",
        "target_value": 0.5
      },
      "choice": {
        "button": "J",
        "selected_option": "OptionB"
      }
    },
    {
      "question": 12,
      "target": "Enjoyment Score",
      "target_value": 4.7,
      "options": [
        "Book Thickness",
        "Number of Reviews"
      ],
      "optionA": {
        "trial_id": "15",
        "task_id": "27",
        "values": "250.0, 160.0",
        "target_value": 4.7
      },
      "optionB": {
        "trial_id": "9",
        "task_id": "27",
        "values": "200.0, 150.0",
        "target_value": 4.6
      },
      "choice": {
        "button": "F",
        "selected_option": "OptionA"
      }
    },
    {
      "question": 13,
      "target": "Time to Destination (hours)",
      "target_value": 2,
      "options": [
        "Car Speed (mph)",
        "Fuel Efficiency (mpg)"
      ],
      "optionA": {
        "trial_id": "6",
        "task_id": "32",
        "values": "60.0, 25.0",
        "target_value": 2
      },
      "optionB": {
        "trial_id": "14",
        "task_id": "32",
        "values": "65.0, 26.0",
        "target_value": 1.7
      },
      "choice": {
        "button": "F",
        "selected_option": "OptionA"
      }
    },
    {
      "question": 14,
      "target": "Exam score",
      "target_value": 75,
      "options": [
        "Study time",
        "Hours slept"
      ],
      "optionA": {
        "trial_id": "9",
        "task_id": "102",
        "values": "3.0, 8",
        "target_value": 75
      },
      "optionB": {
        "trial_id": "10",
        "task_id": "102",
        "values": "2.0, 9",
        "target_value": 70
      },
      "choice": {
        "button": "J",
        "selected_option": "OptionB"
      }
    },
    {
      "question": 15,
      "target": "Fuel Efficiency (km/l)",
      "target_value": 14,
      "options": [
        "Car Engine Size (liters)",
        "Weight (kg)"
      ],
      "optionA": {
        "trial_id": "15",
        "task_id": "103",
        "values": "1.7, 1250.0",
        "target_value": 14
      },
      "optionB": {
        "trial_id": "19",
        "task_id": "103",
        "values": "2.1, 1400.0",
        "target_value": 12
      },
      "choice": {
        "button": "J",
        "selected_option": "OptionB"
      }
    },
    {
      "question": 16,
      "target": "Flower size (cm)",
      "target_value": 5.8,
      "options": [
        "Plant height (cm)",
        "Plant age (months)"
      ],
      "optionA": {
        "trial_id": "9",
        "task_id": "146",
        "values": "27.0, 4",
        "target_value": 5.8
      },
      "optionB": {
        "trial_id": "1",
        "task_id": "146",
        "values": "30.0, 3",
        "target_value": 5
      },
      "choice": {
        "button": "J",
        "selected_option": "OptionB"
      }
    },
    {
      "question": 17,
      "target": "Taste Score",
      "target_value": 7.2,
      "options": [
        "Cooking Time",
        "Spice Level"
      ],
      "optionA": {
        "trial_id": "7",
        "task_id": "130",
        "values": "35.0, 8.0",
        "target_value": 7.2
      },
      "optionB": {
        "trial_id": "5",
        "task_id": "130",
        "values": "30.0, 7.0",
        "target_value": 7.5
      },
      "choice": {
        "button": "F",
        "selected_option": "OptionA"
      }
    },
    {
      "question": 18,
      "target": "Student Exam Score",
      "target_value": 65,
      "options": [
        "Student Study Hours",
        "Student Distractions"
      ],
      "optionA": {
        "trial_id": "14",
        "task_id": "8",
        "values": "0.0, 8",
        "target_value": 65
      },
      "optionB": {
        "trial_id": "1",
        "task_id": "8",
        "values": "10.0, 2",
        "target_value": 85
      },
      "choice": {
        "button": "J",
        "selected_option": "OptionB"
      }
    },
    {
      "question": 19,
      "target": "BMI",
      "target_value": 28.7,
      "options": [
        "Height",
        "Weight"
      ],
      "optionA": {
        "trial_id": "16",
        "task_id": "17",
        "values": "145.0, 60",
        "target_value": 28.7
      },
      "optionB": {
        "trial_id": "9",
        "task_id": "17",
        "values": "165.0, 68",
        "target_value": 24.9
      },
      "choice": {
        "button": "F",
        "selected_option": "OptionA"
      }
    },
    {
      "question": "attention_check_19",
      "choice": "F",
      "passed": true,
      "timestamp": 1756154699575
    },
    {
      "question": 20,
      "target": "Rent (per month)",
      "target_value": 1400,
      "options": [
        "Distance from center (km)",
        "Size (m²)"
      ],
      "optionA": {
        "trial_id": "16",
        "task_id": "53",
        "values": "3.0, 70",
        "target_value": 1400
      },
      "optionB": {
        "trial_id": "17",
        "task_id": "53",
        "values": "2.0, 40",
        "target_value": 1400
      },
      "choice": {
        "button": "J",
        "selected_option": "OptionB"
      }
    },
    {
      "question": 21,
      "target": "Battery Life (hours)",
      "target_value": 7,
      "options": [
        "Phone Battery (mAh)",
        "Screen Brightness (%)"
      ],
      "optionA": {
        "trial_id": "12",
        "task_id": "5",
        "values": "3000.0, 60",
        "target_value": 7
      },
      "optionB": {
        "trial_id": "16",
        "task_id": "5",
        "values": "3500.0, 60",
        "target_value": 9
      },
      "choice": {
        "button": "J",
        "selected_option": "OptionB"
      }
    },
    {
      "question": 22,
      "target": "Value for Money",
      "target_value": 42,
      "options": [
        "Price",
        "Weight"
      ],
      "optionA": {
        "trial_id": "4",
        "task_id": "20",
        "values": "90.0, 2.5",
        "target_value": 42
      },
      "optionB": {
        "trial_id": "13",
        "task_id": "20",
        "values": "105.0, 2.2",
        "target_value": 43
      },
      "choice": {
        "button": "J",
        "selected_option": "OptionB"
      }
    },
    {
      "question": 23,
      "target": "Favorability",
      "target_value": 7,
      "options": [
        "Coffee strength",
        "Coffee cream"
      ],
      "optionA": {
        "trial_id": "1",
        "task_id": "57",
        "values": "8.0, 0.5",
        "target_value": 7
      },
      "optionB": {
        "trial_id": "11",
        "task_id": "57",
        "values": "10.0, 0.5",
        "target_value": 9
      },
      "choice": {
        "button": "F",
        "selected_option": "OptionA"
      }
    },
    {
      "question": 24,
      "target": "Exam score (points)",
      "target_value": 75,
      "options": [
        "Time spent studying (hours)",
        "Number of breaks (times)"
      ],
      "optionA": {
        "trial_id": "7",
        "task_id": "89",
        "values": "2.0, 1",
        "target_value": 75
      },
      "optionB": {
        "trial_id": "17",
        "task_id": "89",
        "values": "2.0, 4",
        "target_value": 70
      },
      "choice": {
        "button": "J",
        "selected_option": "OptionB"
      }
    },
    {
      "question": 25,
      "target": "Reliability",
      "target_value": 98,
      "options": [
        "Car age",
        "Maintenance cost"
      ],
      "optionA": {
        "trial_id": "18",
        "task_id": "83",
        "values": "2.0, 2700",
        "target_value": 98
      },
      "optionB": {
        "trial_id": "14",
        "task_id": "83",
        "values": "3.0, 1600",
        "target_value": 85
      },
      "choice": {
        "button": "F",
        "selected_option": "OptionA"
      }
    },
    {
      "question": 26,
      "target": "Quality",
      "target_value": 65,
      "options": [
        "Price",
        "Size"
      ],
      "optionA": {
        "trial_id": "14",
        "task_id": "21",
        "values": "130.0, 9.0",
        "target_value": 65
      },
      "optionB": {
        "trial_id": "4",
        "task_id": "67",
        "values": "100.0, 50",
        "target_value": 8
      },
      "choice": {
        "button": "J",
        "selected_option": "OptionB"
      }
    },
    {
      "question": 27,
      "target": "Exam score",
      "target_value": 92,
      "options": [
        "Study hours",
        "Intelligence score"
      ],
      "optionA": {
        "trial_id": "11",
        "task_id": "122",
        "values": "8.0, 60.0",
        "target_value": 92
      },
      "optionB": {
        "trial_id": "10",
        "task_id": "122",
        "values": "2.0, 100.0",
        "target_value": 69
      },
      "choice": {
        "button": "J",
        "selected_option": "OptionB"
      }
    },
    {
      "question": 28,
      "target": "Exam score",
      "target_value": 92,
      "options": [
        "Study hours",
        "Intelligence score"
      ],
      "optionA": {
        "trial_id": "11",
        "task_id": "122",
        "values": "8.0, 60.0",
        "target_value": 92
      },
      "optionB": {
        "trial_id": "15",
        "task_id": "122",
        "values": "9.0, 50.0",
        "target_value": 95
      },
      "choice": {
        "button": "F",
        "selected_option": "OptionA"
      }
    },
    {
      "question": 29,
      "target": "Price",
      "target_value": 410000,
      "options": [
        "House Size",
        "Bedrooms"
      ],
      "optionA": {
        "trial_id": "17",
        "task_id": "15",
        "values": "2200.0, 3",
        "target_value": 410000
      },
      "optionB": {
        "trial_id": "5",
        "task_id": "15",
        "values": "1800.0, 4",
        "target_value": 320000
      },
      "choice": {
        "button": "F",
        "selected_option": "OptionA"
      }
    },
    {
      "question": "attention_check_29",
      "choice": "J",
      "passed": true,
      "timestamp": 1756154760357
    },
    {
      "question": 30,
      "target": "Taste Score",
      "target_value": 6.8,
      "options": [
        "Cooking Time",
        "Spice Level"
      ],
      "optionA": {
        "trial_id": "11",
        "task_id": "130",
        "values": "45.0, 10.0",
        "target_value": 6.8
      },
      "optionB": {
        "trial_id": "18",
        "task_id": "130",
        "values": "65.0, 12.0",
        "target_value": 5.8
      },
      "choice": {
        "button": "J",
        "selected_option": "OptionB"
      }
    },
    {
      "question": 31,
      "target": "Bike Speed",
      "target_value": 24,
      "options": [
        "Bike Weight",
        "Bike Frame Size"
      ],
      "optionA": {
        "trial_id": "13",
        "task_id": "106",
        "values": "11.0, 21",
        "target_value": 24
      },
      "optionB": {
        "trial_id": "6",
        "task_id": "106",
        "values": "13.0, 22",
        "target_value": 22
      },
      "choice": {
        "button": "F",
        "selected_option": "OptionA"
      }
    },
    {
      "question": 32,
      "target": "Exam Score",
      "target_value": 82,
      "options": [
        "Study Time (hours)",
        "Intelligence Score"
      ],
      "optionA": {
        "trial_id": "18",
        "task_id": "157",
        "values": "5.0, 65.0",
        "target_value": 82
      },
      "optionB": {
        "trial_id": "3",
        "task_id": "157",
        "values": "5.0, 75.0",
        "target_value": 82
      },
      "choice": {
        "button": "J",
        "selected_option": "OptionB"
      }
    },
    {
      "question": 33,
      "target": "Growth Rate (cm/week)",
      "target_value": 4,
      "options": [
        "Plant Height (cm)",
        "Sunlight (hours/day)"
      ],
      "optionA": {
        "trial_id": "19",
        "task_id": "4",
        "values": "30.0, 4",
        "target_value": 4
      },
      "optionB": {
        "trial_id": "19",
        "task_id": "4",
        "values": "30.0, 4",
        "target_value": 4
      },
      "choice": {
        "button": "J",
        "selected_option": "OptionB"
      }
    },
    {
      "question": 34,
      "target": "Energy Level",
      "target_value": 6,
      "options": [
        "Age of Dog (years)",
        "Size (lbs)"
      ],
      "optionA": {
        "trial_id": "17",
        "task_id": "159",
        "values": "3.0, 18.0",
        "target_value": 6
      },
      "optionB": {
        "trial_id": "10",
        "task_id": "159",
        "values": "3.0, 22.0",
        "target_value": 5
      },
      "choice": {
        "button": "F",
        "selected_option": "OptionA"
      }
    },
    {
      "question": 35,
      "target": "Comfort (1-10)",
      "target_value": 9,
      "options": [
        "Shoe Width (cm)",
        "Arch Support (1-10)"
      ],
      "optionA": {
        "trial_id": "16",
        "task_id": "7",
        "values": "8.0, 8",
        "target_value": 9
      },
      "optionB": {
        "trial_id": "2",
        "task_id": "7",
        "values": "10.0, 5",
        "target_value": 7
      },
      "choice": {
        "button": "F",
        "selected_option": "OptionA"
      }
    },
    {
      "question": 36,
      "target": "Speed on Flat Ground",
      "target_value": 23,
      "options": [
        "Bike Weight",
        "Wheel Size"
      ],
      "optionA": {
        "trial_id": "12",
        "task_id": "30",
        "values": "12.0, 28.0",
        "target_value": 23
      },
      "optionB": {
        "trial_id": "12",
        "task_id": "30",
        "values": "12.0, 28.0",
        "target_value": 23
      },
      "choice": {
        "button": "F",
        "selected_option": "OptionA"
      }
    },
    {
      "question": 37,
      "target": "Reading time (hours)",
      "target_value": 7.5,
      "options": [
        "Book pages",
        "Book weight (g)"
      ],
      "optionA": {
        "trial_id": "11",
        "task_id": "114",
        "values": "650.0, 320",
        "target_value": 7.5
      },
      "optionB": {
        "trial_id": "2",
        "task_id": "114",
        "values": "300.0, 350",
        "target_value": 4.2
      },
      "choice": {
        "button": "F",
        "selected_option": "OptionA"
      }
    },
    {
      "question": 38,
      "target": "Battery Life",
      "target_value": 44,
      "options": [
        "Phone Battery Capacity",
        "Phone Weight"
      ],
      "optionA": {
        "trial_id": "17",
        "task_id": "171",
        "values": "11000.0, 180",
        "target_value": 44
      },
      "optionB": {
        "trial_id": "20",
        "task_id": "171",
        "values": "12000.0, 200",
        "target_value": 46
      },
      "choice": {
        "button": "F",
        "selected_option": "OptionA"
      }
    },
    {
      "question": 39,
      "target": "Job Success",
      "target_value": 2,
      "options": [
        "Age",
        "Experience"
      ],
      "optionA": {
        "trial_id": "20",
        "task_id": "133",
        "values": "80.0, 0.02",
        "target_value": 2
      },
      "optionB": {
        "trial_id": "12",
        "task_id": "133",
        "values": "60.0, 0.3",
        "target_value": 4
      },
      "choice": {
        "button": "J",
        "selected_option": "OptionB"
      }
    },
    {
      "question": "attention_check_39",
      "choice": "F",
      "passed": true,
      "timestamp": 1756154810041
    },
    {
      "question": 40,
      "target": "Fuel efficiency (km/l)",
      "target_value": 11,
      "options": [
        "Engine size (cc)",
        "Weight (kg)"
      ],
      "optionA": {
        "trial_id": "11",
        "task_id": "51",
        "values": "1800.0, 1350",
        "target_value": 11
      },
      "optionB": {
        "trial_id": "5",
        "task_id": "51",
        "values": "1400.0, 1300",
        "target_value": 16
      },
      "choice": {
        "button": "F",
        "selected_option": "OptionA"
      }
    },
    {
      "question": 41,
      "target": "Value for Money",
      "target_value": 40,
      "options": [
        "Price",
        "Weight"
      ],
      "optionA": {
        "trial_id": "8",
        "task_id": "20",
        "values": "100.0, 2.0",
        "target_value": 40
      },
      "optionB": {
        "trial_id": "11",
        "task_id": "20",
        "values": "120.0, 1.8",
        "target_value": 38
      },
      "choice": {
        "button": "J",
        "selected_option": "OptionB"
      }
    },
    {
      "question": 42,
      "target": "Reliability",
      "target_value": 85,
      "options": [
        "Car age",
        "Maintenance cost"
      ],
      "optionA": {
        "trial_id": "14",
        "task_id": "83",
        "values": "3.0, 1600",
        "target_value": 85
      },
      "optionB": {
        "trial_id": "5",
        "task_id": "83",
        "values": "10.0, 500",
        "target_value": 50
      },
      "choice": {
        "button": "F",
        "selected_option": "OptionA"
      }
    },
    {
      "question": 43,
      "target": "Fuel efficiency (km/l)",
      "target_value": 9,
      "options": [
        "Engine power (in horsepower)",
        "Weight (in kg)"
      ],
      "optionA": {
        "trial_id": "11",
        "task_id": "87",
        "values": "190.0, 1400",
        "target_value": 9
      },
      "optionB": {
        "trial_id": "17",
        "task_id": "87",
        "values": "210.0, 1400",
        "target_value": 8
      },
      "choice": {
        "button": "F",
        "selected_option": "OptionA"
      }
    },
    {
      "question": 44,
      "target": "Lighting (lux)",
      "target_value": 500,
      "options": [
        "Room size (m2)",
        "Number of windows"
      ],
      "optionA": {
        "trial_id": "7",
        "task_id": "115",
        "values": "18.0, 3",
        "target_value": 500
      },
      "optionB": {
        "trial_id": "12",
        "task_id": "115",
        "values": "25.0, 3",
        "target_value": 680
      },
      "choice": {
        "button": "F",
        "selected_option": "OptionA"
      }
    },
    {
      "question": 45,
      "target": "Resale value (in $)",
      "target_value": 15000,
      "options": [
        "Age of car (years)",
        "Mileage (km)"
      ],
      "optionA": {
        "trial_id": "1",
        "task_id": "55",
        "values": "5.0, 50000",
        "target_value": 15000
      },
      "optionB": {
        "trial_id": "2",
        "task_id": "55",
        "values": "3.0, 30000",
        "target_value": 20000
      },
      "choice": {
        "button": "J",
        "selected_option": "OptionB"
      }
    },
    {
      "question": 46,
      "target": "Daily travel cost ($)",
      "target_value": 30,
      "options": [
        "Distance to work (miles)",
        "Commute time (minutes)"
      ],
      "optionA": {
        "trial_id": "1",
        "task_id": "138",
        "values": "5.0, 15",
        "target_value": 30
      },
      "optionB": {
        "trial_id": "12",
        "task_id": "138",
        "values": "5.0, 18",
        "target_value": 25
      },
      "choice": {
        "button": "J",
        "selected_option": "OptionB"
      }
    },
    {
      "question": 47,
      "target": "Cooling Time (min)",
      "target_value": 26,
      "options": [
        "Room Size (m²)",
        "Window Size (m²)"
      ],
      "optionA": {
        "trial_id": "9",
        "task_id": "143",
        "values": "24.0, 3.0",
        "target_value": 26
      },
      "optionB": {
        "trial_id": "17",
        "task_id": "143",
        "values": "17.0, 1.6",
        "target_value": 36
      },
      "choice": {
        "button": "F",
        "selected_option": "OptionA"
      }
    },
    {
      "question": 48,
      "target": "Fuel efficiency (km/l)",
      "target_value": 15,
      "options": [
        "Engine size (cc)",
        "Weight (kg)"
      ],
      "optionA": {
        "trial_id": "10",
        "task_id": "51",
        "values": "1500.0, 1200",
        "target_value": 15
      },
      "optionB": {
        "trial_id": "17",
        "task_id": "51",
        "values": "1450.0, 1190",
        "target_value": 16
      },
      "choice": {
        "button": "F",
        "selected_option": "OptionA"
      }
    },
    {
      "question": 49,
      "target": "Plant Health",
      "target_value": 14,
      "options": [
        "Plant Height",
        "Water Amount"
      ],
      "optionA": {
        "trial_id": "18",
        "task_id": "169",
        "values": "110.0, 2",
        "target_value": 14
      },
      "optionB": {
        "trial_id": "19",
        "task_id": "169",
        "values": "120.0, 1",
        "target_value": 16
      },
      "choice": {
        "button": "F",
        "selected_option": "OptionA"
      }
    },
    {
      "question": 50,
      "target": "Quality",
      "target_value": 82,
      "options": [
        "Price",
        "Size"
      ],
      "optionA": {
        "trial_id": "4",
        "task_id": "21",
        "values": "90.0, 5.0",
        "target_value": 82
      },
      "optionB": {
        "trial_id": "7",
        "task_id": "67",
        "values": "90.0, 30",
        "target_value": 6
      },
      "choice": {
        "button": "J",
        "selected_option": "OptionB"
      }
    }
  ]
}