{
  "prolific_id": "UNKNOWN",
  "condition_group": "ranking",
  "responses": [
    {
      "question": 1,
      "target": "Reaction Time (ms)",
      "target_value": 240,
      "options": [
        "Age (years)",
        "Driving Experience (years)"
      ],
      "optionA": {
        "trial_id": "20",
        "task_id": "25",
        "values": "35.0, 15.0",
        "target_value": 240
      },
      "optionB": {
        "trial_id": "11",
        "task_id": "25",
        "values": "45.0, 25.0",
        "target_value": 230
      },
      "choice": {
        "button": "J",
        "selected_option": "OptionB"
      }
    },
    {
      "question": 2,
      "target": "Distance",
      "target_value": 450,
      "options": [
        "Fuel Efficiency",
        "Weight"
      ],
      "optionA": {
        "trial_id": "8",
        "task_id": "69",
        "values": "30.0, 1500",
        "target_value": 450
      },
      "optionB": {
        "trial_id": "10",
        "task_id": "69",
        "values": "27.0, 1500",
        "target_value": 405
      },
      "choice": {
        "button": "F",
        "selected_option": "OptionA"
      }
    },
    {
      "question": 3,
      "target": "Exam score",
      "target_value": 90,
      "options": [
        "Study hours",
        "Intelligence score"
      ],
      "optionA": {
        "trial_id": "7",
        "task_id": "122",
        "values": "7.0, 75.0",
        "target_value": 90
      },
      "optionB": {
        "trial_id": "13",
        "task_id": "122",
        "values": "2.0, 100.0",
        "target_value": 65
      },
      "choice": {
        "button": "J",
        "selected_option": "OptionB"
      }
    },
    {
      "question": 4,
      "target": "Fuel Efficiency",
      "target_value": 27,
      "options": [
        "Car Engine Size",
        "Car Weight"
      ],
      "optionA": {
        "trial_id": "10",
        "task_id": "168",
        "values": "2.8, 3300",
        "target_value": 27
      },
      "optionB": {
        "trial_id": "12",
        "task_id": "168",
        "values": "1.6, 3900",
        "target_value": 30
      },
      "choice": {
        "button": "F",
        "selected_option": "OptionA"
      }
    },
    {
      "question": 5,
      "target": "Exam score",
      "target_value": 85,
      "options": [
        "Study time",
        "Hours slept"
      ],
      "optionA": {
        "trial_id": "15",
        "task_id": "102",
        "values": "4.0, 7",
        "target_value": 85
      },
      "optionB": {
        "trial_id": "3",
        "task_id": "102",
        "values": "1.0, 9",
        "target_value": 60
      },
      "choice": {
        "button": "F",
        "selected_option": "OptionA"
      }
    },
    {
      "question": 6,
      "target": "Fuel efficiency (km/l)",
      "target_value": 15,
      "options": [
        "Car weight (kg)",
        "Engine size (cc)"
      ],
      "optionA": {
        "trial_id": "1",
        "task_id": "153",
        "values": "1200.0, 1600.0",
        "target_value": 15
      },
      "optionB": {
        "trial_id": "2",
        "task_id": "153",
        "values": "1400.0, 1400.0",
        "target_value": 12
      },
      "choice": {
        "button": "J",
        "selected_option": "OptionB"
      }
    },
    {
      "question": 7,
      "target": "Nutritional Value",
      "target_value": 65,
      "options": [
        "Weight",
        "Calories"
      ],
      "optionA": {
        "trial_id": "11",
        "task_id": "136",
        "values": "110.0, 130.0",
        "target_value": 65
      },
      "optionB": {
        "trial_id": "20",
        "task_id": "136",
        "values": "100.0, 95.0",
        "target_value": 70
      },
      "choice": {
        "button": "J",
        "selected_option": "OptionB"
      }
    },
    {
      "question": 8,
      "target": "Enjoyment Score",
      "target_value": 4.5,
      "options": [
        "Book Thickness",
        "Number of Reviews"
      ],
      "optionA": {
        "trial_id": "5",
        "task_id": "27",
        "values": "300.0, 120.0",
        "target_value": 4.5
      },
      "optionB": {
        "trial_id": "8",
        "task_id": "27",
        "values": "400.0, 180.0",
        "target_value": 4.4
      },
      "choice": {
        "button": "J",
        "selected_option": "OptionB"
      }
    },
    {
      "question": 9,
      "target": "Exam score (points)",
      "target_value": 90,
      "options": [
        "Time spent studying (hours)",
        "Number of breaks (times)"
      ],
      "optionA": {
        "trial_id": "3",
        "task_id": "89",
        "values": "4.0, 1",
        "target_value": 90
      },
      "optionB": {
        "trial_id": "17",
        "task_id": "89",
        "values": "2.0, 4",
        "target_value": 70
      },
      "choice": {
        "button": "J",
        "selected_option": "OptionB"
      }
    },
    {
      "question": "attention_check_9",
      "choice": "J",
      "passed": true,
      "timestamp": 1756154514804
    },
    {
      "question": 10,
      "target": "Test Score",
      "target_value": 70,
      "options": [
        "Student Study Time",
        "Student Distractions"
      ],
      "optionA": {
        "trial_id": "11",
        "task_id": "72",
        "values": "4.0, 9.0",
        "target_value": 70
      },
      "optionB": {
        "trial_id": "19",
        "task_id": "72",
        "values": "2.0, 6.0",
        "target_value": 74
      },
      "choice": {
        "button": "F",
        "selected_option": "OptionA"
      }
    },
    {
      "question": 11,
      "target": "Morning Alertness",
      "target_value": 10,
      "options": [
        "Hours of Sleep",
        "Number of Alarms"
      ],
      "optionA": {
        "trial_id": "7",
        "task_id": "160",
        "values": "9.0, 0",
        "target_value": 10
      },
      "optionB": {
        "trial_id": "20",
        "task_id": "160",
        "values": "6.0, 1",
        "target_value": 6
      },
      "choice": {
        "button": "F",
        "selected_option": "OptionA"
      }
    },
    {
      "question": 12,
      "target": "Portability",
      "target_value": 8,
      "options": [
        "Battery Life",
        "Weight"
      ],
      "optionA": {
        "trial_id": "17",
        "task_id": "68",
        "values": "20.0, 500",
        "target_value": 8
      },
      "optionB": {
        "trial_id": "18",
        "task_id": "68",
        "values": "30.0, 600",
        "target_value": 7
      },
      "choice": {
        "button": "J",
        "selected_option": "OptionB"
      }
    },
    {
      "question": 13,
      "target": "Calories burned",
      "target_value": 320,
      "options": [
        "Exercise time (min)",
        "Heart rate (bpm)"
      ],
      "optionA": {
        "trial_id": "4",
        "task_id": "116",
        "values": "35.0, 105",
        "target_value": 320
      },
      "optionB": {
        "trial_id": "4",
        "task_id": "116",
        "values": "35.0, 105",
        "target_value": 320
      },
      "choice": {
        "button": "F",
        "selected_option": "OptionA"
      }
    },
    {
      "question": 14,
      "target": "Phone Performance Score",
      "target_value": 7.5,
      "options": [
        "Phone Processor Speed",
        "Phone Battery Capacity"
      ],
      "optionA": {
        "trial_id": "14",
        "task_id": "10",
        "values": "1.0, 7000",
        "target_value": 7.5
      },
      "optionB": {
        "trial_id": "3",
        "task_id": "10",
        "values": "4.0, 3500",
        "target_value": 9
      },
      "choice": {
        "button": "J",
        "selected_option": "OptionB"
      }
    },
    {
      "question": 15,
      "target": "Battery Life",
      "target_value": 32,
      "options": [
        "Phone Battery Capacity",
        "Phone Weight"
      ],
      "optionA": {
        "trial_id": "11",
        "task_id": "171",
        "values": "8000.0, 180",
        "target_value": 32
      },
      "optionB": {
        "trial_id": "16",
        "task_id": "171",
        "values": "10000.0, 200",
        "target_value": 38
      },
      "choice": {
        "button": "J",
        "selected_option": "OptionB"
      }
    },
    {
      "question": 16,
      "target": "Test Score",
      "target_value": 70,
      "options": [
        "Student Study Time",
        "Student Distractions"
      ],
      "optionA": {
        "trial_id": "11",
        "task_id": "72",
        "values": "4.0, 9.0",
        "target_value": 70
      },
      "optionB": {
        "trial_id": "9",
        "task_id": "72",
        "values": "1.0, 3.0",
        "target_value": 72
      },
      "choice": {
        "button": "F",
        "selected_option": "OptionA"
      }
    },
    {
      "question": 17,
      "target": "Nutritional Value",
      "target_value": 70,
      "options": [
        "Weight",
        "Calories"
      ],
      "optionA": {
        "trial_id": "20",
        "task_id": "136",
        "values": "100.0, 95.0",
        "target_value": 70
      },
      "optionB": {
        "trial_id": "5",
        "task_id": "136",
        "values": "150.0, 200.0",
        "target_value": 50
      },
      "choice": {
        "button": "F",
        "selected_option": "OptionA"
      }
    },
    {
      "question": 18,
      "target": "Garden yield (lbs)",
      "target_value": 25,
      "options": [
        "Amount of rainfall (inches)",
        "Soil type (1=clay, 2=sandy)"
      ],
      "optionA": {
        "trial_id": "8",
        "task_id": "142",
        "values": "3.0, 1",
        "target_value": 25
      },
      "optionB": {
        "trial_id": "5",
        "task_id": "142",
        "values": "4.0, 1",
        "target_value": 28
      },
      "choice": {
        "button": "F",
        "selected_option": "OptionA"
      }
    },
    {
      "question": 19,
      "target": "Exam Score",
      "target_value": 65,
      "options": [
        "Study Time",
        "Coffee Consumption"
      ],
      "optionA": {
        "trial_id": "6",
        "task_id": "14",
        "values": "4.0, 6",
        "target_value": 65
      },
      "optionB": {
        "trial_id": "11",
        "task_id": "14",
        "values": "8.0, 2",
        "target_value": 95
      },
      "choice": {
        "button": "J",
        "selected_option": "OptionB"
      }
    },
    {
      "question": "attention_check_19",
      "choice": "F",
      "passed": true,
      "timestamp": 1756154568266
    },
    {
      "question": 20,
      "target": "Playfulness score (1-10)",
      "target_value": 3,
      "options": [
        "Dog weight (kg)",
        "Dog age (years)"
      ],
      "optionA": {
        "trial_id": "6",
        "task_id": "147",
        "values": "20.0, 7",
        "target_value": 3
      },
      "optionB": {
        "trial_id": "3",
        "task_id": "147",
        "values": "12.0, 3",
        "target_value": 7
      },
      "choice": {
        "button": "J",
        "selected_option": "OptionB"
      }
    },
    {
      "question": 21,
      "target": "Weight loss",
      "target_value": 3,
      "options": [
        "Exercise intensity",
        "Exercise duration"
      ],
      "optionA": {
        "trial_id": "18",
        "task_id": "61",
        "values": "5.0, 60.0",
        "target_value": 3
      },
      "optionB": {
        "trial_id": "12",
        "task_id": "61",
        "values": "9.0, 35.0",
        "target_value": 6
      },
      "choice": {
        "button": "J",
        "selected_option": "OptionB"
      }
    },
    {
      "question": 22,
      "target": "Enjoyment Score",
      "target_value": 4.6,
      "options": [
        "Book Thickness",
        "Number of Reviews"
      ],
      "optionA": {
        "trial_id": "2",
        "task_id": "27",
        "values": "300.0, 200.0",
        "target_value": 4.6
      },
      "optionB": {
        "trial_id": "13",
        "task_id": "27",
        "values": "550.0, 70.0",
        "target_value": 4
      },
      "choice": {
        "button": "J",
        "selected_option": "OptionB"
      }
    },
    {
      "question": 23,
      "target": "Battery life (hours)",
      "target_value": 6.7,
      "options": [
        "Laptop weight (kg)",
        "Screen size (inches)"
      ],
      "optionA": {
        "trial_id": "10",
        "task_id": "118",
        "values": "1.6, 13",
        "target_value": 6.7
      },
      "optionB": {
        "trial_id": "11",
        "task_id": "118",
        "values": "1.9, 11",
        "target_value": 6.9
      },
      "choice": {
        "button": "J",
        "selected_option": "OptionB"
      }
    },
    {
      "question": 24,
      "target": "Fuel efficiency (km/l)",
      "target_value": 11,
      "options": [
        "Car weight (kg)",
        "Engine size (cc)"
      ],
      "optionA": {
        "trial_id": "4",
        "task_id": "153",
        "values": "1500.0, 1300.0",
        "target_value": 11
      },
      "optionB": {
        "trial_id": "8",
        "task_id": "153",
        "values": "1700.0, 1600.0",
        "target_value": 9
      },
      "choice": {
        "button": "F",
        "selected_option": "OptionA"
      }
    },
    {
      "question": 25,
      "target": "Enjoyment",
      "target_value": 90,
      "options": [
        "Book pages",
        "Author fame"
      ],
      "optionA": {
        "trial_id": "14",
        "task_id": "84",
        "values": "530.0, 6",
        "target_value": 90
      },
      "optionB": {
        "trial_id": "12",
        "task_id": "84",
        "values": "230.0, 8",
        "target_value": 75
      },
      "choice": {
        "button": "F",
        "selected_option": "OptionA"
      }
    },
    {
      "question": 26,
      "target": "Maximum heart rate (bpm)",
      "target_value": 155,
      "options": [
        "Age (years)",
        "Height (cm)"
      ],
      "optionA": {
        "trial_id": "19",
        "task_id": "52",
        "values": "45.0, 180",
        "target_value": 155
      },
      "optionB": {
        "trial_id": "4",
        "task_id": "52",
        "values": "50.0, 185",
        "target_value": 155
      },
      "choice": {
        "button": "J",
        "selected_option": "OptionB"
      }
    },
    {
      "question": 27,
      "target": "Enjoyment",
      "target_value": 100,
      "options": [
        "Book pages",
        "Author fame"
      ],
      "optionA": {
        "trial_id": "18",
        "task_id": "84",
        "values": "680.0, 4",
        "target_value": 100
      },
      "optionB": {
        "trial_id": "15",
        "task_id": "84",
        "values": "350.0, 6",
        "target_value": 75
      },
      "choice": {
        "button": "F",
        "selected_option": "OptionA"
      }
    },
    {
      "question": 28,
      "target": "Comfort",
      "target_value": 6,
      "options": [
        "Age",
        "Size"
      ],
      "optionA": {
        "trial_id": "14",
        "task_id": "66",
        "values": "8.0, 20",
        "target_value": 6
      },
      "optionB": {
        "trial_id": "11",
        "task_id": "66",
        "values": "6.0, 25",
        "target_value": 7
      },
      "choice": {
        "button": "F",
        "selected_option": "OptionA"
      }
    },
    {
      "question": 29,
      "target": "Usage Time",
      "target_value": 11,
      "options": [
        "Battery Capacity",
        "Weight"
      ],
      "optionA": {
        "trial_id": "2",
        "task_id": "22",
        "values": "3500.0, 220.0",
        "target_value": 11
      },
      "optionB": {
        "trial_id": "11",
        "task_id": "22",
        "values": "5500.0, 170.0",
        "target_value": 15
      },
      "choice": {
        "button": "J",
        "selected_option": "OptionB"
      }
    },
    {
      "question": "attention_check_29",
      "choice": "F",
      "passed": false,
      "timestamp": 1756154618111
    },
    {
      "question": 30,
      "target": "Exam Score",
      "target_value": 78,
      "options": [
        "Study Time (hours)",
        "Intelligence Score"
      ],
      "optionA": {
        "trial_id": "5",
        "task_id": "157",
        "values": "3.0, 90.0",
        "target_value": 78
      },
      "optionB": {
        "trial_id": "19",
        "task_id": "157",
        "values": "5.0, 85.0",
        "target_value": 84
      },
      "choice": {
        "button": "J",
        "selected_option": "OptionB"
      }
    },
    {
      "question": 31,
      "target": "Cost to travel",
      "target_value": 100,
      "options": [
        "Distance",
        "Speed"
      ],
      "optionA": {
        "trial_id": "11",
        "task_id": "124",
        "values": "200.0, 30.0",
        "target_value": 100
      },
      "optionB": {
        "trial_id": "10",
        "task_id": "124",
        "values": "50.0, 110.0",
        "target_value": 25
      },
      "choice": {
        "button": "J",
        "selected_option": "OptionB"
      }
    },
    {
      "question": 32,
      "target": "Fuel consumption (liters per 100km)",
      "target_value": 7.5,
      "options": [
        "Car engine size (liters)",
        "Car weight (kg)"
      ],
      "optionA": {
        "trial_id": "19",
        "task_id": "113",
        "values": "2.1, 1650",
        "target_value": 7.5
      },
      "optionB": {
        "trial_id": "2",
        "task_id": "113",
        "values": "1.6, 1500",
        "target_value": 6.2
      },
      "choice": {
        "button": "F",
        "selected_option": "OptionA"
      }
    },
    {
      "question": 33,
      "target": "Flower production",
      "target_value": 14,
      "options": [
        "Plant height",
        "Plant width"
      ],
      "optionA": {
        "trial_id": "5",
        "task_id": "63",
        "values": "80.0, 7.0",
        "target_value": 14
      },
      "optionB": {
        "trial_id": "13",
        "task_id": "63",
        "values": "70.0, 8.0",
        "target_value": 12
      },
      "choice": {
        "button": "J",
        "selected_option": "OptionB"
      }
    },
    {
      "question": 34,
      "target": "Bike Speed",
      "target_value": 26,
      "options": [
        "Bike Weight",
        "Bike Frame Size"
      ],
      "optionA": {
        "trial_id": "3",
        "task_id": "106",
        "values": "9.0, 18",
        "target_value": 26
      },
      "optionB": {
        "trial_id": "5",
        "task_id": "106",
        "values": "11.0, 21",
        "target_value": 24
      },
      "choice": {
        "button": "J",
        "selected_option": "OptionB"
      }
    },
    {
      "question": 35,
      "target": "Bike Speed",
      "target_value": 26,
      "options": [
        "Bike Weight",
        "Bike Frame Size"
      ],
      "optionA": {
        "trial_id": "19",
        "task_id": "106",
        "values": "9.0, 18",
        "target_value": 26
      },
      "optionB": {
        "trial_id": "14",
        "task_id": "106",
        "values": "13.0, 22",
        "target_value": 22
      },
      "choice": {
        "button": "J",
        "selected_option": "OptionB"
      }
    },
    {
      "question": 36,
      "target": "Enjoyment",
      "target_value": 75,
      "options": [
        "Book pages",
        "Author fame"
      ],
      "optionA": {
        "trial_id": "7",
        "task_id": "84",
        "values": "400.0, 5",
        "target_value": 75
      },
      "optionB": {
        "trial_id": "19",
        "task_id": "84",
        "values": "150.0, 9",
        "target_value": 60
      },
      "choice": {
        "button": "F",
        "selected_option": "OptionA"
      }
    },
    {
      "question": 37,
      "target": "Physical Endurance",
      "target_value": 7.5,
      "options": [
        "Age",
        "Height"
      ],
      "optionA": {
        "trial_id": "17",
        "task_id": "135",
        "values": "30.0, 170.0",
        "target_value": 7.5
      },
      "optionB": {
        "trial_id": "6",
        "task_id": "123",
        "values": "45.0, 165.0",
        "target_value": 75
      },
      "choice": {
        "button": "F",
        "selected_option": "OptionA"
      }
    },
    {
      "question": 38,
      "target": "Speed (km/h)",
      "target_value": 21,
      "options": [
        "Bike wheel size (inches)",
        "Frame weight (kg)"
      ],
      "optionA": {
        "trial_id": "17",
        "task_id": "164",
        "values": "29.0, 2.4",
        "target_value": 21
      },
      "optionB": {
        "trial_id": "5",
        "task_id": "164",
        "values": "28.0, 2.4",
        "target_value": 21
      },
      "choice": {
        "button": "J",
        "selected_option": "OptionB"
      }
    },
    {
      "question": 39,
      "target": "Reading time (hours)",
      "target_value": 6.2,
      "options": [
        "Book pages",
        "Book weight (g)"
      ],
      "optionA": {
        "trial_id": "15",
        "task_id": "114",
        "values": "520.0, 340",
        "target_value": 6.2
      },
      "optionB": {
        "trial_id": "3",
        "task_id": "114",
        "values": "500.0, 320",
        "target_value": 6
      },
      "choice": {
        "button": "F",
        "selected_option": "OptionA"
      }
    },
    {
      "question": "attention_check_39",
      "choice": "F",
      "passed": true,
      "timestamp": 1756154708819
    },
    {
      "question": 40,
      "target": "Reading Enjoyment",
      "target_value": 10,
      "options": [
        "Book Length",
        "Author Fame"
      ],
      "optionA": {
        "trial_id": "7",
        "task_id": "131",
        "values": "600.0, 5.0",
        "target_value": 10
      },
      "optionB": {
        "trial_id": "3",
        "task_id": "131",
        "values": "400.0, 7.0",
        "target_value": 8
      },
      "choice": {
        "button": "F",
        "selected_option": "OptionA"
      }
    },
    {
      "question": 41,
      "target": "Wait Time (minutes)",
      "target_value": 27,
      "options": [
        "Restaurant Size",
        "Restaurant Reviews"
      ],
      "optionA": {
        "trial_id": "7",
        "task_id": "74",
        "values": "90.0, 4.4",
        "target_value": 27
      },
      "optionB": {
        "trial_id": "19",
        "task_id": "74",
        "values": "95.0, 4.4",
        "target_value": 28
      },
      "choice": {
        "button": "F",
        "selected_option": "OptionA"
      }
    },
    {
      "question": 42,
      "target": "Customer Satisfaction",
      "target_value": 6,
      "options": [
        "Restaurant Wait Time (in mins)",
        "Restaurant Rating (1-5)"
      ],
      "optionA": {
        "trial_id": "19",
        "task_id": "174",
        "values": "16.0, 5",
        "target_value": 6
      },
      "optionB": {
        "trial_id": "13",
        "task_id": "174",
        "values": "18.0, 4",
        "target_value": 7
      },
      "choice": {
        "button": "F",
        "selected_option": "OptionA"
      }
    },
    {
      "question": 43,
      "target": "Engagement rate (%)",
      "target_value": 4,
      "options": [
        "Number of followers (count)",
        "Time posted (hours ago)"
      ],
      "optionA": {
        "trial_id": "13",
        "task_id": "98",
        "values": "1000.0, 6",
        "target_value": 4
      },
      "optionB": {
        "trial_id": "11",
        "task_id": "98",
        "values": "1300.0, 2",
        "target_value": 6
      },
      "choice": {
        "button": "F",
        "selected_option": "OptionA"
      }
    },
    {
      "question": 44,
      "target": "Skill Level",
      "target_value": 9,
      "options": [
        "Experience",
        "Years of Education"
      ],
      "optionA": {
        "trial_id": "14",
        "task_id": "137",
        "values": "5.0, 14.0",
        "target_value": 9
      },
      "optionB": {
        "trial_id": "3",
        "task_id": "137",
        "values": "10.0, 10.0",
        "target_value": 8
      },
      "choice": {
        "button": "J",
        "selected_option": "OptionB"
      }
    },
    {
      "question": 45,
      "target": "Popularity",
      "target_value": 90,
      "options": [
        "Book age",
        "Page count"
      ],
      "optionA": {
        "trial_id": "1",
        "task_id": "134",
        "values": "1.0, 300",
        "target_value": 90
      },
      "optionB": {
        "trial_id": "17",
        "task_id": "134",
        "values": "9.0, 380",
        "target_value": 78
      },
      "choice": {
        "button": "J",
        "selected_option": "OptionB"
      }
    },
    {
      "question": 46,
      "target": "Commute time (minutes)",
      "target_value": 29,
      "options": [
        "Distance to work (miles)",
        "Number of traffic lights"
      ],
      "optionA": {
        "trial_id": "10",
        "task_id": "95",
        "values": "4.0, 12",
        "target_value": 29
      },
      "optionB": {
        "trial_id": "14",
        "task_id": "95",
        "values": "7.0, 11",
        "target_value": 32
      },
      "choice": {
        "button": "J",
        "selected_option": "OptionB"
      }
    },
    {
      "question": 47,
      "target": "Race Finish Time (minutes)",
      "target_value": 15.5,
      "options": [
        "Runner Speed (mph)",
        "Runner Weight (lbs)"
      ],
      "optionA": {
        "trial_id": "18",
        "task_id": "37",
        "values": "8.5, 135.0",
        "target_value": 15.5
      },
      "optionB": {
        "trial_id": "9",
        "task_id": "37",
        "values": "10.0, 110.0",
        "target_value": 12
      },
      "choice": {
        "button": "F",
        "selected_option": "OptionA"
      }
    },
    {
      "question": 48,
      "target": "Exam Score",
      "target_value": 105,
      "options": [
        "Student Study Time",
        "Student Sleep Hours"
      ],
      "optionA": {
        "trial_id": "11",
        "task_id": "38",
        "values": "10.0, 2",
        "target_value": 105
      },
      "optionB": {
        "trial_id": "18",
        "task_id": "38",
        "values": "12.0, 0",
        "target_value": 115
      },
      "choice": {
        "button": "F",
        "selected_option": "OptionA"
      }
    },
    {
      "question": 49,
      "target": "App Performance (1-10)",
      "target_value": 9,
      "options": [
        "Phone RAM (GB)",
        "Phone Brand (1=Premium, 2=Budget)"
      ],
      "optionA": {
        "trial_id": "13",
        "task_id": "176",
        "values": "9.0, 1",
        "target_value": 9
      },
      "optionB": {
        "trial_id": "7",
        "task_id": "176",
        "values": "4.0, 1",
        "target_value": 7
      },
      "choice": {
        "button": "F",
        "selected_option": "OptionA"
      }
    },
    {
      "question": 50,
      "target": "Energy Boost (1-10)",
      "target_value": 2,
      "options": [
        "Number of Calories",
        "Sugar (g)"
      ],
      "optionA": {
        "trial_id": "11",
        "task_id": "111",
        "values": "200.0, 12",
        "target_value": 2
      },
      "optionB": {
        "trial_id": "8",
        "task_id": "111",
        "values": "180.0, 12",
        "target_value": 3
      },
      "choice": {
        "button": "F",
        "selected_option": "OptionA"
      }
    }
  ]
}