{
  "prolific_id": "UNKNOWN",
  "condition_group": "direction",
  "responses": [
    {
      "question": 1,
      "target": "Battery Life",
      "target_value": 33,
      "options": [
        "Phone Weight",
        "Battery Capacity"
      ],
      "optionA": {
        "trial_id": "14",
        "task_id": "54",
        "values": "240.0, 4000.0",
        "target_value": 33
      },
      "optionB": {
        "trial_id": "10",
        "task_id": "54",
        "values": "230.0, 5100.0",
        "target_value": 41
      },
      "choice": {
        "button": "J",
        "selected_option": "OptionB"
      }
    },
    {
      "question": 2,
      "target": "Distance Covered",
      "target_value": 51,
      "options": [
        "Bike Speed",
        "Bike Weight"
      ],
      "optionA": {
        "trial_id": "19",
        "task_id": "7",
        "values": "23.0, 11.0",
        "target_value": 51
      },
      "optionB": {
        "trial_id": "1",
        "task_id": "7",
        "values": "25.0, 10.0",
        "target_value": 50
      },
      "choice": {
        "button": "J",
        "selected_option": "OptionB"
      }
    },
    {
      "question": 3,
      "target": "Exercise Intensity",
      "target_value": 5,
      "options": [
        "Time to Walk (min)",
        "Number of Steps"
      ],
      "optionA": {
        "trial_id": "4",
        "task_id": "95",
        "values": "10.0, 1000.0",
        "target_value": 5
      },
      "optionB": {
        "trial_id": "14",
        "task_id": "95",
        "values": "13.0, 1200.0",
        "target_value": 6
      },
      "choice": {
        "button": "J",
        "selected_option": "OptionB"
      }
    },
    {
      "question": 4,
      "target": "Apartment price",
      "target_value": 1100,
      "options": [
        "Distance from city center",
        "Room size"
      ],
      "optionA": {
        "trial_id": "19",
        "task_id": "58",
        "values": "1.0, 30.0",
        "target_value": 1100
      },
      "optionB": {
        "trial_id": "18",
        "task_id": "58",
        "values": "3.0, 50.0",
        "target_value": 1400
      },
      "choice": {
        "button": "F",
        "selected_option": "OptionA"
      }
    },
    {
      "question": 5,
      "target": "Natural light",
      "target_value": 7,
      "options": [
        "Room size",
        "Window count"
      ],
      "optionA": {
        "trial_id": "1",
        "task_id": "66",
        "values": "100.0, 3.0",
        "target_value": 7
      },
      "optionB": {
        "trial_id": "16",
        "task_id": "66",
        "values": "90.0, 1.0",
        "target_value": 5
      },
      "choice": {
        "button": "F",
        "selected_option": "OptionA"
      }
    },
    {
      "question": 6,
      "target": "Natural Light (on scale 1-10)",
      "target_value": 9,
      "options": [
        "Room Area (m2)",
        "Number of Windows"
      ],
      "optionA": {
        "trial_id": "10",
        "task_id": "15",
        "values": "22.0, 5.0",
        "target_value": 9
      },
      "optionB": {
        "trial_id": "5",
        "task_id": "15",
        "values": "25.0, 5.0",
        "target_value": 9
      },
      "choice": {
        "button": "F",
        "selected_option": "OptionA"
      }
    },
    {
      "question": 7,
      "target": "Distance Covered",
      "target_value": 50,
      "options": [
        "Bike Speed",
        "Bike Weight"
      ],
      "optionA": {
        "trial_id": "13",
        "task_id": "7",
        "values": "24.0, 10.0",
        "target_value": 50
      },
      "optionB": {
        "trial_id": "2",
        "task_id": "7",
        "values": "24.0, 11.0",
        "target_value": 52
      },
      "choice": {
        "button": "F",
        "selected_option": "OptionA"
      }
    },
    {
      "question": 8,
      "target": "User satisfaction",
      "target_value": 14,
      "options": [
        "Screen size (inches)",
        "RAM (GB)"
      ],
      "optionA": {
        "trial_id": "16",
        "task_id": "119",
        "values": "26.0, 10.0",
        "target_value": 14
      },
      "optionB": {
        "trial_id": "13",
        "task_id": "119",
        "values": "22.0, 8.0",
        "target_value": 12
      },
      "choice": {
        "button": "F",
        "selected_option": "OptionA"
      }
    },
    {
      "question": 9,
      "target": "House Price ($1000s)",
      "target_value": 370,
      "options": [
        "Number of Rooms",
        "Square Feet"
      ],
      "optionA": {
        "trial_id": "20",
        "task_id": "77",
        "values": "5.0, 2300.0",
        "target_value": 370
      },
      "optionB": {
        "trial_id": "5",
        "task_id": "77",
        "values": "5.0, 2000.0",
        "target_value": 340
      },
      "choice": {
        "button": "F",
        "selected_option": "OptionA"
      }
    },
    {
      "question": "attention_check_9",
      "choice": "J",
      "passed": true,
      "timestamp": 1756154528900
    },
    {
      "question": 10,
      "target": "Dog Energy Level",
      "target_value": 8,
      "options": [
        "Dog Weight",
        "Dog Activity Level"
      ],
      "optionA": {
        "trial_id": "17",
        "task_id": "105",
        "values": "26.0, 5.0",
        "target_value": 8
      },
      "optionB": {
        "trial_id": "1",
        "task_id": "105",
        "values": "25.0, 5.0",
        "target_value": 8
      },
      "choice": {
        "button": "J",
        "selected_option": "OptionB"
      }
    },
    {
      "question": 11,
      "target": "Popularity Score",
      "target_value": 60,
      "options": [
        "Price ($)",
        "Rating (1-10)"
      ],
      "optionA": {
        "trial_id": "1",
        "task_id": "97",
        "values": "50.0, 7.0",
        "target_value": 60
      },
      "optionB": {
        "trial_id": "7",
        "task_id": "97",
        "values": "70.0, 6.0",
        "target_value": 68
      },
      "choice": {
        "button": "F",
        "selected_option": "OptionA"
      }
    },
    {
      "question": 12,
      "target": "Satiety (on scale 1-10)",
      "target_value": 8,
      "options": [
        "Number of Calories",
        "Protein (g)"
      ],
      "optionA": {
        "trial_id": "16",
        "task_id": "16",
        "values": "400.0, 16.0",
        "target_value": 8
      },
      "optionB": {
        "trial_id": "13",
        "task_id": "16",
        "values": "400.0, 14.0",
        "target_value": 8
      },
      "choice": {
        "button": "F",
        "selected_option": "OptionA"
      }
    },
    {
      "question": 13,
      "target": "Energy Level",
      "target_value": 9,
      "options": [
        "Dog Size",
        "Exercise Needs"
      ],
      "optionA": {
        "trial_id": "6",
        "task_id": "88",
        "values": "45.0, 9.0",
        "target_value": 9
      },
      "optionB": {
        "trial_id": "10",
        "task_id": "88",
        "values": "40.0, 7.0",
        "target_value": 8
      },
      "choice": {
        "button": "J",
        "selected_option": "OptionB"
      }
    },
    {
      "question": 14,
      "target": "Fat Burn (in grams)",
      "target_value": 14,
      "options": [
        "Exercise Time (minutes)",
        "Heart Rate (bpm)"
      ],
      "optionA": {
        "trial_id": "7",
        "task_id": "20",
        "values": "35.0, 110.0",
        "target_value": 14
      },
      "optionB": {
        "trial_id": "14",
        "task_id": "20",
        "values": "70.0, 135.0",
        "target_value": 23
      },
      "choice": {
        "button": "J",
        "selected_option": "OptionB"
      }
    },
    {
      "question": 15,
      "target": "Light amount",
      "target_value": 6,
      "options": [
        "Room size (m2)",
        "Number of windows"
      ],
      "optionA": {
        "trial_id": "5",
        "task_id": "85",
        "values": "15.0, 2.0",
        "target_value": 6
      },
      "optionB": {
        "trial_id": "8",
        "task_id": "85",
        "values": "35.0, 2.0",
        "target_value": 7
      },
      "choice": {
        "button": "F",
        "selected_option": "OptionA"
      }
    },
    {
      "question": 16,
      "target": "Exam Score (out of 100)",
      "target_value": 55,
      "options": [
        "Time Spent Studying (hours)",
        "Number of Chapters Covered"
      ],
      "optionA": {
        "trial_id": "7",
        "task_id": "94",
        "values": "3.0, 2.0",
        "target_value": 55
      },
      "optionB": {
        "trial_id": "7",
        "task_id": "94",
        "values": "3.0, 2.0",
        "target_value": 55
      },
      "choice": {
        "button": "F",
        "selected_option": "OptionA"
      }
    },
    {
      "question": 17,
      "target": "Muscle gain",
      "target_value": 1.6,
      "options": [
        "Minutes of exercise",
        "Protein intake"
      ],
      "optionA": {
        "trial_id": "13",
        "task_id": "59",
        "values": "40.0, 25.0",
        "target_value": 1.6
      },
      "optionB": {
        "trial_id": "8",
        "task_id": "59",
        "values": "40.0, 25.0",
        "target_value": 1.6
      },
      "choice": {
        "button": "F",
        "selected_option": "OptionA"
      }
    },
    {
      "question": 18,
      "target": "Distance Traveled",
      "target_value": 260,
      "options": [
        "Speed",
        "Weight"
      ],
      "optionA": {
        "trial_id": "7",
        "task_id": "111",
        "values": "40.0, 700.0",
        "target_value": 260
      },
      "optionB": {
        "trial_id": "7",
        "task_id": "111",
        "values": "40.0, 700.0",
        "target_value": 260
      },
      "choice": {
        "button": "F",
        "selected_option": "OptionA"
      }
    },
    {
      "question": 19,
      "target": "House Price (thousands)",
      "target_value": 300,
      "options": [
        "House Size (m²)",
        "House Distance to City (km)"
      ],
      "optionA": {
        "trial_id": "13",
        "task_id": "79",
        "values": "120.0, 5.0",
        "target_value": 300
      },
      "optionB": {
        "trial_id": "19",
        "task_id": "79",
        "values": "90.0, 2.0",
        "target_value": 270
      },
      "choice": {
        "button": "F",
        "selected_option": "OptionA"
      }
    },
    {
      "question": "attention_check_19",
      "choice": "F",
      "passed": true,
      "timestamp": 1756154596506
    },
    {
      "question": 20,
      "target": "Performance Quality (on scale 1-10)",
      "target_value": 9,
      "options": [
        "Hours of Practice",
        "Musical Experience (years)"
      ],
      "optionA": {
        "trial_id": "7",
        "task_id": "17",
        "values": "70.0, 5.0",
        "target_value": 9
      },
      "optionB": {
        "trial_id": "6",
        "task_id": "17",
        "values": "100.0, 3.0",
        "target_value": 8
      },
      "choice": {
        "button": "F",
        "selected_option": "OptionA"
      }
    },
    {
      "question": 21,
      "target": "Dog Activity Level",
      "target_value": 10,
      "options": [
        "Dog Size",
        "Dog Exercise Needs"
      ],
      "optionA": {
        "trial_id": "18",
        "task_id": "3",
        "values": "60.0, 5.0",
        "target_value": 10
      },
      "optionB": {
        "trial_id": "12",
        "task_id": "3",
        "values": "65.0, 6.0",
        "target_value": 11
      },
      "choice": {
        "button": "F",
        "selected_option": "OptionA"
      }
    },
    {
      "question": 22,
      "target": "Performance Rating",
      "target_value": 4.5,
      "options": [
        "Computer Weight (kg)",
        "RAM (GB)"
      ],
      "optionA": {
        "trial_id": "14",
        "task_id": "34",
        "values": "1.0, 2.0",
        "target_value": 4.5
      },
      "optionB": {
        "trial_id": "20",
        "task_id": "34",
        "values": "1.4, 10.0",
        "target_value": 7.5
      },
      "choice": {
        "button": "J",
        "selected_option": "OptionB"
      }
    },
    {
      "question": 23,
      "target": "Bike Speed",
      "target_value": 20,
      "options": [
        "Bike Weight",
        "Bike Wheel Size"
      ],
      "optionA": {
        "trial_id": "16",
        "task_id": "107",
        "values": "10.0, 24.0",
        "target_value": 20
      },
      "optionB": {
        "trial_id": "11",
        "task_id": "107",
        "values": "12.0, 28.0",
        "target_value": 27
      },
      "choice": {
        "button": "F",
        "selected_option": "OptionA"
      }
    },
    {
      "question": 24,
      "target": "Battery life hours",
      "target_value": 10,
      "options": [
        "Phone battery capacity",
        "Phone weight"
      ],
      "optionA": {
        "trial_id": "19",
        "task_id": "73",
        "values": "2600.0, 170.0",
        "target_value": 10
      },
      "optionB": {
        "trial_id": "18",
        "task_id": "73",
        "values": "3000.0, 190.0",
        "target_value": 13
      },
      "choice": {
        "button": "J",
        "selected_option": "OptionB"
      }
    },
    {
      "question": 25,
      "target": "Plant Growth Rate",
      "target_value": 3.2,
      "options": [
        "Plant Height",
        "Plant Width"
      ],
      "optionA": {
        "trial_id": "20",
        "task_id": "104",
        "values": "1.9, 0.6",
        "target_value": 3.2
      },
      "optionB": {
        "trial_id": "5",
        "task_id": "104",
        "values": "2.0, 0.7",
        "target_value": 3.5
      },
      "choice": {
        "button": "J",
        "selected_option": "OptionB"
      }
    },
    {
      "question": 26,
      "target": "Top Speed",
      "target_value": 220,
      "options": [
        "Engine Size",
        "Horsepower"
      ],
      "optionA": {
        "trial_id": "18",
        "task_id": "113",
        "values": "4.5, 240.0",
        "target_value": 220
      },
      "optionB": {
        "trial_id": "14",
        "task_id": "113",
        "values": "3.2, 170.0",
        "target_value": 185
      },
      "choice": {
        "button": "F",
        "selected_option": "OptionA"
      }
    },
    {
      "question": 27,
      "target": "Comfort",
      "target_value": 80,
      "options": [
        "Shoe Weight",
        "Brand Reputation"
      ],
      "optionA": {
        "trial_id": "17",
        "task_id": "62",
        "values": "230.0, 6.0",
        "target_value": 80
      },
      "optionB": {
        "trial_id": "13",
        "task_id": "62",
        "values": "210.0, 5.0",
        "target_value": 75
      },
      "choice": {
        "button": "F",
        "selected_option": "OptionA"
      }
    },
    {
      "question": 28,
      "target": "House Price",
      "target_value": 380000,
      "options": [
        "House Size sqft",
        "House Location Rating"
      ],
      "optionA": {
        "trial_id": "5",
        "task_id": "23",
        "values": "1800.0, 7.0",
        "target_value": 380000
      },
      "optionB": {
        "trial_id": "5",
        "task_id": "23",
        "values": "1800.0, 7.0",
        "target_value": 380000
      },
      "choice": {
        "button": "F",
        "selected_option": "OptionA"
      }
    },
    {
      "question": 29,
      "target": "Doneness",
      "target_value": 85,
      "options": [
        "Cooking Time",
        "Size"
      ],
      "optionA": {
        "trial_id": "9",
        "task_id": "116",
        "values": "40.0, 280.0",
        "target_value": 85
      },
      "optionB": {
        "trial_id": "8",
        "task_id": "116",
        "values": "25.0, 180.0",
        "target_value": 65
      },
      "choice": {
        "button": "J",
        "selected_option": "OptionB"
      }
    },
    {
      "question": "attention_check_29",
      "choice": "J",
      "passed": true,
      "timestamp": 1756154660467
    },
    {
      "question": 30,
      "target": "Exam Score (%)",
      "target_value": 75,
      "options": [
        "Study Time (hours)",
        "Previous Score (%)"
      ],
      "optionA": {
        "trial_id": "10",
        "task_id": "76",
        "values": "5.0, 70.0",
        "target_value": 75
      },
      "optionB": {
        "trial_id": "18",
        "task_id": "76",
        "values": "5.0, 70.0",
        "target_value": 75
      },
      "choice": {
        "button": "F",
        "selected_option": "OptionA"
      }
    },
    {
      "question": 31,
      "target": "Fun Score",
      "target_value": 5,
      "options": [
        "Number of Players",
        "Game Length (min)"
      ],
      "optionA": {
        "trial_id": "20",
        "task_id": "98",
        "values": "4.0, 40.0",
        "target_value": 5
      },
      "optionB": {
        "trial_id": "13",
        "task_id": "98",
        "values": "5.0, 65.0",
        "target_value": 8
      },
      "choice": {
        "button": "J",
        "selected_option": "OptionB"
      }
    },
    {
      "question": 32,
      "target": "Book Knowledge Content",
      "target_value": 7,
      "options": [
        "Book Page Count",
        "Book Reading Level"
      ],
      "optionA": {
        "trial_id": "10",
        "task_id": "1",
        "values": "330.0, 4.0",
        "target_value": 7
      },
      "optionB": {
        "trial_id": "15",
        "task_id": "1",
        "values": "220.0, 3.0",
        "target_value": 5
      },
      "choice": {
        "button": "F",
        "selected_option": "OptionA"
      }
    },
    {
      "question": 33,
      "target": "Fun Score",
      "target_value": 6,
      "options": [
        "Number of Players",
        "Game Length (min)"
      ],
      "optionA": {
        "trial_id": "12",
        "task_id": "98",
        "values": "4.0, 45.0",
        "target_value": 6
      },
      "optionB": {
        "trial_id": "17",
        "task_id": "98",
        "values": "6.0, 70.0",
        "target_value": 9
      },
      "choice": {
        "button": "J",
        "selected_option": "OptionB"
      }
    },
    {
      "question": 34,
      "target": "Performance",
      "target_value": 8.4,
      "options": [
        "Skill Level",
        "Practice Time"
      ],
      "optionA": {
        "trial_id": "8",
        "task_id": "100",
        "values": "6.0, 20.0",
        "target_value": 8.4
      },
      "optionB": {
        "trial_id": "14",
        "task_id": "100",
        "values": "7.0, 12.0",
        "target_value": 8.3
      },
      "choice": {
        "button": "J",
        "selected_option": "OptionB"
      }
    },
    {
      "question": 35,
      "target": "User satisfaction",
      "target_value": 12,
      "options": [
        "Screen size (inches)",
        "RAM (GB)"
      ],
      "optionA": {
        "trial_id": "13",
        "task_id": "119",
        "values": "22.0, 8.0",
        "target_value": 12
      },
      "optionB": {
        "trial_id": "19",
        "task_id": "119",
        "values": "28.0, 11.0",
        "target_value": 15
      },
      "choice": {
        "button": "J",
        "selected_option": "OptionB"
      }
    },
    {
      "question": 36,
      "target": "Bike Speed",
      "target_value": 110,
      "options": [
        "Bike Weight",
        "Bike Power"
      ],
      "optionA": {
        "trial_id": "17",
        "task_id": "87",
        "values": "26.0, 550.0",
        "target_value": 110
      },
      "optionB": {
        "trial_id": "14",
        "task_id": "87",
        "values": "24.0, 500.0",
        "target_value": 100
      },
      "choice": {
        "button": "J",
        "selected_option": "OptionB"
      }
    },
    {
      "question": 37,
      "target": "Speed",
      "target_value": 130,
      "options": [
        "Car Engine Size",
        "Horsepower"
      ],
      "optionA": {
        "trial_id": "15",
        "task_id": "61",
        "values": "2.0, 160.0",
        "target_value": 130
      },
      "optionB": {
        "trial_id": "4",
        "task_id": "36",
        "values": "2.2, 210.0",
        "target_value": 140
      },
      "choice": {
        "button": "J",
        "selected_option": "OptionB"
      }
    },
    {
      "question": 38,
      "target": "Phone Performance",
      "target_value": 90,
      "options": [
        "Phone RAM",
        "Phone Screen Size"
      ],
      "optionA": {
        "trial_id": "14",
        "task_id": "103",
        "values": "8.0, 6.6",
        "target_value": 90
      },
      "optionB": {
        "trial_id": "8",
        "task_id": "103",
        "values": "6.0, 6.0",
        "target_value": 78
      },
      "choice": {
        "button": "F",
        "selected_option": "OptionA"
      }
    },
    {
      "question": 39,
      "target": "Phone Performance",
      "target_value": 90,
      "options": [
        "Phone RAM",
        "Phone Storage"
      ],
      "optionA": {
        "trial_id": "4",
        "task_id": "86",
        "values": "8.0, 256.0",
        "target_value": 90
      },
      "optionB": {
        "trial_id": "4",
        "task_id": "86",
        "values": "8.0, 256.0",
        "target_value": 90
      },
      "choice": {
        "button": "F",
        "selected_option": "OptionA"
      }
    },
    {
      "question": "attention_check_39",
      "choice": "F",
      "passed": true,
      "timestamp": 1756154708381
    },
    {
      "question": 40,
      "target": "Weight loss",
      "target_value": 1.2,
      "options": [
        "Exercise duration",
        "Intensity level"
      ],
      "optionA": {
        "trial_id": "18",
        "task_id": "67",
        "values": "30.0, 4.0",
        "target_value": 1.2
      },
      "optionB": {
        "trial_id": "7",
        "task_id": "67",
        "values": "20.0, 3.0",
        "target_value": 0.8
      },
      "choice": {
        "button": "F",
        "selected_option": "OptionA"
      }
    },
    {
      "question": 41,
      "target": "Room Area (m²)",
      "target_value": 18,
      "options": [
        "Room Length (m)",
        "Room Width (m)"
      ],
      "optionA": {
        "trial_id": "4",
        "task_id": "89",
        "values": "6.0, 3.0",
        "target_value": 18
      },
      "optionB": {
        "trial_id": "5",
        "task_id": "89",
        "values": "5.0, 5.0",
        "target_value": 25
      },
      "choice": {
        "button": "J",
        "selected_option": "OptionB"
      }
    },
    {
      "question": 42,
      "target": "Restaurant Customer Satisfaction",
      "target_value": 8.4,
      "options": [
        "Restaurant Menu Size",
        "Restaurant Price Rating"
      ],
      "optionA": {
        "trial_id": "14",
        "task_id": "25",
        "values": "25.0, 4.5",
        "target_value": 8.4
      },
      "optionB": {
        "trial_id": "12",
        "task_id": "25",
        "values": "22.0, 4.6",
        "target_value": 8.5
      },
      "choice": {
        "button": "J",
        "selected_option": "OptionB"
      }
    },
    {
      "question": 43,
      "target": "Customer Satisfaction",
      "target_value": 8,
      "options": [
        "Price ($)",
        "Quality Rating (1-10)"
      ],
      "optionA": {
        "trial_id": "10",
        "task_id": "49",
        "values": "110.0, 8.0",
        "target_value": 8
      },
      "optionB": {
        "trial_id": "5",
        "task_id": "49",
        "values": "80.0, 6.0",
        "target_value": 7
      },
      "choice": {
        "button": "F",
        "selected_option": "OptionA"
      }
    },
    {
      "question": 44,
      "target": "House Price (thousands)",
      "target_value": 300,
      "options": [
        "House Size (m²)",
        "House Distance to City (km)"
      ],
      "optionA": {
        "trial_id": "1",
        "task_id": "79",
        "values": "120.0, 5.0",
        "target_value": 300
      },
      "optionB": {
        "trial_id": "20",
        "task_id": "79",
        "values": "120.0, 7.0",
        "target_value": 310
      },
      "choice": {
        "button": "F",
        "selected_option": "OptionA"
      }
    },
    {
      "question": 45,
      "target": "Light Level",
      "target_value": 7,
      "options": [
        "Room Size (sq ft)",
        "Number of Windows"
      ],
      "optionA": {
        "trial_id": "1",
        "task_id": "35",
        "values": "200.0, 3.0",
        "target_value": 7
      },
      "optionB": {
        "trial_id": "8",
        "task_id": "35",
        "values": "200.0, 3.0",
        "target_value": 7
      },
      "choice": {
        "button": "F",
        "selected_option": "OptionA"
      }
    },
    {
      "question": 46,
      "target": "Weight Loss",
      "target_value": 1,
      "options": [
        "Calories",
        "Exercise Time"
      ],
      "optionA": {
        "trial_id": "13",
        "task_id": "51",
        "values": "400.0, 20.0",
        "target_value": 1
      },
      "optionB": {
        "trial_id": "13",
        "task_id": "51",
        "values": "400.0, 20.0",
        "target_value": 1
      },
      "choice": {
        "button": "F",
        "selected_option": "OptionA"
      }
    },
    {
      "question": 47,
      "target": "Energy Level",
      "target_value": 7,
      "options": [
        "Dog Size",
        "Exercise Needs"
      ],
      "optionA": {
        "trial_id": "7",
        "task_id": "88",
        "values": "30.0, 6.0",
        "target_value": 7
      },
      "optionB": {
        "trial_id": "8",
        "task_id": "88",
        "values": "40.0, 8.0",
        "target_value": 8
      },
      "choice": {
        "button": "F",
        "selected_option": "OptionA"
      }
    },
    {
      "question": 48,
      "target": "Plant Sunlight Needs",
      "target_value": 5,
      "options": [
        "Plant Height",
        "Plant Leaf Size"
      ],
      "optionA": {
        "trial_id": "16",
        "task_id": "2",
        "values": "150.0, 10.0",
        "target_value": 5
      },
      "optionB": {
        "trial_id": "5",
        "task_id": "2",
        "values": "100.0, 6.0",
        "target_value": 3
      },
      "choice": {
        "button": "F",
        "selected_option": "OptionA"
      }
    },
    {
      "question": 49,
      "target": "Value Score",
      "target_value": 70,
      "options": [
        "Price ($)",
        "Size (GB)"
      ],
      "optionA": {
        "trial_id": "4",
        "task_id": "99",
        "values": "80.0, 512.0",
        "target_value": 70
      },
      "optionB": {
        "trial_id": "19",
        "task_id": "99",
        "values": "50.0, 128.0",
        "target_value": 70
      },
      "choice": {
        "button": "F",
        "selected_option": "OptionA"
      }
    },
    {
      "question": 50,
      "target": "Taste Rating",
      "target_value": 8,
      "options": [
        "Number of Ingredients",
        "Cooking Time (minutes)"
      ],
      "optionA": {
        "trial_id": "5",
        "task_id": "14",
        "values": "6.0, 35.0",
        "target_value": 8
      },
      "optionB": {
        "trial_id": "8",
        "task_id": "14",
        "values": "4.0, 20.0",
        "target_value": 5
      },
      "choice": {
        "button": "F",
        "selected_option": "OptionA"
      }
    }
  ]
}