{
  "prolific_id": "UNKNOWN",
  "condition_group": "direction",
  "responses": [
    {
      "question": 1,
      "target": "Comfort",
      "target_value": 75,
      "options": [
        "Shoe Weight",
        "Brand Reputation"
      ],
      "optionA": {
        "trial_id": "13",
        "task_id": "62",
        "values": "210.0, 5.0",
        "target_value": 75
      },
      "optionB": {
        "trial_id": "1",
        "task_id": "62",
        "values": "200.0, 4.0",
        "target_value": 70
      },
      "choice": {
        "button": "J",
        "selected_option": "OptionB"
      }
    },
    {
      "question": 2,
      "target": "Speed",
      "target_value": 100,
      "options": [
        "Car Engine Size",
        "Horsepower"
      ],
      "optionA": {
        "trial_id": "3",
        "task_id": "61",
        "values": "1.6, 120.0",
        "target_value": 100
      },
      "optionB": {
        "trial_id": "19",
        "task_id": "61",
        "values": "1.2, 90.0",
        "target_value": 80
      },
      "choice": {
        "button": "F",
        "selected_option": "OptionA"
      }
    },
    {
      "question": 3,
      "target": "Satiety (on scale 1-10)",
      "target_value": 5,
      "options": [
        "Number of Calories",
        "Protein (g)"
      ],
      "optionA": {
        "trial_id": "11",
        "task_id": "16",
        "values": "200.0, 8.0",
        "target_value": 5
      },
      "optionB": {
        "trial_id": "11",
        "task_id": "16",
        "values": "200.0, 8.0",
        "target_value": 5
      },
      "choice": {
        "button": "F",
        "selected_option": "OptionA"
      }
    },
    {
      "question": 4,
      "target": "Warmth Rating",
      "target_value": 3,
      "options": [
        "Shirt Weight (g)",
        "Fabric Thickness (mm)"
      ],
      "optionA": {
        "trial_id": "14",
        "task_id": "31",
        "values": "150.0, 1.0",
        "target_value": 3
      },
      "optionB": {
        "trial_id": "3",
        "task_id": "31",
        "values": "220.0, 1.8",
        "target_value": 5
      },
      "choice": {
        "button": "J",
        "selected_option": "OptionB"
      }
    },
    {
      "question": 5,
      "target": "Energy Boost",
      "target_value": 7,
      "options": [
        "Coffee Caffeine Content",
        "Coffee Richness"
      ],
      "optionA": {
        "trial_id": "6",
        "task_id": "4",
        "values": "110.0, 3.0",
        "target_value": 7
      },
      "optionB": {
        "trial_id": "12",
        "task_id": "4",
        "values": "120.0, 6.0",
        "target_value": 10
      },
      "choice": {
        "button": "J",
        "selected_option": "OptionB"
      }
    },
    {
      "question": 6,
      "target": "Weight loss",
      "target_value": 1.5,
      "options": [
        "Exercise duration",
        "Intensity level"
      ],
      "optionA": {
        "trial_id": "1",
        "task_id": "67",
        "values": "30.0, 5.0",
        "target_value": 1.5
      },
      "optionB": {
        "trial_id": "12",
        "task_id": "67",
        "values": "45.0, 5.0",
        "target_value": 1.5
      },
      "choice": {
        "button": "J",
        "selected_option": "OptionB"
      }
    },
    {
      "question": 7,
      "target": "Taste Rating",
      "target_value": 8,
      "options": [
        "Number of Ingredients",
        "Cooking Time (minutes)"
      ],
      "optionA": {
        "trial_id": "5",
        "task_id": "14",
        "values": "6.0, 35.0",
        "target_value": 8
      },
      "optionB": {
        "trial_id": "6",
        "task_id": "14",
        "values": "7.0, 30.0",
        "target_value": 8
      },
      "choice": {
        "button": "J",
        "selected_option": "OptionB"
      }
    },
    {
      "question": 8,
      "target": "Weight Loss",
      "target_value": 1.5,
      "options": [
        "Calories",
        "Exercise Time"
      ],
      "optionA": {
        "trial_id": "14",
        "task_id": "51",
        "values": "500.0, 30.0",
        "target_value": 1.5
      },
      "optionB": {
        "trial_id": "1",
        "task_id": "51",
        "values": "500.0, 30.0",
        "target_value": 1
      },
      "choice": {
        "button": "F",
        "selected_option": "OptionA"
      }
    },
    {
      "question": 9,
      "target": "Fuel Consumption (L/100km)",
      "target_value": 12,
      "options": [
        "Speed (km/h)",
        "Weight (kg)"
      ],
      "optionA": {
        "trial_id": "20",
        "task_id": "43",
        "values": "135.0, 1800.0",
        "target_value": 12
      },
      "optionB": {
        "trial_id": "12",
        "task_id": "43",
        "values": "90.0, 1200.0",
        "target_value": 6
      },
      "choice": {
        "button": "F",
        "selected_option": "OptionA"
      }
    },
    {
      "question": "attention_check_9",
      "choice": "J",
      "passed": true,
      "timestamp": 1756154658211
    },
    {
      "question": 10,
      "target": "Weight Loss",
      "target_value": 1,
      "options": [
        "Calories",
        "Exercise Time"
      ],
      "optionA": {
        "trial_id": "5",
        "task_id": "51",
        "values": "700.0, 10.0",
        "target_value": 1
      },
      "optionB": {
        "trial_id": "17",
        "task_id": "51",
        "values": "300.0, 30.0",
        "target_value": 1
      },
      "choice": {
        "button": "J",
        "selected_option": "OptionB"
      }
    },
    {
      "question": 11,
      "target": "Jump Height",
      "target_value": 93,
      "options": [
        "Height",
        "Arm Length"
      ],
      "optionA": {
        "trial_id": "6",
        "task_id": "115",
        "values": "200.0, 77.0",
        "target_value": 93
      },
      "optionB": {
        "trial_id": "8",
        "task_id": "115",
        "values": "170.0, 63.0",
        "target_value": 73
      },
      "choice": {
        "button": "F",
        "selected_option": "OptionA"
      }
    },
    {
      "question": 12,
      "target": "Exam score",
      "target_value": 78,
      "options": [
        "Study time (hours)",
        "Class attendance (%)"
      ],
      "optionA": {
        "trial_id": "11",
        "task_id": "91",
        "values": "5.0, 80.0",
        "target_value": 78
      },
      "optionB": {
        "trial_id": "12",
        "task_id": "91",
        "values": "6.0, 85.0",
        "target_value": 84
      },
      "choice": {
        "button": "J",
        "selected_option": "OptionB"
      }
    },
    {
      "question": 13,
      "target": "Battery Life",
      "target_value": 29,
      "options": [
        "Phone Weight",
        "Battery Capacity"
      ],
      "optionA": {
        "trial_id": "4",
        "task_id": "54",
        "values": "200.0, 3600.0",
        "target_value": 29
      },
      "optionB": {
        "trial_id": "18",
        "task_id": "54",
        "values": "220.0, 4700.0",
        "target_value": 37
      },
      "choice": {
        "button": "J",
        "selected_option": "OptionB"
      }
    },
    {
      "question": 14,
      "target": "Room Size",
      "target_value": 20,
      "options": [
        "Room Width",
        "Room Length"
      ],
      "optionA": {
        "trial_id": "2",
        "task_id": "109",
        "values": "4.0, 5.0",
        "target_value": 20
      },
      "optionB": {
        "trial_id": "1",
        "task_id": "109",
        "values": "5.0, 6.0",
        "target_value": 30
      },
      "choice": {
        "button": "J",
        "selected_option": "OptionB"
      }
    },
    {
      "question": 15,
      "target": "Fitness Level",
      "target_value": 8,
      "options": [
        "Exercise Time (min/day)",
        "Healthy Diet (%)"
      ],
      "optionA": {
        "trial_id": "19",
        "task_id": "46",
        "values": "40.0, 85.0",
        "target_value": 8
      },
      "optionB": {
        "trial_id": "5",
        "task_id": "46",
        "values": "25.0, 80.0",
        "target_value": 7
      },
      "choice": {
        "button": "F",
        "selected_option": "OptionA"
      }
    },
    {
      "question": 16,
      "target": "Speed (km/h)",
      "target_value": 185,
      "options": [
        "Engine Horsepower",
        "Weight (kg)"
      ],
      "optionA": {
        "trial_id": "2",
        "task_id": "47",
        "values": "180.0, 1300.0",
        "target_value": 185
      },
      "optionB": {
        "trial_id": "14",
        "task_id": "47",
        "values": "210.0, 1500.0",
        "target_value": 193
      },
      "choice": {
        "button": "J",
        "selected_option": "OptionB"
      }
    },
    {
      "question": 17,
      "target": "Value Score",
      "target_value": 70,
      "options": [
        "Price ($)",
        "Size (GB)"
      ],
      "optionA": {
        "trial_id": "6",
        "task_id": "99",
        "values": "50.0, 128.0",
        "target_value": 70
      },
      "optionB": {
        "trial_id": "16",
        "task_id": "99",
        "values": "50.0, 256.0",
        "target_value": 75
      },
      "choice": {
        "button": "J",
        "selected_option": "OptionB"
      }
    },
    {
      "question": 18,
      "target": "Taste Rating",
      "target_value": 7,
      "options": [
        "Number of Ingredients",
        "Cooking Time (minutes)"
      ],
      "optionA": {
        "trial_id": "2",
        "task_id": "14",
        "values": "6.0, 25.0",
        "target_value": 7
      },
      "optionB": {
        "trial_id": "14",
        "task_id": "14",
        "values": "5.0, 27.0",
        "target_value": 6
      },
      "choice": {
        "button": "F",
        "selected_option": "OptionA"
      }
    },
    {
      "question": 19,
      "target": "Taste Rating",
      "target_value": 6,
      "options": [
        "Number of Ingredients",
        "Cooking Time (minutes)"
      ],
      "optionA": {
        "trial_id": "14",
        "task_id": "14",
        "values": "5.0, 27.0",
        "target_value": 6
      },
      "optionB": {
        "trial_id": "5",
        "task_id": "14",
        "values": "6.0, 35.0",
        "target_value": 8
      },
      "choice": {
        "button": "J",
        "selected_option": "OptionB"
      }
    },
    {
      "question": "attention_check_19",
      "choice": "F",
      "passed": true,
      "timestamp": 1756154771542
    },
    {
      "question": 20,
      "target": "Battery Life",
      "target_value": 30,
      "options": [
        "Phone Weight",
        "Battery Capacity"
      ],
      "optionA": {
        "trial_id": "11",
        "task_id": "54",
        "values": "190.0, 3700.0",
        "target_value": 30
      },
      "optionB": {
        "trial_id": "2",
        "task_id": "54",
        "values": "250.0, 3800.0",
        "target_value": 30
      },
      "choice": {
        "button": "J",
        "selected_option": "OptionB"
      }
    },
    {
      "question": 21,
      "target": "Weight Loss",
      "target_value": 1,
      "options": [
        "Calories",
        "Exercise Time"
      ],
      "optionA": {
        "trial_id": "17",
        "task_id": "51",
        "values": "300.0, 30.0",
        "target_value": 1
      },
      "optionB": {
        "trial_id": "2",
        "task_id": "51",
        "values": "600.0, 40.0",
        "target_value": 1.5
      },
      "choice": {
        "button": "F",
        "selected_option": "OptionA"
      }
    },
    {
      "question": 22,
      "target": "Plant Growth Rate (cm/week)",
      "target_value": 5,
      "options": [
        "Plant Soil Quality (1-10)",
        "Plant Water Frequency (times/week)"
      ],
      "optionA": {
        "trial_id": "14",
        "task_id": "81",
        "values": "7.0, 3.0",
        "target_value": 5
      },
      "optionB": {
        "trial_id": "2",
        "task_id": "81",
        "values": "8.0, 4.0",
        "target_value": 6
      },
      "choice": {
        "button": "J",
        "selected_option": "OptionB"
      }
    },
    {
      "question": 23,
      "target": "Doneness",
      "target_value": 85,
      "options": [
        "Cooking Time",
        "Size"
      ],
      "optionA": {
        "trial_id": "6",
        "task_id": "116",
        "values": "40.0, 260.0",
        "target_value": 85
      },
      "optionB": {
        "trial_id": "13",
        "task_id": "116",
        "values": "35.0, 260.0",
        "target_value": 85
      },
      "choice": {
        "button": "F",
        "selected_option": "OptionA"
      }
    },
    {
      "question": 24,
      "target": "Market value ($)",
      "target_value": 260000,
      "options": [
        "Number of bedrooms",
        "House size (sq ft)"
      ],
      "optionA": {
        "trial_id": "11",
        "task_id": "90",
        "values": "4.0, 1200.0",
        "target_value": 260000
      },
      "optionB": {
        "trial_id": "15",
        "task_id": "90",
        "values": "5.0, 1500.0",
        "target_value": 310000
      },
      "choice": {
        "button": "J",
        "selected_option": "OptionB"
      }
    },
    {
      "question": 25,
      "target": "Performance Quality (on scale 1-10)",
      "target_value": 8,
      "options": [
        "Hours of Practice",
        "Musical Experience (years)"
      ],
      "optionA": {
        "trial_id": "3",
        "task_id": "17",
        "values": "60.0, 4.0",
        "target_value": 8
      },
      "optionB": {
        "trial_id": "1",
        "task_id": "17",
        "values": "50.0, 3.0",
        "target_value": 7
      },
      "choice": {
        "button": "F",
        "selected_option": "OptionA"
      }
    },
    {
      "question": 26,
      "target": "Natural Light",
      "target_value": 5,
      "options": [
        "Room Size",
        "Number of Windows"
      ],
      "optionA": {
        "trial_id": "3",
        "task_id": "53",
        "values": "180.0, 1.0",
        "target_value": 5
      },
      "optionB": {
        "trial_id": "5",
        "task_id": "53",
        "values": "220.0, 3.0",
        "target_value": 7
      },
      "choice": {
        "button": "J",
        "selected_option": "OptionB"
      }
    },
    {
      "question": 27,
      "target": "Value Score",
      "target_value": 70,
      "options": [
        "Price ($)",
        "Size (GB)"
      ],
      "optionA": {
        "trial_id": "6",
        "task_id": "99",
        "values": "50.0, 128.0",
        "target_value": 70
      },
      "optionB": {
        "trial_id": "18",
        "task_id": "99",
        "values": "80.0, 512.0",
        "target_value": 75
      },
      "choice": {
        "button": "J",
        "selected_option": "OptionB"
      }
    },
    {
      "question": 28,
      "target": "Battery Duration",
      "target_value": 17,
      "options": [
        "Phone Battery Capacity",
        "Screen Brightness"
      ],
      "optionA": {
        "trial_id": "8",
        "task_id": "63",
        "values": "4000.0, 500.0",
        "target_value": 17
      },
      "optionB": {
        "trial_id": "17",
        "task_id": "63",
        "values": "3500.0, 500.0",
        "target_value": 17
      },
      "choice": {
        "button": "F",
        "selected_option": "OptionA"
      }
    },
    {
      "question": 29,
      "target": "Popularity Score",
      "target_value": 68,
      "options": [
        "Price ($)",
        "Rating (1-10)"
      ],
      "optionA": {
        "trial_id": "7",
        "task_id": "97",
        "values": "70.0, 6.0",
        "target_value": 68
      },
      "optionB": {
        "trial_id": "11",
        "task_id": "97",
        "values": "50.0, 6.0",
        "target_value": 62
      },
      "choice": {
        "button": "J",
        "selected_option": "OptionB"
      }
    },
    {
      "question": "attention_check_29",
      "choice": "J",
      "passed": true,
      "timestamp": 1756154901186
    },
    {
      "question": 30,
      "target": "Weight loss",
      "target_value": 1.4,
      "options": [
        "Exercise duration",
        "Intensity level"
      ],
      "optionA": {
        "trial_id": "16",
        "task_id": "67",
        "values": "35.0, 5.0",
        "target_value": 1.4
      },
      "optionB": {
        "trial_id": "1",
        "task_id": "67",
        "values": "30.0, 5.0",
        "target_value": 1.5
      },
      "choice": {
        "button": "F",
        "selected_option": "OptionA"
      }
    },
    {
      "question": 31,
      "target": "Value Score",
      "target_value": 80,
      "options": [
        "Price ($)",
        "Size (GB)"
      ],
      "optionA": {
        "trial_id": "3",
        "task_id": "99",
        "values": "60.0, 256.0",
        "target_value": 80
      },
      "optionB": {
        "trial_id": "20",
        "task_id": "99",
        "values": "70.0, 256.0",
        "target_value": 65
      },
      "choice": {
        "button": "F",
        "selected_option": "OptionA"
      }
    },
    {
      "question": 32,
      "target": "Social Engagement (on scale 1-10)",
      "target_value": 7,
      "options": [
        "Number of Friends",
        "Average Message Frequency"
      ],
      "optionA": {
        "trial_id": "17",
        "task_id": "21",
        "values": "140.0, 3.0",
        "target_value": 7
      },
      "optionB": {
        "trial_id": "12",
        "task_id": "21",
        "values": "120.0, 3.0",
        "target_value": 7
      },
      "choice": {
        "button": "F",
        "selected_option": "OptionA"
      }
    },
    {
      "question": 33,
      "target": "Apartment price",
      "target_value": 1300,
      "options": [
        "Distance from city center",
        "Room size"
      ],
      "optionA": {
        "trial_id": "11",
        "task_id": "58",
        "values": "2.0, 40.0",
        "target_value": 1300
      },
      "optionB": {
        "trial_id": "12",
        "task_id": "58",
        "values": "1.0, 50.0",
        "target_value": 1400
      },
      "choice": {
        "button": "J",
        "selected_option": "OptionB"
      }
    },
    {
      "question": 34,
      "target": "Growth Rate (cm/week)",
      "target_value": 2.4,
      "options": [
        "Plant Leaf Size",
        "Plant Water Usage"
      ],
      "optionA": {
        "trial_id": "10",
        "task_id": "83",
        "values": "7.0, 4.0",
        "target_value": 2.4
      },
      "optionB": {
        "trial_id": "18",
        "task_id": "83",
        "values": "8.0, 4.0",
        "target_value": 2.6
      },
      "choice": {
        "button": "J",
        "selected_option": "OptionB"
      }
    },
    {
      "question": 35,
      "target": "House Price",
      "target_value": 430,
      "options": [
        "House Size",
        "Neighborhood Rating"
      ],
      "optionA": {
        "trial_id": "20",
        "task_id": "38",
        "values": "2100.0, 8.0",
        "target_value": 430
      },
      "optionB": {
        "trial_id": "2",
        "task_id": "38",
        "values": "1600.0, 7.0",
        "target_value": 340
      },
      "choice": {
        "button": "F",
        "selected_option": "OptionA"
      }
    },
    {
      "question": 36,
      "target": "Reading time",
      "target_value": 7,
      "options": [
        "Book pages",
        "Book chapters"
      ],
      "optionA": {
        "trial_id": "8",
        "task_id": "72",
        "values": "320.0, 16.0",
        "target_value": 7
      },
      "optionB": {
        "trial_id": "2",
        "task_id": "72",
        "values": "400.0, 20.0",
        "target_value": 8
      },
      "choice": {
        "button": "J",
        "selected_option": "OptionB"
      }
    },
    {
      "question": 37,
      "target": "Energy Level",
      "target_value": 6,
      "options": [
        "Hours of Sleep",
        "Caffeine Intake (mg)"
      ],
      "optionA": {
        "trial_id": "3",
        "task_id": "45",
        "values": "7.0, 40.0",
        "target_value": 6
      },
      "optionB": {
        "trial_id": "8",
        "task_id": "45",
        "values": "7.0, 40.0",
        "target_value": 6
      },
      "choice": {
        "button": "F",
        "selected_option": "OptionA"
      }
    },
    {
      "question": 38,
      "target": "Durability Perception (1-10)",
      "target_value": 7,
      "options": [
        "Price ($)",
        "Warranty (years)"
      ],
      "optionA": {
        "trial_id": "17",
        "task_id": "8",
        "values": "240.0, 4.0",
        "target_value": 7
      },
      "optionB": {
        "trial_id": "18",
        "task_id": "8",
        "values": "270.0, 3.0",
        "target_value": 6
      },
      "choice": {
        "button": "F",
        "selected_option": "OptionA"
      }
    },
    {
      "question": 39,
      "target": "Speed (km/h)",
      "target_value": 175,
      "options": [
        "Engine Horsepower",
        "Weight (kg)"
      ],
      "optionA": {
        "trial_id": "9",
        "task_id": "47",
        "values": "160.0, 1250.0",
        "target_value": 175
      },
      "optionB": {
        "trial_id": "2",
        "task_id": "47",
        "values": "180.0, 1300.0",
        "target_value": 185
      },
      "choice": {
        "button": "J",
        "selected_option": "OptionB"
      }
    },
    {
      "question": "attention_check_39",
      "choice": "F",
      "passed": true,
      "timestamp": 1756155024351
    },
    {
      "question": 40,
      "target": "Apartment price",
      "target_value": 1400,
      "options": [
        "Distance from city center",
        "Room size"
      ],
      "optionA": {
        "trial_id": "15",
        "task_id": "58",
        "values": "3.0, 50.0",
        "target_value": 1400
      },
      "optionB": {
        "trial_id": "8",
        "task_id": "58",
        "values": "4.0, 60.0",
        "target_value": 1500
      },
      "choice": {
        "button": "F",
        "selected_option": "OptionA"
      }
    },
    {
      "question": 41,
      "target": "House Price (thousands)",
      "target_value": 310,
      "options": [
        "House Size (m²)",
        "House Distance to City (km)"
      ],
      "optionA": {
        "trial_id": "8",
        "task_id": "79",
        "values": "120.0, 7.0",
        "target_value": 310
      },
      "optionB": {
        "trial_id": "4",
        "task_id": "79",
        "values": "130.0, 8.0",
        "target_value": 320
      },
      "choice": {
        "button": "J",
        "selected_option": "OptionB"
      }
    },
    {
      "question": 42,
      "target": "Exam Score (out of 100)",
      "target_value": 78,
      "options": [
        "Study Time (hours)",
        "Previous GPA"
      ],
      "optionA": {
        "trial_id": "10",
        "task_id": "18",
        "values": "8.0, 3.5",
        "target_value": 78
      },
      "optionB": {
        "trial_id": "9",
        "task_id": "18",
        "values": "6.0, 3.0",
        "target_value": 70
      },
      "choice": {
        "button": "F",
        "selected_option": "OptionA"
      }
    },
    {
      "question": 43,
      "target": "Restaurant Popularity (on scale 1-10)",
      "target_value": 7,
      "options": [
        "Number of Reviews",
        "Average Rating (out of 5)"
      ],
      "optionA": {
        "trial_id": "12",
        "task_id": "19",
        "values": "150.0, 4.2",
        "target_value": 7
      },
      "optionB": {
        "trial_id": "9",
        "task_id": "19",
        "values": "180.0, 4.6",
        "target_value": 8
      },
      "choice": {
        "button": "J",
        "selected_option": "OptionB"
      }
    },
    {
      "question": 44,
      "target": "Restaurant Customer Satisfaction",
      "target_value": 8.9,
      "options": [
        "Restaurant Menu Size",
        "Restaurant Online Rating"
      ],
      "optionA": {
        "trial_id": "2",
        "task_id": "24",
        "values": "18.0, 4.8",
        "target_value": 8.9
      },
      "optionB": {
        "trial_id": "6",
        "task_id": "24",
        "values": "18.0, 4.6",
        "target_value": 8.6
      },
      "choice": {
        "button": "F",
        "selected_option": "OptionA"
      }
    },
    {
      "question": 45,
      "target": "Natural Light (on scale 1-10)",
      "target_value": 8,
      "options": [
        "Room Area (m2)",
        "Number of Windows"
      ],
      "optionA": {
        "trial_id": "16",
        "task_id": "15",
        "values": "22.0, 4.0",
        "target_value": 8
      },
      "optionB": {
        "trial_id": "7",
        "task_id": "15",
        "values": "18.0, 2.0",
        "target_value": 6
      },
      "choice": {
        "button": "F",
        "selected_option": "OptionA"
      }
    },
    {
      "question": 46,
      "target": "Satiety (on scale 1-10)",
      "target_value": 5,
      "options": [
        "Number of Calories",
        "Protein (g)"
      ],
      "optionA": {
        "trial_id": "11",
        "task_id": "16",
        "values": "200.0, 8.0",
        "target_value": 5
      },
      "optionB": {
        "trial_id": "19",
        "task_id": "16",
        "values": "450.0, 20.0",
        "target_value": 9
      },
      "choice": {
        "button": "J",
        "selected_option": "OptionB"
      }
    },
    {
      "question": 47,
      "target": "Phone Performance",
      "target_value": 92,
      "options": [
        "Phone RAM",
        "Phone Screen Size"
      ],
      "optionA": {
        "trial_id": "11",
        "task_id": "103",
        "values": "8.0, 6.6",
        "target_value": 92
      },
      "optionB": {
        "trial_id": "18",
        "task_id": "103",
        "values": "6.0, 6.1",
        "target_value": 82
      },
      "choice": {
        "button": "F",
        "selected_option": "OptionA"
      }
    },
    {
      "question": 48,
      "target": "Enjoyment",
      "target_value": 3,
      "options": [
        "Coffee price",
        "Coffee acidity"
      ],
      "optionA": {
        "trial_id": "20",
        "task_id": "101",
        "values": "0.5, 1.0",
        "target_value": 3
      },
      "optionB": {
        "trial_id": "8",
        "task_id": "101",
        "values": "7.0, 8.0",
        "target_value": 10
      },
      "choice": {
        "button": "F",
        "selected_option": "OptionA"
      }
    },
    {
      "question": 49,
      "target": "Performance Quality (on scale 1-10)",
      "target_value": 8,
      "options": [
        "Hours of Practice",
        "Musical Experience (years)"
      ],
      "optionA": {
        "trial_id": "8",
        "task_id": "17",
        "values": "60.0, 4.0",
        "target_value": 8
      },
      "optionB": {
        "trial_id": "4",
        "task_id": "17",
        "values": "50.0, 5.0",
        "target_value": 9
      },
      "choice": {
        "button": "F",
        "selected_option": "OptionA"
      }
    },
    {
      "question": 50,
      "target": "Taste score",
      "target_value": 7,
      "options": [
        "Coffee strength",
        "Bean quality"
      ],
      "optionA": {
        "trial_id": "7",
        "task_id": "68",
        "values": "2.0, 8.0",
        "target_value": 7
      },
      "optionB": {
        "trial_id": "6",
        "task_id": "68",
        "values": "3.0, 7.0",
        "target_value": 7
      },
      "choice": {
        "button": "F",
        "selected_option": "OptionA"
      }
    }
  ]
}