{
  "prolific_id": "UNKNOWN",
  "condition_group": "direction",
  "responses": [
    {
      "question": 1,
      "target": "Growth Rate (cm/week)",
      "target_value": 2.5,
      "options": [
        "Plant Leaf Size",
        "Plant Water Usage"
      ],
      "optionA": {
        "trial_id": "2",
        "task_id": "83",
        "values": "8.0, 4.0",
        "target_value": 2.5
      },
      "optionB": {
        "trial_id": "2",
        "task_id": "83",
        "values": "8.0, 4.0",
        "target_value": 2.5
      },
      "choice": {
        "button": "F",
        "selected_option": "OptionA"
      }
    },
    {
      "question": 2,
      "target": "Natural Light (on scale 1-10)",
      "target_value": 7,
      "options": [
        "Room Area (m2)",
        "Number of Windows"
      ],
      "optionA": {
        "trial_id": "15",
        "task_id": "15",
        "values": "20.0, 3.0",
        "target_value": 7
      },
      "optionB": {
        "trial_id": "9",
        "task_id": "15",
        "values": "24.0, 4.0",
        "target_value": 8
      },
      "choice": {
        "button": "J",
        "selected_option": "OptionB"
      }
    },
    {
      "question": 3,
      "target": "House Price (thousands)",
      "target_value": 340,
      "options": [
        "House Size (m²)",
        "House Distance to City (km)"
      ],
      "optionA": {
        "trial_id": "12",
        "task_id": "79",
        "values": "140.0, 10.0",
        "target_value": 340
      },
      "optionB": {
        "trial_id": "18",
        "task_id": "79",
        "values": "160.0, 15.0",
        "target_value": 380
      },
      "choice": {
        "button": "J",
        "selected_option": "OptionB"
      }
    },
    {
      "question": 4,
      "target": "Bike Speed",
      "target_value": 28,
      "options": [
        "Bike Weight",
        "Bike Wheel Size"
      ],
      "optionA": {
        "trial_id": "3",
        "task_id": "107",
        "values": "12.0, 29.0",
        "target_value": 28
      },
      "optionB": {
        "trial_id": "9",
        "task_id": "107",
        "values": "10.0, 27.0",
        "target_value": 24
      },
      "choice": {
        "button": "J",
        "selected_option": "OptionB"
      }
    },
    {
      "question": 5,
      "target": "Natural light",
      "target_value": 8,
      "options": [
        "Room size",
        "Window count"
      ],
      "optionA": {
        "trial_id": "14",
        "task_id": "66",
        "values": "150.0, 4.0",
        "target_value": 8
      },
      "optionB": {
        "trial_id": "18",
        "task_id": "66",
        "values": "120.0, 3.0",
        "target_value": 7
      },
      "choice": {
        "button": "J",
        "selected_option": "OptionB"
      }
    },
    {
      "question": 6,
      "target": "Comfort",
      "target_value": 70,
      "options": [
        "Shoe Weight",
        "Brand Reputation"
      ],
      "optionA": {
        "trial_id": "11",
        "task_id": "62",
        "values": "190.0, 4.0",
        "target_value": 70
      },
      "optionB": {
        "trial_id": "10",
        "task_id": "62",
        "values": "250.0, 7.0",
        "target_value": 85
      },
      "choice": {
        "button": "F",
        "selected_option": "OptionA"
      }
    },
    {
      "question": 7,
      "target": "Battery Life (hours)",
      "target_value": 10,
      "options": [
        "Phone Weight (g)",
        "Battery Capacity (mAh)"
      ],
      "optionA": {
        "trial_id": "4",
        "task_id": "30",
        "values": "160.0, 4000.0",
        "target_value": 10
      },
      "optionB": {
        "trial_id": "18",
        "task_id": "30",
        "values": "145.0, 3700.0",
        "target_value": 9.9
      },
      "choice": {
        "button": "F",
        "selected_option": "OptionA"
      }
    },
    {
      "question": 8,
      "target": "Taste score",
      "target_value": 8,
      "options": [
        "Coffee strength",
        "Bean quality"
      ],
      "optionA": {
        "trial_id": "14",
        "task_id": "68",
        "values": "4.0, 7.0",
        "target_value": 8
      },
      "optionB": {
        "trial_id": "10",
        "task_id": "68",
        "values": "3.0, 7.0",
        "target_value": 7
      },
      "choice": {
        "button": "F",
        "selected_option": "OptionA"
      }
    },
    {
      "question": 9,
      "target": "Weight Loss",
      "target_value": 1,
      "options": [
        "Calories",
        "Exercise Time"
      ],
      "optionA": {
        "trial_id": "1",
        "task_id": "51",
        "values": "500.0, 30.0",
        "target_value": 1
      },
      "optionB": {
        "trial_id": "9",
        "task_id": "51",
        "values": "500.0, 10.0",
        "target_value": 1
      },
      "choice": {
        "button": "F",
        "selected_option": "OptionA"
      }
    },
    {
      "question": "attention_check_9",
      "choice": "J",
      "passed": true,
      "timestamp": 1756154576794
    },
    {
      "question": 10,
      "target": "Time to destination (hours)",
      "target_value": 0.39,
      "options": [
        "Distance (miles)",
        "Speed (mph)"
      ],
      "optionA": {
        "trial_id": "12",
        "task_id": "118",
        "values": "22.0, 60.0",
        "target_value": 0.39
      },
      "optionB": {
        "trial_id": "13",
        "task_id": "118",
        "values": "22.0, 60.0",
        "target_value": 0.39
      },
      "choice": {
        "button": "F",
        "selected_option": "OptionA"
      }
    },
    {
      "question": 11,
      "target": "Performance Score",
      "target_value": 90,
      "options": [
        "Hours of Practice",
        "Natural Talent (1-10)"
      ],
      "optionA": {
        "trial_id": "10",
        "task_id": "78",
        "values": "11.0, 8.0",
        "target_value": 90
      },
      "optionB": {
        "trial_id": "4",
        "task_id": "78",
        "values": "9.0, 8.0",
        "target_value": 88
      },
      "choice": {
        "button": "F",
        "selected_option": "OptionA"
      }
    },
    {
      "question": 12,
      "target": "Fun Level",
      "target_value": 8,
      "options": [
        "Number of Players",
        "Game Duration (minutes)"
      ],
      "optionA": {
        "trial_id": "12",
        "task_id": "13",
        "values": "5.0, 55.0",
        "target_value": 8
      },
      "optionB": {
        "trial_id": "11",
        "task_id": "13",
        "values": "7.0, 65.0",
        "target_value": 9
      },
      "choice": {
        "button": "J",
        "selected_option": "OptionB"
      }
    },
    {
      "question": 13,
      "target": "Room Size",
      "target_value": 30,
      "options": [
        "Room Width",
        "Room Length"
      ],
      "optionA": {
        "trial_id": "1",
        "task_id": "109",
        "values": "5.0, 6.0",
        "target_value": 30
      },
      "optionB": {
        "trial_id": "18",
        "task_id": "109",
        "values": "4.0, 5.0",
        "target_value": 20
      },
      "choice": {
        "button": "F",
        "selected_option": "OptionA"
      }
    },
    {
      "question": 14,
      "target": "Dog Activity Level",
      "target_value": 7,
      "options": [
        "Dog Size",
        "Dog Exercise Needs"
      ],
      "optionA": {
        "trial_id": "16",
        "task_id": "3",
        "values": "38.0, 3.0",
        "target_value": 7
      },
      "optionB": {
        "trial_id": "6",
        "task_id": "3",
        "values": "55.0, 5.0",
        "target_value": 10
      },
      "choice": {
        "button": "F",
        "selected_option": "OptionA"
      }
    },
    {
      "question": 15,
      "target": "Warmth Rating",
      "target_value": 3.8,
      "options": [
        "Shirt Weight (g)",
        "Fabric Thickness (mm)"
      ],
      "optionA": {
        "trial_id": "5",
        "task_id": "31",
        "values": "180.0, 1.4",
        "target_value": 3.8
      },
      "optionB": {
        "trial_id": "11",
        "task_id": "31",
        "values": "210.0, 1.9",
        "target_value": 5.2
      },
      "choice": {
        "button": "J",
        "selected_option": "OptionB"
      }
    },
    {
      "question": 16,
      "target": "Exam Score",
      "target_value": 74,
      "options": [
        "Student Study Time (hours)",
        "Class Attendance (%)"
      ],
      "optionA": {
        "trial_id": "4",
        "task_id": "40",
        "values": "5.0, 85.0",
        "target_value": 74
      },
      "optionB": {
        "trial_id": "17",
        "task_id": "40",
        "values": "6.0, 85.0",
        "target_value": 74
      },
      "choice": {
        "button": "J",
        "selected_option": "OptionB"
      }
    },
    {
      "question": 17,
      "target": "Growth Rate",
      "target_value": 7,
      "options": [
        "Plant Leaf Size",
        "Plant Height"
      ],
      "optionA": {
        "trial_id": "14",
        "task_id": "65",
        "values": "18.0, 90.0",
        "target_value": 7
      },
      "optionB": {
        "trial_id": "15",
        "task_id": "65",
        "values": "8.0, 40.0",
        "target_value": 2
      },
      "choice": {
        "button": "F",
        "selected_option": "OptionA"
      }
    },
    {
      "question": 18,
      "target": "Comfort",
      "target_value": 70,
      "options": [
        "Shoe Weight",
        "Brand Reputation"
      ],
      "optionA": {
        "trial_id": "16",
        "task_id": "62",
        "values": "190.0, 4.0",
        "target_value": 70
      },
      "optionB": {
        "trial_id": "1",
        "task_id": "62",
        "values": "200.0, 4.0",
        "target_value": 70
      },
      "choice": {
        "button": "F",
        "selected_option": "OptionA"
      }
    },
    {
      "question": 19,
      "target": "Recipe difficulty",
      "target_value": 6,
      "options": [
        "Number of ingredients",
        "Prep time (minutes)"
      ],
      "optionA": {
        "trial_id": "11",
        "task_id": "60",
        "values": "5.0, 15.0",
        "target_value": 6
      },
      "optionB": {
        "trial_id": "20",
        "task_id": "60",
        "values": "6.0, 18.0",
        "target_value": 6.5
      },
      "choice": {
        "button": "J",
        "selected_option": "OptionB"
      }
    },
    {
      "question": "attention_check_19",
      "choice": "F",
      "passed": true,
      "timestamp": 1756154679971
    },
    {
      "question": 20,
      "target": "Fuel Consumption (L)",
      "target_value": 625,
      "options": [
        "Flight Duration (hours)",
        "Distance (km)"
      ],
      "optionA": {
        "trial_id": "13",
        "task_id": "33",
        "values": "2.5, 625.0",
        "target_value": 625
      },
      "optionB": {
        "trial_id": "17",
        "task_id": "33",
        "values": "3.8, 950.0",
        "target_value": 950
      },
      "choice": {
        "button": "J",
        "selected_option": "OptionB"
      }
    },
    {
      "question": 21,
      "target": "Tea Strength (1-10)",
      "target_value": 9,
      "options": [
        "Tea Leaf Quality (1-10)",
        "Tea Steeping Time (minutes)"
      ],
      "optionA": {
        "trial_id": "16",
        "task_id": "80",
        "values": "10.0, 6.0",
        "target_value": 9
      },
      "optionB": {
        "trial_id": "4",
        "task_id": "80",
        "values": "9.0, 5.0",
        "target_value": 8
      },
      "choice": {
        "button": "F",
        "selected_option": "OptionA"
      }
    },
    {
      "question": 22,
      "target": "Growth Rate",
      "target_value": 3,
      "options": [
        "Plant Leaf Size",
        "Plant Height"
      ],
      "optionA": {
        "trial_id": "11",
        "task_id": "65",
        "values": "10.0, 50.0",
        "target_value": 3
      },
      "optionB": {
        "trial_id": "20",
        "task_id": "65",
        "values": "8.0, 40.0",
        "target_value": 2
      },
      "choice": {
        "button": "J",
        "selected_option": "OptionB"
      }
    },
    {
      "question": 23,
      "target": "Movie enjoyment",
      "target_value": 9,
      "options": [
        "Movie runtime",
        "Movie rating"
      ],
      "optionA": {
        "trial_id": "16",
        "task_id": "75",
        "values": "150.0, 8.5",
        "target_value": 9
      },
      "optionB": {
        "trial_id": "6",
        "task_id": "75",
        "values": "100.0, 6.0",
        "target_value": 5.5
      },
      "choice": {
        "button": "J",
        "selected_option": "OptionB"
      }
    },
    {
      "question": 24,
      "target": "Light amount",
      "target_value": 7,
      "options": [
        "Room size (m2)",
        "Number of windows"
      ],
      "optionA": {
        "trial_id": "15",
        "task_id": "85",
        "values": "30.0, 2.0",
        "target_value": 7
      },
      "optionB": {
        "trial_id": "11",
        "task_id": "85",
        "values": "18.0, 2.0",
        "target_value": 6
      },
      "choice": {
        "button": "F",
        "selected_option": "OptionA"
      }
    },
    {
      "question": 25,
      "target": "Fun Score",
      "target_value": 5,
      "options": [
        "Number of Players",
        "Game Length (min)"
      ],
      "optionA": {
        "trial_id": "20",
        "task_id": "98",
        "values": "4.0, 40.0",
        "target_value": 5
      },
      "optionB": {
        "trial_id": "2",
        "task_id": "98",
        "values": "5.0, 50.0",
        "target_value": 6
      },
      "choice": {
        "button": "J",
        "selected_option": "OptionB"
      }
    },
    {
      "question": 26,
      "target": "Recipe Complexity",
      "target_value": 9,
      "options": [
        "Recipe Servings",
        "Recipe Ingredients"
      ],
      "optionA": {
        "trial_id": "5",
        "task_id": "106",
        "values": "8.0, 14.0",
        "target_value": 9
      },
      "optionB": {
        "trial_id": "3",
        "task_id": "106",
        "values": "6.0, 12.0",
        "target_value": 8
      },
      "choice": {
        "button": "F",
        "selected_option": "OptionA"
      }
    },
    {
      "question": 27,
      "target": "Strength",
      "target_value": 16,
      "options": [
        "Coffee Beans",
        "Water"
      ],
      "optionA": {
        "trial_id": "12",
        "task_id": "112",
        "values": "12.0, 240.0",
        "target_value": 16
      },
      "optionB": {
        "trial_id": "20",
        "task_id": "112",
        "values": "8.0, 180.0",
        "target_value": 12
      },
      "choice": {
        "button": "F",
        "selected_option": "OptionA"
      }
    },
    {
      "question": 28,
      "target": "Battery life",
      "target_value": 11,
      "options": [
        "Phone battery",
        "Screen size"
      ],
      "optionA": {
        "trial_id": "16",
        "task_id": "69",
        "values": "3000.0, 5.0",
        "target_value": 11
      },
      "optionB": {
        "trial_id": "19",
        "task_id": "69",
        "values": "3500.0, 5.0",
        "target_value": 11
      },
      "choice": {
        "button": "J",
        "selected_option": "OptionB"
      }
    },
    {
      "question": 29,
      "target": "House Price ($1000s)",
      "target_value": 340,
      "options": [
        "Number of Rooms",
        "Square Feet"
      ],
      "optionA": {
        "trial_id": "5",
        "task_id": "77",
        "values": "5.0, 2000.0",
        "target_value": 340
      },
      "optionB": {
        "trial_id": "10",
        "task_id": "77",
        "values": "4.0, 1800.0",
        "target_value": 300
      },
      "choice": {
        "button": "F",
        "selected_option": "OptionA"
      }
    },
    {
      "question": "attention_check_29",
      "choice": "J",
      "passed": true,
      "timestamp": 1756154744611
    },
    {
      "question": 30,
      "target": "Room Size",
      "target_value": 42,
      "options": [
        "Room Width",
        "Room Length"
      ],
      "optionA": {
        "trial_id": "11",
        "task_id": "109",
        "values": "6.0, 7.0",
        "target_value": 42
      },
      "optionB": {
        "trial_id": "4",
        "task_id": "109",
        "values": "5.0, 6.0",
        "target_value": 30
      },
      "choice": {
        "button": "F",
        "selected_option": "OptionA"
      }
    },
    {
      "question": 31,
      "target": "Taste Rating (1-10)",
      "target_value": 10,
      "options": [
        "Minutes of Cooking",
        "Number of Ingredients"
      ],
      "optionA": {
        "trial_id": "19",
        "task_id": "56",
        "values": "50.0, 10.0",
        "target_value": 10
      },
      "optionB": {
        "trial_id": "17",
        "task_id": "56",
        "values": "18.0, 3.0",
        "target_value": 6
      },
      "choice": {
        "button": "F",
        "selected_option": "OptionA"
      }
    },
    {
      "question": 32,
      "target": "Performance Quality (on scale 1-10)",
      "target_value": 8,
      "options": [
        "Hours of Practice",
        "Musical Experience (years)"
      ],
      "optionA": {
        "trial_id": "18",
        "task_id": "17",
        "values": "90.0, 4.0",
        "target_value": 8
      },
      "optionB": {
        "trial_id": "5",
        "task_id": "17",
        "values": "80.0, 2.0",
        "target_value": 7
      },
      "choice": {
        "button": "F",
        "selected_option": "OptionA"
      }
    },
    {
      "question": 33,
      "target": "Exam score",
      "target_value": 83,
      "options": [
        "Study time (hours)",
        "Class attendance (%)"
      ],
      "optionA": {
        "trial_id": "8",
        "task_id": "91",
        "values": "7.0, 80.0",
        "target_value": 83
      },
      "optionB": {
        "trial_id": "2",
        "task_id": "91",
        "values": "6.0, 70.0",
        "target_value": 80
      },
      "choice": {
        "button": "F",
        "selected_option": "OptionA"
      }
    },
    {
      "question": 34,
      "target": "Room Size",
      "target_value": 42,
      "options": [
        "Room Width",
        "Room Length"
      ],
      "optionA": {
        "trial_id": "19",
        "task_id": "109",
        "values": "6.0, 7.0",
        "target_value": 42
      },
      "optionB": {
        "trial_id": "16",
        "task_id": "109",
        "values": "3.0, 4.0",
        "target_value": 12
      },
      "choice": {
        "button": "F",
        "selected_option": "OptionA"
      }
    },
    {
      "question": 35,
      "target": "Deliciousness",
      "target_value": 70,
      "options": [
        "Cooking time",
        "Ingredients count"
      ],
      "optionA": {
        "trial_id": "12",
        "task_id": "27",
        "values": "40.0, 7.0",
        "target_value": 70
      },
      "optionB": {
        "trial_id": "6",
        "task_id": "27",
        "values": "40.0, 6.0",
        "target_value": 75
      },
      "choice": {
        "button": "F",
        "selected_option": "OptionA"
      }
    },
    {
      "question": 36,
      "target": "Fun Score",
      "target_value": 7,
      "options": [
        "Number of Players",
        "Game Length (min)"
      ],
      "optionA": {
        "trial_id": "8",
        "task_id": "98",
        "values": "5.0, 50.0",
        "target_value": 7
      },
      "optionB": {
        "trial_id": "16",
        "task_id": "98",
        "values": "5.0, 55.0",
        "target_value": 7
      },
      "choice": {
        "button": "J",
        "selected_option": "OptionB"
      }
    },
    {
      "question": 37,
      "target": "Doneness",
      "target_value": 60,
      "options": [
        "Cooking Time",
        "Size"
      ],
      "optionA": {
        "trial_id": "19",
        "task_id": "116",
        "values": "20.0, 160.0",
        "target_value": 60
      },
      "optionB": {
        "trial_id": "12",
        "task_id": "116",
        "values": "35.0, 240.0",
        "target_value": 80
      },
      "choice": {
        "button": "F",
        "selected_option": "OptionA"
      }
    },
    {
      "question": 38,
      "target": "Enjoyment",
      "target_value": 5,
      "options": [
        "Taste rating",
        "Price"
      ],
      "optionA": {
        "trial_id": "12",
        "task_id": "26",
        "values": "4.0, 2.0",
        "target_value": 5
      },
      "optionB": {
        "trial_id": "13",
        "task_id": "26",
        "values": "7.0, 7.0",
        "target_value": 13
      },
      "choice": {
        "button": "J",
        "selected_option": "OptionB"
      }
    },
    {
      "question": 39,
      "target": "Growth Rate (cm/week)",
      "target_value": 3.5,
      "options": [
        "Plant Leaf Size",
        "Plant Water Usage"
      ],
      "optionA": {
        "trial_id": "19",
        "task_id": "83",
        "values": "12.0, 6.0",
        "target_value": 3.5
      },
      "optionB": {
        "trial_id": "2",
        "task_id": "83",
        "values": "8.0, 4.0",
        "target_value": 2.5
      },
      "choice": {
        "button": "F",
        "selected_option": "OptionA"
      }
    },
    {
      "question": "attention_check_39",
      "choice": "F",
      "passed": true,
      "timestamp": 1756154810194
    },
    {
      "question": 40,
      "target": "Natural light",
      "target_value": 6,
      "options": [
        "Room size",
        "Window count"
      ],
      "optionA": {
        "trial_id": "11",
        "task_id": "66",
        "values": "110.0, 2.0",
        "target_value": 6
      },
      "optionB": {
        "trial_id": "6",
        "task_id": "66",
        "values": "130.0, 3.0",
        "target_value": 7
      },
      "choice": {
        "button": "F",
        "selected_option": "OptionA"
      }
    },
    {
      "question": 41,
      "target": "Performance",
      "target_value": 8.1,
      "options": [
        "Skill Level",
        "Practice Time"
      ],
      "optionA": {
        "trial_id": "4",
        "task_id": "100",
        "values": "5.0, 18.0",
        "target_value": 8.1
      },
      "optionB": {
        "trial_id": "10",
        "task_id": "100",
        "values": "6.0, 16.0",
        "target_value": 8.2
      },
      "choice": {
        "button": "J",
        "selected_option": "OptionB"
      }
    },
    {
      "question": 42,
      "target": "Growth speed",
      "target_value": 3.7,
      "options": [
        "Plant height cm",
        "Plant leaf count"
      ],
      "optionA": {
        "trial_id": "20",
        "task_id": "74",
        "values": "26.0, 9.0",
        "target_value": 3.7
      },
      "optionB": {
        "trial_id": "3",
        "task_id": "74",
        "values": "25.0, 8.0",
        "target_value": 3.5
      },
      "choice": {
        "button": "F",
        "selected_option": "OptionA"
      }
    },
    {
      "question": 43,
      "target": "Restaurant Popularity (on scale 1-10)",
      "target_value": 7,
      "options": [
        "Number of Reviews",
        "Average Rating (out of 5)"
      ],
      "optionA": {
        "trial_id": "2",
        "task_id": "19",
        "values": "150.0, 4.0",
        "target_value": 7
      },
      "optionB": {
        "trial_id": "7",
        "task_id": "19",
        "values": "150.0, 4.3",
        "target_value": 7
      },
      "choice": {
        "button": "J",
        "selected_option": "OptionB"
      }
    },
    {
      "question": 44,
      "target": "Room Area (m²)",
      "target_value": 20,
      "options": [
        "Room Length (m)",
        "Room Width (m)"
      ],
      "optionA": {
        "trial_id": "7",
        "task_id": "89",
        "values": "2.0, 10.0",
        "target_value": 20
      },
      "optionB": {
        "trial_id": "19",
        "task_id": "89",
        "values": "6.0, 6.0",
        "target_value": 36
      },
      "choice": {
        "button": "J",
        "selected_option": "OptionB"
      }
    },
    {
      "question": 45,
      "target": "Fuel Consumption (L/100km)",
      "target_value": 8,
      "options": [
        "Engine Size (cc)",
        "Weight (kg)"
      ],
      "optionA": {
        "trial_id": "6",
        "task_id": "11",
        "values": "1900.0, 1200.0",
        "target_value": 8
      },
      "optionB": {
        "trial_id": "19",
        "task_id": "11",
        "values": "2400.0, 1500.0",
        "target_value": 10
      },
      "choice": {
        "button": "J",
        "selected_option": "OptionB"
      }
    },
    {
      "question": 46,
      "target": "Performance Rating",
      "target_value": 4.5,
      "options": [
        "Computer Weight (kg)",
        "RAM (GB)"
      ],
      "optionA": {
        "trial_id": "14",
        "task_id": "34",
        "values": "1.0, 2.0",
        "target_value": 4.5
      },
      "optionB": {
        "trial_id": "5",
        "task_id": "34",
        "values": "1.3, 6.0",
        "target_value": 6
      },
      "choice": {
        "button": "J",
        "selected_option": "OptionB"
      }
    },
    {
      "question": 47,
      "target": "Battery life",
      "target_value": 12,
      "options": [
        "Phone battery",
        "Screen size"
      ],
      "optionA": {
        "trial_id": "1",
        "task_id": "69",
        "values": "3000.0, 5.0",
        "target_value": 12
      },
      "optionB": {
        "trial_id": "17",
        "task_id": "69",
        "values": "4000.0, 6.0",
        "target_value": 13
      },
      "choice": {
        "button": "J",
        "selected_option": "OptionB"
      }
    },
    {
      "question": 48,
      "target": "Social Engagement (on scale 1-10)",
      "target_value": 7,
      "options": [
        "Number of Friends",
        "Average Message Frequency"
      ],
      "optionA": {
        "trial_id": "12",
        "task_id": "21",
        "values": "120.0, 3.0",
        "target_value": 7
      },
      "optionB": {
        "trial_id": "9",
        "task_id": "21",
        "values": "130.0, 3.0",
        "target_value": 7
      },
      "choice": {
        "button": "J",
        "selected_option": "OptionB"
      }
    },
    {
      "question": 49,
      "target": "Quality",
      "target_value": 80,
      "options": [
        "Price",
        "Size"
      ],
      "optionA": {
        "trial_id": "2",
        "task_id": "110",
        "values": "150.0, 8.0",
        "target_value": 80
      },
      "optionB": {
        "trial_id": "20",
        "task_id": "110",
        "values": "160.0, 23.0",
        "target_value": 93
      },
      "choice": {
        "button": "J",
        "selected_option": "OptionB"
      }
    },
    {
      "question": 50,
      "target": "Fat Burn (g)",
      "target_value": 35,
      "options": [
        "Exercise Time (min)",
        "Heart Rate (bpm)"
      ],
      "optionA": {
        "trial_id": "12",
        "task_id": "28",
        "values": "35.0, 115.0",
        "target_value": 35
      },
      "optionB": {
        "trial_id": "9",
        "task_id": "28",
        "values": "35.0, 135.0",
        "target_value": 55
      },
      "choice": {
        "button": "J",
        "selected_option": "OptionB"
      }
    }
  ]
}