{
  "prolific_id": "UNKNOWN",
  "condition_group": "direction",
  "responses": [
    {
      "question": 1,
      "target": "Performance",
      "target_value": 8.4,
      "options": [
        "Skill Level",
        "Practice Time"
      ],
      "optionA": {
        "trial_id": "16",
        "task_id": "100",
        "values": "6.0, 20.0",
        "target_value": 8.4
      },
      "optionB": {
        "trial_id": "18",
        "task_id": "100",
        "values": "6.0, 18.0",
        "target_value": 8.5
      },
      "choice": {
        "button": "F",
        "selected_option": "OptionA"
      }
    },
    {
      "question": 2,
      "target": "Bike Speed",
      "target_value": 130,
      "options": [
        "Bike Weight",
        "Bike Power"
      ],
      "optionA": {
        "trial_id": "20",
        "task_id": "87",
        "values": "30.0, 650.0",
        "target_value": 130
      },
      "optionB": {
        "trial_id": "16",
        "task_id": "87",
        "values": "26.0, 550.0",
        "target_value": 110
      },
      "choice": {
        "button": "F",
        "selected_option": "OptionA"
      }
    },
    {
      "question": 3,
      "target": "Taste Rating (1-10)",
      "target_value": 6,
      "options": [
        "Minutes of Cooking",
        "Number of Ingredients"
      ],
      "optionA": {
        "trial_id": "17",
        "task_id": "56",
        "values": "18.0, 3.0",
        "target_value": 6
      },
      "optionB": {
        "trial_id": "16",
        "task_id": "56",
        "values": "40.0, 8.0",
        "target_value": 9
      },
      "choice": {
        "button": "J",
        "selected_option": "OptionB"
      }
    },
    {
      "question": 4,
      "target": "Strength",
      "target_value": 11,
      "options": [
        "Coffee Beans",
        "Water"
      ],
      "optionA": {
        "trial_id": "7",
        "task_id": "112",
        "values": "6.0, 160.0",
        "target_value": 11
      },
      "optionB": {
        "trial_id": "13",
        "task_id": "112",
        "values": "12.0, 260.0",
        "target_value": 17
      },
      "choice": {
        "button": "J",
        "selected_option": "OptionB"
      }
    },
    {
      "question": 5,
      "target": "House Price (thousands)",
      "target_value": 320,
      "options": [
        "House Size (m²)",
        "House Distance to City (km)"
      ],
      "optionA": {
        "trial_id": "16",
        "task_id": "79",
        "values": "130.0, 8.0",
        "target_value": 320
      },
      "optionB": {
        "trial_id": "5",
        "task_id": "79",
        "values": "140.0, 10.0",
        "target_value": 340
      },
      "choice": {
        "button": "J",
        "selected_option": "OptionB"
      }
    },
    {
      "question": 6,
      "target": "Phone Performance",
      "target_value": 150,
      "options": [
        "Phone RAM",
        "Phone Storage"
      ],
      "optionA": {
        "trial_id": "17",
        "task_id": "86",
        "values": "128.0, 16384.0",
        "target_value": 150
      },
      "optionB": {
        "trial_id": "11",
        "task_id": "86",
        "values": "24.0, 2048.0",
        "target_value": 120
      },
      "choice": {
        "button": "F",
        "selected_option": "OptionA"
      }
    },
    {
      "question": 7,
      "target": "Top Speed",
      "target_value": 135,
      "options": [
        "Engine Size",
        "Horsepower"
      ],
      "optionA": {
        "trial_id": "15",
        "task_id": "113",
        "values": "1.6, 100.0",
        "target_value": 135
      },
      "optionB": {
        "trial_id": "3",
        "task_id": "113",
        "values": "1.8, 110.0",
        "target_value": 140
      },
      "choice": {
        "button": "J",
        "selected_option": "OptionB"
      }
    },
    {
      "question": 8,
      "target": "Performance Score",
      "target_value": 85,
      "options": [
        "Hours of Practice",
        "Natural Talent (1-10)"
      ],
      "optionA": {
        "trial_id": "18",
        "task_id": "78",
        "values": "10.0, 6.0",
        "target_value": 85
      },
      "optionB": {
        "trial_id": "11",
        "task_id": "78",
        "values": "11.0, 5.0",
        "target_value": 85
      },
      "choice": {
        "button": "J",
        "selected_option": "OptionB"
      }
    },
    {
      "question": 9,
      "target": "Weight Loss",
      "target_value": 1,
      "options": [
        "Calories",
        "Exercise Time"
      ],
      "optionA": {
        "trial_id": "3",
        "task_id": "51",
        "values": "600.0, 20.0",
        "target_value": 1
      },
      "optionB": {
        "trial_id": "11",
        "task_id": "51",
        "values": "600.0, 30.0",
        "target_value": 1.5
      },
      "choice": {
        "button": "J",
        "selected_option": "OptionB"
      }
    },
    {
      "question": "attention_check_9",
      "choice": "J",
      "passed": true,
      "timestamp": 1756720687568
    },
    {
      "question": 10,
      "target": "Physical strength",
      "target_value": 88,
      "options": [
        "Height (cm)",
        "Weight (kg)"
      ],
      "optionA": {
        "trial_id": "11",
        "task_id": "84",
        "values": "185.0, 95.0",
        "target_value": 88
      },
      "optionB": {
        "trial_id": "18",
        "task_id": "84",
        "values": "170.0, 65.0",
        "target_value": 68
      },
      "choice": {
        "button": "F",
        "selected_option": "OptionA"
      }
    },
    {
      "question": 11,
      "target": "Enjoyment Rating (1-10)",
      "target_value": 6,
      "options": [
        "Number of Pages",
        "Reading Time (minutes)"
      ],
      "optionA": {
        "trial_id": "16",
        "task_id": "10",
        "values": "370.0, 135.0",
        "target_value": 6
      },
      "optionB": {
        "trial_id": "11",
        "task_id": "10",
        "values": "220.0, 90.0",
        "target_value": 5
      },
      "choice": {
        "button": "J",
        "selected_option": "OptionB"
      }
    },
    {
      "question": 12,
      "target": "Fat Burn (in grams)",
      "target_value": 16,
      "options": [
        "Exercise Time (minutes)",
        "Heart Rate (bpm)"
      ],
      "optionA": {
        "trial_id": "8",
        "task_id": "20",
        "values": "45.0, 120.0",
        "target_value": 16
      },
      "optionB": {
        "trial_id": "20",
        "task_id": "20",
        "values": "70.0, 140.0",
        "target_value": 24
      },
      "choice": {
        "button": "J",
        "selected_option": "OptionB"
      }
    },
    {
      "question": 13,
      "target": "Market value ($)",
      "target_value": 280000,
      "options": [
        "Number of bedrooms",
        "House size (sq ft)"
      ],
      "optionA": {
        "trial_id": "4",
        "task_id": "90",
        "values": "5.0, 1200.0",
        "target_value": 280000
      },
      "optionB": {
        "trial_id": "2",
        "task_id": "90",
        "values": "4.0, 1000.0",
        "target_value": 230000
      },
      "choice": {
        "button": "F",
        "selected_option": "OptionA"
      }
    },
    {
      "question": 14,
      "target": "Restaurant Customer Satisfaction",
      "target_value": 8.5,
      "options": [
        "Restaurant Menu Size",
        "Restaurant Price Rating"
      ],
      "optionA": {
        "trial_id": "13",
        "task_id": "25",
        "values": "23.0, 4.6",
        "target_value": 8.5
      },
      "optionB": {
        "trial_id": "4",
        "task_id": "25",
        "values": "23.0, 4.6",
        "target_value": 8.5
      },
      "choice": {
        "button": "J",
        "selected_option": "OptionB"
      }
    },
    {
      "question": 15,
      "target": "Book Rating",
      "target_value": 4.7,
      "options": [
        "Book Page Count",
        "Author Rating"
      ],
      "optionA": {
        "trial_id": "15",
        "task_id": "22",
        "values": "450.0, 4.7",
        "target_value": 4.7
      },
      "optionB": {
        "trial_id": "11",
        "task_id": "22",
        "values": "400.0, 4.8",
        "target_value": 4.7
      },
      "choice": {
        "button": "F",
        "selected_option": "OptionA"
      }
    },
    {
      "question": 16,
      "target": "Exam Score (%)",
      "target_value": 75,
      "options": [
        "Study Time (hours)",
        "Previous Score (%)"
      ],
      "optionA": {
        "trial_id": "15",
        "task_id": "76",
        "values": "6.0, 60.0",
        "target_value": 75
      },
      "optionB": {
        "trial_id": "12",
        "task_id": "76",
        "values": "6.0, 70.0",
        "target_value": 75
      },
      "choice": {
        "button": "J",
        "selected_option": "OptionB"
      }
    },
    {
      "question": 17,
      "target": "Home value",
      "target_value": 310000,
      "options": [
        "House size",
        "Neighborhood quality"
      ],
      "optionA": {
        "trial_id": "14",
        "task_id": "70",
        "values": "140.0, 9.0",
        "target_value": 310000
      },
      "optionB": {
        "trial_id": "15",
        "task_id": "70",
        "values": "110.0, 7.0",
        "target_value": 270000
      },
      "choice": {
        "button": "F",
        "selected_option": "OptionA"
      }
    },
    {
      "question": 18,
      "target": "Performance Score (1-100)",
      "target_value": 95,
      "options": [
        "Hours of Practice",
        "Number of Lessons"
      ],
      "optionA": {
        "trial_id": "20",
        "task_id": "57",
        "values": "35.0, 13.0",
        "target_value": 95
      },
      "optionB": {
        "trial_id": "10",
        "task_id": "57",
        "values": "30.0, 11.0",
        "target_value": 90
      },
      "choice": {
        "button": "F",
        "selected_option": "OptionA"
      }
    },
    {
      "question": 19,
      "target": "Phone Performance",
      "target_value": 110,
      "options": [
        "Phone RAM",
        "Phone Storage"
      ],
      "optionA": {
        "trial_id": "9",
        "task_id": "86",
        "values": "16.0, 1024.0",
        "target_value": 110
      },
      "optionB": {
        "trial_id": "14",
        "task_id": "86",
        "values": "64.0, 8192.0",
        "target_value": 140
      },
      "choice": {
        "button": "J",
        "selected_option": "OptionB"
      }
    },
    {
      "question": "attention_check_19",
      "choice": "F",
      "passed": true,
      "timestamp": 1756720806456
    },
    {
      "question": 20,
      "target": "Distance Traveled",
      "target_value": 305,
      "options": [
        "Speed",
        "Weight"
      ],
      "optionA": {
        "trial_id": "14",
        "task_id": "111",
        "values": "60.0, 1100.0",
        "target_value": 305
      },
      "optionB": {
        "trial_id": "13",
        "task_id": "111",
        "values": "70.0, 1200.0",
        "target_value": 310
      },
      "choice": {
        "button": "J",
        "selected_option": "OptionB"
      }
    },
    {
      "question": 21,
      "target": "Phone Performance",
      "target_value": 90,
      "options": [
        "Phone RAM",
        "Phone Storage"
      ],
      "optionA": {
        "trial_id": "4",
        "task_id": "86",
        "values": "8.0, 256.0",
        "target_value": 90
      },
      "optionB": {
        "trial_id": "16",
        "task_id": "86",
        "values": "128.0, 16384.0",
        "target_value": 150
      },
      "choice": {
        "button": "F",
        "selected_option": "OptionA"
      }
    },
    {
      "question": 22,
      "target": "Value Score",
      "target_value": 70,
      "options": [
        "Price ($)",
        "Size (GB)"
      ],
      "optionA": {
        "trial_id": "19",
        "task_id": "99",
        "values": "50.0, 128.0",
        "target_value": 70
      },
      "optionB": {
        "trial_id": "9",
        "task_id": "99",
        "values": "60.0, 128.0",
        "target_value": 75
      },
      "choice": {
        "button": "F",
        "selected_option": "OptionA"
      }
    },
    {
      "question": 23,
      "target": "Enjoyment",
      "target_value": 6,
      "options": [
        "Coffee price",
        "Coffee acidity"
      ],
      "optionA": {
        "trial_id": "1",
        "task_id": "101",
        "values": "3.0, 4.0",
        "target_value": 6
      },
      "optionB": {
        "trial_id": "14",
        "task_id": "101",
        "values": "3.0, 4.0",
        "target_value": 6
      },
      "choice": {
        "button": "F",
        "selected_option": "OptionA"
      }
    },
    {
      "question": 24,
      "target": "Brightness",
      "target_value": 700,
      "options": [
        "Phone Battery Capacity",
        "Screen Size"
      ],
      "optionA": {
        "trial_id": "3",
        "task_id": "37",
        "values": "4000.0, 6.0",
        "target_value": 700
      },
      "optionB": {
        "trial_id": "1",
        "task_id": "37",
        "values": "3000.0, 5.0",
        "target_value": 650
      },
      "choice": {
        "button": "F",
        "selected_option": "OptionA"
      }
    },
    {
      "question": 25,
      "target": "Plant Sunlight Needs",
      "target_value": 4,
      "options": [
        "Plant Height",
        "Plant Leaf Size"
      ],
      "optionA": {
        "trial_id": "6",
        "task_id": "2",
        "values": "110.0, 8.0",
        "target_value": 4
      },
      "optionB": {
        "trial_id": "9",
        "task_id": "2",
        "values": "130.0, 7.0",
        "target_value": 4
      },
      "choice": {
        "button": "J",
        "selected_option": "OptionB"
      }
    },
    {
      "question": 26,
      "target": "Battery Life (hours)",
      "target_value": 12,
      "options": [
        "Phone Weight (g)",
        "Battery Capacity (mAh)"
      ],
      "optionA": {
        "trial_id": "7",
        "task_id": "30",
        "values": "190.0, 5000.0",
        "target_value": 12
      },
      "optionB": {
        "trial_id": "10",
        "task_id": "30",
        "values": "150.0, 3800.0",
        "target_value": 10
      },
      "choice": {
        "button": "F",
        "selected_option": "OptionA"
      }
    },
    {
      "question": 27,
      "target": "Taste Rating (1-10)",
      "target_value": 7,
      "options": [
        "Time Spent Cooking (min)",
        "Number of Ingredients"
      ],
      "optionA": {
        "trial_id": "4",
        "task_id": "93",
        "values": "25.0, 5.0",
        "target_value": 7
      },
      "optionB": {
        "trial_id": "9",
        "task_id": "93",
        "values": "35.0, 5.0",
        "target_value": 7
      },
      "choice": {
        "button": "F",
        "selected_option": "OptionA"
      }
    },
    {
      "question": 28,
      "target": "Phone Performance",
      "target_value": 100,
      "options": [
        "Phone RAM",
        "Phone Storage"
      ],
      "optionA": {
        "trial_id": "6",
        "task_id": "86",
        "values": "12.0, 512.0",
        "target_value": 100
      },
      "optionB": {
        "trial_id": "7",
        "task_id": "86",
        "values": "12.0, 512.0",
        "target_value": 100
      },
      "choice": {
        "button": "J",
        "selected_option": "OptionB"
      }
    },
    {
      "question": 29,
      "target": "Enjoyment Score",
      "target_value": 9,
      "options": [
        "Book Length (pages)",
        "Author Fame (1-10)"
      ],
      "optionA": {
        "trial_id": "16",
        "task_id": "29",
        "values": "450.0, 9.0",
        "target_value": 9
      },
      "optionB": {
        "trial_id": "10",
        "task_id": "29",
        "values": "300.0, 6.0",
        "target_value": 7.5
      },
      "choice": {
        "button": "F",
        "selected_option": "OptionA"
      }
    },
    {
      "question": "attention_check_29",
      "choice": "F",
      "passed": false,
      "timestamp": 1756720873240
    },
    {
      "question": 30,
      "target": "Energy Level",
      "target_value": 8,
      "options": [
        "Dog Size",
        "Exercise Needs"
      ],
      "optionA": {
        "trial_id": "18",
        "task_id": "88",
        "values": "40.0, 7.0",
        "target_value": 8
      },
      "optionB": {
        "trial_id": "6",
        "task_id": "88",
        "values": "45.0, 9.0",
        "target_value": 9
      },
      "choice": {
        "button": "J",
        "selected_option": "OptionB"
      }
    },
    {
      "question": 31,
      "target": "Taste Rating (1-10)",
      "target_value": 7,
      "options": [
        "Time Spent Cooking (min)",
        "Number of Ingredients"
      ],
      "optionA": {
        "trial_id": "18",
        "task_id": "93",
        "values": "45.0, 5.0",
        "target_value": 7
      },
      "optionB": {
        "trial_id": "14",
        "task_id": "93",
        "values": "30.0, 6.0",
        "target_value": 7
      },
      "choice": {
        "button": "J",
        "selected_option": "OptionB"
      }
    },
    {
      "question": 32,
      "target": "Enjoyment",
      "target_value": 6.8,
      "options": [
        "Tea Strength",
        "Flavor Variety"
      ],
      "optionA": {
        "trial_id": "5",
        "task_id": "55",
        "values": "3.0, 2.0",
        "target_value": 6.8
      },
      "optionB": {
        "trial_id": "14",
        "task_id": "55",
        "values": "3.0, 6.0",
        "target_value": 7.4
      },
      "choice": {
        "button": "F",
        "selected_option": "OptionA"
      }
    },
    {
      "question": 33,
      "target": "Deliciousness",
      "target_value": 75,
      "options": [
        "Cooking time",
        "Ingredients count"
      ],
      "optionA": {
        "trial_id": "1",
        "task_id": "27",
        "values": "30.0, 5.0",
        "target_value": 75
      },
      "optionB": {
        "trial_id": "14",
        "task_id": "27",
        "values": "10.0, 5.0",
        "target_value": 65
      },
      "choice": {
        "button": "J",
        "selected_option": "OptionB"
      }
    },
    {
      "question": 34,
      "target": "Restaurant Popularity (on scale 1-10)",
      "target_value": 8,
      "options": [
        "Number of Reviews",
        "Average Rating (out of 5)"
      ],
      "optionA": {
        "trial_id": "17",
        "task_id": "19",
        "values": "200.0, 4.5",
        "target_value": 8
      },
      "optionB": {
        "trial_id": "19",
        "task_id": "19",
        "values": "220.0, 4.7",
        "target_value": 9
      },
      "choice": {
        "button": "J",
        "selected_option": "OptionB"
      }
    },
    {
      "question": 35,
      "target": "Doneness",
      "target_value": 80,
      "options": [
        "Cooking Time",
        "Size"
      ],
      "optionA": {
        "trial_id": "5",
        "task_id": "116",
        "values": "35.0, 240.0",
        "target_value": 80
      },
      "optionB": {
        "trial_id": "15",
        "task_id": "116",
        "values": "25.0, 180.0",
        "target_value": 65
      },
      "choice": {
        "button": "J",
        "selected_option": "OptionB"
      }
    },
    {
      "question": 36,
      "target": "Movie enjoyment",
      "target_value": 6,
      "options": [
        "Movie runtime",
        "Movie rating"
      ],
      "optionA": {
        "trial_id": "5",
        "task_id": "75",
        "values": "90.0, 6.5",
        "target_value": 6
      },
      "optionB": {
        "trial_id": "12",
        "task_id": "75",
        "values": "130.0, 8.0",
        "target_value": 8.5
      },
      "choice": {
        "button": "F",
        "selected_option": "OptionA"
      }
    },
    {
      "question": 37,
      "target": "House Price (thousands)",
      "target_value": 320,
      "options": [
        "House Size (m²)",
        "House Distance to City (km)"
      ],
      "optionA": {
        "trial_id": "9",
        "task_id": "79",
        "values": "130.0, 6.0",
        "target_value": 320
      },
      "optionB": {
        "trial_id": "11",
        "task_id": "79",
        "values": "110.0, 4.0",
        "target_value": 290
      },
      "choice": {
        "button": "F",
        "selected_option": "OptionA"
      }
    },
    {
      "question": 38,
      "target": "House Price ($1000s)",
      "target_value": 350,
      "options": [
        "Number of Rooms",
        "Square Feet"
      ],
      "optionA": {
        "trial_id": "8",
        "task_id": "77",
        "values": "5.0, 2100.0",
        "target_value": 350
      },
      "optionB": {
        "trial_id": "5",
        "task_id": "77",
        "values": "5.0, 2000.0",
        "target_value": 340
      },
      "choice": {
        "button": "F",
        "selected_option": "OptionA"
      }
    },
    {
      "question": 39,
      "target": "Cooking Time (min)",
      "target_value": 18,
      "options": [
        "Number of Ingredients",
        "Prep Time (min)"
      ],
      "optionA": {
        "trial_id": "7",
        "task_id": "48",
        "values": "3.0, 6.0",
        "target_value": 18
      },
      "optionB": {
        "trial_id": "15",
        "task_id": "48",
        "values": "6.0, 11.0",
        "target_value": 27
      },
      "choice": {
        "button": "F",
        "selected_option": "OptionA"
      }
    },
    {
      "question": "attention_check_39",
      "choice": "J",
      "passed": false,
      "timestamp": 1756720928138
    },
    {
      "question": 40,
      "target": "Physical strength",
      "target_value": 82,
      "options": [
        "Height (cm)",
        "Weight (kg)"
      ],
      "optionA": {
        "trial_id": "20",
        "task_id": "84",
        "values": "175.0, 85.0",
        "target_value": 82
      },
      "optionB": {
        "trial_id": "4",
        "task_id": "84",
        "values": "175.0, 60.0",
        "target_value": 68
      },
      "choice": {
        "button": "J",
        "selected_option": "OptionB"
      }
    },
    {
      "question": 41,
      "target": "Enjoyment Rating (1-10)",
      "target_value": 5,
      "options": [
        "Number of Pages",
        "Reading Time (minutes)"
      ],
      "optionA": {
        "trial_id": "12",
        "task_id": "10",
        "values": "320.0, 120.0",
        "target_value": 5
      },
      "optionB": {
        "trial_id": "6",
        "task_id": "10",
        "values": "300.0, 110.0",
        "target_value": 5
      },
      "choice": {
        "button": "J",
        "selected_option": "OptionB"
      }
    },
    {
      "question": 42,
      "target": "Flavor Strength",
      "target_value": 7,
      "options": [
        "Coffee Bean Size",
        "Bean Roast"
      ],
      "optionA": {
        "trial_id": "4",
        "task_id": "64",
        "values": "5.0, 2.0",
        "target_value": 7
      },
      "optionB": {
        "trial_id": "14",
        "task_id": "64",
        "values": "7.0, 4.0",
        "target_value": 9
      },
      "choice": {
        "button": "J",
        "selected_option": "OptionB"
      }
    },
    {
      "question": 43,
      "target": "Phone Battery Life",
      "target_value": 29,
      "options": [
        "Phone Battery Capacity",
        "Phone Weight"
      ],
      "optionA": {
        "trial_id": "10",
        "task_id": "108",
        "values": "3500.0, 195.0",
        "target_value": 29
      },
      "optionB": {
        "trial_id": "12",
        "task_id": "108",
        "values": "4000.0, 205.0",
        "target_value": 31
      },
      "choice": {
        "button": "J",
        "selected_option": "OptionB"
      }
    },
    {
      "question": 44,
      "target": "Comfort",
      "target_value": 80,
      "options": [
        "Shoe Weight",
        "Brand Reputation"
      ],
      "optionA": {
        "trial_id": "17",
        "task_id": "62",
        "values": "230.0, 6.0",
        "target_value": 80
      },
      "optionB": {
        "trial_id": "15",
        "task_id": "62",
        "values": "170.0, 3.0",
        "target_value": 65
      },
      "choice": {
        "button": "J",
        "selected_option": "OptionB"
      }
    },
    {
      "question": 45,
      "target": "Movie enjoyment",
      "target_value": 7,
      "options": [
        "Movie runtime",
        "Movie rating"
      ],
      "optionA": {
        "trial_id": "2",
        "task_id": "75",
        "values": "110.0, 7.0",
        "target_value": 7
      },
      "optionB": {
        "trial_id": "16",
        "task_id": "75",
        "values": "150.0, 8.5",
        "target_value": 9
      },
      "choice": {
        "button": "J",
        "selected_option": "OptionB"
      }
    },
    {
      "question": 46,
      "target": "Exercise Intensity",
      "target_value": 4.5,
      "options": [
        "Time to Walk (min)",
        "Number of Steps"
      ],
      "optionA": {
        "trial_id": "11",
        "task_id": "95",
        "values": "9.0, 900.0",
        "target_value": 4.5
      },
      "optionB": {
        "trial_id": "1",
        "task_id": "95",
        "values": "10.0, 1000.0",
        "target_value": 5
      },
      "choice": {
        "button": "J",
        "selected_option": "OptionB"
      }
    },
    {
      "question": 47,
      "target": "User satisfaction",
      "target_value": 6,
      "options": [
        "Screen size (inches)",
        "RAM (GB)"
      ],
      "optionA": {
        "trial_id": "1",
        "task_id": "119",
        "values": "10.0, 2.0",
        "target_value": 6
      },
      "optionB": {
        "trial_id": "16",
        "task_id": "119",
        "values": "26.0, 10.0",
        "target_value": 14
      },
      "choice": {
        "button": "J",
        "selected_option": "OptionB"
      }
    },
    {
      "question": 48,
      "target": "Durability Perception (1-10)",
      "target_value": 6,
      "options": [
        "Price ($)",
        "Warranty (years)"
      ],
      "optionA": {
        "trial_id": "5",
        "task_id": "8",
        "values": "180.0, 2.0",
        "target_value": 6
      },
      "optionB": {
        "trial_id": "7",
        "task_id": "8",
        "values": "220.0, 3.0",
        "target_value": 7
      },
      "choice": {
        "button": "J",
        "selected_option": "OptionB"
      }
    },
    {
      "question": 49,
      "target": "Enjoyment",
      "target_value": 13,
      "options": [
        "Taste rating",
        "Price"
      ],
      "optionA": {
        "trial_id": "17",
        "task_id": "26",
        "values": "8.0, 6.0",
        "target_value": 13
      },
      "optionB": {
        "trial_id": "17",
        "task_id": "26",
        "values": "8.0, 6.0",
        "target_value": 13
      },
      "choice": {
        "button": "F",
        "selected_option": "OptionA"
      }
    },
    {
      "question": 50,
      "target": "Comfort Score",
      "target_value": 9,
      "options": [
        "Price ($)",
        "Size (sqft)"
      ],
      "optionA": {
        "trial_id": "5",
        "task_id": "44",
        "values": "290000.0, 170.0",
        "target_value": 9
      },
      "optionB": {
        "trial_id": "6",
        "task_id": "44",
        "values": "300000.0, 160.0",
        "target_value": 8
      },
      "choice": {
        "button": "F",
        "selected_option": "OptionA"
      }
    }
  ]
}