{
  "prolific_id": "UNKNOWN",
  "condition_group": "direction",
  "responses": [
    {
      "question": 1,
      "target": "Restaurant Customer Satisfaction",
      "target_value": 8.5,
      "options": [
        "Restaurant Menu Size",
        "Restaurant Price Rating"
      ],
      "optionA": {
        "trial_id": "10",
        "task_id": "25",
        "values": "22.0, 4.6",
        "target_value": 8.5
      },
      "optionB": {
        "trial_id": "4",
        "task_id": "25",
        "values": "23.0, 4.6",
        "target_value": 8.5
      },
      "choice": {
        "button": "J",
        "selected_option": "OptionB"
      }
    },
    {
      "question": 2,
      "target": "Performance Score",
      "target_value": 69,
      "options": [
        "Phone RAM (GB)",
        "Battery Capacity (mAh)"
      ],
      "optionA": {
        "trial_id": "17",
        "task_id": "39",
        "values": "5.0, 2700.0",
        "target_value": 69
      },
      "optionB": {
        "trial_id": "3",
        "task_id": "39",
        "values": "6.0, 2500.0",
        "target_value": 72
      },
      "choice": {
        "button": "F",
        "selected_option": "OptionA"
      }
    },
    {
      "question": 3,
      "target": "Book Knowledge Content",
      "target_value": 4,
      "options": [
        "Book Page Count",
        "Book Reading Level"
      ],
      "optionA": {
        "trial_id": "19",
        "task_id": "1",
        "values": "270.0, 2.0",
        "target_value": 4
      },
      "optionB": {
        "trial_id": "10",
        "task_id": "1",
        "values": "330.0, 4.0",
        "target_value": 7
      },
      "choice": {
        "button": "J",
        "selected_option": "OptionB"
      }
    },
    {
      "question": 4,
      "target": "Book Knowledge Content",
      "target_value": 9,
      "options": [
        "Book Page Count",
        "Book Reading Level"
      ],
      "optionA": {
        "trial_id": "8",
        "task_id": "1",
        "values": "480.0, 5.0",
        "target_value": 9
      },
      "optionB": {
        "trial_id": "5",
        "task_id": "1",
        "values": "200.0, 2.0",
        "target_value": 5
      },
      "choice": {
        "button": "F",
        "selected_option": "OptionA"
      }
    },
    {
      "question": 5,
      "target": "House Price",
      "target_value": 410,
      "options": [
        "House Size",
        "Neighborhood Rating"
      ],
      "optionA": {
        "trial_id": "4",
        "task_id": "38",
        "values": "1800.0, 8.0",
        "target_value": 410
      },
      "optionB": {
        "trial_id": "20",
        "task_id": "38",
        "values": "2100.0, 8.0",
        "target_value": 430
      },
      "choice": {
        "button": "J",
        "selected_option": "OptionB"
      }
    },
    {
      "question": 6,
      "target": "Fuel Consumption (L/100km)",
      "target_value": 12,
      "options": [
        "Speed (km/h)",
        "Weight (kg)"
      ],
      "optionA": {
        "trial_id": "7",
        "task_id": "43",
        "values": "140.0, 1800.0",
        "target_value": 12
      },
      "optionB": {
        "trial_id": "2",
        "task_id": "43",
        "values": "100.0, 1400.0",
        "target_value": 8
      },
      "choice": {
        "button": "F",
        "selected_option": "OptionA"
      }
    },
    {
      "question": 7,
      "target": "Post reach",
      "target_value": 18000,
      "options": [
        "Number of followers",
        "Engagement rate (%)"
      ],
      "optionA": {
        "trial_id": "4",
        "task_id": "92",
        "values": "2500.0, 5.0",
        "target_value": 18000
      },
      "optionB": {
        "trial_id": "15",
        "task_id": "92",
        "values": "2800.0, 3.0",
        "target_value": 15000
      },
      "choice": {
        "button": "F",
        "selected_option": "OptionA"
      }
    },
    {
      "question": 8,
      "target": "Phone Performance",
      "target_value": 140,
      "options": [
        "Phone RAM",
        "Phone Storage"
      ],
      "optionA": {
        "trial_id": "15",
        "task_id": "86",
        "values": "64.0, 8192.0",
        "target_value": 140
      },
      "optionB": {
        "trial_id": "11",
        "task_id": "86",
        "values": "24.0, 2048.0",
        "target_value": 120
      },
      "choice": {
        "button": "F",
        "selected_option": "OptionA"
      }
    },
    {
      "question": 9,
      "target": "Deliciousness",
      "target_value": 60,
      "options": [
        "Cooking time",
        "Ingredients count"
      ],
      "optionA": {
        "trial_id": "13",
        "task_id": "27",
        "values": "15.0, 4.0",
        "target_value": 60
      },
      "optionB": {
        "trial_id": "11",
        "task_id": "27",
        "values": "50.0, 5.0",
        "target_value": 60
      },
      "choice": {
        "button": "J",
        "selected_option": "OptionB"
      }
    },
    {
      "question": "attention_check_9",
      "choice": "J",
      "passed": true,
      "timestamp": 1756154531303
    },
    {
      "question": 10,
      "target": "Performance",
      "target_value": 8.4,
      "options": [
        "Skill Level",
        "Practice Time"
      ],
      "optionA": {
        "trial_id": "20",
        "task_id": "100",
        "values": "5.0, 20.0",
        "target_value": 8.4
      },
      "optionB": {
        "trial_id": "5",
        "task_id": "100",
        "values": "8.0, 8.0",
        "target_value": 8.1
      },
      "choice": {
        "button": "J",
        "selected_option": "OptionB"
      }
    },
    {
      "question": 11,
      "target": "Plant Growth Rate",
      "target_value": 2.7,
      "options": [
        "Plant Height",
        "Plant Width"
      ],
      "optionA": {
        "trial_id": "9",
        "task_id": "104",
        "values": "1.6, 0.5",
        "target_value": 2.7
      },
      "optionB": {
        "trial_id": "10",
        "task_id": "104",
        "values": "1.4, 0.4",
        "target_value": 2.5
      },
      "choice": {
        "button": "F",
        "selected_option": "OptionA"
      }
    },
    {
      "question": 12,
      "target": "Performance",
      "target_value": 8.3,
      "options": [
        "Skill Level",
        "Practice Time"
      ],
      "optionA": {
        "trial_id": "6",
        "task_id": "100",
        "values": "7.0, 14.0",
        "target_value": 8.3
      },
      "optionB": {
        "trial_id": "6",
        "task_id": "100",
        "values": "7.0, 14.0",
        "target_value": 8.3
      },
      "choice": {
        "button": "J",
        "selected_option": "OptionB"
      }
    },
    {
      "question": 13,
      "target": "Engagement rate (%)",
      "target_value": 5.4,
      "options": [
        "Number of followers",
        "Post quality score"
      ],
      "optionA": {
        "trial_id": "9",
        "task_id": "71",
        "values": "9000.0, 7.0",
        "target_value": 5.4
      },
      "optionB": {
        "trial_id": "1",
        "task_id": "71",
        "values": "10000.0, 7.0",
        "target_value": 5.5
      },
      "choice": {
        "button": "J",
        "selected_option": "OptionB"
      }
    },
    {
      "question": 14,
      "target": "Book Rating",
      "target_value": 4.6,
      "options": [
        "Book Page Count",
        "Author Rating"
      ],
      "optionA": {
        "trial_id": "18",
        "task_id": "22",
        "values": "400.0, 4.7",
        "target_value": 4.6
      },
      "optionB": {
        "trial_id": "8",
        "task_id": "22",
        "values": "300.0, 4.9",
        "target_value": 4.8
      },
      "choice": {
        "button": "J",
        "selected_option": "OptionB"
      }
    },
    {
      "question": 15,
      "target": "Exercise Intensity",
      "target_value": 5.5,
      "options": [
        "Time to Walk (min)",
        "Number of Steps"
      ],
      "optionA": {
        "trial_id": "20",
        "task_id": "95",
        "values": "12.0, 1100.0",
        "target_value": 5.5
      },
      "optionB": {
        "trial_id": "11",
        "task_id": "95",
        "values": "9.0, 900.0",
        "target_value": 4.5
      },
      "choice": {
        "button": "F",
        "selected_option": "OptionA"
      }
    },
    {
      "question": 16,
      "target": "Comfort Score",
      "target_value": 8,
      "options": [
        "Price ($)",
        "Size (sqft)"
      ],
      "optionA": {
        "trial_id": "18",
        "task_id": "44",
        "values": "300000.0, 160.0",
        "target_value": 8
      },
      "optionB": {
        "trial_id": "8",
        "task_id": "44",
        "values": "320000.0, 170.0",
        "target_value": 8
      },
      "choice": {
        "button": "J",
        "selected_option": "OptionB"
      }
    },
    {
      "question": 17,
      "target": "Prep Time (min)",
      "target_value": 21,
      "options": [
        "Number of Ingredients",
        "Cooking Time (min)"
      ],
      "optionA": {
        "trial_id": "8",
        "task_id": "96",
        "values": "6.0, 30.0",
        "target_value": 21
      },
      "optionB": {
        "trial_id": "13",
        "task_id": "96",
        "values": "3.0, 18.0",
        "target_value": 13
      },
      "choice": {
        "button": "F",
        "selected_option": "OptionA"
      }
    },
    {
      "question": 18,
      "target": "Fun Score",
      "target_value": 7,
      "options": [
        "Number of Players",
        "Game Length (min)"
      ],
      "optionA": {
        "trial_id": "14",
        "task_id": "98",
        "values": "6.0, 60.0",
        "target_value": 7
      },
      "optionB": {
        "trial_id": "8",
        "task_id": "98",
        "values": "5.0, 50.0",
        "target_value": 7
      },
      "choice": {
        "button": "J",
        "selected_option": "OptionB"
      }
    },
    {
      "question": 19,
      "target": "Quality",
      "target_value": 80,
      "options": [
        "Price",
        "Size"
      ],
      "optionA": {
        "trial_id": "2",
        "task_id": "110",
        "values": "150.0, 8.0",
        "target_value": 80
      },
      "optionB": {
        "trial_id": "1",
        "task_id": "110",
        "values": "100.0, 10.0",
        "target_value": 70
      },
      "choice": {
        "button": "F",
        "selected_option": "OptionA"
      }
    },
    {
      "question": "attention_check_19",
      "choice": "F",
      "passed": true,
      "timestamp": 1756154628215
    },
    {
      "question": 20,
      "target": "Enjoyment",
      "target_value": 6.5,
      "options": [
        "Tea Strength",
        "Flavor Variety"
      ],
      "optionA": {
        "trial_id": "9",
        "task_id": "55",
        "values": "2.0, 3.0",
        "target_value": 6.5
      },
      "optionB": {
        "trial_id": "8",
        "task_id": "55",
        "values": "5.0, 4.0",
        "target_value": 7.6
      },
      "choice": {
        "button": "J",
        "selected_option": "OptionB"
      }
    },
    {
      "question": 21,
      "target": "Energy Level",
      "target_value": 9,
      "options": [
        "Dog Size",
        "Exercise Needs"
      ],
      "optionA": {
        "trial_id": "1",
        "task_id": "88",
        "values": "50.0, 8.0",
        "target_value": 9
      },
      "optionB": {
        "trial_id": "8",
        "task_id": "88",
        "values": "40.0, 8.0",
        "target_value": 8
      },
      "choice": {
        "button": "F",
        "selected_option": "OptionA"
      }
    },
    {
      "question": 22,
      "target": "Fun Level",
      "target_value": 7,
      "options": [
        "Number of Players",
        "Game Duration (minutes)"
      ],
      "optionA": {
        "trial_id": "13",
        "task_id": "13",
        "values": "4.0, 55.0",
        "target_value": 7
      },
      "optionB": {
        "trial_id": "2",
        "task_id": "13",
        "values": "6.0, 50.0",
        "target_value": 8
      },
      "choice": {
        "button": "J",
        "selected_option": "OptionB"
      }
    },
    {
      "question": 23,
      "target": "Natural Light",
      "target_value": 9,
      "options": [
        "Room Size",
        "Number of Windows"
      ],
      "optionA": {
        "trial_id": "15",
        "task_id": "53",
        "values": "260.0, 5.0",
        "target_value": 9
      },
      "optionB": {
        "trial_id": "9",
        "task_id": "53",
        "values": "250.0, 4.0",
        "target_value": 8
      },
      "choice": {
        "button": "F",
        "selected_option": "OptionA"
      }
    },
    {
      "question": 24,
      "target": "Fuel Consumption (L)",
      "target_value": 1000,
      "options": [
        "Flight Duration (hours)",
        "Distance (km)"
      ],
      "optionA": {
        "trial_id": "1",
        "task_id": "33",
        "values": "4.0, 1000.0",
        "target_value": 1000
      },
      "optionB": {
        "trial_id": "9",
        "task_id": "33",
        "values": "3.5, 875.0",
        "target_value": 875
      },
      "choice": {
        "button": "F",
        "selected_option": "OptionA"
      }
    },
    {
      "question": 25,
      "target": "Performance Rating",
      "target_value": 9.5,
      "options": [
        "Computer Weight (kg)",
        "RAM (GB)"
      ],
      "optionA": {
        "trial_id": "15",
        "task_id": "34",
        "values": "1.9, 18.0",
        "target_value": 9.5
      },
      "optionB": {
        "trial_id": "3",
        "task_id": "34",
        "values": "1.8, 12.0",
        "target_value": 8
      },
      "choice": {
        "button": "F",
        "selected_option": "OptionA"
      }
    },
    {
      "question": 26,
      "target": "House Price ($1000s)",
      "target_value": 270,
      "options": [
        "Number of Rooms",
        "Square Feet"
      ],
      "optionA": {
        "trial_id": "16",
        "task_id": "77",
        "values": "4.0, 1700.0",
        "target_value": 270
      },
      "optionB": {
        "trial_id": "18",
        "task_id": "77",
        "values": "4.0, 2000.0",
        "target_value": 320
      },
      "choice": {
        "button": "J",
        "selected_option": "OptionB"
      }
    },
    {
      "question": 27,
      "target": "App Popularity",
      "target_value": 75,
      "options": [
        "App User Ratings (1-5)",
        "Number of Reviews"
      ],
      "optionA": {
        "trial_id": "12",
        "task_id": "42",
        "values": "5.0, 120.0",
        "target_value": 75
      },
      "optionB": {
        "trial_id": "14",
        "task_id": "42",
        "values": "4.0, 100.0",
        "target_value": 65
      },
      "choice": {
        "button": "F",
        "selected_option": "OptionA"
      }
    },
    {
      "question": 28,
      "target": "Photo Quality",
      "target_value": 6,
      "options": [
        "Phone Price",
        "Phone Camera Megapixels"
      ],
      "optionA": {
        "trial_id": "7",
        "task_id": "5",
        "values": "400.0, 8.0",
        "target_value": 6
      },
      "optionB": {
        "trial_id": "8",
        "task_id": "5",
        "values": "420.0, 10.0",
        "target_value": 7
      },
      "choice": {
        "button": "J",
        "selected_option": "OptionB"
      }
    },
    {
      "question": 29,
      "target": "Distance Traveled",
      "target_value": 300,
      "options": [
        "Speed",
        "Weight"
      ],
      "optionA": {
        "trial_id": "11",
        "task_id": "111",
        "values": "60.0, 1000.0",
        "target_value": 300
      },
      "optionB": {
        "trial_id": "20",
        "task_id": "111",
        "values": "70.0, 1400.0",
        "target_value": 335
      },
      "choice": {
        "button": "J",
        "selected_option": "OptionB"
      }
    },
    {
      "question": "attention_check_29",
      "choice": "J",
      "passed": true,
      "timestamp": 1756154693022
    },
    {
      "question": 30,
      "target": "Exam Score",
      "target_value": 76,
      "options": [
        "Student Study Time (hours)",
        "Class Attendance (%)"
      ],
      "optionA": {
        "trial_id": "19",
        "task_id": "40",
        "values": "5.0, 90.0",
        "target_value": 76
      },
      "optionB": {
        "trial_id": "15",
        "task_id": "40",
        "values": "4.0, 95.0",
        "target_value": 78
      },
      "choice": {
        "button": "J",
        "selected_option": "OptionB"
      }
    },
    {
      "question": 31,
      "target": "Enjoyment Rating (1-10)",
      "target_value": 7,
      "options": [
        "Number of Pages",
        "Reading Time (minutes)"
      ],
      "optionA": {
        "trial_id": "7",
        "task_id": "10",
        "values": "350.0, 140.0",
        "target_value": 7
      },
      "optionB": {
        "trial_id": "13",
        "task_id": "10",
        "values": "320.0, 130.0",
        "target_value": 7
      },
      "choice": {
        "button": "F",
        "selected_option": "OptionA"
      }
    },
    {
      "question": 32,
      "target": "Exam Score (out of 100)",
      "target_value": 80,
      "options": [
        "Study Time (hours)",
        "Previous GPA"
      ],
      "optionA": {
        "trial_id": "13",
        "task_id": "18",
        "values": "9.0, 3.5",
        "target_value": 80
      },
      "optionB": {
        "trial_id": "12",
        "task_id": "18",
        "values": "7.0, 3.0",
        "target_value": 70
      },
      "choice": {
        "button": "F",
        "selected_option": "OptionA"
      }
    },
    {
      "question": 33,
      "target": "Battery life hours",
      "target_value": 10,
      "options": [
        "Phone battery capacity",
        "Phone weight"
      ],
      "optionA": {
        "trial_id": "3",
        "task_id": "73",
        "values": "2500.0, 170.0",
        "target_value": 10
      },
      "optionB": {
        "trial_id": "4",
        "task_id": "73",
        "values": "3500.0, 190.0",
        "target_value": 13
      },
      "choice": {
        "button": "J",
        "selected_option": "OptionB"
      }
    },
    {
      "question": 34,
      "target": "Fun Score",
      "target_value": 7,
      "options": [
        "Number of Players",
        "Game Length (min)"
      ],
      "optionA": {
        "trial_id": "4",
        "task_id": "98",
        "values": "4.0, 45.0",
        "target_value": 7
      },
      "optionB": {
        "trial_id": "20",
        "task_id": "98",
        "values": "4.0, 40.0",
        "target_value": 5
      },
      "choice": {
        "button": "F",
        "selected_option": "OptionA"
      }
    },
    {
      "question": 35,
      "target": "Enjoyment Rating (1-10)",
      "target_value": 6,
      "options": [
        "Number of Pages",
        "Reading Time (minutes)"
      ],
      "optionA": {
        "trial_id": "10",
        "task_id": "10",
        "values": "380.0, 140.0",
        "target_value": 6
      },
      "optionB": {
        "trial_id": "16",
        "task_id": "10",
        "values": "370.0, 135.0",
        "target_value": 6
      },
      "choice": {
        "button": "F",
        "selected_option": "OptionA"
      }
    },
    {
      "question": 36,
      "target": "Natural Light (on scale 1-10)",
      "target_value": 7,
      "options": [
        "Room Area (m2)",
        "Number of Windows"
      ],
      "optionA": {
        "trial_id": "1",
        "task_id": "15",
        "values": "20.0, 3.0",
        "target_value": 7
      },
      "optionB": {
        "trial_id": "15",
        "task_id": "15",
        "values": "20.0, 3.0",
        "target_value": 7
      },
      "choice": {
        "button": "J",
        "selected_option": "OptionB"
      }
    },
    {
      "question": 37,
      "target": "Comfort",
      "target_value": 60,
      "options": [
        "Shoe Weight",
        "Brand Reputation"
      ],
      "optionA": {
        "trial_id": "19",
        "task_id": "62",
        "values": "150.0, 2.0",
        "target_value": 60
      },
      "optionB": {
        "trial_id": "18",
        "task_id": "62",
        "values": "240.0, 7.0",
        "target_value": 85
      },
      "choice": {
        "button": "J",
        "selected_option": "OptionB"
      }
    },
    {
      "question": 38,
      "target": "Training Difficulty (1-10)",
      "target_value": 5,
      "options": [
        "Dog Size",
        "Dog Energy Level"
      ],
      "optionA": {
        "trial_id": "9",
        "task_id": "82",
        "values": "55.0, 6.0",
        "target_value": 5
      },
      "optionB": {
        "trial_id": "16",
        "task_id": "82",
        "values": "70.0, 9.0",
        "target_value": 8
      },
      "choice": {
        "button": "J",
        "selected_option": "OptionB"
      }
    },
    {
      "question": 39,
      "target": "Warmth Rating",
      "target_value": 4.8,
      "options": [
        "Shirt Weight (g)",
        "Fabric Thickness (mm)"
      ],
      "optionA": {
        "trial_id": "12",
        "task_id": "31",
        "values": "190.0, 1.7",
        "target_value": 4.8
      },
      "optionB": {
        "trial_id": "16",
        "task_id": "31",
        "values": "210.0, 1.9",
        "target_value": 5.3
      },
      "choice": {
        "button": "J",
        "selected_option": "OptionB"
      }
    },
    {
      "question": "attention_check_39",
      "choice": "F",
      "passed": true,
      "timestamp": 1756154737711
    },
    {
      "question": 40,
      "target": "Exercise Intensity",
      "target_value": 4,
      "options": [
        "Time to Walk (min)",
        "Number of Steps"
      ],
      "optionA": {
        "trial_id": "8",
        "task_id": "95",
        "values": "8.0, 800.0",
        "target_value": 4
      },
      "optionB": {
        "trial_id": "3",
        "task_id": "95",
        "values": "8.0, 800.0",
        "target_value": 4
      },
      "choice": {
        "button": "F",
        "selected_option": "OptionA"
      }
    },
    {
      "question": 41,
      "target": "Battery life",
      "target_value": 12,
      "options": [
        "Phone battery",
        "Screen size"
      ],
      "optionA": {
        "trial_id": "6",
        "task_id": "69",
        "values": "3000.0, 5.0",
        "target_value": 12
      },
      "optionB": {
        "trial_id": "6",
        "task_id": "69",
        "values": "3000.0, 5.0",
        "target_value": 12
      },
      "choice": {
        "button": "J",
        "selected_option": "OptionB"
      }
    },
    {
      "question": 42,
      "target": "Muscle gain",
      "target_value": 1.3,
      "options": [
        "Minutes of exercise",
        "Protein intake"
      ],
      "optionA": {
        "trial_id": "12",
        "task_id": "59",
        "values": "35.0, 20.0",
        "target_value": 1.3
      },
      "optionB": {
        "trial_id": "19",
        "task_id": "59",
        "values": "45.0, 25.0",
        "target_value": 1.5
      },
      "choice": {
        "button": "J",
        "selected_option": "OptionB"
      }
    },
    {
      "question": 43,
      "target": "Fuel Consumption (L/100km)",
      "target_value": 11,
      "options": [
        "Engine Size (cc)",
        "Weight (kg)"
      ],
      "optionA": {
        "trial_id": "11",
        "task_id": "11",
        "values": "2500.0, 1600.0",
        "target_value": 11
      },
      "optionB": {
        "trial_id": "16",
        "task_id": "11",
        "values": "2200.0, 1300.0",
        "target_value": 8
      },
      "choice": {
        "button": "F",
        "selected_option": "OptionA"
      }
    },
    {
      "question": 44,
      "target": "Dog Energy Level",
      "target_value": 10,
      "options": [
        "Dog Weight",
        "Dog Activity Level"
      ],
      "optionA": {
        "trial_id": "5",
        "task_id": "105",
        "values": "35.0, 7.0",
        "target_value": 10
      },
      "optionB": {
        "trial_id": "18",
        "task_id": "105",
        "values": "22.0, 4.0",
        "target_value": 7
      },
      "choice": {
        "button": "F",
        "selected_option": "OptionA"
      }
    },
    {
      "question": 45,
      "target": "Physical strength",
      "target_value": 88,
      "options": [
        "Height (cm)",
        "Weight (kg)"
      ],
      "optionA": {
        "trial_id": "6",
        "task_id": "84",
        "values": "185.0, 90.0",
        "target_value": 88
      },
      "optionB": {
        "trial_id": "3",
        "task_id": "84",
        "values": "160.0, 65.0",
        "target_value": 65
      },
      "choice": {
        "button": "F",
        "selected_option": "OptionA"
      }
    },
    {
      "question": 46,
      "target": "Physical strength",
      "target_value": 70,
      "options": [
        "Height (cm)",
        "Weight (kg)"
      ],
      "optionA": {
        "trial_id": "10",
        "task_id": "84",
        "values": "160.0, 75.0",
        "target_value": 70
      },
      "optionB": {
        "trial_id": "3",
        "task_id": "84",
        "values": "160.0, 65.0",
        "target_value": 65
      },
      "choice": {
        "button": "J",
        "selected_option": "OptionB"
      }
    },
    {
      "question": 47,
      "target": "Taste Rating",
      "target_value": 5,
      "options": [
        "Number of Ingredients",
        "Cooking Time (minutes)"
      ],
      "optionA": {
        "trial_id": "7",
        "task_id": "14",
        "values": "3.0, 15.0",
        "target_value": 5
      },
      "optionB": {
        "trial_id": "7",
        "task_id": "14",
        "values": "3.0, 15.0",
        "target_value": 5
      },
      "choice": {
        "button": "F",
        "selected_option": "OptionA"
      }
    },
    {
      "question": 48,
      "target": "Speed",
      "target_value": 165,
      "options": [
        "Car Engine Size",
        "Horsepower"
      ],
      "optionA": {
        "trial_id": "6",
        "task_id": "61",
        "values": "3.2, 190.0",
        "target_value": 165
      },
      "optionB": {
        "trial_id": "9",
        "task_id": "61",
        "values": "2.2, 170.0",
        "target_value": 135
      },
      "choice": {
        "button": "J",
        "selected_option": "OptionB"
      }
    },
    {
      "question": 49,
      "target": "Room Size",
      "target_value": 42,
      "options": [
        "Room Width",
        "Room Length"
      ],
      "optionA": {
        "trial_id": "6",
        "task_id": "109",
        "values": "6.0, 7.0",
        "target_value": 42
      },
      "optionB": {
        "trial_id": "2",
        "task_id": "109",
        "values": "4.0, 5.0",
        "target_value": 20
      },
      "choice": {
        "button": "F",
        "selected_option": "OptionA"
      }
    },
    {
      "question": 50,
      "target": "Reading time",
      "target_value": 6,
      "options": [
        "Book pages",
        "Book chapters"
      ],
      "optionA": {
        "trial_id": "1",
        "task_id": "72",
        "values": "300.0, 15.0",
        "target_value": 6
      },
      "optionB": {
        "trial_id": "16",
        "task_id": "72",
        "values": "250.0, 10.0",
        "target_value": 4
      },
      "choice": {
        "button": "F",
        "selected_option": "OptionA"
      }
    }
  ]
}