{
  "prolific_id": "UNKNOWN",
  "condition_group": "ranking",
  "responses": [
    {
      "question": 1,
      "target": "Engagement rate (%)",
      "target_value": 5,
      "options": [
        "Number of followers (count)",
        "Time posted (hours ago)"
      ],
      "optionA": {
        "trial_id": "9",
        "task_id": "98",
        "values": "1100.0, 4",
        "target_value": 5
      },
      "optionB": {
        "trial_id": "3",
        "task_id": "98",
        "values": "1200.0, 1",
        "target_value": 6
      },
      "choice": {
        "button": "F",
        "selected_option": "OptionA"
      }
    },
    {
      "question": 2,
      "target": "Value for Money",
      "target_value": 40,
      "options": [
        "Price",
        "Weight"
      ],
      "optionA": {
        "trial_id": "20",
        "task_id": "20",
        "values": "85.0, 2.6",
        "target_value": 40
      },
      "optionB": {
        "trial_id": "19",
        "task_id": "20",
        "values": "95.0, 2.4",
        "target_value": 41
      },
      "choice": {
        "button": "F",
        "selected_option": "OptionA"
      }
    },
    {
      "question": 3,
      "target": "BMI",
      "target_value": 28.7,
      "options": [
        "Height (inches)",
        "Weight (lbs)"
      ],
      "optionA": {
        "trial_id": "4",
        "task_id": "158",
        "values": "63.0, 140.0",
        "target_value": 28.7
      },
      "optionB": {
        "trial_id": "20",
        "task_id": "158",
        "values": "67.0, 190.0",
        "target_value": 31.3
      },
      "choice": {
        "button": "J",
        "selected_option": "OptionB"
      }
    },
    {
      "question": 4,
      "target": "Weight Loss (lbs)",
      "target_value": 5,
      "options": [
        "Exercise Minutes",
        "Diet Score (1-10)"
      ],
      "optionA": {
        "trial_id": "6",
        "task_id": "112",
        "values": "60.0, 9",
        "target_value": 5
      },
      "optionB": {
        "trial_id": "11",
        "task_id": "112",
        "values": "80.0, 9",
        "target_value": 7
      },
      "choice": {
        "button": "J",
        "selected_option": "OptionB"
      }
    },
    {
      "question": 5,
      "target": "Taste rating (1-10)",
      "target_value": 4,
      "options": [
        "Number of ingredients (count)",
        "Prep time (minutes)"
      ],
      "optionA": {
        "trial_id": "19",
        "task_id": "97",
        "values": "8.0, 45",
        "target_value": 4
      },
      "optionB": {
        "trial_id": "15",
        "task_id": "97",
        "values": "14.0, 20",
        "target_value": 5
      },
      "choice": {
        "button": "F",
        "selected_option": "OptionA"
      }
    },
    {
      "question": 6,
      "target": "Amount of natural light (lux)",
      "target_value": 1700,
      "options": [
        "Room size (sq ft)",
        "Number of windows"
      ],
      "optionA": {
        "trial_id": "17",
        "task_id": "94",
        "values": "260.0, 3",
        "target_value": 1700
      },
      "optionB": {
        "trial_id": "20",
        "task_id": "94",
        "values": "230.0, 4",
        "target_value": 1550
      },
      "choice": {
        "button": "J",
        "selected_option": "OptionB"
      }
    },
    {
      "question": 7,
      "target": "User Satisfaction",
      "target_value": 8.9,
      "options": [
        "Smartphone Price",
        "Battery Capacity"
      ],
      "optionA": {
        "trial_id": "9",
        "task_id": "31",
        "values": "450.0, 3500.0",
        "target_value": 8.9
      },
      "optionB": {
        "trial_id": "13",
        "task_id": "31",
        "values": "500.0, 4000.0",
        "target_value": 8.7
      },
      "choice": {
        "button": "J",
        "selected_option": "OptionB"
      }
    },
    {
      "question": 8,
      "target": "Muscle gain",
      "target_value": 65,
      "options": [
        "Exercise intensity",
        "Water intake"
      ],
      "optionA": {
        "trial_id": "2",
        "task_id": "86",
        "values": "8.0, 3",
        "target_value": 65
      },
      "optionB": {
        "trial_id": "8",
        "task_id": "86",
        "values": "9.0, 3",
        "target_value": 80
      },
      "choice": {
        "button": "J",
        "selected_option": "OptionB"
      }
    },
    {
      "question": 9,
      "target": "Shade Area (sq ft)",
      "target_value": 180,
      "options": [
        "Tree Height (ft)",
        "Tree Diameter (in)"
      ],
      "optionA": {
        "trial_id": "5",
        "task_id": "33",
        "values": "60.0, 6.0",
        "target_value": 180
      },
      "optionB": {
        "trial_id": "5",
        "task_id": "33",
        "values": "60.0, 6.0",
        "target_value": 180
      },
      "choice": {
        "button": "J",
        "selected_option": "OptionB"
      }
    },
    {
      "question": "attention_check_9",
      "choice": "J",
      "passed": true,
      "timestamp": 1756720684592
    },
    {
      "question": 10,
      "target": "Fuel Efficiency",
      "target_value": 26,
      "options": [
        "Car Engine Size",
        "Car Weight"
      ],
      "optionA": {
        "trial_id": "8",
        "task_id": "168",
        "values": "2.0, 3800",
        "target_value": 26
      },
      "optionB": {
        "trial_id": "7",
        "task_id": "105",
        "values": "1.4, 1300",
        "target_value": 25
      },
      "choice": {
        "button": "J",
        "selected_option": "OptionB"
      }
    },
    {
      "question": 11,
      "target": "Fuel efficiency (km/l)",
      "target_value": 14,
      "options": [
        "Engine size (cc)",
        "Weight (kg)"
      ],
      "optionA": {
        "trial_id": "16",
        "task_id": "51",
        "values": "1550.0, 1250",
        "target_value": 14
      },
      "optionB": {
        "trial_id": "20",
        "task_id": "51",
        "values": "1650.0, 1280",
        "target_value": 13
      },
      "choice": {
        "button": "F",
        "selected_option": "OptionA"
      }
    },
    {
      "question": 12,
      "target": "Fatigue (1-10)",
      "target_value": 3,
      "options": [
        "Exercise Duration (min)",
        "Rest Time (min)"
      ],
      "optionA": {
        "trial_id": "11",
        "task_id": "2",
        "values": "20.0, 5",
        "target_value": 3
      },
      "optionB": {
        "trial_id": "16",
        "task_id": "2",
        "values": "40.0, 10",
        "target_value": 5
      },
      "choice": {
        "button": "J",
        "selected_option": "OptionB"
      }
    },
    {
      "question": 13,
      "target": "Reading Enjoyment",
      "target_value": 11,
      "options": [
        "Book Length",
        "Author Fame"
      ],
      "optionA": {
        "trial_id": "8",
        "task_id": "131",
        "values": "700.0, 4.0",
        "target_value": 11
      },
      "optionB": {
        "trial_id": "5",
        "task_id": "131",
        "values": "500.0, 6.0",
        "target_value": 9
      },
      "choice": {
        "button": "J",
        "selected_option": "OptionB"
      }
    },
    {
      "question": 14,
      "target": "Battery life",
      "target_value": 12,
      "options": [
        "Battery capacity",
        "Weight"
      ],
      "optionA": {
        "trial_id": "1",
        "task_id": "75",
        "values": "5000.0, 200",
        "target_value": 12
      },
      "optionB": {
        "trial_id": "19",
        "task_id": "75",
        "values": "6000.0, 270",
        "target_value": 14
      },
      "choice": {
        "button": "J",
        "selected_option": "OptionB"
      }
    },
    {
      "question": 15,
      "target": "Test Score",
      "target_value": 73,
      "options": [
        "Student Study Time",
        "Student Distractions"
      ],
      "optionA": {
        "trial_id": "13",
        "task_id": "72",
        "values": "2.0, 5.0",
        "target_value": 73
      },
      "optionB": {
        "trial_id": "12",
        "task_id": "72",
        "values": "5.0, 10.0",
        "target_value": 65
      },
      "choice": {
        "button": "F",
        "selected_option": "OptionA"
      }
    },
    {
      "question": 16,
      "target": "Comfort (1-10)",
      "target_value": 8,
      "options": [
        "Shoe Width (cm)",
        "Arch Support (1-10)"
      ],
      "optionA": {
        "trial_id": "14",
        "task_id": "7",
        "values": "9.0, 7",
        "target_value": 8
      },
      "optionB": {
        "trial_id": "1",
        "task_id": "7",
        "values": "9.0, 6",
        "target_value": 8
      },
      "choice": {
        "button": "F",
        "selected_option": "OptionA"
      }
    },
    {
      "question": 17,
      "target": "Comfort",
      "target_value": 6,
      "options": [
        "Age",
        "Size"
      ],
      "optionA": {
        "trial_id": "14",
        "task_id": "66",
        "values": "8.0, 20",
        "target_value": 6
      },
      "optionB": {
        "trial_id": "3",
        "task_id": "66",
        "values": "3.0, 25",
        "target_value": 8
      },
      "choice": {
        "button": "J",
        "selected_option": "OptionB"
      }
    },
    {
      "question": 18,
      "target": "BMI",
      "target_value": 25.95,
      "options": [
        "Height",
        "Weight"
      ],
      "optionA": {
        "trial_id": "2",
        "task_id": "17",
        "values": "170.0, 75",
        "target_value": 25.95
      },
      "optionB": {
        "trial_id": "4",
        "task_id": "17",
        "values": "165.0, 70",
        "target_value": 25.7
      },
      "choice": {
        "button": "F",
        "selected_option": "OptionA"
      }
    },
    {
      "question": 19,
      "target": "Post reach (people)",
      "target_value": 4500,
      "options": [
        "Number of likes (count)",
        "Time posted (hours ago)"
      ],
      "optionA": {
        "trial_id": "12",
        "task_id": "93",
        "values": "900.0, 6",
        "target_value": 4500
      },
      "optionB": {
        "trial_id": "11",
        "task_id": "93",
        "values": "1300.0, 2",
        "target_value": 6500
      },
      "choice": {
        "button": "J",
        "selected_option": "OptionB"
      }
    },
    {
      "question": "attention_check_19",
      "choice": "F",
      "passed": true,
      "timestamp": 1756720792599
    },
    {
      "question": 20,
      "target": "Fuel consumption (liters per 100km)",
      "target_value": 7.6,
      "options": [
        "Car engine size (liters)",
        "Car weight (kg)"
      ],
      "optionA": {
        "trial_id": "18",
        "task_id": "113",
        "values": "2.0, 1400",
        "target_value": 7.6
      },
      "optionB": {
        "trial_id": "6",
        "task_id": "113",
        "values": "2.0, 1350",
        "target_value": 7.9
      },
      "choice": {
        "button": "J",
        "selected_option": "OptionB"
      }
    },
    {
      "question": 21,
      "target": "Rent (per month)",
      "target_value": 1200,
      "options": [
        "Distance from center (km)",
        "Size (m²)"
      ],
      "optionA": {
        "trial_id": "1",
        "task_id": "53",
        "values": "5.0, 50",
        "target_value": 1200
      },
      "optionB": {
        "trial_id": "7",
        "task_id": "53",
        "values": "2.0, 30",
        "target_value": 1400
      },
      "choice": {
        "button": "J",
        "selected_option": "OptionB"
      }
    },
    {
      "question": 22,
      "target": "Enjoyment",
      "target_value": 70,
      "options": [
        "Book pages",
        "Author fame"
      ],
      "optionA": {
        "trial_id": "1",
        "task_id": "84",
        "values": "300.0, 8",
        "target_value": 70
      },
      "optionB": {
        "trial_id": "15",
        "task_id": "84",
        "values": "350.0, 6",
        "target_value": 75
      },
      "choice": {
        "button": "J",
        "selected_option": "OptionB"
      }
    },
    {
      "question": 23,
      "target": "Phone price ($)",
      "target_value": 590,
      "options": [
        "Phone battery capacity (mAh)",
        "Phone screen size (inches)"
      ],
      "optionA": {
        "trial_id": "4",
        "task_id": "154",
        "values": "5200.0, 6.0",
        "target_value": 590
      },
      "optionB": {
        "trial_id": "11",
        "task_id": "154",
        "values": "3700.0, 6.3",
        "target_value": 540
      },
      "choice": {
        "button": "J",
        "selected_option": "OptionB"
      }
    },
    {
      "question": 24,
      "target": "Fuel efficiency (km/l)",
      "target_value": 16,
      "options": [
        "Engine size (cc)",
        "Weight (kg)"
      ],
      "optionA": {
        "trial_id": "14",
        "task_id": "51",
        "values": "1450.0, 1180",
        "target_value": 16
      },
      "optionB": {
        "trial_id": "4",
        "task_id": "51",
        "values": "1700.0, 1200",
        "target_value": 13
      },
      "choice": {
        "button": "F",
        "selected_option": "OptionA"
      }
    },
    {
      "question": 25,
      "target": "100m sprint time (s)",
      "target_value": 11.3,
      "options": [
        "Runner stride length (cm)",
        "Runner age (years)"
      ],
      "optionA": {
        "trial_id": "15",
        "task_id": "145",
        "values": "81.0, 23",
        "target_value": 11.3
      },
      "optionB": {
        "trial_id": "4",
        "task_id": "145",
        "values": "65.0, 32",
        "target_value": 12.5
      },
      "choice": {
        "button": "F",
        "selected_option": "OptionA"
      }
    },
    {
      "question": 26,
      "target": "Flower Size",
      "target_value": 4,
      "options": [
        "Plant Height",
        "Number of Leaves"
      ],
      "optionA": {
        "trial_id": "10",
        "task_id": "80",
        "values": "29.0, 13",
        "target_value": 4
      },
      "optionB": {
        "trial_id": "6",
        "task_id": "80",
        "values": "30.0, 10",
        "target_value": 5
      },
      "choice": {
        "button": "J",
        "selected_option": "OptionB"
      }
    },
    {
      "question": 27,
      "target": "Exam score",
      "target_value": 70,
      "options": [
        "Study hours",
        "Intelligence"
      ],
      "optionA": {
        "trial_id": "5",
        "task_id": "81",
        "values": "3.0, 90",
        "target_value": 70
      },
      "optionB": {
        "trial_id": "17",
        "task_id": "81",
        "values": "6.0, 70",
        "target_value": 90
      },
      "choice": {
        "button": "F",
        "selected_option": "OptionA"
      }
    },
    {
      "question": 28,
      "target": "Usage Time",
      "target_value": 12,
      "options": [
        "Battery Capacity",
        "Weight"
      ],
      "optionA": {
        "trial_id": "1",
        "task_id": "22",
        "values": "4000.0, 200.0",
        "target_value": 12
      },
      "optionB": {
        "trial_id": "6",
        "task_id": "22",
        "values": "3500.0, 230.0",
        "target_value": 11
      },
      "choice": {
        "button": "F",
        "selected_option": "OptionA"
      }
    },
    {
      "question": 29,
      "target": "Fuel efficiency (km/l)",
      "target_value": 15,
      "options": [
        "Engine size (cc)",
        "Weight (kg)"
      ],
      "optionA": {
        "trial_id": "10",
        "task_id": "51",
        "values": "1500.0, 1200",
        "target_value": 15
      },
      "optionB": {
        "trial_id": "9",
        "task_id": "51",
        "values": "1300.0, 1150",
        "target_value": 17
      },
      "choice": {
        "button": "J",
        "selected_option": "OptionB"
      }
    },
    {
      "question": "attention_check_29",
      "choice": "F",
      "passed": false,
      "timestamp": 1756720886204
    },
    {
      "question": 30,
      "target": "Plant Health",
      "target_value": 6,
      "options": [
        "Plant Height",
        "Water Amount"
      ],
      "optionA": {
        "trial_id": "2",
        "task_id": "169",
        "values": "30.0, 2",
        "target_value": 6
      },
      "optionB": {
        "trial_id": "15",
        "task_id": "169",
        "values": "100.0, 1",
        "target_value": 14
      },
      "choice": {
        "button": "J",
        "selected_option": "OptionB"
      }
    },
    {
      "question": 31,
      "target": "Exam Score",
      "target_value": 70,
      "options": [
        "Study Time",
        "Coffee Consumption"
      ],
      "optionA": {
        "trial_id": "5",
        "task_id": "14",
        "values": "3.0, 4",
        "target_value": 70
      },
      "optionB": {
        "trial_id": "9",
        "task_id": "14",
        "values": "4.0, 5",
        "target_value": 78
      },
      "choice": {
        "button": "F",
        "selected_option": "OptionA"
      }
    },
    {
      "question": 32,
      "target": "Popularity",
      "target_value": 70,
      "options": [
        "Book age",
        "Page count"
      ],
      "optionA": {
        "trial_id": "18",
        "task_id": "134",
        "values": "11.0, 480",
        "target_value": 70
      },
      "optionB": {
        "trial_id": "13",
        "task_id": "134",
        "values": "7.0, 360",
        "target_value": 80
      },
      "choice": {
        "button": "F",
        "selected_option": "OptionA"
      }
    },
    {
      "question": 33,
      "target": "Value for Money",
      "target_value": 30,
      "options": [
        "Price",
        "Weight"
      ],
      "optionA": {
        "trial_id": "5",
        "task_id": "20",
        "values": "150.0, 1.0",
        "target_value": 30
      },
      "optionB": {
        "trial_id": "8",
        "task_id": "20",
        "values": "100.0, 2.0",
        "target_value": 40
      },
      "choice": {
        "button": "J",
        "selected_option": "OptionB"
      }
    },
    {
      "question": 34,
      "target": "Project Success (%)",
      "target_value": 85,
      "options": [
        "Experience (years)",
        "Team Size"
      ],
      "optionA": {
        "trial_id": "2",
        "task_id": "110",
        "values": "6.0, 4",
        "target_value": 85
      },
      "optionB": {
        "trial_id": "5",
        "task_id": "110",
        "values": "7.0, 4",
        "target_value": 90
      },
      "choice": {
        "button": "J",
        "selected_option": "OptionB"
      }
    },
    {
      "question": 35,
      "target": "100m sprint time (s)",
      "target_value": 11.5,
      "options": [
        "Runner stride length (cm)",
        "Runner age (years)"
      ],
      "optionA": {
        "trial_id": "19",
        "task_id": "145",
        "values": "79.0, 24",
        "target_value": 11.5
      },
      "optionB": {
        "trial_id": "1",
        "task_id": "145",
        "values": "80.0, 25",
        "target_value": 11.5
      },
      "choice": {
        "button": "J",
        "selected_option": "OptionB"
      }
    },
    {
      "question": 36,
      "target": "Exam score",
      "target_value": 65,
      "options": [
        "Study hours",
        "Intelligence"
      ],
      "optionA": {
        "trial_id": "10",
        "task_id": "81",
        "values": "3.0, 90",
        "target_value": 65
      },
      "optionB": {
        "trial_id": "8",
        "task_id": "81",
        "values": "6.0, 65",
        "target_value": 93
      },
      "choice": {
        "button": "F",
        "selected_option": "OptionA"
      }
    },
    {
      "question": 37,
      "target": "Battery Life (hours)",
      "target_value": 9,
      "options": [
        "Phone Battery (mAh)",
        "Screen Brightness (%)"
      ],
      "optionA": {
        "trial_id": "18",
        "task_id": "5",
        "values": "4000.0, 70",
        "target_value": 9
      },
      "optionB": {
        "trial_id": "1",
        "task_id": "5",
        "values": "3000.0, 70",
        "target_value": 8
      },
      "choice": {
        "button": "F",
        "selected_option": "OptionA"
      }
    },
    {
      "question": 38,
      "target": "Cooking time (minutes)",
      "target_value": 20,
      "options": [
        "Number of ingredients",
        "Prep time (minutes)"
      ],
      "optionA": {
        "trial_id": "11",
        "task_id": "140",
        "values": "4.0, 15",
        "target_value": 20
      },
      "optionB": {
        "trial_id": "2",
        "task_id": "140",
        "values": "10.0, 5",
        "target_value": 30
      },
      "choice": {
        "button": "J",
        "selected_option": "OptionB"
      }
    },
    {
      "question": 39,
      "target": "Battery life",
      "target_value": 6,
      "options": [
        "Battery capacity",
        "Weight"
      ],
      "optionA": {
        "trial_id": "16",
        "task_id": "75",
        "values": "2000.0, 350",
        "target_value": 6
      },
      "optionB": {
        "trial_id": "7",
        "task_id": "75",
        "values": "7000.0, 240",
        "target_value": 16
      },
      "choice": {
        "button": "J",
        "selected_option": "OptionB"
      }
    },
    {
      "question": "attention_check_39",
      "choice": "F",
      "passed": true,
      "timestamp": 1756720968239
    },
    {
      "question": 40,
      "target": "Enjoyment (1-10)",
      "target_value": 6,
      "options": [
        "Book Thickness (cm)",
        "Author Fame (1-10)"
      ],
      "optionA": {
        "trial_id": "7",
        "task_id": "1",
        "values": "5.0, 2",
        "target_value": 6
      },
      "optionB": {
        "trial_id": "10",
        "task_id": "1",
        "values": "5.0, 6",
        "target_value": 8
      },
      "choice": {
        "button": "J",
        "selected_option": "OptionB"
      }
    },
    {
      "question": 41,
      "target": "Taste Rating",
      "target_value": 5.5,
      "options": [
        "Coffee Amount",
        "Sugar Amount"
      ],
      "optionA": {
        "trial_id": "16",
        "task_id": "18",
        "values": "3.0, 4",
        "target_value": 5.5
      },
      "optionB": {
        "trial_id": "5",
        "task_id": "18",
        "values": "4.0, 0",
        "target_value": 5
      },
      "choice": {
        "button": "F",
        "selected_option": "OptionA"
      }
    },
    {
      "question": 42,
      "target": "Battery Life",
      "target_value": 28,
      "options": [
        "Phone Battery Capacity",
        "Number of Apps Installed"
      ],
      "optionA": {
        "trial_id": "5",
        "task_id": "78",
        "values": "5000.0, 30",
        "target_value": 28
      },
      "optionB": {
        "trial_id": "9",
        "task_id": "78",
        "values": "2800.0, 70",
        "target_value": 16
      },
      "choice": {
        "button": "F",
        "selected_option": "OptionA"
      }
    },
    {
      "question": 43,
      "target": "Dog Obedience Score",
      "target_value": 8.8,
      "options": [
        "Dog Training Hours",
        "Dog Distractions"
      ],
      "optionA": {
        "trial_id": "3",
        "task_id": "12",
        "values": "12.0, 1",
        "target_value": 8.8
      },
      "optionB": {
        "trial_id": "5",
        "task_id": "12",
        "values": "14.0, 0",
        "target_value": 9
      },
      "choice": {
        "button": "J",
        "selected_option": "OptionB"
      }
    },
    {
      "question": 44,
      "target": "Price",
      "target_value": 450000,
      "options": [
        "House Size",
        "Bedrooms"
      ],
      "optionA": {
        "trial_id": "7",
        "task_id": "15",
        "values": "2400.0, 3",
        "target_value": 450000
      },
      "optionB": {
        "trial_id": "9",
        "task_id": "15",
        "values": "2100.0, 2",
        "target_value": 420000
      },
      "choice": {
        "button": "F",
        "selected_option": "OptionA"
      }
    },
    {
      "question": 45,
      "target": "Health index",
      "target_value": 80,
      "options": [
        "Age",
        "Exercise hours"
      ],
      "optionA": {
        "trial_id": "16",
        "task_id": "82",
        "values": "50.0, 2",
        "target_value": 80
      },
      "optionB": {
        "trial_id": "2",
        "task_id": "77",
        "values": "40.0, 3",
        "target_value": 70
      },
      "choice": {
        "button": "F",
        "selected_option": "OptionA"
      }
    },
    {
      "question": 46,
      "target": "Value for Money",
      "target_value": 42,
      "options": [
        "Price",
        "Weight"
      ],
      "optionA": {
        "trial_id": "4",
        "task_id": "20",
        "values": "90.0, 2.5",
        "target_value": 42
      },
      "optionB": {
        "trial_id": "17",
        "task_id": "20",
        "values": "110.0, 1.6",
        "target_value": 45
      },
      "choice": {
        "button": "F",
        "selected_option": "OptionA"
      }
    },
    {
      "question": 47,
      "target": "Morning alertness (1-10)",
      "target_value": 6,
      "options": [
        "Amount of sleep (hours)",
        "Time to bed (minutes past 10pm)"
      ],
      "optionA": {
        "trial_id": "16",
        "task_id": "96",
        "values": "7.0, 45",
        "target_value": 6
      },
      "optionB": {
        "trial_id": "16",
        "task_id": "96",
        "values": "7.0, 45",
        "target_value": 6
      },
      "choice": {
        "button": "J",
        "selected_option": "OptionB"
      }
    },
    {
      "question": 48,
      "target": "Mobile Phone Performance",
      "target_value": 65,
      "options": [
        "Mobile Phone RAM",
        "Mobile Phone Battery Size"
      ],
      "optionA": {
        "trial_id": "2",
        "task_id": "40",
        "values": "6.0, 3500",
        "target_value": 65
      },
      "optionB": {
        "trial_id": "20",
        "task_id": "40",
        "values": "24.0, 2600",
        "target_value": 110
      },
      "choice": {
        "button": "J",
        "selected_option": "OptionB"
      }
    },
    {
      "question": 49,
      "target": "Morning alertness (1-10)",
      "target_value": 6,
      "options": [
        "Amount of sleep (hours)",
        "Time to bed (minutes past 10pm)"
      ],
      "optionA": {
        "trial_id": "14",
        "task_id": "96",
        "values": "8.0, 30",
        "target_value": 6
      },
      "optionB": {
        "trial_id": "2",
        "task_id": "96",
        "values": "7.0, 60",
        "target_value": 5
      },
      "choice": {
        "button": "J",
        "selected_option": "OptionB"
      }
    },
    {
      "question": 50,
      "target": "Test Score",
      "target_value": 67,
      "options": [
        "Student Study Time",
        "Student Distractions"
      ],
      "optionA": {
        "trial_id": "18",
        "task_id": "72",
        "values": "4.0, 9.0",
        "target_value": 67
      },
      "optionB": {
        "trial_id": "6",
        "task_id": "72",
        "values": "4.0, 8.0",
        "target_value": 68
      },
      "choice": {
        "button": "F",
        "selected_option": "OptionA"
      }
    }
  ]
}